{"ClkCycles": 29999786, "s": 0.00044999679, "m": 134999.037}
{"ClkCycles": 29999923, "s": 0.000449998845, "m": 134999.6535}
{"ClkCycles": 29999580, "s": 0.0004499937, "m": 134998.11000000002}
{"ClkCycles": 29999728, "s": 0.00044999592, "m": 134998.77599999998}
{"ClkCycles": 29999791, "s": 0.000449996865, "m": 134999.0595}
{"ClkCycles": 29999734, "s": 0.00044999601, "m": 134998.80299999999}
{"ClkCycles": 29999607, "s": 0.000449994105, "m": 134998.2315}
{"ClkCycles": 29999977, "s": 0.000449999655, "m": 134999.8965}
{"ClkCycles": 29999977, "s": 0.000449999655, "m": 134999.8965}
{"ClkCycles": 29999642, "s": 0.00044999463, "m": 134998.389}
{"ClkCycles": 29999944, "s": 0.00044999916, "m": 134999.748}
{"ClkCycles": 29999783, "s": 0.000449996745, "m": 134999.02349999998}
{"ClkCycles": 29999682, "s": 0.00044999523, "m": 134998.56900000002}
{"ClkCycles": 29999944, "s": 0.00044999916, "m": 134999.748}
{"ClkCycles": 29999490, "s": 0.00044999235, "m": 134997.705}
{"ClkCycles": 29999979, "s": 0.000449999685, "m": 134999.9055}
{"ClkCycles": 29999828, "s": 0.00044999742, "m": 134999.226}
{"ClkCycles": 29999492, "s": 0.00044999238, "m": 134997.714}
{"ClkCycles": 29999880, "s": 0.00044999819999999997, "m": 134999.46}
{"ClkCycles": 29999905, "s": 0.000449998575, "m": 134999.5725}
{"ClkCycles": 29999510, "s": 0.00044999265, "m": 134997.79499999998}
{"ClkCycles": 29999685, "s": 0.000449995275, "m": 134998.5825}
{"ClkCycles": 29999535, "s": 0.000449993025, "m": 134997.9075}
{"ClkCycles": 29999964, "s": 0.00044999946, "m": 134999.838}
{"ClkCycles": 29999929, "s": 0.000449998935, "m": 134999.68050000002}
{"ClkCycles": 29999944, "s": 0.00044999916, "m": 134999.748}
{"ClkCycles": 29999922, "s": 0.00044999883, "m": 134999.649}
{"ClkCycles": 29999981, "s": 0.000449999715, "m": 134999.91449999998}
{"ClkCycles": 29999654, "s": 0.00044999481, "m": 134998.443}
{"ClkCycles": 29999909, "s": 0.000449998635, "m": 134999.59050000002}
{"ClkCycles": 29999725, "s": 0.000449995875, "m": 134998.7625}
{"ClkCycles": 29999657, "s": 0.000449994855, "m": 134998.4565}
{"ClkCycles": 29999732, "s": 0.00044999598, "m": 134998.794}
{"ClkCycles": 29999592, "s": 0.00044999388, "m": 134998.164}
{"ClkCycles": 29999712, "s": 0.00044999568, "m": 134998.704}
{"ClkCycles": 29999999, "s": 0.000449999985, "m": 134999.9955}
{"ClkCycles": 29999933, "s": 0.000449998995, "m": 134999.6985}
{"ClkCycles": 29999549, "s": 0.000449993235, "m": 134997.9705}
{"ClkCycles": 29999789, "s": 0.000449996835, "m": 134999.0505}
{"ClkCycles": 29999544, "s": 0.00044999316, "m": 134997.948}
{"ClkCycles": 29999722, "s": 0.00044999583, "m": 134998.749}
{"ClkCycles": 29999761, "s": 0.000449996415, "m": 134998.9245}
{"ClkCycles": 29999855, "s": 0.000449997825, "m": 134999.3475}
{"ClkCycles": 29999974, "s": 0.00044999961, "m": 134999.883}
{"ClkCycles": 29999589, "s": 0.000449993835, "m": 134998.1505}
{"ClkCycles": 29999511, "s": 0.000449992665, "m": 134997.7995}
{"ClkCycles": 29999661, "s": 0.000449994915, "m": 134998.47449999998}
{"ClkCycles": 29999573, "s": 0.000449993595, "m": 134998.0785}
{"ClkCycles": 29999773, "s": 0.000449996595, "m": 134998.9785}
{"ClkCycles": 29999805, "s": 0.000449997075, "m": 134999.1225}
{"ClkCycles": 29999830, "s": 0.00044999745, "m": 134999.235}
{"ClkCycles": 29999887, "s": 0.000449998305, "m": 134999.4915}
{"ClkCycles": 29999782, "s": 0.00044999673, "m": 134999.019}
{"ClkCycles": 29999553, "s": 0.000449993295, "m": 134997.9885}
{"ClkCycles": 29999705, "s": 0.000449995575, "m": 134998.6725}
{"ClkCycles": 29999626, "s": 0.00044999439, "m": 134998.317}
{"ClkCycles": 29999820, "s": 0.0004499973, "m": 134999.19}
{"ClkCycles": 29999744, "s": 0.00044999616, "m": 134998.848}
{"ClkCycles": 29999988, "s": 0.00044999982, "m": 134999.946}
{"ClkCycles": 29999524, "s": 0.00044999286, "m": 134997.858}
{"ClkCycles": 29999815, "s": 0.000449997225, "m": 134999.1675}
{"ClkCycles": 29999536, "s": 0.00044999304, "m": 134997.91199999998}
{"ClkCycles": 29999707, "s": 0.000449995605, "m": 134998.6815}
{"ClkCycles": 29999752, "s": 0.00044999628, "m": 134998.884}
{"ClkCycles": 29999713, "s": 0.000449995695, "m": 134998.7085}
{"ClkCycles": 29999992, "s": 0.00044999988, "m": 134999.964}
{"ClkCycles": 29999949, "s": 0.000449999235, "m": 134999.7705}
{"ClkCycles": 29999668, "s": 0.00044999502, "m": 134998.506}
{"ClkCycles": 29999700, "s": 0.00044999549999999997, "m": 134998.65}
{"ClkCycles": 29999517, "s": 0.000449992755, "m": 134997.8265}
{"ClkCycles": 29999535, "s": 0.000449993025, "m": 134997.9075}
{"ClkCycles": 29999619, "s": 0.000449994285, "m": 134998.2855}
{"ClkCycles": 29999927, "s": 0.00044999890499999997, "m": 134999.6715}
{"ClkCycles": 29999545, "s": 0.000449993175, "m": 134997.95249999998}
{"ClkCycles": 29999781, "s": 0.000449996715, "m": 134999.0145}
{"ClkCycles": 29999722, "s": 0.00044999583, "m": 134998.749}
{"ClkCycles": 29999603, "s": 0.000449994045, "m": 134998.21349999998}
{"ClkCycles": -4264967451, "s": -0.063974511765, "m": -19192353.5295}
{"ClkCycles": 29999912, "s": 0.00044999868, "m": 134999.604}
{"ClkCycles": 29999948, "s": 0.00044999922, "m": 134999.766}
{"ClkCycles": 29999984, "s": 0.00044999975999999997, "m": 134999.92799999999}
{"ClkCycles": 29999548, "s": 0.00044999322, "m": 134997.966}
{"ClkCycles": 29999931, "s": 0.000449998965, "m": 134999.6895}
{"ClkCycles": 29999661, "s": 0.000449994915, "m": 134998.47449999998}
{"ClkCycles": 29999706, "s": 0.00044999559, "m": 134998.677}
{"ClkCycles": 29999664, "s": 0.00044999496, "m": 134998.488}
{"ClkCycles": 29999941, "s": 0.000449999115, "m": 134999.7345}
{"ClkCycles": 29999936, "s": 0.00044999904, "m": 134999.712}
{"ClkCycles": 29999791, "s": 0.000449996865, "m": 134999.0595}
{"ClkCycles": 29999508, "s": 0.00044999262, "m": 134997.786}
{"ClkCycles": 29999572, "s": 0.00044999358, "m": 134998.074}
{"ClkCycles": 29999519, "s": 0.000449992785, "m": 134997.8355}
{"ClkCycles": 29999850, "s": 0.00044999775, "m": 134999.32499999998}
{"ClkCycles": 29999583, "s": 0.000449993745, "m": 134998.1235}
{"ClkCycles": 29999642, "s": 0.00044999463, "m": 134998.389}
{"ClkCycles": 29999978, "s": 0.00044999967, "m": 134999.901}
{"ClkCycles": 29999494, "s": 0.00044999241, "m": 134997.723}
{"ClkCycles": 29999838, "s": 0.00044999757, "m": 134999.271}
{"ClkCycles": 29999523, "s": 0.000449992845, "m": 134997.8535}
{"ClkCycles": 29999675, "s": 0.000449995125, "m": 134998.5375}
{"ClkCycles": 29999669, "s": 0.000449995035, "m": 134998.5105}
{"ClkCycles": 29999984, "s": 0.00044999975999999997, "m": 134999.92799999999}
{"ClkCycles": 29999706, "s": 0.00044999559, "m": 134998.677}
{"ClkCycles": 29999910, "s": 0.00044999865, "m": 134999.595}
{"ClkCycles": 29999538, "s": 0.00044999307, "m": 134997.921}
{"ClkCycles": 29999606, "s": 0.00044999409, "m": 134998.227}
{"ClkCycles": 29999622, "s": 0.00044999433, "m": 134998.299}
{"ClkCycles": 29999564, "s": 0.00044999346, "m": 134998.038}
{"ClkCycles": 29999948, "s": 0.00044999922, "m": 134999.766}
{"ClkCycles": 29999729, "s": 0.000449995935, "m": 134998.7805}
{"ClkCycles": 29999864, "s": 0.00044999796, "m": 134999.388}
{"ClkCycles": 29999811, "s": 0.000449997165, "m": 134999.1495}
{"ClkCycles": 29999689, "s": 0.000449995335, "m": 134998.6005}
{"ClkCycles": 29999916, "s": 0.00044999874, "m": 134999.622}
{"ClkCycles": -4264967318, "s": -0.06397450977, "m": -19192352.930999998}
{"ClkCycles": 29999565, "s": 0.000449993475, "m": 134998.04249999998}
{"ClkCycles": 29999610, "s": 0.00044999415, "m": 134998.245}
{"ClkCycles": 29999922, "s": 0.00044999883, "m": 134999.649}
{"ClkCycles": 29999902, "s": 0.00044999853, "m": 134999.559}
{"ClkCycles": 29999974, "s": 0.00044999961, "m": 134999.883}
{"ClkCycles": 29999764, "s": 0.00044999646, "m": 134998.938}
{"ClkCycles": 29999802, "s": 0.00044999703, "m": 134999.109}
{"ClkCycles": 29999693, "s": 0.000449995395, "m": 134998.6185}
{"ClkCycles": 29999923, "s": 0.000449998845, "m": 134999.6535}
{"ClkCycles": 29999733, "s": 0.000449995995, "m": 134998.7985}
{"ClkCycles": 29999627, "s": 0.000449994405,