{"bot_id": "0000000000000b01", "x": 0.8285026819922046, "y": 1.27971916401723, "z": 0.0, "MSE": 24.769463983114203, "anchor 1 mse": 2.3240978328212343, "anchor 2 mse": 2.818836814006814, "anchor 3 mse": 2.147575634357087, "anchor 4 mse": 5.291503135503953}
{"bot_id": "0000000000000b01", "x": 1.1421880179511568, "y": 2.428740945350856, "z": 0.0, "MSE": 25.88637173416894, "anchor 1 mse": 0.44367510388594206, "anchor 2 mse": 1.401475667452271, "anchor 3 mse": 0.419705525941721, "anchor 4 mse": 0.15776426991774112}
{"bot_id": "0000000000000b01", "x": 2.245294237603472, "y": 2.801523685038659, "z": 0.0, "MSE": 7.932299869955048, "anchor 1 mse": 0.04009928770422346, "anchor 2 mse": 0.45409135642931614, "anchor 3 mse": 0.23182611506763287, "anchor 4 mse": 0.09294394143082929}
{"bot_id": "0000000000000b01", "x": 2.2587286455637896, "y": 2.762056491895833, "z": 0.0, "MSE": 8.142931613118318, "anchor 1 mse": 0.03535386215339186, "anchor 2 mse": 0.5346003066965255, "anchor 3 mse": 0.2286977065388224, "anchor 4 mse": 0.08046995509323514}
{"bot_id": "0000000000000b01", "x": 2.2626391194752316, "y": 2.7248224540014867, "z": 0.0, "MSE": 8.231925833359771, "anchor 1 mse": 0.02617220302435966, "anchor 2 mse": 0.5584722008325101, "anchor 3 mse": 0.23270773166847292, "anchor 4 mse": 0.10648527012449777}
{"bot_id": "0000000000000b01", "x": 2.248474575384434, "y": 2.728249119132377, "z": 0.0, "MSE": 8.179684023140377, "anchor 1 mse": 0.021138199465067262, "anchor 2 mse": 0.6264638899702794, "anchor 3 mse": 0.2686702718812137, "anchor 4 mse": 0.11708203572007979}
{"bot_id": "0000000000000b01", "x": 2.2406476111461524, "y": 2.729962860925122, "z": 0.0, "MSE": 8.144304517425951, "anchor 1 mse": 0.029495187391921408, "anchor 2 mse": 0.576581909077394, "anchor 3 mse": 0.2121033057273025, "anchor 4 mse": 0.0871765486188671}
{"bot_id": "0000000000000b01", "x": 2.253382279493885, "y": 2.7728706836114396, "z": 0.0, "MSE": 8.078979645608094, "anchor 1 mse": 0.029939387905832397, "anchor 2 mse": 0.5721076585804895, "anchor 3 mse": 0.27276944930240454, "anchor 4 mse": 0.09317496800683148}
{"bot_id": "0000000000000b01", "x": 2.1977329435541098, "y": 2.707576053382235, "z": 0.0, "MSE": 8.055782781012383, "anchor 1 mse": 0.0314219142090221, "anchor 2 mse": 0.611567618190561, "anchor 3 mse": 0.1574220214530806, "anchor 4 mse": 0.0631738936282209}
{"bot_id": "0000000000000b01", "x": 2.2043517780891952, "y": 2.694275131547628, "z": 0.0, "MSE": 8.091883540257207, "anchor 1 mse": 0.029286419249233947, "anchor 2 mse": 0.600894788327586, "anchor 3 mse": 0.1539806641696704, "anchor 4 mse": 0.07129177034244721}
{"bot_id": "0000000000000b01", "x": 2.142806349030225, "y": 2.7131756826920888, "z": 0.0, "MSE": 7.878195142240874, "anchor 1 mse": 0.024744110998297184, "anchor 2 mse": 0.7344931532477084, "anchor 3 mse": 0.17825639902683563, "anchor 4 mse": 0.06156458895879486}
{"bot_id": "0000000000000b01", "x": 2.2640915631846084, "y": 2.741144075783418, "z": 0.0, "MSE": 8.153937578271002, "anchor 1 mse": 0.03432688425500968, "anchor 2 mse": 0.4842881501145837, "anchor 3 mse": 0.20619789885353046, "anchor 4 mse": 0.09129473782937803}
{"bot_id": "0000000000000b01", "x": 2.1889948663121386, "y": 2.7230964279604772, "z": 0.0, "MSE": 7.985127239967833, "anchor 1 mse": 0.023668275072489416, "anchor 2 mse": 0.6904610665182135, "anchor 3 mse": 0.21971310574002526, "anchor 4 mse": 0.08310754311447015}
{"bot_id": "0000000000000b01", "x": 2.2573845015105074, "y": 2.737468064042565, "z": 0.0, "MSE": 8.174983095028162, "anchor 1 mse": 0.02501800925403797, "anchor 2 mse": 0.5815802328030475, "anchor 3 mse": 0.2574322927511337, "anchor 4 mse": 0.1086922492538747}
{"bot_id": "0000000000000b01", "x": 2.179698123386656, "y": 2.724002899659321, "z": 0.0, "MSE": 7.953899595992686, "anchor 1 mse": 0.02847168431578793, "anchor 2 mse": 0.6564940025669721, "anchor 3 mse": 0.18444431290947877, "anchor 4 mse": 0.06813686076650047}
{"bot_id": "0000000000000b01", "x": 1.6140220549617579, "y": 2.5664173211315466, "z": 0.0, "MSE": 13.3715211048682, "anchor 1 mse": 0.27903813138057076, "anchor 2 mse": 0.015210125664289602, "anchor 3 mse": 0.032141060438485816, "anchor 4 mse": 0.07428716854441293}
{"bot_id": "0000000000000b01", "x": 1.6253526966197003, "y": 2.57414136638033, "z": 0.0, "MSE": 12.629101406964752, "anchor 1 mse": 0.22625725936477528, "anchor 2 mse": 0.007021313413220034, "anchor 3 mse": 0.021585357445464384, "anchor 4 mse": 0.04627233303067792}
{"bot_id": "0000000000000b01", "x": 1.5322852771933926, "y": 3.0593461558820785, "z": 0.0, "MSE": 14.243117256648786, "anchor 1 mse": 7.0190978685124e-05, "anchor 2 mse": 0.00023132266242233035, "anchor 3 mse": 0.07248074684571315, "anchor 4 mse": 0.003708903630916471}
{"bot_id": "0000000000000b01", "x": 1.497087355119705, "y": 2.5139843029510556, "z": 0.0, "MSE": 13.136348126163227, "anchor 1 mse": 0.2440509208319326, "anchor 2 mse": 0.013007872675107134, "anchor 3 mse": 0.08025620976027081, "anchor 4 mse": 0.09269079210871072}
{"bot_id": "0000000000000b01", "x": 1.314500403501618, "y": 2.435152951105906, "z": 0.0, "MSE": 14.456180425981046, "anchor 1 mse": 0.24276541208213578, "anchor 2 mse": 0.05730573807469864, "anchor 3 mse": 0.20951803086915602, "anchor 4 mse": 0.09102589503592903}
{"bot_id": "0000000000000b01", "x": 1.55724657213414, "y": 2.5085067391140345, "z": 0.0, "MSE": 11.25350329808479, "anchor 1 mse": 0.18270315947870633, "anchor 2 mse": 0.00020617864992324253, "anchor 3 mse": 0.021081565488973216, "anchor 4 mse": 0.08605861312794048}
{"bot_id": "0000000000000b01", "x": 1.5534921561925212, "y": 2.431714609386427, "z": 0.0, "MSE": 9.158301941013171, "anchor 1 mse": 0.020857042085276938, "anchor 2 mse": 0.00019005090283553348, "anchor 3 mse": 0.08755920817646187, "anchor 4 mse": 0.018425741783492385}
{"bot_id": "0000000000000b01", "x": 1.6264005845631657, "y": 2.5629749844674348, "z": 0.0, "MSE": 12.17187546480125, "anchor 1 mse": 0.2066062790391157, "anchor 2 mse": 0.004356835833738601, "anchor 3 mse": 0.01892884911956895, "anchor 4 mse": 0.05496626778010413}
{"bot_id": "0000000000000b01", "x": 1.5558442886566395, "y": 2.51470024129406, "z": 0.0, "MSE": 11.846860734127114, "anchor 1 mse": 0.1623381731636943, "anchor 2 mse": 0.006735868451452514, "anchor 3 mse": 0.07043618461911469, "anchor 4 mse": 0.04820566614577516}
{"bot_id": "0000000000000b01", "x": 1.6264718294761902, "y": 2.553536275094345, "z": 0.0, "MSE": 12.106505526120728, "anchor 1 mse": 0.1870274126556742, "anchor 2 mse": 0.007590822417552334, "anchor 3 mse": 0.03573317240561375, "anchor 4 mse": 0.065416273199324}
{"bot_id": "0000000000000b01", "x": 1.4885837345124597, "y": 2.4122149642311186, "z": 0.0, "MSE": 9.8841287004372, "anchor 1 mse": 0.07046474519856144, "anchor 2 mse": 0.00020293632691066726, "anchor 3 mse": 0.09836550364924289, "anchor 4 mse": 0.03515745423135688}
{"bot_id": "0000000000000b01", "x": 1.5178665353093952, "y": 2.488923210422149, "z": 0.0, "MSE": 11.398638970546648, "anchor 1 mse": 0.17202111869508652, "anchor 2 mse": 0.0008118077538600579, "anchor 3 mse": 0.04312172426595282, "anchor 4 mse": 0.05418988857794422}
{"bot_id": "0000000000000b01", "x": 1.451767419217047, "y": 2.4947173106541816, "z": 0.0, "MSE": 14.630617828192968, "anchor 1 mse": 0.2243071101807793, "anchor 2 mse": 0.07971724893167742, "anchor 3 mse": 0.2221952494467614, "anchor 4 mse": 0.08862299470762099}
{"bot_id": "0000000000000b01", "x": 1.8479826252506286, "y": 2.669510462967052, "z": 0.0, "MSE": 19.212434115432032, "anchor 1 mse": 0.7110860594937801, "anchor 2 mse": 0.10845595329991994, "anchor 3 mse": 0.0030472416250647725, "anchor 4 mse": 0.09278202022625986}
{"bot_id": "0000000000000b01", "x": 1.4312239773899873, "y": 2.441391464835929, "z": 0.0, "MSE": 11.500456142020841, "anchor 1 mse": 0.12251306565279635, "anchor 2 mse": 0.005190164129952053, "anchor 3 mse": 0.15398476813560713, "anchor 4 mse": 0.08414051662804539}
{"bot_id": "0000000000000b01", "x": 1.3525215568098974, "y": 2.174180355565232,