{"bot_id": "0000000000000b01", "x": 0.43780266486618524, "y": 0.9999999999999999, "z": 0.0, "MSE": 10.0, "anchor 1 mse": 1.191671173363933, "anchor 2 mse": 1.1916711733639334, "anchor 3 mse": 1.3160658436315626, "anchor 4 mse": 1.3160658436315626}
{"bot_id": "0000000000000b01", "x": 0.43780266486618524, "y": 0.9999999999999999, "z": 0.0, "MSE": 10.0, "anchor 1 mse": 1.191671173363933, "anchor 2 mse": 1.1916711733639334, "anchor 3 mse": 1.3160658436315626, "anchor 4 mse": 1.3160658436315626}
{"bot_id": "0000000000000b01", "x": 0.43780266486618524, "y": 0.9999999999999999, "z": 0.0, "MSE": 10.0, "anchor 1 mse": 1.191671173363933, "anchor 2 mse": 1.1916711733639334, "anchor 3 mse": 1.3160658436315626, "anchor 4 mse": 1.3160658436315626}
{"bot_id": "0000000000000b01", "x": 0.43780266486618524, "y": 0.9999999999999999, "z": 0.0, "MSE": 10.0, "anchor 1 mse": 1.191671173363933, "anchor 2 mse": 1.1916711733639334, "anchor 3 mse": 1.3160658436315626, "anchor 4 mse": 1.3160658436315626}
{"bot_id": "0000000000000b01", "x": 0.43780266486618524, "y": 0.9999999999999999, "z": 0.0, "MSE": 10.0, "anchor 1 mse": 1.191671173363933, "anchor 2 mse": 1.1916711733639334, "anchor 3 mse": 1.3160658436315626, "anchor 4 mse": 1.3160658436315626}
{"bot_id": "0000000000000b01", "x": 0.43780266486618524, "y": 0.9999999999999999, "z": 0.0, "MSE": 10.0, "anchor 1 mse": 1.191671173363933, "anchor 2 mse": 1.1916711733639334, "anchor 3 mse": 1.3160658436315626, "anchor 4 mse": 1.3160658436315626}
{"bot_id": "0000000000000b01", "x": 0.43780266486618524, "y": 0.9999999999999999, "z": 0.0, "MSE": 10.0, "anchor 1 mse": 1.191671173363933, "anchor 2 mse": 1.1916711733639334, "anchor 3 mse": 1.3160658436315626, "anchor 4 mse": 1.3160658436315626}
{"bot_id": "0000000000000b01", "x": 0.43780266486618524, "y": 0.9999999999999999, "z": 0.0, "MSE": 10.0, "anchor 1 mse": 1.191671173363933, "anchor 2 mse": 1.1916711733639334, "anchor 3 mse": 1.3160658436315626, "anchor 4 mse": 1.3160658436315626}
{"bot_id": "0000000000000b01", "x": 0.43780266486618524, "y": 0.9999999999999999, "z": 0.0, "MSE": 10.0, "anchor 1 mse": 1.191671173363933, "anchor 2 mse": 1.1916711733639334, "anchor 3 mse": 1.3160658436315626, "anchor 4 mse": 1.3160658436315626}
{"bot_id": "0000000000000b01", "x": 0.43780266486618524, "y": 0.9999999999999999, "z": 0.0, "MSE": 10.0, "anchor 1 mse": 1.191671173363933, "anchor 2 mse": 1.1916711733639334, "anchor 3 mse": 1.3160658436315626, "anchor 4 mse": 1.3160658436315626}
{"bot_id": "0000000000000b01", "x": 0.43780266486618524, "y": 0.9999999999999999, "z": 0.0, "MSE": 10.0, "anchor 1 mse": 1.191671173363933, "anchor 2 mse": 1.1916711733639334, "anchor 3 mse": 1.3160658436315626, "anchor 4 mse": 1.3160658436315626}
{"bot_id": "0000000000000b01", "x": 0.43780266486618524, "y": 0.9999999999999999, "z": 0.0, "MSE": 10.0, "anchor 1 mse": 1.191671173363933, "anchor 2 mse": 1.1916711733639334, "anchor 3 mse": 1.3160658436315626, "anchor 4 mse": 1.3160658436315626}
{"bot_id": "0000000000000b01", "x": 0.43780266486618524, "y": 0.9999999999999999, "z": 0.0, "MSE": 10.0, "anchor 1 mse": 1.191671173363933, "anchor 2 mse": 1.1916711733639334, "anchor 3 mse": 1.3160658436315626, "anchor 4 mse": 1.3160658436315626}
{"bot_id": "0000000000000b01", "x": 0.43780266486618524, "y": 0.9999999999999999, "z": 0.0, "MSE": 10.0, "anchor 1 mse": 1.191671173363933, "anchor 2 mse": 1.1916711733639334, "anchor 3 mse": 1.3160658436315626, "anchor 4 mse": 1.3160658436315626}
{"bot_id": "0000000000000b01", "x": 0.43780266486618524, "y": 0.9999999999999999, "z": 0.0, "MSE": 10.0, "anchor 1 mse": 1.191671173363933, "anchor 2 mse": 1.1916711733639334, "anchor 3 mse": 1.3160658436315626, "anchor 4 mse": 1.3160658436315626}
{"bot_id": "0000000000000b01", "x": 0.3650454100751849, "y": 0.6428101640808678, "z": 0.0, "MSE": 7.056338391848959, "anchor 1 mse": 0.546463058462632, "anchor 2 mse": 1.9752224021391604, "anchor 3 mse": 0.014012952003210285, "anchor 4 mse": 0.8163722383122621}
{"bot_id": "0000000000000b01", "x": 0.3650454100751849, "y": 0.6428101640808678, "z": 0.0, "MSE": 7.056338391848959, "anchor 1 mse": 0.546463058462632, "anchor 2 mse": 1.9752224021391604, "anchor 3 mse": 0.014012952003210285, "anchor 4 mse": 0.8163722383122621}
{"bot_id": "0000000000000b01", "x": 0.3650454100751849, "y": 0.6428101640808678, "z": 0.0, "MSE": 7.056338391848959, "anchor 1 mse": 0.546463058462632, "anchor 2 mse": 1.9752224021391604, "anchor 3 mse": 0.014012952003210285, "anchor 4 mse": 0.8163722383122621}
{"bot_id": "0000000000000b01", "x": 0.3650454100751849, "y": 0.6428101640808678, "z": 0.0, "MSE": 7.056338391848959, "anchor 1 mse": 0.546463058462632, "anchor 2 mse": 1.9752224021391604, "anchor 3 mse": 0.014012952003210285, "anchor 4 mse": 0.8163722383122621}
{"bot_id": "0000000000000b01", "x": 0.3650454100751849, "y": 0.6428101640808678, "z": 0.0, "MSE": 7.056338391848959, "anchor 1 mse": 0.546463058462632, "anchor 2 mse": 1.9752224021391604, "anchor 3 mse": 0.014012952003210285, "anchor 4 mse": 0.8163722383122621}
{"bot_id": "0000000000000b01", "x": 0.3650454100751849, "y": 0.6428101640808678, "z": 0.0, "MSE": 7.056338391848959, "anchor 1 mse": 0.546463058462632, "anchor 2 mse": 1.9752224021391604, "anchor 3 mse": 0.014012952003210285, "anchor 4 mse": 0.8163722383122621}
{"bot_id": "0000000000000b01", "x": 0.09279202730048405, "y": 0.7179319199128665, "z": 0.0, "MSE": 8.529080671736132, "anchor 1 mse": 0.5240366019603083, "anchor 2 mse": 1.6523089223088423, "anchor 3 mse": 0.0363211406342363, "anchor 4 mse": 0.0005329126329257512}
{"bot_id": "0000000000000b01", "x": 0.09279202730048405, "y": 0.7179319199128665, "z": 0.0, "MSE": 8.529080671736132, "anchor 1 mse": 0.5240366019603083, "anchor 2 mse": 1.6523089223088423, "anchor 3 mse": 0.0363211406342363, "anchor 4 mse": 0.0005329126329257512}
{"bot_id": "0000000000000b01", "x": 0.09279202730048405, "y": 0.7179319199128665, "z": 0.0, "MSE": 8.529080671736132, "anchor 1 mse": 0.5240366019603083, "anchor 2 mse": 1.6523089223088423, "anchor 3 mse": 0.0363211406342363, "anchor 4 mse": 0.0005329126329257512}
{"bot_id": "0000000000000b01", "x": 0.09279202730048405, "y": 0.7179319199128665, "z": 0.0, "MSE": 8.529080671736132, "anchor 1 mse": 0.5240366019603083, "anchor 2 mse": 1.6523089223088423, "anchor 3 mse": 0.0363211406342363, "anchor 4 mse": 0.0005329126329257512}
{"bot_id": "0000000000000b01", "x": 0.09279202730048405, "y": 0.7179319199128665, "z": 0.0, "MSE": 8.529080671736132, "anchor 1 mse": 0.5240366019603083, "anchor 2 mse": 1.6523089223088423, "anchor 3 mse": 0.0363211406342363, "anchor 4 mse": 0.0005329126329257512}
{"bot_id": "0000000000000b01", "x": 0.09279202730048405, "y": 0.7179319199128665, "z": 0.0, "MSE": 8.529080671736132, "anchor 1 mse": 0.5240366019603083, "anchor 2 mse": 1.6523089223088423, "anchor 3 mse": 0.0363211406342363, "anchor 4 mse": 0.0005329126329257512}
{"bot_id": "0000000000000b01", "x": 0.09279202730048405, "y": 0.7179319199128665, "z": 0.0, "MSE": 8.529080671736132, "anchor 1 mse": 0.5240366019603083, "anchor 2 mse": 1.6523089223088423, "anchor 3 mse": 0.0363211406342363, "anchor 4 mse": 0.0005329126329257512}
{"bot_id": "0000000000000b01", "x": 0.09279202730048405, "y": 0.7179319199128665, "z": 0.0, "MSE": 8.529080671736132, "anchor 1 mse": 0.5240366019603083, "anchor 2 mse": 1.6523089223088423, "anchor 3 mse": 0.0363211406342363, "anchor 4 mse": 0.0005329126329257512}
{"bot_id": "0000000000000b01", "x": 0.09279202730048405, "y": 0.7179319199128665, "z": 0.0, "MSE": 8.529080671736132, "anchor 1 mse": 0.5240366019603083, "anchor 2 mse": 1.6523089223088423, "anchor 3 mse": 0.0363211406342363, "anchor 4 mse": 0.0005329126329257512}
{"bot_id": "0000000000000b01", "x": 0.09279202730048405, "y": 0.7179319199128665, "z": 0.0, "MSE": 8.529080671736132, "anchor 1 mse": 0.5240366019603083, "anchor 2 mse": 1.6523089223088423, "anchor 3 mse": 0.0363211406342363, "anchor 4 mse": 0.0005329126329257512}
{"bot_id": "0000000000000b01", "x": 0.09279202730048405,