{"bot_id": "0000000000000b01", "x": 1.5287458502439348, "y": 2.283478520214189, "z": 0.0, "MSE": 38.17152061984727, "anchor 1 mse": 0.3272185486284188, "anchor 2 mse": 2.545475736143878, "anchor 3 mse": 1.6755484768071154, "anchor 4 mse": 6.681410767580873}
{"bot_id": "0000000000000b01", "x": 2.175027386229495, "y": 2.670379968362183, "z": 0.0, "MSE": 7.973871841313661, "anchor 1 mse": 0.015395351387954097, "anchor 2 mse": 0.6623659379058457, "anchor 3 mse": 0.18554901260228795, "anchor 4 mse": 0.13652388480097935}
{"bot_id": "0000000000000b01", "x": 2.222715702749153, "y": 2.725913226970382, "z": 0.0, "MSE": 7.922488696159347, "anchor 1 mse": 0.01619330249985699, "anchor 2 mse": 0.5583671083523606, "anchor 3 mse": 0.2730312591048501, "anchor 4 mse": 0.1636691977219625}
{"bot_id": "0000000000000b01", "x": 2.0605016031598264, "y": 2.632598356752097, "z": 0.0, "MSE": 7.568322275834021, "anchor 1 mse": 0.01062724641076092, "anchor 2 mse": 0.804073028385096, "anchor 3 mse": 0.14597443061933837, "anchor 4 mse": 0.11483762588436221}
{"bot_id": "0000000000000b01", "x": 2.1678676708137075, "y": 2.6703022352907415, "z": 0.0, "MSE": 7.84219265903117, "anchor 1 mse": 0.019460412880436952, "anchor 2 mse": 0.5791395895949019, "anchor 3 mse": 0.15495085765449013, "anchor 4 mse": 0.12313525843023643}
{"bot_id": "0000000000000b01", "x": 2.1310862999795384, "y": 2.6730239828958937, "z": 0.0, "MSE": 7.697653606546493, "anchor 1 mse": 0.014057637439848746, "anchor 2 mse": 0.6688974248793632, "anchor 3 mse": 0.18268267608300934, "anchor 4 mse": 0.13801372126117972}
{"bot_id": "0000000000000b01", "x": 2.1776875220005003, "y": 2.644049577949124, "z": 0.0, "MSE": 8.071139091905517, "anchor 1 mse": 0.021139290398210147, "anchor 2 mse": 0.6244155372097691, "anchor 3 mse": 0.12219218575280638, "anchor 4 mse": 0.09191938887911354}
{"bot_id": "0000000000000b01", "x": 2.1892962821022746, "y": 2.6767298408268556, "z": 0.0, "MSE": 7.919881873728102, "anchor 1 mse": 0.021909857528282832, "anchor 2 mse": 0.5472887442768296, "anchor 3 mse": 0.1565576404137067, "anchor 4 mse": 0.11750699629763345}
{"bot_id": "0000000000000b01", "x": 2.191469209546221, "y": 2.677481458800786, "z": 0.0, "MSE": 7.995727762187549, "anchor 1 mse": 0.022493248690247977, "anchor 2 mse": 0.5892699459263329, "anchor 3 mse": 0.15833869050867333, "anchor 4 mse": 0.10438857166285152}
{"bot_id": "0000000000000b01", "x": 2.082266392634473, "y": 2.611607672093246, "z": 0.0, "MSE": 7.8465444105992175, "anchor 1 mse": 0.012123986308160032, "anchor 2 mse": 0.8533677033115594, "anchor 3 mse": 0.12239655439069301, "anchor 4 mse": 0.09806887694656406}
{"bot_id": "0000000000000b01", "x": 2.206280848494144, "y": 2.6586108574621665, "z": 0.0, "MSE": 8.08765884877585, "anchor 1 mse": 0.020977260928312445, "anchor 2 mse": 0.5508882267019043, "anchor 3 mse": 0.1444842365187749, "anchor 4 mse": 0.11672750717020029}
{"bot_id": "0000000000000b01", "x": 2.1765066284533323, "y": 2.6573657519538445, "z": 0.0, "MSE": 8.083292395394015, "anchor 1 mse": 0.015608586519610076, "anchor 2 mse": 0.6920996574668768, "anchor 3 mse": 0.1684937090786743, "anchor 4 mse": 0.12705882233253737}
{"bot_id": "0000000000000b01", "x": 2.1832357214023235, "y": 2.6943279516515966, "z": 0.0, "MSE": 7.865237071330195, "anchor 1 mse": 0.021856966609028926, "anchor 2 mse": 0.5719694428578022, "anchor 3 mse": 0.17754896504718864, "anchor 4 mse": 0.116453176252857}
{"bot_id": "0000000000000b01", "x": 2.186340681424052, "y": 2.65913084673422, "z": 0.0, "MSE": 8.14142523689229, "anchor 1 mse": 0.015015367587862651, "anchor 2 mse": 0.6924972909684527, "anchor 3 mse": 0.17679153403731612, "anchor 4 mse": 0.13407184544723977}
{"bot_id": "0000000000000b01", "x": 2.074947617260431, "y": 2.5351108445328423, "z": 0.0, "MSE": 7.6098977120478, "anchor 1 mse": 0.013456658914789256, "anchor 2 mse": 0.600564719191272, "anchor 3 mse": 0.04165756439848422, "anchor 4 mse": 0.07890104339884187}
{"bot_id": "0000000000000b01", "x": 2.2659798145759957, "y": 2.5343752802032276, "z": 0.0, "MSE": 8.059739814744416, "anchor 1 mse": 0.025492934239626116, "anchor 2 mse": 0.2349434727839725, "anchor 3 mse": 0.054429896180881544, "anchor 4 mse": 0.0831305666177888}
{"bot_id": "0000000000000b01", "x": 2.0711226479192733, "y": 2.2180022780480266, "z": 0.0, "MSE": 6.486606697967494, "anchor 1 mse": 0.007165134512197185, "anchor 2 mse": 0.14753967342524707, "anchor 3 mse": 0.0009949886203230074, "anchor 4 mse": 0.0007109565652633492}
{"bot_id": "0000000000000b01", "x": 2.0703987852694463, "y": 2.277524009975606, "z": 0.0, "MSE": 6.491141826876589, "anchor 1 mse": 0.01636665271239304, "anchor 2 mse": 0.10149136102323558, "anchor 3 mse": 0.0002628504762938747, "anchor 4 mse": 0.005463706694426249}
{"bot_id": "0000000000000b01", "x": 2.0851114944366413, "y": 2.230734884777777, "z": 0.0, "MSE": 6.506719672652303, "anchor 1 mse": 0.015252485409074002, "anchor 2 mse": 0.09834379966432878, "anchor 3 mse": 0.0003840124066908357, "anchor 4 mse": 0.010999366283505667}
{"bot_id": "0000000000000b01", "x": 1.6478701155715203, "y": 2.3116654018853184, "z": 0.0, "MSE": 6.051813147231973, "anchor 1 mse": 0.0015121090389721532, "anchor 2 mse": 0.43213627099482854, "anchor 3 mse": 0.00017222028024477137, "anchor 4 mse": 0.042711124876480815}
{"bot_id": "0000000000000b01", "x": 1.7598722214343696, "y": 2.0818677018333807, "z": 0.0, "MSE": 6.180259459962426, "anchor 1 mse": 0.0002574539244228367, "anchor 2 mse": 0.2820606670045295, "anchor 3 mse": 0.004982699134804392, "anchor 4 mse": 0.011870458192284956}
{"bot_id": "0000000000000b01", "x": 1.6168088716600537, "y": 2.1775447271420814, "z": 0.0, "MSE": 6.10675269907658, "anchor 1 mse": 0.0004907396511114624, "anchor 2 mse": 0.2582174795744164, "anchor 3 mse": 0.004375897397135067, "anchor 4 mse": 0.0016124211645210664}
{"bot_id": "0000000000000b01", "x": 1.500711128366341, "y": 2.0621438470895965, "z": 0.0, "MSE": 6.433293058698588, "anchor 1 mse": 1.6489523305012986e-07, "anchor 2 mse": 0.2951742417353656, "anchor 3 mse": 0.03332816882369828, "anchor 4 mse": 0.0019462887158590196}
{"bot_id": "0000000000000b01", "x": 1.4064100576622987, "y": 2.1477985445247327, "z": 0.0, "MSE": 8.24911326954445, "anchor 1 mse": 0.01620521801015983, "anchor 2 mse": 0.05475357505481706, "anchor 3 mse": 0.019834284795725722, "anchor 4 mse": 0.01395747375073917}
{"bot_id": "0000000000000b01", "x": 1.1414283260337923, "y": 2.264083470173151, "z": 0.0, "MSE": 11.221573303860499, "anchor 1 mse": 0.05086557788240181, "anchor 2 mse": 0.11110822100281677, "anchor 3 mse": 0.003855012791204831, "anchor 4 mse": 0.017306159765538502}
{"bot_id": "0000000000000b01", "x": 1.1255867571575546, "y": 2.0771329360708988, "z": 0.0, "MSE": 10.615351787768219, "anchor 1 mse": 0.029757749179333368, "anchor 2 mse": 0.050055630246391855, "anchor 3 mse": 0.0006350374457380509, "anchor 4 mse": 0.010149252408664485}
{"bot_id": "0000000000000b01", "x": 0.9403783453934165, "y": 2.1118196668006943, "z": 0.0, "MSE": 12.858021719598097, "anchor 1 mse": 0.03302564704880375, "anchor 2 mse": 0.0894642076773449, "anchor 3 mse": 0.002125969993078504, "anchor 4 mse": 0.023902009444313907}
{"bot_id": "0000000000000b01", "x": 0.9338281018558153, "y": 1.988215993817984, "z": 0.0, "MSE": 13.34862152914922, "anchor 1 mse": 0.031186450682678304, "anchor 2 mse": 0.032819433671053416, "anchor 3 mse": 0.009289765205043115, "anchor 4 mse": 0.0013049113736817897}
{"bot_id": "0000000000000b01", "x": 0.7906925383591754, "y": 2.0316111244113944, "z": 0.0, "MSE": 14.330442880414957, "anchor 1 mse": 0.025617503765888006, "anchor 2 mse": 0.11450980114798907, "anchor 3 mse": 0.0041002712136799175, "anchor 4 mse": 0.042245074565017415}
{"bot_id": "0000000000000b01", "x": 0.6711665387985236, "y": 2.041785263179157, "z": 0.0, "MSE": 16.560301630136305, "anchor 1 mse": 0.02865154933907841, "anchor 2 mse": 0.13802142109523985, "anchor 3 mse": 4.253788067242599e-05, "anchor 4 mse": 0.07113385037763238}
{"bot_id": "0000000000000b01",