{"bot_id": "0000000000000b01", "x": 1.5287458502439348, "y": 2.283478520214189, "z": 0.0, "MSE": 38.17152061984727, "anchor 1 mse": 0.3272185486284188, "anchor 2 mse": 2.545475736143878, "anchor 3 mse": 1.6755484768071154, "anchor 4 mse": 6.681410767580873}
{"bot_id": "0000000000000b01", "x": 2.175027386229495, "y": 2.670379968362183, "z": 0.0, "MSE": 7.973871841313661, "anchor 1 mse": 0.015395351387954097, "anchor 2 mse": 0.6623659379058457, "anchor 3 mse": 0.18554901260228795, "anchor 4 mse": 0.13652388480097935}
{"bot_id": "0000000000000b01", "x": 2.222715702749153, "y": 2.725913226970382, "z": 0.0, "MSE": 7.922488696159347, "anchor 1 mse": 0.01619330249985699, "anchor 2 mse": 0.5583671083523606, "anchor 3 mse": 0.2730312591048501, "anchor 4 mse": 0.1636691977219625}
{"bot_id": "0000000000000b01", "x": 2.0605016031598264, "y": 2.632598356752097, "z": 0.0, "MSE": 7.568322275834021, "anchor 1 mse": 0.01062724641076092, "anchor 2 mse": 0.804073028385096, "anchor 3 mse": 0.14597443061933837, "anchor 4 mse": 0.11483762588436221}
{"bot_id": "0000000000000b01", "x": 2.1678676708137075, "y": 2.6703022352907415, "z": 0.0, "MSE": 7.84219265903117, "anchor 1 mse": 0.019460412880436952, "anchor 2 mse": 0.5791395895949019, "anchor 3 mse": 0.15495085765449013, "anchor 4 mse": 0.12313525843023643}
{"bot_id": "0000000000000b01", "x": 2.1310862999795384, "y": 2.6730239828958937, "z": 0.0, "MSE": 7.697653606546493, "anchor 1 mse": 0.014057637439848746, "anchor 2 mse": 0.6688974248793632, "anchor 3 mse": 0.18268267608300934, "anchor 4 mse": 0.13801372126117972}
{"bot_id": "0000000000000b01", "x": 2.1776875220005003, "y": 2.644049577949124, "z": 0.0, "MSE": 8.071139091905517, "anchor 1 mse": 0.021139290398210147, "anchor 2 mse": 0.6244155372097691, "anchor 3 mse": 0.12219218575280638, "anchor 4 mse": 0.09191938887911354}
{"bot_id": "0000000000000b01", "x": 2.1892962821022746, "y": 2.6767298408268556, "z": 0.0, "MSE": 7.919881873728102, "anchor 1 mse": 0.021909857528282832, "anchor 2 mse": 0.5472887442768296, "anchor 3 mse": 0.1565576404137067, "anchor 4 mse": 0.11750699629763345}
{"bot_id": "0000000000000b01", "x": 2.191469209546221, "y": 2.677481458800786, "z": 0.0, "MSE": 7.995727762187549, "anchor 1 mse": 0.022493248690247977, "anchor 2 mse": 0.5892699459263329, "anchor 3 mse": 0.15833869050867333, "anchor 4 mse": 0.10438857166285152}
{"bot_id": "0000000000000b01", "x": 2.082266392634473, "y": 2.611607672093246, "z": 0.0, "MSE": 7.8465444105992175, "anchor 1 mse": 0.012123986308160032, "anchor 2 mse": 0.8533677033115594, "anchor 3 mse": 0.12239655439069301, "anchor 4 mse": 0.09806887694656406}
{"bot_id": "0000000000000b01", "x": 2.206280848494144, "y": 2.6586108574621665, "z": 0.0, "MSE": 8.08765884877585, "anchor 1 mse": 0.020977260928312445, "anchor 2 mse": 0.5508882267019043, "anchor 3 mse": 0.1444842365187749, "anchor 4 mse": 0.11672750717020029}
