{"bot_id": "0000000000000b01", "x": 2.0387172270437333, "y": 2.0388961217679347, "z": 0.0, "MSE": 2.6177133838524256, "anchor 1 mse": 0.1906998567699427, "anchor 2 mse": 4.647914579916931, "anchor 3 mse": 0.9833441757172741, "anchor 4 mse": 4.648894923005554}
{"bot_id": "0000000000000b01", "x": 2.761864928085144, "y": 2.0695256063774976, "z": 0.0, "MSE": 0.05793890537945734, "anchor 1 mse": 0.01721544259102518, "anchor 2 mse": 0.02187954221975993, "anchor 3 mse": 0.10835234978722891, "anchor 4 mse": 0.08430828691981536}
{"bot_id": "0000000000000b01", "x": 2.7802468484288663, "y": 2.1241388660838445, "z": 0.0, "MSE": 0.06646375438985644, "anchor 1 mse": 0.011841701215783006, "anchor 2 mse": 0.014971801812587806, "anchor 3 mse": 0.17878114199842315, "anchor 4 mse": 0.0602603725326318}
{"bot_id": "0000000000000b01", "x": 2.6978234960819525, "y": 2.048280786714135, "z": 0.0, "MSE": 0.07604061701343441, "anchor 1 mse": 0.021693137595235498, "anchor 2 mse": 0.03059345924357376, "anchor 3 mse": 0.14212610179501992, "anchor 4 mse": 0.10974976941990848}
{"bot_id": "0000000000000b01", "x": 2.7039910327622683, "y": 2.1057964430263123, "z": 0.0, "MSE": 0.05664454867180283, "anchor 1 mse": 0.016188983547575354, "anchor 2 mse": 0.02329605208715632, "anchor 3 mse": 0.11207430232484075, "anchor 4 mse": 0.07501885672763889}
{"bot_id": "0000000000000b01", "x": 2.721697707785879, "y": 2.0837262558401153, "z": 0.0, "MSE": 0.06696731523177205, "anchor 1 mse": 0.016323173117848, "anchor 2 mse": 0.02258936259214956, "anchor 3 mse": 0.14705008182578905, "anchor 4 mse": 0.08190664339130155}
{"bot_id": "0000000000000b01", "x": 2.718772235818229, "y": 2.0896592517884494, "z": 0.0, "MSE": 0.05536258512631882, "anchor 1 mse": 0.02221652652910899, "anchor 2 mse": 0.030459906893591807, "anchor 3 mse": 0.0725294361817773, "anchor 4 mse": 0.09624447090079719}
{"bot_id": "0000000000000b01", "x": 2.706582411666195, "y": 2.1193069509023545, "z": 0.0, "MSE": 0.055180423143326524, "anchor 1 mse": 0.016280146972090865, "anchor 2 mse": 0.023457553908755646, "anchor 3 mse": 0.1078518240034984, "anchor 4 mse": 0.07313216768896118}
{"bot_id": "0000000000000b01", "x": 2.724499786743696, "y": 2.116844341815185, "z": 0.0, "MSE": 0.059884672887611165, "anchor 1 mse": 0.019658031806821706, "anchor 2 mse": 0.027272422466955947, "anchor 3 mse": 0.10670126612863477, "anchor 4 mse": 0.08590697114803227}
{"bot_id": "0000000000000b01", "x": 2.7292038404923407, "y": 2.0182553280787725, "z": 0.0, "MSE": 0.07043284947628531, "anchor 1 mse": 0.027025268339905314, "anchor 2 mse": 0.03495972852863111, "anchor 3 mse": 0.08890808364930726, "anchor 4 mse": 0.1308383173872976}
{"bot_id": "0000000000000b01", "x": 2.7246179608671093, "y": 2.09741134344714, "z": 0.0, "MSE": 0.04757708227258088, "anchor 1 mse": 0.016489652744595608, "anchor 2 mse": 0.022689891009932687, "anchor 3 mse": 0.07685495654610797, "anchor 4 mse": 0.07427382878968727}
{"bot_id": "0000000000000b01", "x": 2.7711650880431815, "y": 2.054142707842159, "z": 0.0, "MSE": 0.05576366369934931, "anchor 1 mse": 0.019452484496864982, "anchor 2 mse": 0.02409393773322544, "anchor 3 mse": 0.08610410405721144, "anchor 4 mse": 0.09340412851009539}
{"bot_id": "0000000000000b01", "x": 2.7151035175105744, "y": 2.131300195193495, "z": 0.0, "MSE": 0.06430746498098017, "anchor 1 mse": 0.017344689412652554, "anchor 2 mse": 0.02480645868896721, "anchor 3 mse": 0.13748615951525275, "anchor 4 mse": 0.07759255230704815}
{"bot_id": "0000000000000b01", "x": 2.7850014652663013, "y": 2.047743279962809, "z": 0.0, "MSE": 0.05357716671254874, "anchor 1 mse": 0.0187150102068189, "anchor 2 mse": 0.02257571876874165, "anchor 3 mse": 0.08195745170302504, "anchor 4 mse": 0.09106048617160935}
{"bot_id": "0000000000000b01", "x": 2.590788480657741, "y": 2.041004990269292, "z": 0.0, "MSE": 0.04268948205167412, "anchor 1 mse": 0.019089313974572777, "anchor 2 mse": 0.031178122319841572, "anchor 3 mse": 0.034320014766791584, "anchor 4 mse": 0.08617047714549053}
{"bot_id": "0000000000000b01", "x": 2.570489001115188, "y": 2.109388532837756, "z": 0.0, "MSE": 0.014928176050092702, "anchor 1 mse": 0.007258492900637258, "anchor 2 mse": 0.012834165960554892, "anchor 3 mse": 0.009409623714526624, "anchor 4 mse": 0.03021042162465203}
{"bot_id": "0000000000000b01", "x": 2.258743120109751, "y": 2.0419875514633, "z": 0.0, "MSE": 0.01780761236313829, "anchor 1 mse": 0.009012794175773869, "anchor 2 mse": 0.02429339962465931, "anchor 3 mse": 0.0010343832996570507, "anchor 4 mse": 0.03688987235246293}
{"bot_id": "0000000000000b01", "x": 2.206722486044797, "y": 2.079329157627106, "z": 0.0, "MSE": 0.01231220344695945, "anchor 1 mse": 0.006729677236123902, "anchor 2 mse": 0.01863237785587788, "anchor 3 mse": 0.0003625652690481178, "anchor 4 mse": 0.0235241934267879}
{"bot_id": "0000000000000b01", "x": 2.229290261102821, "y": 2.016472366261519, "z": 0.0, "MSE": 0.011140469033300881, "anchor 1 mse": 0.005772457709493098, "anchor 2 mse": 0.013510925861512422, "anchor 3 mse": 0.005717862681181436, "anchor 4 mse": 0.019560629881016568}
{"bot_id": "0000000000000b01", "x": 2.041160957267754, "y": 2.0357967100010064, "z": 0.0, "MSE": 0.028601784640163077, "anchor 1 mse": 0.006863610250223923, "anchor 2 mse": 0.04031174188267601, "anchor 3 mse": 0.028187724065351995, "anchor 4 mse": 0.03904406236240038}
{"bot_id": "0000000000000b01", "x": 2.0078042040382575, "y": 2.009983745865302, "z": 0.0, "MSE": 0.04278534961725311, "anchor 1 mse": 0.01716244699563099, "anchor 2 mse": 0.07485740912090288, "anchor 3 mse": 0.005784940331569333, "anchor 4 mse": 0.07333660202090925}
{"bot_id": "0000000000000b01", "x": 1.8705312243685368, "y": 2.051001581517114, "z": 0.0, "MSE": 0.024616742325668232, "anchor 1 mse": 0.007374903356266968, "anchor 2 mse": 0.05135184314985023, "anchor 3 mse": 0.006501707452583032, "anchor 4 mse": 0.03323851534397269}
{"bot_id": "0000000000000b01", "x": 1.755294934442302, "y": 2.0034496703906006, "z": 0.0, "MSE": 0.03557960242970116, "anchor 1 mse": 0.012909478135161918, "anchor 2 mse": 0.08204395806990859, "anchor 3 mse": 9.286108601406803e-08, "anchor 4 mse": 0.0473648806526481}
{"bot_id": "0000000000000b01", "x": 1.4365620569439332, "y": 1.9657842725911494, "z": 0.0, "MSE": 0.006530441428791879, "anchor 1 mse": 2.753924445274012e-05, "anchor 2 mse": 0.016407810419087406, "anchor 3 mse": 0.007050213011981433, "anchor 4 mse": 0.0026362030396459408}
{"bot_id": "0000000000000b01", "x": 1.1612456886646854, "y": 2.0316739614398847, "z": 0.0, "MSE": 0.012351438735393003, "anchor 1 mse": 0.0009075879664607963, "anchor 2 mse": 0.044004737003598006, "anchor 3 mse": 1.3917930193754436e-07, "anchor 4 mse": 0.004493290792211274}
{"bot_id": "0000000000000b01", "x": 1.1653673649834382, "y": 1.9130874437481395, "z": 0.0, "MSE": 0.004719476223196466, "anchor 1 mse": 0.0025085934305935586, "anchor 2 mse": 0.0102134102133154, "anchor 3 mse": 0.0034285044143600517, "anchor 4 mse": 0.002727396834516854}
{"bot_id": "0000000000000b01", "x": 1.0234227992937184, "y": 1.9161548653564202, "z": 0.0, "MSE": 0.004869145875344863, "anchor 1 mse": 0.0017923368423529381, "anchor 2 mse": 0.013498496342357199, "anchor 3 mse": 0.0019392849955669998, "anchor 4 mse": 0.002246465321102314}
{"bot_id": "0000000000000b01", "x": 0.9666071646150529, "y": 1.8847442233012386, "z": 0.0, "MSE": 0.008330959192392502, "anchor 1 mse": 0.009634848611122331, "anchor 2 mse": 0.007982423441559037, "anchor 3 mse": 0.011849111426603462, "anchor 4 mse": 0.0038574532902851772}
{"bot_id": "0000000000000b01", "x": 0.9232025365924921, "y": 1.8243276706677518, "z": 0.0, "MSE": 0.0030991528115445056, "anchor 1 mse": 0.0006061856921326093, "anchor 2 mse": 0.009941727207798439, "anchor 3 mse": 0.0006004738593204846, "anchor 4 mse": 0.0012482244869264898}
{"bot_id": "0000000000000b01", "x": 0.7985575694586422, "y": 1.7762204696579065, "z": 0.0, "MSE": 0.002362132571556438, "anchor 1 mse": 0.001057967934993095, "anchor 2 mse": 0.007810138208708155,