{"bot_id": "0000000000000b01", "x": 2.0387172270437333, "y": 2.0388961217679347, "z": 0.0, "MSE": 2.6177133838524256, "anchor 1 mse": 0.1906998567699427, "anchor 2 mse": 4.647914579916931, "anchor 3 mse": 0.9833441757172741, "anchor 4 mse": 4.648894923005554}
{"bot_id": "0000000000000b01", "x": 2.761864928085144, "y": 2.0695256063774976, "z": 0.0, "MSE": 0.05793890537945734, "anchor 1 mse": 0.01721544259102518, "anchor 2 mse": 0.02187954221975993, "anchor 3 mse": 0.10835234978722891, "anchor 4 mse": 0.08430828691981536}
{"bot_id": "0000000000000b01", "x": 2.7802468484288663, "y": 2.1241388660838445, "z": 0.0, "MSE": 0.06646375438985644, "anchor 1 mse": 0.011841701215783006, "anchor 2 mse": 0.014971801812587806, "anchor 3 mse": 0.17878114199842315, "anchor 4 mse": 0.0602603725326318}
{"bot_id": "0000000000000b01", "x": 2.6978234960819525, "y": 2.048280786714135, "z": 0.0, "MSE": 0.07604061701343441, "anchor 1 mse": 0.021693137595235498, "anchor 2 mse": 0.03059345924357376, "anchor 3 mse": 0.14212610179501992, "anchor 4 mse": 0.10974976941990848}
{"bot_id": "0000000000000b01", "x": 2.7039910327622683, "y": 2.1057964430263123, "z": 0.0, "MSE": 0.05664454867180283, "anchor 1 mse": 0.016188983547575354, "anchor 2 mse": 0.02329605208715632, "anchor 3 mse": 0.11207430232484075, "anchor 4 mse": 0.07501885672763889}
{"bot_id": "0000000000000b01", "x": 2.721697707785879, "y": 2.0837262558401153, "z": 0.0, "MSE": 0.06696731523177205, "anchor 1 mse": 0.016323173117848, "anchor 2 mse": 0.02258936259214956, "anchor 3 mse": 0.14705008182578905, "anchor 4 mse": 0.08190664339130155}
{"bot_id": "0000000000000b01", "x": 2.718772235818229, "y": 2.0896592517884494, "z": 0.0, "MSE": 0.05536258512631882, "anchor 1 mse": 0.02221652652910899, "anchor 2 mse": 0.030459906893591807, "anchor 3 mse": 0.0725294361817773, "anchor 4 mse": 0.09624447090079719}
{"bot_id": "0000000000000b01", "x": 2.706582411666195, "y": 2.1193069509023545, "z": 0.0, "MSE": 0.055180423143326524, "anchor 1 mse": 0.016280146972090865, "anchor 2 mse": 0.023457553908755646, "anchor 3 mse": 0.1078518240034984, "anchor 4 mse": 0.07313216768896118}
{"bot_id": "0000000000000b01", "x": 2.724499786743696, "y": 2.116844341815185, "z": 0.0, "MSE": 0.059884672887611165, "anchor 1 mse": 0.019658031806821706, "anchor 2 mse": 0.027272422466955947, "anchor 3 mse": 0.10670126612863477, "anchor 4 mse": 0.08590697114803227}
{"bot_id": "0000000000000b01", "x": 2.7292038404923407, "y": 2.0182553280787725, "z": 0.0, "MSE": 0.07043284947628531, "anchor 1 mse": 0.027025268339905314, "anchor 2 mse": 0.03495972852863111, "anchor 3 mse": 0.08890808364930726, "anchor 4 mse": 0.1308383173872976}
{"bot_id": "0000000000000b01", "x": 2.7246179608671093, "y": 2.09741134344714, "z": 0.0, "MSE": 0.04757708227258088, "anchor 1 mse": 0.016489652744595608, "anchor 2 mse": 0.022689891009932687, "anchor 3 mse": 0.07685495654610797, "anchor 4 mse": 0.07427382878968727}
