{"bot_id": "0000000000000b01", "x": 0.9024635345757216, "y": 1.25, "z": 0.0, "MSE": 25.0, "anchor 1 mse": 2.3769404312389044, "anchor 2 mse": 2.3769404312389044, "anchor 3 mse": 4.114622758360298, "anchor 4 mse": 4.114622758360298}
{"bot_id": "0000000000000b01", "x": 0.9024635345757216, "y": 1.25, "z": 0.0, "MSE": 25.0, "anchor 1 mse": 2.3769404312389044, "anchor 2 mse": 2.3769404312389044, "anchor 3 mse": 4.114622758360298, "anchor 4 mse": 4.114622758360298}
{"bot_id": "0000000000000b01", "x": 0.9024635345757216, "y": 1.25, "z": 0.0, "MSE": 25.0, "anchor 1 mse": 2.3769404312389044, "anchor 2 mse": 2.3769404312389044, "anchor 3 mse": 4.114622758360298, "anchor 4 mse": 4.114622758360298}
{"bot_id": "0000000000000b01", "x": 0.9024635345757216, "y": 1.25, "z": 0.0, "MSE": 25.0, "anchor 1 mse": 2.3769404312389044, "anchor 2 mse": 2.3769404312389044, "anchor 3 mse": 4.114622758360298, "anchor 4 mse": 4.114622758360298}
