{"bot_id": "0000000000000b01", "x": 1.0895422933718242, "y": 2.136640313612282, "z": 0.0}
{"bot_id": "0000000000000b02", "x": 1.5540709279780809, "y": 1.5541024565838426, "z": 0.0}
{"bot_id": "0000000000000b02", "x": 1.554493055730869, "y": 1.5657427128408044, "z": 0.0}
{"bot_id": "0000000000000b02", "x": 1.5421061161794734, "y": 1.5594158079059932, "z": 0.0}
{"bot_id": "0000000000000b02", "x": 1.5415527051362221, "y": 1.5643909418529245, "z": 0.0}
{"bot_id": "0000000000000b02", "x": 1.5422547143265262, "y": 1.5726400467756863, "z": 0.0}
{"bot_id": "0000000000000b02", "x": 1.5339579466182212, "y": 1.5764761450709184, "z": 0.0}
{"bot_id": "0000000000000b02", "x": 1.546292798673694, "y": 1.552970308821421, "z": 0.0}
{"bot_id": "0000000000000b02", "x": 1.5533731273320701, "y": 1.5495115680177625, "z": 0.0}
{"bot_id": "0000000000000b02", "x": 1.5659008762485453, "y": 1.5523247315423836, "z": 0.0}
{"bot_id": "0000000000000b02", "x": 1.5558996433001568, "y": 1.5635938003192202, "z": 0.0}
{"bot_id": "0000000000000b02", "x": 1.553952940723534, "y": 1.5707215147678335, "z": 0.0}
