{"bot_id": "0000000000000b01", "x": 0.9, "y": 1.5999999999999992, "z": 0, "MSE": 5.68, "anchor 1 mse": 3.3699999999999974, "anchor 2 mse": 10.240000000000004, "anchor 3 mse": 3.3699999999999974}
{"bot_id": "0000000000000b02", "x": 0.17000000000000012, "y": 1.1399999999999988, "z": 0, "MSE": 0.8764558577161573, "anchor 1 mse": 1.3284999999999973, "anchor 2 mse": 1.2590872404630775, "anchor 3 mse": 0.00502748049170721}
{"bot_id": "0000000000000b02", "x": 0.91, "y": 1.9899999999999995, "z": 0, "MSE": 0.037000047513867124, "anchor 1 mse": 0.013970200731198179, "anchor 2 mse": 0.05290818534407626, "anchor 3 mse": 0.014388992814102252}
{"bot_id": "0000000000000b02", "x": 0.93, "y": 1.9899999999999995, "z": 0, "MSE": 0.02877777319210861, "anchor 1 mse": 0.009329292674705416, "anchor 2 mse": 0.036160878002693915, "anchor 3 mse": 0.010376591811596666}
{"bot_id": "0000000000000b02", "x": 0.89, "y": 1.9899999999999995, "z": 0, "MSE": 0.035993112019114766, "anchor 1 mse": 0.014388992814102252, "anchor 2 mse": 0.04840782947331695, "anchor 3 mse": 0.013970200731198179}
{"bot_id": "0000000000000b02", "x": 0.9, "y": 1.9899999999999995, "z": 0, "MSE": 0.03834318281486912, "anchor 1 mse": 0.015389856423040513, "anchor 2 mse": 0.0529000000000002, "anchor 3 mse": 0.015389856423040513}
{"bot_id": "0000000000000b02", "x": 0.9, "y": 1.9999999999999996, "z": 0, "MSE": 0.042944916580612065, "anchor 1 mse": 0.017734573821940686, "anchor 2 mse": 0.06250000000000022, "anchor 3 mse": 0.017734573821940686}
{"bot_id": "0000000000000b02", "x": 0.92, "y": 2.01, "z": 0, "MSE": 0.04020156780674596, "anchor 1 mse": 0.014530595498754613, "anchor 2 mse": 0.05763441329867306, "anchor 3 mse": 0.018008805769711624}
{"bot_id": "0000000000000b02", "x": 0.92, "y": 2.01, "z": 0, "MSE": 0.045997883936011945, "anchor 1 mse": 0.019752312288240224, "anchor 2 mse": 0.06253584697201149, "anchor 3 mse": 0.020792743605781042}
{"bot_id": "0000000000000b02", "x": 0.91, "y": 1.9799999999999995, "z": 0, "MSE": 0.03283162288449898, "anchor 1 mse": 0.011903971069986636, "anchor 2 mse": 0.044107447099468886, "anchor 3 mse": 0.012283141409927017}
{"bot_id": "0000000000000b02", "x": 0.9, "y": 1.9699999999999995, "z": 0, "MSE": 0.030928927283978905, "anchor 1 mse": 0.011203918394279658, "anchor 2 mse": 0.04000000000000007, "anchor 3 mse": 0.011203918394279658}
{"bot_id": "0000000000000b02", "x": 0.89, "y": 1.9699999999999995, "z": 0, "MSE": 0.02891527760820861, "anchor 1 mse": 0.010345388773123453, "anchor 2 mse": 0.03610671407211244, "anchor 3 mse": 0.010004608801369068}
{"bot_id": "0000000000000b02", "x": 0.93, "y": 1.9799999999999995, "z": 0, "MSE": 0.029001112658199286, "anchor 1 mse": 0.009512658174314521, "anchor 2 mse": 0.036160662044879256, "anchor 3 mse": 0.010548653391943757}
{"bot_id": "0000000000000b02", "x": 0.92, "y": 1.9999999999999996, "z": 0, "MSE": 0.03311152218698599, "anchor 1 mse": 0.012422008589581562, "anchor 2 mse": 0.040028576166059954, "anchor 3 mse": 0.01323421204554798}
{"bot_id": "0000000000000b02", "x": 0.9, "y": 1.9999999999999996, "z": 0, "MSE": 0.04105356701766195, "anchor 1 mse": 0.017734573821940686, "anchor 2 mse": 0.0529000000000002, "anchor 3 mse": 0.017734573821940686}
{"bot_id": "0000000000000b02", "x": 0.92, "y": 1.9999999999999996, "z": 0, "MSE": 0.03829674747093482, "anchor 1 mse": 0.014751089888195948, "anchor 2 mse": 0.052932861825682465, "anchor 3 mse": 0.015635012953540445}
{"bot_id": "0000000000000b02", "x": 0.89, "y": 1.9799999999999995, "z": 0, "MSE": 0.031975419713823554, "anchor 1 mse": 0.012283141409927017, "anchor 2 mse": 0.04000709249065449, "anchor 3 mse": 0.011903971069986636}
{"bot_id": "0000000000000b02", "x": 0.9, "y": 1.9799999999999995, "z": 0, "MSE": 0.03490166771123337, "anchor 1 mse": 0.013213105982265258, "anchor 2 mse": 0.04840000000000009, "anchor 3 mse": 0.013213105982265258}
{"bot_id": "0000000000000b02", "x": 0.91, "y": 1.9999999999999996, "z": 0, "MSE": 0.03965322646736079, "anchor 1 mse": 0.01620370899732629, "anchor 2 mse": 0.05290821457839674, "anchor 3 mse": 0.01666334190840521}
{"bot_id": "0000000000000b02", "x": 0.92, "y": 1.9799999999999995, "z": 0, "MSE": 0.035087686169029124, "anchor 1 mse": 0.012836947602314717, "anchor 2 mse": 0.04843121031116468, "anchor 3 mse": 0.013630262779913442}
{"bot_id": "0000000000000b02", "x": 0.93, "y": 1.9799999999999995, "z": 0, "MSE": 0.030741474985259188, "anchor 1 mse": 0.009512658174314521, "anchor 2 mse": 0.040063853443948076, "anchor 3 mse": 0.012702786142468347}
{"bot_id": "0000000000000b02", "x": 0.93, "y": 1.9799999999999995, "z": 0, "MSE": 0.030741474985259188, "anchor 1 mse": 0.009512658174314521, "anchor 2 mse": 0.040063853443948076, "anchor 3 mse": 0.012702786142468347}
{"bot_id": "0000000000000b02", "x": 0.9, "y": 1.9999999999999996, "z": 0, "MSE": 0.037253484400540104, "anchor 1 mse": 0.015171149423018126, "anchor 2 mse": 0.04840000000000009, "anchor 3 mse": 0.015171149423018126}
{"bot_id": "0000000000000b02", "x": 0.92, "y": 2.01, "z": 0, "MSE": 0.034760303876016266, "anchor 1 mse": 0.012219737104011759, "anchor 2 mse": 0.04413011227865734, "anchor 3 mse": 0.015424867933642322}
{"bot_id": "0000000000000b02", "x": 0.92, "y": 1.9799999999999995, "z": 0, "MSE": 0.02607416908508917, "anchor 1 mse": 0.00870493743422114, "anchor 2 mse": 0.025622699779883816, "anchor 3 mse": 0.009360314124107734}
{"bot_id": "0000000000000b02", "x": 0.93, "y": 1.9899999999999995, "z": 0, "MSE": 0.03051408339131045, "anchor 1 mse": 0.009329292674705416, "anchor 2 mse": 0.04006408075840893, "anchor 3 mse": 0.01251390296226523}
{"bot_id": "0000000000000b02", "x": 0.91, "y": 1.9899999999999995, "z": 0, "MSE": 0.02859956839062225, "anchor 1 mse": 0.009642376583673536, "anchor 2 mse": 0.03610676186103863, "anchor 3 mse": 0.009990827695792584}
{"bot_id": "0000000000000b02", "x": 0.88, "y": 1.9499999999999995, "z": 0, "MSE": 0.028035981070012983, "anchor 1 mse": 0.009874211251807723, "anchor 2 mse": 0.036126671262839714, "anchor 3 mse": 0.009241129517838816}
{"bot_id": "0000000000000b02", "x": 0.89, "y": 1.9599999999999995, "z": 0, "MSE": 0.032443102128959844, "anchor 1 mse": 0.012679452577949245, "anchor 2 mse": 0.040007042541649745, "anchor 3 mse": 0.012309650791382371}
{"bot_id": "0000000000000b02", "x": 0.2700000000000001, "y": 0.6699999999999988, "z": 0, "MSE": 0.03226970137081458, "anchor 1 mse": 0.02970702243223882, "anchor 2 mse": 0.03160378251602714, "anchor 3 mse": 0.0016216277449228624}
{"bot_id": "0000000000000b02", "x": 0.28, "y": 0.6699999999999988, "z": 0, "MSE": 0.03833473174672418, "anchor 1 mse": 0.03847649119959922, "anchor 2 mse": 0.038525150416213835, "anchor 3 mse": 0.0026126495812155213}
{"bot_id": "0000000000000b02", "x": 0.28, "y": 0.7299999999999989, "z": 0, "MSE": 0.04351547377667642, "anchor 1 mse": 0.04488328861172991, "anchor 2 mse": 0.051507553724131086, "anchor 3 mse": 0.002135249985767068}
{"bot_id": "0000000000000b02", "x": 0.28, "y": 0.6999999999999988, "z": 0, "MSE": 0.03554741785049229, "anchor 1 mse": 0.03382769678133276, "anchor 2 mse": 0.038656701556782684, "anchor 3 mse": 0.0018869963860664318}
{"bot_id": "0000000000000b02", "x": 0.2700000000000001, "y": 0.6999999999999988, "z": 0, "MSE": 0.03901965644801229, "anchor 1 mse": 0.04010671879628106, "anchor 2 mse": 0.039251556637709385, "anchor 3 mse": 0.0018086188843645116}
{"bot_id": "0000000000000b02", "x": 0.25000000000000006, "y": 0.6799999999999988, "z": 0, "MSE": 0.03774578768222322, "anchor 1 mse": 0.03783018288476947, "anchor 2 mse": 0.04038456884052119, "anchor 3 mse": 0.0018148918846469348}
{"bot_id": "0000000000000b02", "x": 0.25000000000000006, "y": 0.6999999999999988, "z": 0, "MSE": 0.04019294338301131, "anchor 1 mse": 0.04133228764480024, "anchor 2 mse": 0.04460740183199846, "anchor 3 mse": 0.001659351237277002}
{"bot_id": "0000000000000b02", "x": 0.29000000000000004, "y": 0.6999999999999988, "z": 0, "MSE": 0.03914521062216355, "anchor 1 mse": 0.03908286606974478, "anchor 2 mse": 0.04207818244890421,