{"bot_id": "0000000000000b01", "x": 0.8994897140849005, "y": 1.598680897843698, "z": 0, "MSE": 5.679636122807932, "anchor 1 mse": 3.364862358874868, "anchor 2 mse": 10.248444254222548, "anchor 3 mse": 3.3666993881692266}
{"bot_id": "0000000000000b02", "x": 0.1628293694864551, "y": 1.1364749316864207, "z": 0, "MSE": 0.8752480379085413, "anchor 1 mse": 1.3180886739190107, "anchor 2 mse": 1.2700287157697359, "anchor 3 mse": 0.004493911456842372}
{"bot_id": "0000000000000b02", "x": 0.9045776472531097, "y": 1.9915425646628593, "z": 0, "MSE": 0.03707996383664397, "anchor 1 mse": 0.01377115578009177, "anchor 2 mse": 0.05219450437209378, "anchor 3 mse": 0.01527209338433936}
{"bot_id": "0000000000000b02", "x": 0.9207380948528506, "y": 1.989200992326486, "z": 0, "MSE": 0.02833392875838495, "anchor 1 mse": 0.008456246638489281, "anchor 2 mse": 0.03643346014112103, "anchor 3 mse": 0.010995912077177943}
{"bot_id": "0000000000000b02", "x": 0.8953426763413492, "y": 1.9887185356878716, "z": 0, "MSE": 0.03595043699131773, "anchor 1 mse": 0.014634283439455689, "anchor 2 mse": 0.048967193776405446, "anchor 3 mse": 0.013181943120085261}
{"bot_id": "0000000000000b02", "x": 0.904809815909708, "y": 1.989228511226741, "z": 0, "MSE": 0.038378131073569806, "anchor 1 mse": 0.015710113147728307, "anchor 2 mse": 0.05325737943343465, "anchor 3 mse": 0.014731815227726546}
{"bot_id": "0000000000000b02", "x": 0.8967765452168475, "y": 2.0070703114479342, "z": 0, "MSE": 0.04411862135577266, "anchor 1 mse": 0.01912792914409881, "anchor 2 mse": 0.059015737365305264, "anchor 3 mse": 0.019864529343876794}
