{"bot_id": "0000000000000b01", "x": 0.8894897140849005, "y": 0.46868089784369743, "z": 0.0, "MSE": 5.679636122807932, "anchor 1 mse": 3.364862358874868, "anchor 2 mse": 10.248444254222548, "anchor 3 mse": 3.3666993881692266}
{"bot_id": "0000000000000b02", "x": 0.3328293694864551, "y": 1.6964749316864212, "z": 0.0, "MSE": 0.8752480379085413, "anchor 1 mse": 1.3180886739190107, "anchor 2 mse": 1.2700287157697359, "anchor 3 mse": 0.004493911456842372}
{"bot_id": "0000000000000b02", "x": 0.5045776472531098, "y": 2.1415425646628594, "z": 0.0, "MSE": 0.03707996383664397, "anchor 1 mse": 0.01377115578009177, "anchor 2 mse": 0.05219450437209378, "anchor 3 mse": 0.01527209338433936}
{"bot_id": "0000000000000b02", "x": 0.49073809485285064, "y": 2.139200992326486, "z": 0.0, "MSE": 0.02833392875838495, "anchor 1 mse": 0.008456246638489281, "anchor 2 mse": 0.03643346014112103, "anchor 3 mse": 0.010995912077177943}
{"bot_id": "0000000000000b02", "x": 0.4753426763413493, "y": 2.1387185356878717, "z": 0.0, "MSE": 0.03595043699131773, "anchor 1 mse": 0.014634283439455689, "anchor 2 mse": 0.048967193776405446, "anchor 3 mse": 0.013181943120085261}
{"bot_id": "0000000000000b02", "x": 0.494809815909708, "y": 2.139228511226741, "z": 0.0, "MSE": 0.038378131073569806, "anchor 1 mse": 0.015710113147728307, "anchor 2 mse": 0.05325737943343465, "anchor 3 mse": 0.014731815227726546}
{"bot_id": "0000000000000b02", "x": 0.5167765452168476, "y": 2.1470703114479344, "z": 0.0, "MSE": 0.04411862135577266, "anchor 1 mse": 0.01912792914409881, "anchor 2 mse": 0.059015737365305264, "anchor 3 mse": 0.019864529343876794}
