{"bot_id": "0000000000000b01", "x": 0.8999999999999999, "y": 1.6000000000000003, "z": 0}
