{"bot_id": "0000000000000b01", "x": 0.9, "y": 1.5999999999999996, "z": 0, "MSE": 5.68, "anchor 1 mse": 3.369999999999999, "anchor 2 mse": 10.240000000000002, "anchor 3 mse": 3.369999999999999}
{"bot_id": "0000000000000b02", "x": 0.17000000000000015, "y": 1.1399999999999992, "z": 0, "MSE": 0.8764558577161573, "anchor 1 mse": 1.3284999999999982, "anchor 2 mse": 1.2590872404630766, "anchor 3 mse": 0.005027480491707146}
{"bot_id": "0000000000000b02", "x": 0.91, "y": 1.99, "z": 0, "MSE": 0.037000047513867214, "anchor 1 mse": 0.013970200731198283, "anchor 2 mse": 0.05290818534407585, "anchor 3 mse": 0.014388992814102358}
{"bot_id": "0000000000000b02", "x": 0.93, "y": 1.99, "z": 0, "MSE": 0.028777773192108693, "anchor 1 mse": 0.009329292674705503, "anchor 2 mse": 0.036160878002693575, "anchor 3 mse": 0.010376591811596756}
{"bot_id": "0000000000000b02", "x": 0.89, "y": 1.99, "z": 0, "MSE": 0.035993112019114856, "anchor 1 mse": 0.014388992814102358, "anchor 2 mse": 0.04840782947331656, "anchor 3 mse": 0.013970200731198283}
{"bot_id": "0000000000000b02", "x": 0.9, "y": 1.99, "z": 0, "MSE": 0.038343182814869245, "anchor 1 mse": 0.015389856423040622, "anchor 2 mse": 0.05289999999999979, "anchor 3 mse": 0.015389856423040622}
{"bot_id": "0000000000000b02", "x": 0.9, "y": 2.0, "z": 0, "MSE": 0.04294491658061216, "anchor 1 mse": 0.017734573821940804, "anchor 2 mse": 0.0625, "anchor 3 mse": 0.017734573821940804}
{"bot_id": "0000000000000b02", "x": 0.92, "y": 2.01, "z": 0, "MSE": 0.04020156780674596, "anchor 1 mse": 0.014530595498754613, "anchor 2 mse": 0.05763441329867306, "anchor 3 mse": 0.018008805769711624}
{"bot_id": "0000000000000b02", "x": 0.92, "y": 2.01, "z": 0, "MSE": 0.045997883936011945, "anchor 1 mse": 0.019752312288240224, "anchor 2 mse": 0.06253584697201149, "anchor 3 mse": 0.020792743605781042}
{"bot_id": "0000000000000b02", "x": 0.91, "y": 1.9799999999999998, "z": 0, "MSE": 0.03283162288449898, "anchor 1 mse": 0.011903971069986636, "anchor 2 mse": 0.044107447099468886, "anchor 3 mse": 0.012283141409927017}
{"bot_id": "0000000000000b02", "x": 0.9, "y": 1.9699999999999998, "z": 0, "MSE": 0.030928927283978964, "anchor 1 mse": 0.011203918394279751, "anchor 2 mse": 0.04000000000000007, "anchor 3 mse": 0.011203918394279751}
{"bot_id": "0000000000000b02", "x": 0.89, "y": 1.9699999999999998, "z": 0, "MSE": 0.02891527760820863, "anchor 1 mse": 0.010345388773123543, "anchor 2 mse": 0.03610671407211244, "anchor 3 mse": 0.010004608801369158}
{"bot_id": "0000000000000b02", "x": 0.93, "y": 1.9799999999999998, "z": 0, "MSE": 0.029001112658199286, "anchor 1 mse": 0.009512658174314521, "anchor 2 mse": 0.036160662044879256, "anchor 3 mse": 0.010548653391943757}
{"bot_id": "0000000000000b02", "x": 0.92, "y": 1.9999999999999998, "z": 0, "MSE": 0.03311152218698599, "anchor 1 mse": 0.012422008589581562, "anchor 2 mse": 0.04002857616605978, "anchor 3 mse": 0.01323421204554798}
{"bot_id": "0000000000000b02", "x": 0.9, "y": 1.9999999999999998, "z": 0, "MSE": 0.04105356701766195, "anchor 1 mse": 0.017734573821940686, "anchor 2 mse": 0.05289999999999999, "anchor 3 mse": 0.017734573821940686}
{"bot_id": "0000000000000b02", "x": 0.92, "y": 1.9999999999999998, "z": 0, "MSE": 0.03829674747093482, "anchor 1 mse": 0.014751089888195948, "anchor 2 mse": 0.052932861825682256, "anchor 3 mse": 0.015635012953540445}
{"bot_id": "0000000000000b02", "x": 0.89, "y": 1.9799999999999998, "z": 0, "MSE": 0.031975419713823554, "anchor 1 mse": 0.012283141409927017, "anchor 2 mse": 0.04000709249065449, "anchor 3 mse": 0.011903971069986636}
{"bot_id": "0000000000000b02", "x": 0.9, "y": 1.9799999999999998, "z": 0, "MSE": 0.03490166771123337, "anchor 1 mse": 0.01321310598226536, "anchor 2 mse": 0.04840000000000009, "anchor 3 mse": 0.01321310598226536}
{"bot_id": "0000000000000b02", "x": 0.91, "y": 1.9999999999999998, "z": 0, "MSE": 0.03965322646736079, "anchor 1 mse": 0.01620370899732629, "anchor 2 mse": 0.05290821457839633, "anchor 3 mse": 0.016663341908405325}
{"bot_id": "0000000000000b02", "x": 0.92, "y": 1.9799999999999998, "z": 0, "MSE": 0.035087686169029124, "anchor 1 mse": 0.012836947602314717, "anchor 2 mse": 0.04843121031116468, "anchor 3 mse": 0.013630262779913546}
{"bot_id": "0000000000000b02", "x": 0.93, "y": 1.9799999999999998, "z": 0, "MSE": 0.030741474985259188, "anchor 1 mse": 0.009512658174314521, "anchor 2 mse": 0.040063853443948076, "anchor 3 mse": 0.012702786142468347}
{"bot_id": "0000000000000b02", "x": 0.93, "y": 1.9799999999999998, "z": 0, "MSE": 0.030741474985259188, "anchor 1 mse": 0.009512658174314521, "anchor 2 mse": 0.040063853443948076, "anchor 3 mse": 0.012702786142468347}
{"bot_id": "0000000000000b02", "x": 0.9, "y": 1.9999999999999998, "z": 0, "MSE": 0.037253484400540104, "anchor 1 mse": 0.015171149423018126, "anchor 2 mse": 0.04839999999999989, "anchor 3 mse": 0.015171149423018126}
{"bot_id": "0000000000000b02", "x": 0.92, "y": 2.01, "z": 0, "MSE": 0.034760303876016266, "anchor 1 mse": 0.012219737104011759, "anchor 2 mse": 0.04413011227865734, "anchor 3 mse": 0.015424867933642322}
{"bot_id": "0000000000000b02", "x": 0.92, "y": 1.9799999999999998, "z": 0, "MSE": 0.02607416908508917, "anchor 1 mse": 0.00870493743422114, "anchor 2 mse": 0.025622699779883816, "anchor 3 mse": 0.00936031412410782}
{"bot_id": "0000000000000b02", "x": 0.93, "y": 1.9899999999999998, "z": 0, "MSE": 0.030514083391310533, "anchor 1 mse": 0.009329292674705416, "anchor 2 mse": 0.04006408075840875, "anchor 3 mse": 0.01251390296226523}
{"bot_id": "0000000000000b02", "x": 0.91, "y": 1.9899999999999998, "z": 0, "MSE": 0.028599568390622332, "anchor 1 mse": 0.009642376583673623, "anchor 2 mse": 0.036106761861038464, "anchor 3 mse": 0.009990827695792672}
{"bot_id": "0000000000000b02", "x": 0.88, "y": 1.9499999999999997, "z": 0, "MSE": 0.02803598107001311, "anchor 1 mse": 0.009874211251807723, "anchor 2 mse": 0.03612667126283954, "anchor 3 mse": 0.009241129517838901}
{"bot_id": "0000000000000b02", "x": 0.89, "y": 1.9599999999999997, "z": 0, "MSE": 0.032443102128959844, "anchor 1 mse": 0.012679452577949345, "anchor 2 mse": 0.040007042541649565, "anchor 3 mse": 0.012309650791382371}
{"bot_id": "0000000000000b02", "x": 0.91, "y": 1.9699999999999998, "z": 0, "MSE": 0.029044251701089624, "anchor 1 mse": 0.010004608801369158, "anchor 2 mse": 0.03610671407211244, "anchor 3 mse": 0.010345388773123543}
{"bot_id": "0000000000000b02", "x": 0.92, "y": 1.9799999999999998, "z": 0, "MSE": 0.03430338102210473, "anchor 1 mse": 0.012836947602314717, "anchor 2 mse": 0.04412979188928463, "anchor 3 mse": 0.013630262779913546}
{"bot_id": "0000000000000b02", "x": 0.9500000000000001, "y": 1.9799999999999998, "z": 0, "MSE": 0.031004659180734875, "anchor 1 mse": 0.00923717008259236, "anchor 2 mse": 0.04017748748255366, "anchor 3 mse": 0.013165029701120438}
