{"bot_id": "0000000000000b01", "x": 0.8994897140849005, "y": 1.598680897843698, "z": 0, "MSE": 5.679636122807932, "anchor 1 mse": 3.364862358874868, "anchor 2 mse": 10.248444254222548, "anchor 3 mse": 3.3666993881692266}
{"bot_id": "0000000000000b02", "x": 0.1628293694864551, "y": 1.1364749316864207, "z": 0, "MSE": 0.8752480379085413, "anchor 1 mse": 1.3180886739190107, "anchor 2 mse": 1.2700287157697359, "anchor 3 mse": 0.004493911456842372}
{"bot_id": "0000000000000b02", "x": 0.9045776472531097, "y": 1.9915425646628593, "z": 0, "MSE": 0.03707996383664397, "anchor 1 mse": 0.01377115578009177, "anchor 2 mse": 0.05219450437209378, "anchor 3 mse": 0.01527209338433936}
{"bot_id": "0000000000000b02", "x": 0.9207380948528506, "y": 1.989200992326486, "z": 0, "MSE": 0.02833392875838495, "anchor 1 mse": 0.008456246638489281, "anchor 2 mse": 0.03643346014112103, "anchor 3 mse": 0.010995912077177943}
{"bot_id": "0000000000000b02", "x": 0.8953426763413492, "y": 1.9887185356878716, "z": 0, "MSE": 0.03595043699131773, "anchor 1 mse": 0.014634283439455689, "anchor 2 mse": 0.048967193776405446, "anchor 3 mse": 0.013181943120085261}
{"bot_id": "0000000000000b02", "x": 0.904809815909708, "y": 1.989228511226741, "z": 0, "MSE": 0.038378131073569806, "anchor 1 mse": 0.015710113147728307, "anchor 2 mse": 0.05325737943343465, "anchor 3 mse": 0.014731815227726546}
{"bot_id": "0000000000000b02", "x": 0.8967765452168475, "y": 2.0070703114479342, "z": 0, "MSE": 0.04411862135577266, "anchor 1 mse": 0.01912792914409881, "anchor 2 mse": 0.059015737365305264, "anchor 3 mse": 0.019864529343876794}
{"bot_id": "0000000000000b02", "x": 0.9212243120191927, "y": 2.011915217763618, "z": 0, "MSE": 0.040583361830626496, "anchor 1 mse": 0.015078354787413734, "anchor 2 mse": 0.05672283690759938, "anchor 3 mse": 0.01834971650156555}
{"bot_id": "0000000000000b02", "x": 0.9107831175594718, "y": 2.006548649283373, "z": 0, "MSE": 0.04502928145534721, "anchor 1 mse": 0.01784352866982649, "anchor 2 mse": 0.06424813732415875, "anchor 3 mse": 0.020953656239529193}
{"bot_id": "0000000000000b02", "x": 0.9128947646872886, "y": 1.9820809584985548, "z": 0, "MSE": 0.0332976122228297, "anchor 1 mse": 0.012590122214233918, "anchor 2 mse": 0.043242597156945055, "anchor 3 mse": 0.012441924252405503}
{"bot_id": "0000000000000b02", "x": 0.9010968208941903, "y": 1.9717667255057039, "z": 0, "MSE": 0.03127710673076312, "anchor 1 mse": 0.01164485343476827, "anchor 2 mse": 0.0392965154371922, "anchor 3 mse": 0.011449096049258277}
{"bot_id": "0000000000000b02", "x": 0.8942925695706175, "y": 1.9693931555179065, "z": 0, "MSE": 0.02895131689612881, "anchor 1 mse": 0.010594699877731947, "anchor 2 mse": 0.03633316270719545, "anchor 3 mse": 0.009540425672600111}
{"bot_id": "0000000000000b02", "x": 0.9273663176689318, "y": 1.9804724036853594, "z": 0, "MSE": 0.028993471765496645, "anchor 1 mse": 0.009378430353518022, "anchor 2 mse": 0.03597106802732511, "anchor 3 mse": 0.01085758440448772}
{"bot_id": "0000000000000b02", "x": 0.9157805217517402, "y": 1.9932444027800849, "z": 0, "MSE": 0.03176167513365344, "anchor 1 mse": 0.010723339441474541, "anchor 2 mse": 0.04276622286186636, "anchor 3 mse": 0.012224802558951869}
{"bot_id": "0000000000000b02", "x": 0.9019895110429494, "y": 1.992091542752093, "z": 0, "MSE": 0.03968695557293366, "anchor 1 mse": 0.016073575642896347, "anchor 2 mse": 0.05660076939700706, "anchor 3 mse": 0.01566086337145083}
{"bot_id": "0000000000000b02", "x": 0.9128922200603259, "y": 2.006242955746021, "z": 0, "MSE": 0.03918741944570859, "anchor 1 mse": 0.015419181185969038, "anchor 2 mse": 0.05008052767314267, "anchor 3 mse": 0.017854444884548428}
{"bot_id": "0000000000000b02", "x": 0.8962074417058975, "y": 1.9776344494062592, "z": 0, "MSE": 0.03176535417618059, "anchor 1 mse": 0.012371399860475226, "anchor 2 mse": 0.04095284737986151, "anchor 3 mse": 0.010892814037395216}
{"bot_id": "0000000000000b02", "x": 0.9008812966679192, "y": 1.9828319893649102, "z": 0, "MSE": 0.03542818852234458, "anchor 1 mse": 0.01389832040572411, "anchor 2 mse": 0.047162004715715515, "anchor 3 mse": 0.013727083120338842}
{"bot_id": "0000000000000b02", "x": 0.9120905877684702, "y": 1.9942382935904377, "z": 0, "MSE": 0.03870485931219435, "anchor 1 mse": 0.015109185455776867, "anchor 2 mse": 0.05559586619443039, "anchor 3 mse": 0.015122267313535465}
{"bot_id": "0000000000000b02", "x": 0.9137051754406889, "y": 1.982653239141934, "z": 0, "MSE": 0.03533392678154123, "anchor 1 mse": 0.01278360203989656, "anchor 2 mse": 0.047254105937466956, "anchor 3 mse": 0.014819380656146103}
{"bot_id": "0000000000000b02", "x": 0.929596107557444, "y": 1.9812008931946645, "z": 0, "MSE": 0.030938983162904287, "anchor 1 mse": 0.00969206510113309, "anchor 2 mse": 0.03958288326273344, "anchor 3 mse": 0.012988831957793285}
{"bot_id": "0000000000000b02", "x": 0.929596107557444, "y": 1.9812008931946645, "z": 0, "MSE": 0.030938983162904287, "anchor 1 mse": 0.00969206510113309, "anchor 2 mse": 0.03958288326273344, "anchor 3 mse": 0.012988831957793285}
{"bot_id": "0000000000000b02", "x": 0.9010507389669148, "y": 1.9945222363307316, "z": 0, "MSE": 0.03631290981413241, "anchor 1 mse": 0.014068204923281046, "anchor 2 mse": 0.05084031064261599, "anchor 3 mse": 0.013863914093587256}
{"bot_id": "0000000000000b02", "x": 0.9222986865536034, "y": 2.0112235603229194, "z": 0, "MSE": 0.03506180285191473, "anchor 1 mse": 0.01268162613651541, "anchor 2 mse": 0.04362483340043598, "anchor 3 mse": 0.01547470496908294}
{"bot_id": "0000000000000b02", "x": 0.9135711207565653, "y": 1.970710995309952, "z": 0, "MSE": 0.02419667480081152, "anchor 1 mse": 0.006751587770312623, "anchor 2 mse": 0.028669788137274634, "anchor 3 mse": 0.008261513369941317}
{"bot_id": "0000000000000b02", "x": 0.9334174246658077, "y": 1.9896396676312216, "z": 0, "MSE": 0.030564727459735836, "anchor 1 mse": 0.009547459802062496, "anchor 2 mse": 0.04022391458910835, "anchor 3 mse": 0.012137100853957854}
{"bot_id": "0000000000000b02", "x": 0.9082298598813584, "y": 1.9887318381026409, "z": 0, "MSE": 0.02832261828823271, "anchor 1 mse": 0.009274928300936217, "anchor 2 mse": 0.03658811802688047, "anchor 3 mse": 0.009904270412708173}
{"bot_id": "0000000000000b02", "x": 0.8804285865719224, "y": 1.9523963719765216, "z": 0, "MSE": 0.02846337625440064, "anchor 1 mse": 0.01034893098326757, "anchor 2 mse": 0.03522036063377113, "anchor 3 mse": 0.009626681635378541}
{"bot_id": "0000000000000b02", "x": 0.8911548803396875, "y": 1.9596778129701138, "z": 0, "MSE": 0.0324233642399832, "anchor 1 mse": 0.012721027032321459, "anchor 2 mse": 0.04013449662979915, "anchor 3 mse": 0.01213753871872402}
{"bot_id": "0000000000000b02", "x": 0.2647435553366003, "y": 0.6747649960428976, "z": 0, "MSE": 0.032506242346407546, "anchor 1 mse": 0.03056997221181959, "anchor 2 mse": 0.03022760321026655, "anchor 3 mse": 0.0022087519960135448}
{"bot_id": "0000000000000b02", "x": 0.27943255870500894, "y": 0.6644877204784293, "z": 0, "MSE": 0.03751832604123299, "anchor 1 mse": 0.03642418927570641, "anchor 2 mse": 0.04072876669710494, "anchor 3 mse": 0.0024421737299657876}
{"bot_id": "0000000000000b02", "x": 0.28225799892287845, "y": 0.7371758994756383, "z": 0, "MSE": 0.04470236225498572, "anchor 1 mse": 0.04812122040411759, "anchor 2 mse": 0.048188508048115065, "anchor 3 mse": 0.002236947971481847}
{"bot_id": "0000000000000b02", "x": 0.28383946618148237, "y": 0.7036831805121754, "z": 0, "MSE": 0.036378325558803305, "anchor 1 mse": 0.035634846367945006, "anchor 2 mse": 0.03701718077032874, "anchor 3 mse": 0.0017222632294894488}
{"bot_id": "0000000000000b02", "x": 0.264926473438287, "y": 0.6914046990375242, "z": 0, "MSE": 0.037406809670802725, "anchor 1 mse": 0.03626098971835583, "anchor 2 mse": 0.04300972012323923, "anchor 3 mse": 0.0019004998343039967}
{"bot_id": "0000000000000b02", "x": 0.2511754042367771, "y": 0.6748785150206892, "z": 0, "MSE": 0.03715167432671996, "anchor 1 mse": 0.03613961606379352, "anchor 2 mse": 0.04236817906526941,