{"bot_id": "0000000000000b01", "x": 1.0102736275327866, "y": 2.4000000000000004, "z": 0.0}
{"bot_id": "0000000000000b02", "x": 1.4401170989465921, "y": 2.0025496461095758, "z": 0.0}
{"bot_id": "0000000000000b02", "x": 1.4411663681004243, "y": 2.0085609497186874, "z": 0.0}
{"bot_id": "0000000000000b02", "x": 1.427210748226176, "y": 2.001845677368197, "z": 0.0}
{"bot_id": "0000000000000b02", "x": 1.4264572063992067, "y": 2.006720967376529, "z": 0.0}
{"bot_id": "0000000000000b02", "x": 1.4274874498996688, "y": 2.0147425899361706, "z": 0.0}
{"bot_id": "0000000000000b02", "x": 1.4238572842026667, "y": 2.018389779925993, "z": 0.0}
{"bot_id": "0000000000000b02", "x": 1.4372197824335209, "y": 2.0013411209238976, "z": 0.0}
{"bot_id": "0000000000000b02", "x": 1.4394567924987514, "y": 1.9929874986574199, "z": 0.0}
{"bot_id": "0000000000000b02", "x": 1.4473510693145268, "y": 2.0014452170652755, "z": 0.0}
{"bot_id": "0000000000000b02", "x": 1.4423561813697385, "y": 2.006775644254111, "z": 0.0}
{"bot_id": "0000000000000b02", "x": 1.440423858863065, "y": 2.0134364808166563, "z": 0.0}
{"bot_id": "0000000000000b02", "x": 1.4380145431220628, "y": 1.9964651408258847, "z": 0.0}
{"bot_id": "0000000000000b02", "x": 1.4300393414526829, "y": 2.0049473591345794, "z": 0.0}
{"bot_id": "0000000000000b02", "x": 1.4365201309060915, "y": 2.004344101742584, "z": 0.0}
{"bot_id": "0000000000000b02", "x": 1.4523646032044728, "y": 2.0063094211249943, "z": 0.0}
{"bot_id": "0000000000000b02", "x": 1.44070048240056, "y": 2.003879293309484, "z": 0.0}
{"bot_id": "0000000000000b02", "x": 1.4265962980491782, "y": 2.0024891879310895, "z": 0.0}
{"bot_id": "0000000000000b02", "x": 1.4555025419583307, "y": 1.9931659772013335, "z": 0.0}
{"bot_id": "0000000000000b02", "x": 1.4525020289188895, "y": 2.0044258788424756, "z": 0.0}
{"bot_id": "0000000000000b02", "x": 1.458322837105039, "y": 1.9963412206963185, "z": 0.0}
{"bot_id": "0000000000000b02", "x": 1.439335974089682, "y": 1.9968694168337078, "z": 0.0}
{"bot_id": "0000000000000b02", "x": 1.4479778743300646, "y": 2.000477355535621, "z": 0.0}
{"bot_id": "0000000000000b02", "x": 1.4544794064371103, "y": 2.0123837427069216, "z": 0.0}
{"bot_id": "0000000000000b02", "x": 1.4469508614115087, "y": 1.9963179793089618, "z": 0.0}
{"bot_id": "0000000000000b02", "x": 1.4311304429110006, "y": 2.0110878075920935, "z": 0.0}
{"bot_id": "0000000000000b02", "x": 1.4283807481789328, "y": 2.003848551902869, "z": 0.0}
{"bot_id": "0000000000000b02", "x": 1.433942046748701, "y": 2.0140790158326767, "z": 0.0}
{"bot_id": "0000000000000b02", "x": 1.4430281800851152, "y": 2.003762814794781, "z": 0.0}
{"bot_id": "0000000000000b02", "x": 1.4331248242134014, "y": 2.00001685604781, "z": 0.0}
{"bot_id": "0000000000000b02", "x": 1.4480800855851947, "y": 1.9985451509158216, "z": 0.0}
{"bot_id": "0000000000000b02", "x": 1.438864758823096, "y": 2.0042691965205326, "z": 0.0}
