{"bot_id": "0000000000000b01", "x": 1.3446919990728063, "y": 2.09544351912009, "z": 0.0, "MSE": 6.103215254677468, "anchor 1 mse": 6.199080114192808, "anchor 2 mse": 7.5123767323088915, "anchor 3 mse": 4.598188917530704}
{"bot_id": "0000000000000b02", "x": 0.5082531080352859, "y": 1.788322705601451, "z": 0.0, "MSE": 1.220041353539843, "anchor 1 mse": 3.456419321197222, "anchor 2 mse": 0.1823707253024775, "anchor 3 mse": 0.021334014119830193}
{"bot_id": "0000000000000b02", "x": 0.9068410326339599, "y": 2.0335318587177844, "z": 0.0, "MSE": 0.028406334947536766, "anchor 1 mse": 0.02451406040540176, "anchor 2 mse": 0.03477352222012346, "anchor 3 mse": 0.025931422217085078}
{"bot_id": "0000000000000b02", "x": 0.9216842240138484, "y": 2.0264115030569716, "z": 0.0, "MSE": 0.01957891353578735, "anchor 1 mse": 0.015919578466996213, "anchor 2 mse": 0.023615470988992505, "anchor 3 mse": 0.019201691151373327}
{"bot_id": "0000000000000b02", "x": 0.8934667630222204, "y": 2.029318272633737, "z": 0.0, "MSE": 0.026892460289870235, "anchor 1 mse": 0.024743021716709473, "anchor 2 mse": 0.032648670115875765, "anchor 3 mse": 0.02328568903702547}
{"bot_id": "0000000000000b02", "x": 0.9002067293731619, "y": 2.0310882230501885, "z": 0.0, "MSE": 0.02929652411196058, "anchor 1 mse": 0.026128016059603913, "anchor 2 mse": 0.03568766238611221, "anchor 3 mse": 0.026073893890165626}
{"bot_id": "0000000000000b02", "x": 0.9002201775133684, "y": 2.0435361618352488, "z": 0.0, "MSE": 0.034148924209623885, "anchor 1 mse": 0.029940421695811726, "anchor 2 mse": 0.04262732010081565, "anchor 3 mse": 0.029879030832244278}
{"bot_id": "0000000000000b02", "x": 0.9198259383066003, "y": 2.0508838243391136, "z": 0.0, "MSE": 0.03135198682355392, "anchor 1 mse": 0.02487272290858317, "anchor 2 mse": 0.03967572572309808, "anchor 3 mse": 0.029507511838980496}
{"bot_id": "0000000000000b02", "x": 0.9128260112505825, "y": 2.0476238090531105, "z": 0.0, "MSE": 0.03587356214122359, "anchor 1 mse": 0.029541864672380878, "anchor 2 mse": 0.045116340801781146, "anchor 3 mse": 0.03296248094950875}
{"bot_id": "0000000000000b02", "x": 0.9070134814818414, "y": 2.0208061828290522, "z": 0.0, "MSE": 0.023985705936670085, "anchor 1 mse": 0.02103194509650737, "anchor 2 mse": 0.028629542402034112, "anchor 3 mse": 0.022295630311468768}
{"bot_id": "0000000000000b02", "x": 0.900104498508382, "y": 2.0097079281567263, "z": 0.0, "MSE": 0.022012428118408645, "anchor 1 mse": 0.020183999728743168, "anchor 2 mse": 0.025693548923119734, "anchor 3 mse": 0.02015973570336303}
{"bot_id": "0000000000000b02", "x": 0.8929410408355095, "y": 2.007782851354218, "z": 0.0, "MSE": 0.019927743672710666, "anchor 1 mse": 0.018876816700431794, "anchor 2 mse": 0.023172776829698344, "anchor 3 mse": 0.017733637488001858}
{"bot_id": "0000000000000b02", "x": 0.9215539387914881, "y": 2.017104441690886, "z": 0.0, "MSE": 0.019773727122897548, "anchor 1 mse": 0.016294549455288618, "anchor 2 mse": 0.023402582482656892, "anchor 3 mse": 0.01962404943074714}
{"bot_id": "0000000000000b02", "x": 0.9140778319679327, "y": 2.0324839235249264, "z": 0.0, "MSE": 0.022978334675015727, "anchor 1 mse": 0.019201951902092958, "anchor 2 mse": 0.028073633121733697, "anchor 3 mse": 0.021659419001220523}
{"bot_id": "0000000000000b02", "x": 0.9002161954722223, "y": 2.0352687067787882, "z": 0.0, "MSE": 0.03087392363355664, "anchor 1 mse": 0.027379665593704756, "anchor 2 mse": 0.0379202798517284, "anchor 3 mse": 0.027321825455236766}
{"bot_id": "0000000000000b02", "x": 0.9134546320628587, "y": 2.0401643330515995, "z": 0.0, "MSE": 0.029074410648837562, "anchor 1 mse": 0.02412530078266958, "anchor 2 mse": 0.03605003342239951, "anchor 3 mse": 0.027047897741443595}
{"bot_id": "0000000000000b02", "x": 0.8931627551409059, "y": 2.0164945435534176, "z": 0.0, "MSE": 0.02259249193210075, "anchor 1 mse": 0.021154399925364307, "anchor 2 mse": 0.026736780366236865, "anchor 3 mse": 0.019886295504701085}
{"bot_id": "0000000000000b02", "x": 0.9001750170147661, "y": 2.022632496549654, "z": 0.0, "MSE": 0.026262146134951887, "anchor 1 mse": 0.02368549274441509, "anchor 2 mse": 0.03145923323635443, "anchor 3 mse": 0.023641712424086136}
{"bot_id": "0000000000000b02", "x": 0.9067797759894662, "y": 2.0377101508471687, "z": 0.0, "MSE": 0.029960278373210757, "anchor 1 mse": 0.025715796325885762, "anchor 2 mse": 0.036978585914537725, "anchor 3 mse": 0.027186452879208785}
{"bot_id": "0000000000000b02", "x": 0.9136422026924639, "y": 2.0226405557619085, "z": 0.0, "MSE": 0.026287083626952718, "anchor 1 mse": 0.022325781381898054, "anchor 2 mse": 0.031468258293467215, "anchor 3 mse": 0.02506721120549289}
{"bot_id": "0000000000000b02", "x": 0.928158363075421, "y": 2.0189800687550554, "z": 0.0, "MSE": 0.02189330736664388, "anchor 1 mse": 0.017452196759393673, "anchor 2 mse": 0.025973345610677327, "anchor 3 mse": 0.02225437972986063}
{"bot_id": "0000000000000b02", "x": 0.928158363075421, "y": 2.0189800687550554, "z": 0.0, "MSE": 0.02189330736664388, "anchor 1 mse": 0.017452196759393673, "anchor 2 mse": 0.025973345610677327, "anchor 3 mse": 0.02225437972986063}
{"bot_id": "0000000000000b02", "x": 0.9001910937207717, "y": 2.035981543877111, "z": 0.0, "MSE": 0.02751837160701602, "anchor 1 mse": 0.024370270397025953, "anchor 2 mse": 0.033862794625010184, "anchor 3 mse": 0.024322049799011928}
