{"bot_id": "0000000000000b01", "x": 1.3446919990728063, "y": 2.09544351912009, "z": 0.0, "MSE": 6.103215254677468, "anchor 1 mse": 6.199080114192808, "anchor 2 mse": 7.5123767323088915, "anchor 3 mse": 4.598188917530704}
{"bot_id": "0000000000000b02", "x": 0.5082531080352859, "y": 1.788322705601451, "z": 0.0, "MSE": 1.220041353539843, "anchor 1 mse": 3.456419321197222, "anchor 2 mse": 0.1823707253024775, "anchor 3 mse": 0.021334014119830193}
{"bot_id": "0000000000000b02", "x": 0.9068410326339599, "y": 2.0335318587177844, "z": 0.0, "MSE": 0.028406334947536766, "anchor 1 mse": 0.02451406040540176, "anchor 2 mse": 0.03477352222012346, "anchor 3 mse": 0.025931422217085078}
{"bot_id": "0000000000000b02", "x": 0.9216842240138484, "y": 2.0264115030569716, "z": 0.0, "MSE": 0.01957891353578735, "anchor 1 mse": 0.015919578466996213, "anchor 2 mse": 0.023615470988992505, "anchor 3 mse": 0.019201691151373327}
{"bot_id": "0000000000000b02", "x": 0.8934667630222204, "y": 2.029318272633737, "z": 0.0, "MSE": 0.026892460289870235, "anchor 1 mse": 0.024743021716709473, "anchor 2 mse": 0.032648670115875765, "anchor 3 mse": 0.02328568903702547}
{"bot_id": "0000000000000b02", "x": 0.9002067293731619, "y": 2.0310882230501885, "z": 0.0, "MSE": 0.02929652411196058, "anchor 1 mse": 0.026128016059603913, "anchor 2 mse": 0.03568766238611221, "anchor 3 mse": 0.026073893890165626}
{"bot_id": "0000000000000b02", "x": 0.9002201775133684, "y": 2.0435361618352488, "z": 0.0, "MSE": 0.034148924209623885, "anchor 1 mse": 0.029940421695811726, "anchor 2 mse": 0.04262732010081565, "anchor 3 mse": 0.029879030832244278}
{"bot_id": "0000000000000b02", "x": 0.9198259383066003, "y": 2.0508838243391136, "z": 0.0, "MSE": 0.03135198682355392, "anchor 1 mse": 0.02487272290858317, "anchor 2 mse": 0.03967572572309808, "anchor 3 mse": 0.029507511838980496}
{"bot_id": "0000000000000b02", "x": 0.9128260112505825, "y": 2.0476238090531105, "z": 0.0, "MSE": 0.03587356214122359, "anchor 1 mse": 0.029541864672380878, "anchor 2 mse": 0.045116340801781146, "anchor 3 mse": 0.03296248094950875}
