{"bot_id": "0000000000000b01", "x": 0.8994897140849005, "y": 1.598680897843698, "z": 0, "MSE": 5.679636122807932, "anchor 1 mse": 3.364862358874868, "anchor 2 mse": 10.248444254222548, "anchor 3 mse": 3.3666993881692266}
{"bot_id": "0000000000000b02", "x": 0.1628293694864551, "y": 1.1364749316864207, "z": 0, "MSE": 0.8752480379085413, "anchor 1 mse": 1.3180886739190107, "anchor 2 mse": 1.2700287157697359, "anchor 3 mse": 0.004493911456842372}
{"bot_id": "0000000000000b02", "x": 0.9045776472531097, "y": 1.9915425646628593, "z": 0, "MSE": 0.03707996383664397, "anchor 1 mse": 0.01377115578009177, "anchor 2 mse": 0.05219450437209378, "anchor 3 mse": 0.01527209338433936}
