{"bot_id": "0000000000000b01", "x": 0.8894897140849005, "y": 0.46868089784369743, "z": 0.0, "MSE": 5.679636122807932, "anchor 1 mse": 3.364862358874868, "anchor 2 mse": 10.248444254222548, "anchor 3 mse": 3.3666993881692266}
{"bot_id": "0000000000000b02", "x": 0.3328293694864551, "y": 1.6964749316864212, "z": 0.0, "MSE": 0.8752480379085413, "anchor 1 mse": 1.3180886739190107, "anchor 2 mse": 1.2700287157697359, "anchor 3 mse": 0.004493911456842372}
{"bot_id": "0000000000000b02", "x": 0.5045776472531098, "y": 2.1415425646628594, "z": 0.0, "MSE": 0.03707996383664397, "anchor 1 mse": 0.01377115578009177, "anchor 2 mse": 0.05219450437209378, "anchor 3 mse": 0.01527209338433936}
{"bot_id": "0000000000000b02", "x": 0.49073809485285064, "y": 2.139200992326486, "z": 0.0, "MSE": 0.02833392875838495, "anchor 1 mse": 0.008456246638489281, "anchor 2 mse": 0.03643346014112103, "anchor 3 mse": 0.010995912077177943}
{"bot_id": "0000000000000b02", "x": 0.4753426763413493, "y": 2.1387185356878717, "z": 0.0, "MSE": 0.03595043699131773, "anchor 1 mse": 0.014634283439455689, "anchor 2 mse": 0.048967193776405446, "anchor 3 mse": 0.013181943120085261}
{"bot_id": "0000000000000b02", "x": 0.494809815909708, "y": 2.139228511226741, "z": 0.0, "MSE": 0.038378131073569806, "anchor 1 mse": 0.015710113147728307, "anchor 2 mse": 0.05325737943343465, "anchor 3 mse": 0.014731815227726546}
{"bot_id": "0000000000000b02", "x": 0.5167765452168476, "y": 2.1470703114479344, "z": 0.0, "MSE": 0.04411862135577266, "anchor 1 mse": 0.01912792914409881, "anchor 2 mse": 0.059015737365305264, "anchor 3 mse": 0.019864529343876794}
{"bot_id": "0000000000000b02", "x": 0.5512243120191929, "y": 2.151915217763618, "z": 0.0, "MSE": 0.040583361830626496, "anchor 1 mse": 0.015078354787413734, "anchor 2 mse": 0.05672283690759938, "anchor 3 mse": 0.01834971650156555}
{"bot_id": "0000000000000b02", "x": 0.550783117559472, "y": 2.146548649283373, "z": 0.0, "MSE": 0.04502928145534721, "anchor 1 mse": 0.01784352866982649, "anchor 2 mse": 0.06424813732415875, "anchor 3 mse": 0.020953656239529193}
{"bot_id": "0000000000000b02", "x": 0.48289476468728865, "y": 2.132080958498555, "z": 0.0, "MSE": 0.0332976122228297, "anchor 1 mse": 0.012590122214233918, "anchor 2 mse": 0.043242597156945055, "anchor 3 mse": 0.012441924252405503}
{"bot_id": "0000000000000b02", "x": 0.46109682089419035, "y": 2.121766725505704, "z": 0.0, "MSE": 0.03127710673076312, "anchor 1 mse": 0.01164485343476827, "anchor 2 mse": 0.0392965154371922, "anchor 3 mse": 0.011449096049258277}
{"bot_id": "0000000000000b02", "x": 0.4442925695706175, "y": 2.1193931555179066, "z": 0.0, "MSE": 0.02895131689612881, "anchor 1 mse": 0.010594699877731947, "anchor 2 mse": 0.03633316270719545, "anchor 3 mse": 0.009540425672600111}
{"bot_id": "0000000000000b02", "x": 0.4873663176689319, "y": 2.1304724036853595, "z": 0.0, "MSE": 0.028993471765496645, "anchor 1 mse": 0.009378430353518022, "anchor 2 mse": 0.03597106802732511, "anchor 3 mse": 0.01085758440448772}
{"bot_id": "0000000000000b02", "x": 0.49578052175174026, "y": 2.143244402780085, "z": 0.0, "MSE": 0.03176167513365344, "anchor 1 mse": 0.010723339441474541, "anchor 2 mse": 0.04276622286186636, "anchor 3 mse": 0.012224802558951869}
{"bot_id": "0000000000000b02", "x": 0.5019895110429495, "y": 2.1420915427520932, "z": 0.0, "MSE": 0.03968695557293366, "anchor 1 mse": 0.016073575642896347, "anchor 2 mse": 0.05660076939700706, "anchor 3 mse": 0.01566086337145083}
{"bot_id": "0000000000000b02", "x": 0.522892220060326, "y": 2.146242955746021, "z": 0.0, "MSE": 0.03918741944570859, "anchor 1 mse": 0.015419181185969038, "anchor 2 mse": 0.05008052767314267, "anchor 3 mse": 0.017854444884548428}
{"bot_id": "0000000000000b02", "x": 0.4562074417058975, "y": 2.1276344494062593, "z": 0.0, "MSE": 0.03176535417618059, "anchor 1 mse": 0.012371399860475226, "anchor 2 mse": 0.04095284737986151, "anchor 3 mse": 0.010892814037395216}
{"bot_id": "0000000000000b02", "x": 0.48088129666791923, "y": 2.1328319893649104, "z": 0.0, "MSE": 0.03542818852234458, "anchor 1 mse": 0.01389832040572411, "anchor 2 mse": 0.047162004715715515, "anchor 3 mse": 0.013727083120338842}
{"bot_id": "0000000000000b02", "x": 0.5120905877684703, "y": 2.144238293590438, "z": 0.0, "MSE": 0.03870485931219435, "anchor 1 mse": 0.015109185455776867, "anchor 2 mse": 0.05559586619443039, "anchor 3 mse": 0.015122267313535465}
{"bot_id": "0000000000000b02", "x": 0.5037051754406889, "y": 2.132653239141934, "z": 0.0, "MSE": 0.03533392678154123, "anchor 1 mse": 0.01278360203989656, "anchor 2 mse": 0.047254105937466956, "anchor 3 mse": 0.014819380656146103}
{"bot_id": "0000000000000b02", "x": 0.5095961075574441, "y": 2.1312008931946647, "z": 0.0, "MSE": 0.030938983162904287, "anchor 1 mse": 0.00969206510113309, "anchor 2 mse": 0.03958288326273344, "anchor 3 mse": 0.012988831957793285}
{"bot_id": "0000000000000b02", "x": 0.5095961075574441, "y": 2.1312008931946647, "z": 0.0, "MSE": 0.030938983162904287, "anchor 1 mse": 0.00969206510113309, "anchor 2 mse": 0.03958288326273344, "anchor 3 mse": 0.012988831957793285}
