{"bot_id": "0000000000000b01", "x": 0.8894897140849005, "y": 0.46868089784369743, "z": 0.0, "MSE": 5.68, "anchor 1 mse": 3.369999999999999, "anchor 2 mse": 10.240000000000002, "anchor 3 mse": 3.369999999999999}
{"bot_id": "0000000000000b02", "x": 0.3328293694864551, "y": 1.6964749316864212, "z": 0.0, "MSE": 0.8764558577161573, "anchor 1 mse": 1.3284999999999982, "anchor 2 mse": 1.2590872404630766, "anchor 3 mse": 0.005027480491707146}
{"bot_id": "0000000000000b02", "x": 0.5045776472531098, "y": 2.1415425646628594, "z": 0.0, "MSE": 0.03824957381130107, "anchor 1 mse": 0.015690246940679983, "anchor 2 mse": 0.049976579936108365, "anchor 3 mse": 0.015554073796705328}
{"bot_id": "0000000000000b02", "x": 0.49073809485285064, "y": 2.139200992326486, "z": 0.0, "MSE": 0.028865966508884205, "anchor 1 mse": 0.009157928747098422, "anchor 2 mse": 0.03555675033710171, "anchor 3 mse": 0.011120835822458593}
{"bot_id": "0000000000000b02", "x": 0.4753426763413493, "y": 2.1387185356878717, "z": 0.0, "MSE": 0.03587639459426209, "anchor 1 mse": 0.014286539084526904, "anchor 2 mse": 0.04875894057788499, "anchor 3 mse": 0.013726944195900556}
{"bot_id": "0000000000000b02", "x": 0.494809815909708, "y": 2.139228511226741, "z": 0.0, "MSE": 0.037959164065586304, "anchor 1 mse": 0.014634283439455689, "anchor 2 mse": 0.05349290021838297, "anchor 3 mse": 0.015578195991185014}
{"bot_id": "0000000000000b02", "x": 0.5167765452168476, "y": 2.1470703114479344, "z": 0.0, "MSE": 0.04298507535941237, "anchor 1 mse": 0.018075861466783243, "anchor 2 mse": 0.06288841096569664, "anchor 3 mse": 0.017029645659482614}
{"bot_id": "0000000000000b02", "x": 0.5512243120191929, "y": 2.151915217763618, "z": 0.0, "MSE": 0.04172814794686001, "anchor 1 mse": 0.01684659959215499, "anchor 2 mse": 0.05431626612857384, "anchor 3 mse": 0.019036958925136623}
{"bot_id": "0000000000000b02", "x": 0.550783117559472, "y": 2.146548649283373, "z": 0.0, "MSE": 0.04422523855206536, "anchor 1 mse": 0.01678167608777734, "anchor 2 mse": 0.06661937567972183, "anchor 3 mse": 0.01969515202767807}
{"bot_id": "0000000000000b02", "x": 0.48289476468728865, "y": 2.132080958498555, "z": 0.0, "MSE": 0.03403267766667998, "anchor 1 mse": 0.013313372195024039, "anchor 2 mse": 0.041400860836476636, "anchor 3 mse": 0.013568500726826015}
{"bot_id": "0000000000000b02", "x": 0.46109682089419035, "y": 2.121766725505704, "z": 0.0, "MSE": 0.03139450026995765, "anchor 1 mse": 0.01186900548793018, "anchor 2 mse": 0.03917253346269876, "anchor 3 mse": 0.011351043958206224}
{"bot_id": "0000000000000b02", "x": 0.4442925695706175, "y": 2.1193931555179066, "z": 0.0, "MSE": 0.02926295105088313, "anchor 1 mse": 0.010769025855743021, "anchor 2 mse": 0.035437041404448484, "anchor 3 mse": 0.010234895475085704}
{"bot_id": "0000000000000b02", "x": 0.4873663176689319, "y": 2.1304724036853595, "z": 0.0, "MSE": 0.028702379435767974, "anchor 1 mse": 0.008942096787838522, "anchor 2 mse": 0.036370858237097736, "anchor 3 mse": 0.010910621211151708}
{"bot_id": "0000000000000b02", "x": 0.49578052175174026, "y": 2.143244402780085, "z": 0.0, "MSE": 0.03310850853436712, "anchor 1 mse": 0.012273124055878597, "anchor 2 mse": 0.0398327592000324, "anchor 3 mse": 0.013580232951010704}
{"bot_id": "0000000000000b02", "x": 0.5019895110429495, "y": 2.1420915427520932, "z": 0.0, "MSE": 0.03967433064952915, "anchor 1 mse": 0.015694924412493923, "anchor 2 mse": 0.05605471462784388, "anchor 3 mse": 0.016577124360815695}
{"bot_id": "0000000000000b02", "x": 0.522892220060326, "y": 2.146242955746021, "z": 0.0, "MSE": 0.038391354237867416, "anchor 1 mse": 0.014405204834319008, "anchor 2 mse": 0.051953974762988714, "anchor 3 mse": 0.016949491854405647}
{"bot_id": "0000000000000b02", "x": 0.4562074417058975, "y": 2.1276344494062593, "z": 0.0, "MSE": 0.03140914699026367, "anchor 1 mse": 0.011792296290318548, "anchor 2 mse": 0.04152057862504087, "anchor 3 mse": 0.010916910018646218}
{"bot_id": "0000000000000b02", "x": 0.48088129666791923, "y": 2.1328319893649104, "z": 0.0, "MSE": 0.036144928855872054, "anchor 1 mse": 0.014481493030564074, "anchor 2 mse": 0.04510021320257043, "anchor 3 mse": 0.015244300987652544}
{"bot_id": "0000000000000b02", "x": 0.5120905877684703, "y": 2.144238293590438, "z": 0.0, "MSE": 0.040210008210325485, "anchor 1 mse": 0.016961549383773027, "anchor 2 mse": 0.05161492136715443, "anchor 3 mse": 0.017244025753021232}
{"bot_id": "0000000000000b02", "x": 0.5037051754406889, "y": 2.132653239141934, "z": 0.0, "MSE": 0.035563912687549985, "anchor 1 mse": 0.012957132186673133, "anchor 2 mse": 0.04656431600052124, "anchor 3 mse": 0.015336595377394882}
{"bot_id": "0000000000000b02", "x": 0.5095961075574441, "y": 2.1312008931946647, "z": 0.0, "MSE": 0.03133430108440347, "anchor 1 mse": 0.01030442560095413, "anchor 2 mse": 0.039025357962351424, "anchor 3 mse": 0.012916284010265544}
{"bot_id": "0000000000000b02", "x": 0.5095961075574441, "y": 2.1312008931946647, "z": 0.0, "MSE": 0.030938983162904287, "anchor 1 mse": 0.00969206510113309, "anchor 2 mse": 0.03958288326273344, "anchor 3 mse": 0.012988831957793285}
{"bot_id": "0000000000000b02", "x": 0.49105073896691487, "y": 2.1445222363307317, "z": 0.0, "MSE": 0.03746106290407166, "anchor 1 mse": 0.015401000138406874, "anchor 2 mse": 0.047873061891605055, "anchor 3 mse": 0.01548334427481577}
{"bot_id": "0000000000000b02", "x": 0.5222986865536035, "y": 2.1512235603229195, "z": 0.0, "MSE": 0.033816897474249645, "anchor 1 mse": 0.011236377667463803, "anchor 2 mse": 0.04646482954281337, "anchor 3 mse": 0.014103441775042361}
{"bot_id": "0000000000000b02", "x": 0.45357112075656536, "y": 2.120710995309952, "z": 0.0, "MSE": 0.02456602614956177, "anchor 1 mse": 0.007450684279587599, "anchor 2 mse": 0.028515160725489368, "anchor 3 mse": 0.007708070187553123}
{"bot_id": "0000000000000b02", "x": 0.5134174246658078, "y": 2.1396396676312217, "z": 0.0, "MSE": 0.030756213562351562, "anchor 1 mse": 0.009750832329331244, "anchor 2 mse": 0.039796094793136054, "anchor 3 mse": 0.012340859235887139}
{"bot_id": "0000000000000b02", "x": 0.46822985988135846, "y": 2.138731838102641, "z": 0.0, "MSE": 0.028652484035185544, "anchor 1 mse": 0.009858807719530934, "anchor 2 mse": 0.03624925128090044, "anchor 3 mse": 0.009649526909663057}
{"bot_id": "0000000000000b02", "x": 0.43042858657192234, "y": 2.1023963719765217, "z": 0.0, "MSE": 0.029537290141986666, "anchor 1 mse": 0.011364878029868292, "anchor 2 mse": 0.03288838954614083, "anchor 3 mse": 0.010979727226025074}
{"bot_id": "0000000000000b02", "x": 0.45115488033968754, "y": 2.109677812970114, "z": 0.0, "MSE": 0.03289721918626603, "anchor 1 mse": 0.013216334374878062, "anchor 2 mse": 0.03905357367816407, "anchor 3 mse": 0.012755977945488219}
{"bot_id": "0000000000000b02", "x": 0.46253947331049916, "y": 2.120849189681508, "z": 0.0, "MSE": 0.029026985977134167, "anchor 1 mse": 0.010043081165131963, "anchor 2 mse": 0.03623090258868904, "anchor 3 mse": 0.010189567931719695}
{"bot_id": "0000000000000b02", "x": 0.49630361085519725, "y": 2.12948707039576, "z": 0.0, "MSE": 0.03420066848925296, "anchor 1 mse": 0.012307303060070312, "anchor 2 mse": 0.043755727582215485, "anchor 3 mse": 0.014535768112258436}
{"bot_id": "0000000000000b02", "x": 0.5374470415405239, "y": 2.130353186535873, "z": 0.0, "MSE": 0.03079099196542232, "anchor 1 mse": 0.008845581821136924, "anchor 2 mse": 0.04035798982844459, "anchor 3 mse": 0.01339315126019614}
{"bot_id": "0000000000000b02", "x": 0.4730076835412921, "y": 2.1468120152579426, "z": 0.0, "MSE": 0.026590306332586928, "anchor 1 mse": 0.008228198614544753, "anchor 2 mse": 0.03229251294478428, "anchor 3 mse": 0.009291533071779613}
{"bot_id": "0000000000000b02", "x": 0.4883350566684634, "y": 2.1399609677129106, "z": 0.0, "MSE": 0.03162678840786405, "anchor 1 mse": 0.011160110065360647, "anchor 2 mse": 0.03733325908245119, "anchor 3 mse": 0.013213875571670013}
{"bot_id": "0000000000000b02", "x": 0.5160052599570829, "y": 2.1521429061023487, "z": 0.0, "MSE": 0.03933995608346443,