{"bot_id": "0000000000000b01", "x": 1.1199999999999999, "y": 1.2, "z": 0}
{"bot_id": "0000000000000b02", "x": 1.5200000000000002, "y": 1.4200000000000002, "z": 0}
{"bot_id": "0000000000000b02", "x": 1.5300000000000002, "y": 1.4300000000000002, "z": 0}
{"bot_id": "0000000000000b02", "x": 1.5100000000000002, "y": 1.4200000000000002, "z": 0}
{"bot_id": "0000000000000b02", "x": 1.5100000000000002, "y": 1.4200000000000002, "z": 0}
{"bot_id": "0000000000000b02", "x": 1.5200000000000002, "y": 1.4400000000000002, "z": 0}
{"bot_id": "0000000000000b02", "x": 1.5200000000000002, "y": 1.4300000000000002, "z": 0}
{"bot_id": "0000000000000b02", "x": 1.5200000000000002, "y": 1.4100000000000001, "z": 0}
{"bot_id": "0000000000000b02", "x": 1.5200000000000002, "y": 1.4100000000000001, "z": 0}
