{"bot_id": "0000000000000b01", "x": 0.9, "y": 1.5999999999999996, "z": 0, "MSE": 5.68, "anchor 1 mse": 3.369999999999999, "anchor 2 mse": 10.240000000000002, "anchor 3 mse": 3.369999999999999}
{"bot_id": "0000000000000b02", "x": 0.17000000000000015, "y": 1.1399999999999992, "z": 0, "MSE": 0.8764558577161573, "anchor 1 mse": 1.3284999999999982, "anchor 2 mse": 1.2590872404630766, "anchor 3 mse": 0.005027480491707146}
{"bot_id": "0000000000000b02", "x": 0.91, "y": 1.99, "z": 0, "MSE": 0.037000047513867214, "anchor 1 mse": 0.013970200731198283, "anchor 2 mse": 0.05290818534407585, "anchor 3 mse": 0.014388992814102358}
{"bot_id": "0000000000000b02", "x": 0.93, "y": 1.99, "z": 0, "MSE": 0.028777773192108693, "anchor 1 mse": 0.009329292674705503, "anchor 2 mse": 0.036160878002693575, "anchor 3 mse": 0.010376591811596756}
{"bot_id": "0000000000000b02", "x": 0.89, "y": 1.99, "z": 0, "MSE": 0.035993112019114856, "anchor 1 mse": 0.014388992814102358, "anchor 2 mse": 0.04840782947331656, "anchor 3 mse": 0.013970200731198283}
{"bot_id": "0000000000000b02", "x": 0.9, "y": 1.99, "z": 0, "MSE": 0.038343182814869245, "anchor 1 mse": 0.015389856423040622, "anchor 2 mse": 0.05289999999999979, "anchor 3 mse": 0.015389856423040622}
{"bot_id": "0000000000000b02", "x": 0.9, "y": 2.0, "z": 0, "MSE": 0.04294491658061216, "anchor 1 mse": 0.017734573821940804, "anchor 2 mse": 0.0625, "anchor 3 mse": 0.017734573821940804}
{"bot_id": "0000000000000b02", "x": 0.92, "y": 2.01, "z": 0, "MSE": 0.04020156780674596, "anchor 1 mse": 0.014530595498754613, "anchor 2 mse": 0.05763441329867306, "anchor 3 mse": 0.018008805769711624}
