{"bot_id": "0000000000000b01", "x": 1.1199999999999999, "y": 2.0000000000000004, "z": 0}
{"bot_id": "0000000000000b02", "x": 1.4900000000000002, "y": 2.0000000000000004, "z": 0}
{"bot_id": "0000000000000b02", "x": 1.5000000000000002, "y": 2.760000000000001, "z": 0}
{"bot_id": "0000000000000b02", "x": 1.4900000000000002, "y": 2.740000000000001, "z": 0}
{"bot_id": "0000000000000b02", "x": 1.4900000000000002, "y": 2.740000000000001, "z": 0}
{"bot_id": "0000000000000b02", "x": 1.4900000000000002, "y": 2.760000000000001, "z": 0}
{"bot_id": "0000000000000b02", "x": 1.4900000000000002, "y": 2.7500000000000013, "z": 0}
{"bot_id": "0000000000000b02", "x": 1.5000000000000002, "y": 2.7400000000000015, "z": 0}
{"bot_id": "0000000000000b02", "x": 1.5000000000000002, "y": 2.7300000000000018, "z": 0}
