{"bot_id": "0000000000000b01", "x": 1.0102736275327866, "y": 2.4000000000000004, "z": 0.0}
{"bot_id": "0000000000000b02", "x": 1.4401170989465921, "y": 2.0025496461095758, "z": 0.0}
{"bot_id": "0000000000000b02", "x": 1.4411663681004243, "y": 2.0085609497186874, "z": 0.0}
{"bot_id": "0000000000000b02", "x": 1.427210748226176, "y": 2.001845677368197, "z": 0.0}
{"bot_id": "0000000000000b02", "x": 1.4264572063992067, "y": 2.006720967376529, "z": 0.0}
{"bot_id": "0000000000000b02", "x": 1.4274874498996688, "y": 2.0147425899361706, "z": 0.0}
{"bot_id": "0000000000000b02", "x": 1.4238572842026667, "y": 2.018389779925993, "z": 0.0}
{"bot_id": "0000000000000b02", "x": 1.4372197824335209, "y": 2.0013411209238976, "z": 0.0}
{"bot_id": "0000000000000b02", "x": 1.4394567924987514, "y": 1.9929874986574199, "z": 0.0}
{"bot_id": "0000000000000b02", "x": 1.4473510693145268, "y": 2.0014452170652755, "z": 0.0}
{"bot_id": "0000000000000b02", "x": 1.4423561813697385, "y": 2.006775644254111, "z": 0.0}
