{"bot_id": "0000000000000b01", "x": 0.8999999999999999, "y": 1.6000000000000003, "z": 0}
{"bot_id": "0000000000000b02", "x": 0.16999999999999998, "y": 1.14, "z": 0}
{"bot_id": "0000000000000b02", "x": 0.9099999999999999, "y": 1.9900000000000007, "z": 0}
{"bot_id": "0000000000000b02", "x": 0.9299999999999999, "y": 1.9900000000000007, "z": 0}
{"bot_id": "0000000000000b02", "x": 0.8899999999999999, "y": 1.9900000000000007, "z": 0}
{"bot_id": "0000000000000b02", "x": 0.8999999999999999, "y": 1.9900000000000007, "z": 0}
{"bot_id": "0000000000000b02", "x": 0.8999999999999999, "y": 2.0000000000000004, "z": 0}
{"bot_id": "0000000000000b02", "x": 0.9199999999999999, "y": 2.0100000000000002, "z": 0}
{"bot_id": "0000000000000b02", "x": 0.9199999999999999, "y": 2.0100000000000002, "z": 0}
{"bot_id": "0000000000000b02", "x": 0.9099999999999999, "y": 1.9800000000000002, "z": 0}
{"bot_id": "0000000000000b02", "x": 0.8999999999999999, "y": 1.9700000000000002, "z": 0}
{"bot_id": "0000000000000b02", "x": 0.8899999999999999, "y": 1.9700000000000002, "z": 0}
{"bot_id": "0000000000000b02", "x": 0.9299999999999999, "y": 1.9800000000000002, "z": 0}
{"bot_id": "0000000000000b02", "x": 0.9199999999999999, "y": 2.0, "z": 0}
{"bot_id": "0000000000000b02", "x": 0.8999999999999999, "y": 2.0, "z": 0}
{"bot_id": "0000000000000b02", "x": 0.9199999999999999, "y": 2.0, "z": 0}
{"bot_id": "0000000000000b02", "x": 0.8899999999999999, "y": 1.98, "z": 0}
{"bot_id": "0000000000000b02", "x": 0.8999999999999999, "y": 1.98, "z": 0}
{"bot_id": "0000000000000b02", "x": 0.9099999999999999, "y": 2.0, "z": 0}
{"bot_id": "0000000000000b02", "x": 0.9199999999999999, "y": 1.98, "z": 0}
{"bot_id": "0000000000000b02", "x": 0.9299999999999999, "y": 1.98, "z": 0}
{"bot_id": "0000000000000b02", "x": 0.9299999999999999, "y": 1.98, "z": 0}
{"bot_id": "0000000000000b02", "x": 0.8999999999999999, "y": 2.0, "z": 0}
{"bot_id": "0000000000000b02", "x": 0.9199999999999999, "y": 2.01, "z": 0}
{"bot_id": "0000000000000b02", "x": 0.9199999999999999, "y": 1.9799999999999998, "z": 0}
{"bot_id": "0000000000000b02", "x": 0.9299999999999999, "y": 1.9899999999999998, "z": 0}
{"bot_id": "0000000000000b02", "x": 0.9099999999999999, "y": 1.9899999999999998, "z": 0}
{"bot_id": "0000000000000b02", "x": 0.8799999999999999, "y": 1.9499999999999997, "z": 0}
{"bot_id": "0000000000000b02", "x": 0.8899999999999999, "y": 1.9599999999999997, "z": 0}
{"bot_id": "0000000000000b02", "x": 0.9099999999999999, "y": 1.9699999999999998, "z": 0}
{"bot_id": "0000000000000b02", "x": 0.9199999999999999, "y": 1.9799999999999998, "z": 0}
{"bot_id": "0000000000000b02", "x": 0.95, "y": 1.9799999999999998, "z": 0}
{"bot_id": "0000000000000b02", "x": 0.9199999999999999, "y": 1.9999999999999998, "z": 0}
{"bot_id": "0000000000000b02", "x": 0.9199999999999999, "y": 1.9899999999999998, "z": 0}
{"bot_id": "0000000000000b02", "x": 0.9099999999999999, "y": 2.01, "z": 0}
{"bot_id": "0000000000000b02", "x": 0.9099999999999999, "y": 2.0199999999999996, "z": 0}
{"bot_id": "0000000000000b02", "x": 0.9199999999999999, "y": 2.01, "z": 0}
{"bot_id": "0000000000000b02", "x": 0.9199999999999999, "y": 1.9899999999999998, "z": 0}
{"bot_id": "0000000000000b02", "x": 0.9299999999999999, "y": 1.9999999999999998, "z": 0}
{"bot_id": "0000000000000b02", "x": 0.8899999999999999, "y": 1.9799999999999998, "z": 0}
{"bot_id": "0000000000000b02", "x": 0.9199999999999999, "y": 1.9799999999999998, "z": 0}
{"bot_id": "0000000000000b02", "x": 0.9099999999999999, "y": 2.01, "z": 0}
{"bot_id": "0000000000000b02", "x": 0.9199999999999999, "y": 2.0199999999999996, "z": 0}
{"bot_id": "0000000000000b02", "x": 0.9199999999999999, "y": 2.01, "z": 0}
{"bot_id": "0000000000000b02", "x": 0.9299999999999999, "y": 1.9899999999999998, "z": 0}
