{"bot_id": "0000000000000b01", "x": 0.9, "y": 1.5999999999999992, "z": 0, "MSE": 5.68, "anchor 1 mse": 3.3699999999999974, "anchor 2 mse": 10.240000000000004, "anchor 3 mse": 3.3699999999999974}
{"bot_id": "0000000000000b02", "x": 0.17000000000000012, "y": 1.1399999999999988, "z": 0, "MSE": 0.8764558577161573, "anchor 1 mse": 1.3284999999999973, "anchor 2 mse": 1.2590872404630775, "anchor 3 mse": 0.00502748049170721}
{"bot_id": "0000000000000b02", "x": 0.91, "y": 1.9899999999999995, "z": 0, "MSE": 0.037000047513867124, "anchor 1 mse": 0.013970200731198179, "anchor 2 mse": 0.05290818534407626, "anchor 3 mse": 0.014388992814102252}
{"bot_id": "0000000000000b02", "x": 0.93, "y": 1.9899999999999995, "z": 0, "MSE": 0.02877777319210861, "anchor 1 mse": 0.009329292674705416, "anchor 2 mse": 0.036160878002693915, "anchor 3 mse": 0.010376591811596666}
{"bot_id": "0000000000000b02", "x": 0.89, "y": 1.9899999999999995, "z": 0, "MSE": 0.035993112019114766, "anchor 1 mse": 0.014388992814102252, "anchor 2 mse": 0.04840782947331695, "anchor 3 mse": 0.013970200731198179}
{"bot_id": "0000000000000b02", "x": 0.9, "y": 1.9899999999999995, "z": 0, "MSE": 0.03834318281486912, "anchor 1 mse": 0.015389856423040513, "anchor 2 mse": 0.0529000000000002, "anchor 3 mse": 0.015389856423040513}
{"bot_id": "0000000000000b02", "x": 0.9, "y": 1.9999999999999996, "z": 0, "MSE": 0.042944916580612065, "anchor 1 mse": 0.017734573821940686, "anchor 2 mse": 0.06250000000000022, "anchor 3 mse": 0.017734573821940686}
