{"bot_id": "0000000000000b01", "x": 0.9024635345757216, "y": 1.25, "z": 0.0, "MSE": 25.0, "anchor 1 mse": 2.3769404312389044, "anchor 2 mse": 2.3769404312389044, "anchor 3 mse": 4.114622758360298, "anchor 4 mse": 4.114622758360298}
{"bot_id": "0000000000000b01", "x": 0.9024635345757216, "y": 1.25, "z": 0.0, "MSE": 25.0, "anchor 1 mse": 2.3769404312389044, "anchor 2 mse": 2.3769404312389044, "anchor 3 mse": 4.114622758360298, "anchor 4 mse": 4.114622758360298}
{"bot_id": "0000000000000b01", "x": 1.3131167458364394, "y": 1.9714195882132597, "z": 0.0, "MSE": 24.573907758210392, "anchor 1 mse": 0.017237966633209176, "anchor 2 mse": 2.0036728399207204, "anchor 3 mse": 1.6880891107385227, "anchor 4 mse": 5.295187051804822}
{"bot_id": "0000000000000b01", "x": 1.3131167458364394, "y": 1.9714195882132597, "z": 0.0, "MSE": 24.573907758210392, "anchor 1 mse": 0.017237966633209176, "anchor 2 mse": 2.0036728399207204, "anchor 3 mse": 1.6880891107385227, "anchor 4 mse": 5.295187051804822}
{"bot_id": "0000000000000b01", "x": 1.3131167458364394, "y": 1.9714195882132597, "z": 0.0, "MSE": 24.573907758210392, "anchor 1 mse": 0.017237966633209176, "anchor 2 mse": 2.0036728399207204, "anchor 3 mse": 1.6880891107385227, "anchor 4 mse": 5.295187051804822}
{"bot_id": "0000000000000b01", "x": 1.3081653648938085, "y": 1.9625020586413227, "z": 0.0, "MSE": 24.275018946111867, "anchor 1 mse": 0.012423330632193943, "anchor 2 mse": 2.0002006588725676, "anchor 3 mse": 1.709373834403525, "anchor 4 mse": 5.2718841276101385}
{"bot_id": "0000000000000b01", "x": 1.3081653648938085, "y": 1.9625020586413227, "z": 0.0, "MSE": 24.275018946111867, "anchor 1 mse": 0.012423330632193943, "anchor 2 mse": 2.0002006588725676, "anchor 3 mse": 1.709373834403525, "anchor 4 mse": 5.2718841276101385}
{"bot_id": "0000000000000b01", "x": 1.3081653648938085, "y": 1.9625020586413227, "z": 0.0, "MSE": 24.275018946111867, "anchor 1 mse": 0.012423330632193943, "anchor 2 mse": 2.0002006588725676, "anchor 3 mse": 1.709373834403525, "anchor 4 mse": 5.2718841276101385}
{"bot_id": "0000000000000b01", "x": 1.299778790951371, "y": 1.9470699883326978, "z": 0.0, "MSE": 23.800434805947663, "anchor 1 mse": 0.006233394474940236, "anchor 2 mse": 1.9951565032094105, "anchor 3 mse": 1.7462625484525558, "anchor 4 mse": 5.231612490116046}
{"bot_id": "0000000000000b01", "x": 1.299778790951371, "y": 1.9470699883326978, "z": 0.0, "MSE": 23.800434805947663, "anchor 1 mse": 0.006233394474940236, "anchor 2 mse": 1.9951565032094105, "anchor 3 mse": 1.7462625484525558, "anchor 4 mse": 5.231612490116046}
{"bot_id": "0000000000000b01", "x": 1.299778790951371, "y": 1.9470699883326978, "z": 0.0, "MSE": 23.800434805947663, "anchor 1 mse": 0.006233394474940236, "anchor 2 mse": 1.9951565032094105, "anchor 3 mse": 1.7462625484525558, "anchor 4 mse": 5.231612490116046}
