{"bot_id": "0000000000000b01", "x": 1.8793623333584277, "y": 0.8606335216467708, "z": 0.0, "MSE": 2.528040814593144, "anchor 1 mse": 4.272692838628556, "anchor 2 mse": 0.08536761471957624, "anchor 3 mse": 4.2727155532000705, "anchor 4 mse": 1.4813872518243734}
{"bot_id": "0000000000000b01", "x": 2.8996975519561907, "y": 1.6611483246580325, "z": 0.0, "MSE": 0.8312546771645705, "anchor 1 mse": 0.039281317848183166, "anchor 2 mse": 0.03759405267453463, "anchor 3 mse": 0.4632262735205761, "anchor 4 mse": 2.784917064614988}
{"bot_id": "0000000000000b01", "x": 2.710974547387236, "y": 2.575763409043549, "z": 0.0, "MSE": 0.04673166612139952, "anchor 1 mse": 0.019463230211425223, "anchor 2 mse": 0.03387628291578218, "anchor 3 mse": 0.09194133881209993, "anchor 4 mse": 0.041645812546290746}
{"bot_id": "0000000000000b01", "x": 2.6066090391411283, "y": 2.6633242047302583, "z": 0.0, "MSE": 0.04977825068937064, "anchor 1 mse": 0.016032960029344026, "anchor 2 mse": 0.033219968958715686, "anchor 3 mse": 0.1198141900005575, "anchor 4 mse": 0.030045883768865352}
{"bot_id": "0000000000000b01", "x": 2.678870574609274, "y": 2.679226397827281, "z": 0.0, "MSE": 0.038922535192594955, "anchor 1 mse": 0.006201044622360369, "anchor 2 mse": 0.012197026876424176, "anchor 3 mse": 0.12517527168475936, "anchor 4 mse": 0.012116797586835896}
{"bot_id": "0000000000000b01", "x": 2.7130653785172933, "y": 2.580804322156804, "z": 0.0, "MSE": 0.043203753234585585, "anchor 1 mse": 0.013110080211280106, "anchor 2 mse": 0.023185555694617336, "anchor 3 mse": 0.10793974012638062, "anchor 4 mse": 0.028579636906064267}
{"bot_id": "0000000000000b01", "x": 2.728084840420399, "y": 2.616664239037178, "z": 0.0, "MSE": 0.042425445934612484, "anchor 1 mse": 0.014431084046411776, "anchor 2 mse": 0.025321911155812313, "anchor 3 mse": 0.0999129063136701, "anchor 4 mse": 0.030035882222555748}
{"bot_id": "0000000000000b01", "x": 2.710686113257623, "y": 2.594083882937742, "z": 0.0, "MSE": 0.06601951004518643, "anchor 1 mse": 0.02956504238912475, "anchor 2 mse": 0.05080038095203572, "anchor 3 mse": 0.12331931118709143, "anchor 4 mse": 0.060393305652493824}
{"bot_id": "0000000000000b01", "x": 2.7956354117237368, "y": 2.479114087355306, "z": 0.0, "MSE": 0.025822969605288727, "anchor 1 mse": 0.011346576053784845, "anchor 2 mse": 0.01748164401562936, "anchor 3 mse": 0.04547460641825693, "anchor 4 mse": 0.028989051933483764}
{"bot_id": "0000000000000b01", "x": 2.683063442729795, "y": 2.512055598757988, "z": 0.0, "MSE": 0.046600090857830775, "anchor 1 mse": 0.027388112069119612, "anchor 2 mse": 0.04720679876395534, "anchor 3 mse": 0.05064853785399758, "anchor 4 mse": 0.06115691474425057}
{"bot_id": "0000000000000b01", "x": 2.692889265754512, "y": 2.5571794133168986, "z": 0.0, "MSE": 0.06578582559293092, "anchor 1 mse": 0.020620735316534126, "anchor 2 mse": 0.036447396498110865, "anchor 3 mse": 0.16096707523698636, "anchor 4 mse": 0.045108095320092315}
{"bot_id": "0000000000000b01", "x": 2.717598167276838, "y": 2.6495844093518763, "z": 0.0, "MSE": 0.061197565784130825, "anchor 1 mse": 0.018353720679635588, "anchor 2 mse": 0.03272414685092272, "anchor 3 mse": 0.1574903543220487, "anchor 4 mse": 0.03622204128391633}
