{"bot_id": "0000000000000b01", "x": 1.4976478786081344, "y": 0.9058764901419668, "z": 0.0, "MSE": 36.4766541891774, "anchor 1 mse": 3.0635613836913747, "anchor 2 mse": 0.338838490636028, "anchor 3 mse": 4.90744784294082, "anchor 4 mse": 2.3640510089187976}
{"bot_id": "0000000000000b01", "x": 2.6496975272717176, "y": 1.4125451061655214, "z": 0.0, "MSE": 29.85669629487846, "anchor 1 mse": 0.2886960546339472, "anchor 2 mse": 0.004047289234759003, "anchor 3 mse": 0.8473623017181945, "anchor 4 mse": 2.0034382135330064}
{"bot_id": "0000000000000b01", "x": 2.732673810984667, "y": 2.8984035055449366, "z": 0.0, "MSE": 10.767515745900702, "anchor 1 mse": 0.14707001535809477, "anchor 2 mse": 0.02648397940461845, "anchor 3 mse": 0.09698687985708258, "anchor 4 mse": 0.014021582820396946}
{"bot_id": "0000000000000b01", "x": 2.6756236039225367, "y": 2.9657962180017177, "z": 0.0, "MSE": 10.406456802609197, "anchor 1 mse": 0.15551952002544991, "anchor 2 mse": 0.01099683874649439, "anchor 3 mse": 0.07033418855044357, "anchor 4 mse": 0.01600093991317515}
{"bot_id": "0000000000000b01", "x": 2.7692515436030396, "y": 2.9778681498624966, "z": 0.0, "MSE": 11.448808862814499, "anchor 1 mse": 0.12709493086075044, "anchor 2 mse": 0.00011132882117544518, "anchor 3 mse": 0.04013612068066854, "anchor 4 mse": 0.035348442610469925}
{"bot_id": "0000000000000b01", "x": 2.744961018337304, "y": 2.9167338006301966, "z": 0.0, "MSE": 10.795835571473303, "anchor 1 mse": 0.14082375798526714, "anchor 2 mse": 0.014245706607302299, "anchor 3 mse": 0.0980921000895591, "anchor 4 mse": 0.02780156720651111}
{"bot_id": "0000000000000b01", "x": 2.7938928028968553, "y": 2.9130510646420458, "z": 0.0, "MSE": 11.243015287481308, "anchor 1 mse": 0.141600367017941, "anchor 2 mse": 0.008236110314478583, "anchor 3 mse": 0.06695221537069332, "anchor 4 mse": 0.015264489571299174}
{"bot_id": "0000000000000b01", "x": 2.7164980435658768, "y": 2.8964805616043217, "z": 0.0, "MSE": 10.499054989929459, "anchor 1 mse": 0.15289284190894992, "anchor 2 mse": 0.047960453760689845, "anchor 3 mse": 0.1168028986086555, "anchor 4 mse": 0.0032008332664483093}
{"bot_id": "0000000000000b01", "x": 2.796245741075155, "y": 2.8061999968956446, "z": 0.0, "MSE": 11.096218880379674, "anchor 1 mse": 0.10991454492846842, "anchor 2 mse": 0.020440632354365284, "anchor 3 mse": 0.1545528891084621, "anchor 4 mse": 0.024574831852365975}
{"bot_id": "0000000000000b01", "x": 2.6590187263268015, "y": 2.8211627542240203, "z": 0.0, "MSE": 10.41606269936911, "anchor 1 mse": 0.13451968795196206, "anchor 2 mse": 0.06237150281373696, "anchor 3 mse": 0.1192644029667034, "anchor 4 mse": 0.003884380160891675}
{"bot_id": "0000000000000b01", "x": 2.6427228622865355, "y": 2.9334511386944158, "z": 0.0, "MSE": 9.966285479656722, "anchor 1 mse": 0.1431153760107345, "anchor 2 mse": 0.0576989924657667, "anchor 3 mse": 0.1394782132510786, "anchor 4 mse": 0.0272459970268108}
{"bot_id": "0000000000000b01", "x": 2.7794795247902524, "y": 2.9421715930630454, "z": 0.0, "MSE": 10.894207169848883, "anchor 1 mse": 0.15012024118774558, "anchor 2 mse": 0.01280914101296881, "anchor 3 mse": 0.08066153420111677, "anchor 4 mse": 0.010493228155169067}
{"bot_id": "0000000000000b01", "x": 2.697768265381593, "y": 2.8920478407715127, "z": 0.0, "MSE": 10.431672084607353, "anchor 1 mse": 0.14821227986690147, "anchor 2 mse": 0.05662038240505415, "anchor 3 mse": 0.12404210527115858, "anchor 4 mse": 0.006782539266195635}
{"bot_id": "0000000000000b01", "x": 2.713847393451929, "y": 2.9511287580134944, "z": 0.0, "MSE": 10.643509593398662, "anchor 1 mse": 0.15151974302007468, "anchor 2 mse": 0.011653724998835636, "anchor 3 mse": 0.07687179952325865, "anchor 4 mse": 0.02287494010760798}
{"bot_id": "0000000000000b01", "x": 2.752812832875699, "y": 2.8755549599942203, "z": 0.0, "MSE": 11.042650195268052, "anchor 1 mse": 0.14501114444250124, "anchor 2 mse": 0.017916268441770227, "anchor 3 mse": 0.08056562450853536, "anchor 4 mse": 0.0091362065080457}
{"bot_id": "0000000000000b01", "x": 2.7357907994151995, "y": 2.930985942143218, "z": 0.0, "MSE": 10.691679439981986, "anchor 1 mse": 0.15162668145560046, "anchor 2 mse": 0.018920257003824374, "anchor 3 mse": 0.08938167340082531, "anchor 4 mse": 0.014638329546878975}
{"bot_id": "0000000000000b01", "x": 2.756170148062618, "y": 2.819714697437024, "z": 0.0, "MSE": 11.254637626318956, "anchor 1 mse": 0.13913050032960128, "anchor 2 mse": 0.020356819897599687, "anchor 3 mse": 0.07765238542961751, "anchor 4 mse": 0.0015809420775865358}
{"bot_id": "0000000000000b01", "x": 2.6232511862242816, "y": 2.728471809621614, "z": 0.0, "MSE": 10.597770499901548, "anchor 1 mse": 0.14060322420011742, "anchor 2 mse": 0.013624371458874143, "anchor 3 mse": 0.03337322454854812, "anchor 4 mse": 0.00012030700192535443}
{"bot_id": "0000000000000b01", "x": 2.338812658755221, "y": 2.955744965135095, "z": 0.0, "MSE": 8.864304328942218, "anchor 1 mse": 0.1289869338949806, "anchor 2 mse": 0.019953728732351683, "anchor 3 mse": 0.030443767445505494, "anchor 4 mse": 0.05421798740780543}
{"bot_id": "0000000000000b01", "x": 2.040230983640754, "y": 2.7001155101873864, "z": 0.0, "MSE": 7.340998587754599, "anchor 1 mse": 0.06464442775702262, "anchor 2 mse": 0.20194166765147303, "anchor 3 mse": 0.011901776652636357, "anchor 4 mse": 0.009864262366985553}
{"bot_id": "0000000000000b01", "x": 1.9174911899675515, "y": 2.5829877802013406, "z": 0.0, "MSE": 7.506295542350813, "anchor 1 mse": 0.0660098071610493, "anchor 2 mse": 0.10633543172501358, "anchor 3 mse": 0.024762509770943977, "anchor 4 mse": 0.009843934684202122}
{"bot_id": "0000000000000b01", "x": 1.7192144578700528, "y": 2.644526118483219, "z": 0.0, "MSE": 7.3236773659635475, "anchor 1 mse": 0.04171312068303162, "anchor 2 mse": 0.11433635123759976, "anchor 3 mse": 0.0020467161768286976, "anchor 4 mse": 0.013155985782558955}
{"bot_id": "0000000000000b01", "x": 1.742644868172293, "y": 2.735618264442556, "z": 0.0, "MSE": 7.594279856602437, "anchor 1 mse": 0.045590555712008395, "anchor 2 mse": 0.10071078327005513, "anchor 3 mse": 6.944505447395991e-06, "anchor 4 mse": 0.03303533992717526}
{"bot_id": "0000000000000b01", "x": 1.737220127020676, "y": 2.7493142060667237, "z": 0.0, "MSE": 7.790810845162598, "anchor 1 mse": 0.04936310670452673, "anchor 2 mse": 0.10417072794748783, "anchor 3 mse": 0.0010773577983238091, "anchor 4 mse": 0.015997660927370587}
{"bot_id": "0000000000000b01", "x": 1.5424933015953002, "y": 2.574438466694213, "z": 0.0, "MSE": 8.503282617254932, "anchor 1 mse": 0.03282242615528031, "anchor 2 mse": 0.03558768134685856, "anchor 3 mse": 0.009780694933871638, "anchor 4 mse": 0.003519231140610867}
{"bot_id": "0000000000000b01", "x": 1.2326088176066847, "y": 2.595503196215315, "z": 0.0, "MSE": 10.197233196741715, "anchor 1 mse": 0.06933682822436418, "anchor 2 mse": 0.31242567852188635, "anchor 3 mse": 0.018036757222791158, "anchor 4 mse": 0.0009908103045996569}
{"bot_id": "0000000000000b01", "x": 0.9643732252194459, "y": 2.454035498673646, "z": 0.0, "MSE": 12.796282338445163, "anchor 1 mse": 0.08804428749997682, "anchor 2 mse": 0.44105746132402557, "anchor 3 mse": 0.019184089725502063, "anchor 4 mse": 0.002405850189261653}
{"bot_id": "0000000000000b01", "x": 0.7792478991455124, "y": 2.4535537304678403, "z": 0.0, "MSE": 20.001917501419392, "anchor 1 mse": 0.09261417742226806, "anchor 2 mse": 0.07827229728600876, "anchor 3 mse": 0.0008085432395908755, "anchor 4 mse": 0.012271351348826415}
{"bot_id": "0000000000000b01", "x": 0.5793539214586931, "y": 2.3752887739881783, "z": 0.0, "MSE": 26.064259073459, "anchor 1 mse": 0.17216096868447553, "anchor 2 mse": 0.08145812743109954, "anchor 3 mse": 0.011835041130532036, "anchor 4 mse": 0.0009597186833198583}
{"bot_id": "0000000000000b01", "x": 0.5377691821409385, "y": 2.231614463644385, "z": 0.0, "MSE": 27.61143438102728, "anchor 1 mse": 0.17263636880935057, "anchor 2 mse": 0.028888159650929595, "anchor 3 mse": 0.028849142273727684,