{"bot_id": "0000000000000b01", "x": 1.4997824710334529, "y": 1.5, "z": 0.0, "MSE": 4.500000047318852, "anchor 1 mse": 4.4993474604192105, "anchor 2 mse": 0.3377545389970364, "anchor 3 mse": 4.500652634218493, "anchor 4 mse": 4.500652634218493}
{"bot_id": "0000000000000b01", "x": 1.6057531348326377, "y": 1.3945397130779744, "z": 0.0, "MSE": 3.366789084876979, "anchor 1 mse": 4.523184141376442, "anchor 2 mse": 0.5338798118380909, "anchor 3 mse": 0.1342231307093848, "anchor 4 mse": 0.00048267701710339134}
{"bot_id": "0000000000000b01", "x": 1.248474958325642, "y": 1.407384004629589, "z": 0.0, "MSE": 1.0575826613770114, "anchor 1 mse": 0.2901605331553285, "anchor 2 mse": 0.2339068323989119, "anchor 3 mse": 0.3688534107125575, "anchor 4 mse": 0.08815094434314495}
{"bot_id": "0000000000000b01", "x": 1.5938958380238677, "y": 1.7957464641770298, "z": 0.0, "MSE": 0.08189133443398738, "anchor 1 mse": 0.00035777620996751486, "anchor 2 mse": 0.20947215968688113, "anchor 3 mse": 0.008337850345830355, "anchor 4 mse": 0.10939755149327056}
{"bot_id": "0000000000000b01", "x": 1.5938958380238677, "y": 1.7957464641770298, "z": 0.0, "MSE": 0.08189133443398738, "anchor 1 mse": 0.00035777620996751486, "anchor 2 mse": 0.20947215968688113, "anchor 3 mse": 0.008337850345830355, "anchor 4 mse": 0.10939755149327056}
