{"bot_id": "0000000000000b01", "x": 1.0813953488372092, "y": 1.4999999999999998, "z": 0.0, "MSE": 36.0, "anchor 1 mse": 3.4194159004867486, "anchor 2 mse": 3.4194159004867504, "anchor 3 mse": 5.931043807463495, "anchor 4 mse": 5.931043807463493}
{"bot_id": "0000000000000b01", "x": 1.2741646500899424, "y": 1.305817431614006, "z": 0.0, "MSE": 30.98453898733808, "anchor 1 mse": 3.3286547202458254, "anchor 2 mse": 0.336222222597253, "anchor 3 mse": 5.848762230022133, "anchor 4 mse": 4.68366681970617}
{"bot_id": "0000000000000b01", "x": 1.0419530855747563, "y": 1.2002293041918128, "z": 0.0, "MSE": 25.04785084616828, "anchor 1 mse": 2.5262166151795187, "anchor 2 mse": 0.29119530913349434, "anchor 3 mse": 0.8091618160725654, "anchor 4 mse": 0.12015065816423139}
{"bot_id": "0000000000000b01", "x": 1.1162656764810053, "y": 1.7553584479266835, "z": 0.0, "MSE": 8.385751621672311, "anchor 1 mse": 0.11544765650790367, "anchor 2 mse": 0.017392249148155146, "anchor 3 mse": 0.2477886910843008, "anchor 4 mse": 0.39040979971134854}
{"bot_id": "0000000000000b01", "x": 1.1162656764810053, "y": 1.7553584479266835, "z": 0.0, "MSE": 8.385751621672311, "anchor 1 mse": 0.11544765650790367, "anchor 2 mse": 0.017392249148155146, "anchor 3 mse": 0.2477886910843008, "anchor 4 mse": 0.39040979971134854}
{"bot_id": "0000000000000b01", "x": 1.1162656764810053, "y": 1.7553584479266835, "z": 0.0, "MSE": 8.385751621672311, "anchor 1 mse": 0.11544765650790367, "anchor 2 mse": 0.017392249148155146, "anchor 3 mse": 0.2477886910843008, "anchor 4 mse": 0.39040979971134854}
{"bot_id": "0000000000000b01", "x": 1.1162656764810053, "y": 1.7553584479266835, "z": 0.0, "MSE": 8.385751621672311, "anchor 1 mse": 0.11544765650790367, "anchor 2 mse": 0.017392249148155146, "anchor 3 mse": 0.2477886910843008, "anchor 4 mse": 0.39040979971134854}
{"bot_id": "0000000000000b01", "x": 1.1162656764810053, "y": 1.7553584479266835, "z": 0.0, "MSE": 8.385751621672311, "anchor 1 mse": 0.11544765650790367, "anchor 2 mse": 0.017392249148155146, "anchor 3 mse": 0.2477886910843008, "anchor 4 mse": 0.39040979971134854}
{"bot_id": "0000000000000b01", "x": 1.1162656764810053, "y": 1.7553584479266835, "z": 0.0, "MSE": 8.385751621672311, "anchor 1 mse": 0.11544765650790367, "anchor 2 mse": 0.017392249148155146, "anchor 3 mse": 0.2477886910843008, "anchor 4 mse": 0.39040979971134854}
{"bot_id": "0000000000000b01", "x": 1.1162656764810053, "y": 1.7553584479266835, "z": 0.0, "MSE": 8.385751621672311, "anchor 1 mse": 0.11544765650790367, "anchor 2 mse": 0.017392249148155146, "anchor 3 mse": 0.2477886910843008, "anchor 4 mse": 0.39040979971134854}
{"bot_id": "0000000000000b01", "x": 1.1162656764810053, "y": 1.7553584479266835, "z": 0.0, "MSE": 8.385751621672311, "anchor 1 mse": 0.11544765650790367, "anchor 2 mse": 0.017392249148155146, "anchor 3 mse": 0.2477886910843008, "anchor 4 mse": 0.39040979971134854}
{"bot_id": "0000000000000b01", "x": 1.1131274549990258, "y": 1.7574679519488208, "z": 0.0, "MSE": 8.385892169305954, "anchor 1 mse": 0.11929471706459734, "anchor 2 mse": 0.01571439210804878, "anchor 3 mse": 0.2449816101776575, "anchor 4 mse": 0.3950900940828079}
{"bot_id": "0000000000000b01", "x": 1.1635548523814916, "y": 1.880616021135966, "z": 0.0, "MSE": 20.543588249671544, "anchor 1 mse": 0.04171785686490983, "anchor 2 mse": 2.993930971832821, "anchor 3 mse": 0.14602949123574585, "anchor 4 mse": 0.45462522067063743}
{"bot_id": "0000000000000b01", "x": 1.1566192830094117, "y": 1.8869336263717353, "z": 0.0, "MSE": 20.631746769954564, "anchor 1 mse": 0.040432517481355124, "anchor 2 mse": 2.937031596532219, "anchor 3 mse": 0.14806401916874548, "anchor 4 mse": 0.4328460195258273}
{"bot_id": "0000000000000b01", "x": 1.1556103105052724, "y": 1.8873955494237715, "z": 0.0, "MSE": 20.592609681846938, "anchor 1 mse": 0.03877979428388265, "anchor 2 mse": 2.9041555132959203, "anchor 3 mse": 0.13773771442515245, "anchor 4 mse": 0.4342096550727423}
{"bot_id": "0000000000000b01", "x": 1.154977469234172, "y": 1.8876775750639905, "z": 0.0, "MSE": 20.590129295629616, "anchor 1 mse": 0.03769753918855985, "anchor 2 mse": 2.8922093346193667, "anchor 3 mse": 0.13173645723530222, "anchor 4 mse": 0.4350588177533534}
{"bot_id": "0000000000000b01", "x": 1.1499736515491212, "y": 1.8965801187938482, "z": 0.0, "MSE": 20.748638397525376, "anchor 1 mse": 0.03578085814889006, "anchor 2 mse": 2.8590505103996193, "anchor 3 mse": 0.1004597872424314, "anchor 4 mse": 0.45200408432741374}
{"bot_id": "0000000000000b01", "x": 0.824852044153423, "y": 1.711668751347412, "z": 0.0, "MSE": 40.42756370289837, "anchor 1 mse": 0.24710109760343205, "anchor 2 mse": 10.747484050804088, "anchor 3 mse": 0.4773606695090847, "anchor 4 mse": 0.609527596307495}
{"bot_id": "0000000000000b01", "x": 1.1482804775286568, "y": 1.8959930995544823, "z": 0.0, "MSE": 20.514147508906, "anchor 1 mse": 0.03259390461776322, "anchor 2 mse": 2.7557932292579745, "anchor 3 mse": 0.09886188536607365, "anchor 4 mse": 0.44156507997154687}
{"bot_id": "0000000000000b01", "x": 1.1497965680200475, "y": 1.8876133584711952, "z": 0.0, "MSE": 20.43360770538153, "anchor 1 mse": 0.02691430069593801, "anchor 2 mse": 2.77401711187903, "anchor 3 mse": 0.10075981235423595, "anchor 4 mse": 0.4322453502530889}
{"bot_id": "0000000000000b01", "x": 1.1502024171008989, "y": 1.8871094834725577, "z": 0.0, "MSE": 20.464411816338803, "anchor 1 mse": 0.026986242498176858, "anchor 2 mse": 2.790456119553517, "anchor 3 mse": 0.10070388980856465, "anchor 4 mse": 0.4332776930240299}
{"bot_id": "0000000000000b01", "x": 1.1618580068234434, "y": 1.8705428182623876, "z": 0.0, "MSE": 20.18727434456371, "anchor 1 mse": 0.026333671061745705, "anchor 2 mse": 2.8573388616305015, "anchor 3 mse": 0.10626715618093857, "anchor 4 mse": 0.4503855263374073}
{"bot_id": "0000000000000b01", "x": 1.0149965799916894, "y": 1.868959988700844, "z": 0.0, "MSE": 29.218069128888473, "anchor 1 mse": 0.047928481839669586, "anchor 2 mse": 2.499948285114157, "anchor 3 mse": 0.20538277645520187, "anchor 4 mse": 0.5873670082474557, "anchor 5 mse": 1.7553163593744177}
{"bot_id": "0000000000000b01", "x": 1.0219333895123868, "y": 1.8699174568596253, "z": 0.0, "MSE": 29.206494406236196, "anchor 1 mse": 0.05444651416253791, "anchor 2 mse": 2.4852972569629475, "anchor 3 mse": 0.19070004315598324, "anchor 4 mse": 0.5806593439295932, "anchor 5 mse": 1.7572374553246202}
{"bot_id": "0000000000000b01", "x": 1.4387182409610204, "y": 1.5519989796858924, "z": 0.0, "MSE": 19.479375369838852, "anchor 1 mse": 0.055298187299802425, "anchor 2 mse": 0.1997585855671661, "anchor 3 mse": 0.08793255891147417, "anchor 4 mse": 0.06466281956237108, "anchor 5 mse": 1.4971765685261984}
{"bot_id": "0000000000000b01", "x": 1.4490335267867416, "y": 1.5673498035089604, "z": 0.0, "MSE": 19.41773061839147, "anchor 1 mse": 0.06165877938112921, "anchor 2 mse": 0.20687386791025414, "anchor 3 mse": 0.08243102675511434, "anchor 4 mse": 0.06872570263909117, "anchor 5 mse": 1.5235169077201953}
{"bot_id": "0000000000000b01", "x": 1.4620470474645335, "y": 1.5855983121771031, "z": 0.0, "MSE": 19.25858425809571, "anchor 1 mse": 0.061967862150994785, "anchor 2 mse": 0.20503403310561097, "anchor 3 mse": 0.0888210674557642, "anchor 4 mse": 0.0700425341141327, "anchor 5 mse": 1.5564128572953646}
{"bot_id": "0000000000000b01", "x": 1.021198671853379, "y": 1.8971964119214748, "z": 0.0, "MSE": 29.292720082966675, "anchor 1 mse": 0.07120989693286554, "anchor 2 mse": 2.510428109611896, "anchor 3 mse": 0.24255352493411494, "anchor 4 mse": 0.6194728022995619, "anchor 5 mse": 1.8054107852531163}
{"bot_id": "0000000000000b01", "x": 1.0207929375136924, "y": 1.9019222208467046, "z": 0.0, "MSE": 29.464642768579175, "anchor 1 mse": 0.07137820950761549, "anchor 2 mse": 2.5759558207216746, "anchor 3 mse": 0.2563087857834695, "anchor 4 mse": 0.6455934773017791, "anchor 5 mse": 1.8138960387075}
{"bot_id": "0000000000000b01", "x": 1.0591224580495995, "y": 1.756547808456853, "z": 0.0, "MSE": 56.40971569653973,