{"bot_id": "0000000000000b01", "x": 1.6057531348326375, "y": 1.3945397130779746, "z": 0.0, "MSE": 3.3667890848769795, "anchor 1 mse": 4.523184141376442, "anchor 2 mse": 0.5338798118380905, "anchor 3 mse": 4.5214270539127694, "anchor 4 mse": 3.8886653323806173}
{"bot_id": "0000000000000b01", "x": 1.5985887484042969, "y": 1.792290807685307, "z": 0.0, "MSE": 0.0777135512090821, "anchor 1 mse": 0.00033771954879948464, "anchor 2 mse": 0.1967000486045263, "anchor 3 mse": 0.008100729224824188, "anchor 4 mse": 0.10571570745817842}
{"bot_id": "0000000000000b01", "x": 5.931761547235185, "y": -2.68074063169184, "z": 0.0, "MSE": 93.98705852128079, "anchor 1 mse": 16.39756386078841, "anchor 2 mse": 334.27530192817744, "anchor 3 mse": 21.184434449678825, "anchor 4 mse": 4.090933846478475}
{"bot_id": "0000000000000b01", "x": 1.5659625410860147, "y": 1.7636315111388623, "z": 0.0, "MSE": 0.0652133286139563, "anchor 1 mse": 7.265614946254384e-05, "anchor 2 mse": 0.1641916461158954, "anchor 3 mse": 0.010697399397657643, "anchor 4 mse": 0.08589161279280963}
{"bot_id": "0000000000000b01", "x": 1.5667210210419305, "y": 1.777361128091378, "z": 0.0, "MSE": 0.058121899102423526, "anchor 1 mse": 0.0016557196989298688, "anchor 2 mse": 0.1500206387179509, "anchor 3 mse": 0.0005719109180057805, "anchor 4 mse": 0.08023932707480755}
{"bot_id": "0000000000000b01", "x": 1.5370982512562108, "y": 1.8125049813039182, "z": 0.0, "MSE": 0.05315576944955583, "anchor 1 mse": 0.0001817215694119575, "anchor 2 mse": 0.1462096194802824, "anchor 3 mse": 0.004122195606208526, "anchor 4 mse": 0.06210954114232041}
{"bot_id": "0000000000000b01", "x": 5.869153793755487, "y": -2.6832940182365737, "z": 0.0, "MSE": 92.81157996809719, "anchor 1 mse": 16.511636065491356, "anchor 2 mse": 330.87141811965995, "anchor 3 mse": 19.949308048384594, "anchor 4 mse": 3.913957638852886}
{"bot_id": "0000000000000b01", "x": 5.868967456626701, "y": -2.6688796593926907, "z": 0.0, "MSE": 92.88560948313827, "anchor 1 mse": 16.624388161491396, "anchor 2 mse": 330.5020970093788, "anchor 3 mse": 20.462200773993334, "anchor 4 mse": 3.9537519876895395}
{"bot_id": "0000000000000b01", "x": 1.5622250296093423, "y": 1.7722998231073752, "z": 0.0, "MSE": 0.049484217256445036, "anchor 1 mse": 0.0014032761048866, "anchor 2 mse": 0.12738176972620682, "anchor 3 mse": 0.00042519100306757213, "anchor 4 mse": 0.06872663219161915}
{"bot_id": "0000000000000b01", "x": 1.5584912993415108, "y": 1.714836695129451, "z": 0.0, "MSE": 0.0638432401252087, "anchor 1 mse": 0.0007415333980610799, "anchor 2 mse": 0.15212700176915456, "anchor 3 mse": 0.012368815271770767, "anchor 4 mse": 0.09013561006184842}
{"bot_id": "0000000000000b01", "x": 1.5748351549349937, "y": 1.749142664314141, "z": 0.0, "MSE": 0.059671014854351605, "anchor 1 mse": 0.00018596022280537315, "anchor 2 mse": 0.14528015846660436, "anchor 3 mse": 0.011287653197160826, "anchor 4 mse": 0.08193028753083587}
{"bot_id": "0000000000000b01", "x": 1.5658370474987926, "y": 1.7369057653045055, "z": 0.0, "MSE": 0.06844535607947175, "anchor 1 mse": 2.1831238555886474e-06, "anchor 2 mse": 0.1695615273266992, "anchor 3 mse": 0.00657412141153809, "anchor 4 mse": 0.09764359245579413}
{"bot_id": "0000000000000b01", "x": 1.531109981829226, "y": 1.7569937428751161, "z": 0.0, "MSE": 0.06142573873260358, "anchor 1 mse": 2.7069428511722584e-07, "anchor 2 mse": 0.1617219123238507, "anchor 3 mse": 0.005511688064413897, "anchor 4 mse": 0.07846908384786462}
{"bot_id": "0000000000000b01", "x": 1.5645347395230058, "y": 1.732495695306946, "z": 0.0, "MSE": 0.06301476724637425, "anchor 1 mse": 1.9147456570815566e-05, "anchor 2 mse": 0.1548723208653969, "anchor 3 mse": 0.007220680772878471, "anchor 4 mse": 0.08994691989065082}
{"bot_id": "0000000000000b01", "x": 1.6006773042950593, "y": 1.8263227766766184, "z": 0.0, "MSE": 0.0669255478350608, "anchor 1 mse": 0.005111941832182267, "anchor 2 mse": 0.1721123388436023, "anchor 3 mse": 1.3187129194396515e-05, "anchor 4 mse": 0.09046472353526423}
{"bot_id": "0000000000000b01", "x": 1.6174266598587126, "y": 1.8397577291506129, "z": 0.0, "MSE": 0.06805351262833133, "anchor 1 mse": 0.0025352791340783084, "anchor 2 mse": 0.17685001175900325, "anchor 3 mse": 0.002016188069815377, "anchor 4 mse": 0.09081257155042836}
{"bot_id": "0000000000000b01", "x": 1.6356939628138105, "y": 1.7785264320656562, "z": 0.0, "MSE": 0.10044896439577242, "anchor 1 mse": 0.001907062743633684, "anchor 2 mse": 0.2415169191474838, "anchor 3 mse": 0.005070808731675996, "anchor 4 mse": 0.15330106696029613}
{"bot_id": "0000000000000b01", "x": 1.5978075094752395, "y": 1.7739108219768456, "z": 0.0, "MSE": 0.07218340329629072, "anchor 1 mse": 0.0005101005829363679, "anchor 2 mse": 0.17979442348861313, "anchor 3 mse": 0.00527698624155762, "anchor 4 mse": 0.10315210287205574}
{"bot_id": "0000000000000b01", "x": 5.9616697399522085, "y": -2.6371777498229276, "z": 0.0, "MSE": 94.25948855796678, "anchor 1 mse": 16.151652990944118, "anchor 2 mse": 333.9695089576046, "anchor 3 mse": 22.732204198784643, "anchor 4 mse": 4.184588084533724}
{"bot_id": "0000000000000b01", "x": 1.5951484478868354, "y": 1.8040283409350406, "z": 0.0, "MSE": 0.10161432357610925, "anchor 1 mse": 0.0010166668302394406, "anchor 2 mse": 0.26388951684455714, "anchor 3 mse": 0.007221825744427698, "anchor 4 mse": 0.13432928488521273}
{"bot_id": "0000000000000b01", "x": 1.6090589419093462, "y": 1.7829653976390707, "z": 0.0, "MSE": 0.0804041688553551, "anchor 1 mse": 0.0014689096371287903, "anchor 2 mse": 0.20024242080156696, "anchor 3 mse": 0.0033887205195999165, "anchor 4 mse": 0.11651662446312477}
{"bot_id": "0000000000000b01", "x": 1.5932457360150203, "y": 1.7228402378999192, "z": 0.0, "MSE": 0.0934944163514433, "anchor 1 mse": 0.0011144372652838693, "anchor 2 mse": 0.2227389359822401, "anchor 3 mse": 0.002502490529109269, "anchor 4 mse": 0.14762180162913996}
{"bot_id": "0000000000000b01", "x": 5.839458706659099, "y": -2.6231378456049725, "z": 0.0, "MSE": 91.27023205604571, "anchor 1 mse": 15.852919368169617, "anchor 2 mse": 325.68420974472264, "anchor 3 mse": 19.7969941044419, "anchor 4 mse": 3.746805006848661}
{"bot_id": "0000000000000b01", "x": 1.6140047176278036, "y": 1.772993541638069, "z": 0.0, "MSE": 0.07354751926883646, "anchor 1 mse": 5.786010611028921e-05, "anchor 2 mse": 0.17426503266700763, "anchor 3 mse": 0.017184133702205603, "anchor 4 mse": 0.10268305060002232}
{"bot_id": "0000000000000b01", "x": 1.6155363704980081, "y": 1.738662248403846, "z": 0.0, "MSE": 0.0582775536081276, "anchor 1 mse": 0.0005463442162690535, "anchor 2 mse": 0.1293245343024686, "anchor 3 mse": 0.01765943372243035, "anchor 4 mse": 0.08557990219134241}
{"bot_id": "0000000000000b01", "x": 1.5731466816943593, "y": 1.7040594572129655, "z": 0.0, "MSE": 0.054028034891036074, "anchor 1 mse": 0.006531410893997157, "anchor 2 mse": 0.12124206679029254, "anchor 3 mse": 0.002753090515086861, "anchor 4 mse": 0.08558557136476774}
{"bot_id": "0000000000000b01", "x": 1.5694246155900817, "y": 1.728607359628271, "z": 0.0, "MSE": 0.05940373724858272, "anchor 1 mse": 2.280620282445972e-05, "anchor 2 mse": 0.14423691394307375, "anchor 3 mse": 0.007037981140116916, "anchor 4 mse": 0.08631724770831577}
