{"bot_id": "0000000000000b01", "x": 1.0813953488372092, "y": 1.4999999999999998, "z": 0.0, "MSE": 36.0, "anchor 1 mse": 3.4194159004867486, "anchor 2 mse": 3.4194159004867504, "anchor 3 mse": 5.931043807463495, "anchor 4 mse": 5.931043807463493}
{"bot_id": "0000000000000b01", "x": 1.2741646500899424, "y": 1.305817431614006, "z": 0.0, "MSE": 30.98453898733808, "anchor 1 mse": 3.3286547202458254, "anchor 2 mse": 0.336222222597253, "anchor 3 mse": 5.848762230022133, "anchor 4 mse": 4.68366681970617}
{"bot_id": "0000000000000b01", "x": 1.0419530855747563, "y": 1.2002293041918128, "z": 0.0, "MSE": 25.04785084616828, "anchor 1 mse": 2.5262166151795187, "anchor 2 mse": 0.29119530913349434, "anchor 3 mse": 0.8091618160725654, "anchor 4 mse": 0.12015065816423139}
{"bot_id": "0000000000000b01", "x": 1.1162656764810053, "y": 1.7553584479266835, "z": 0.0, "MSE": 8.385751621672311, "anchor 1 mse": 0.11544765650790367, "anchor 2 mse": 0.017392249148155146, "anchor 3 mse": 0.2477886910843008, "anchor 4 mse": 0.39040979971134854}
{"bot_id": "0000000000000b01", "x": 1.1162656764810053, "y": 1.7553584479266835, "z": 0.0, "MSE": 8.385751621672311, "anchor 1 mse": 0.11544765650790367, "anchor 2 mse": 0.017392249148155146, "anchor 3 mse": 0.2477886910843008, "anchor 4 mse": 0.39040979971134854}
{"bot_id": "0000000000000b01", "x": 1.1162656764810053, "y": 1.7553584479266835, "z": 0.0, "MSE": 8.385751621672311, "anchor 1 mse": 0.11544765650790367, "anchor 2 mse": 0.017392249148155146, "anchor 3 mse": 0.2477886910843008, "anchor 4 mse": 0.39040979971134854}
{"bot_id": "0000000000000b01", "x": 1.1162656764810053, "y": 1.7553584479266835, "z": 0.0, "MSE": 8.385751621672311, "anchor 1 mse": 0.11544765650790367, "anchor 2 mse": 0.017392249148155146, "anchor 3 mse": 0.2477886910843008, "anchor 4 mse": 0.39040979971134854}
{"bot_id": "0000000000000b01", "x": 1.1162656764810053, "y": 1.7553584479266835, "z": 0.0, "MSE": 8.385751621672311, "anchor 1 mse": 0.11544765650790367, "anchor 2 mse": 0.017392249148155146, "anchor 3 mse": 0.2477886910843008, "anchor 4 mse": 0.39040979971134854}
{"bot_id": "0000000000000b01", "x": 1.1162656764810053, "y": 1.7553584479266835, "z": 0.0, "MSE": 8.385751621672311, "anchor 1 mse": 0.11544765650790367, "anchor 2 mse": 0.017392249148155146, "anchor 3 mse": 0.2477886910843008, "anchor 4 mse": 0.39040979971134854}
{"bot_id": "0000000000000b01", "x": 1.1162656764810053, "y": 1.7553584479266835, "z": 0.0, "MSE": 8.385751621672311, "anchor 1 mse": 0.11544765650790367, "anchor 2 mse": 0.017392249148155146, "anchor 3 mse": 0.2477886910843008, "anchor 4 mse": 0.39040979971134854}
{"bot_id": "0000000000000b01", "x": 1.1162656764810053, "y": 1.7553584479266835, "z": 0.0, "MSE": 8.385751621672311, "anchor 1 mse": 0.11544765650790367, "anchor 2 mse": 0.017392249148155146, "anchor 3 mse": 0.2477886910843008, "anchor 4 mse": 0.39040979971134854}
{"bot_id": "0000000000000b01", "x": 1.1131274549990258, "y": 1.7574679519488208, "z": 0.0, "MSE": 8.385892169305954, "anchor 1 mse": 0.11929471706459734, "anchor 2 mse": 0.01571439210804878, "anchor 3 mse": 0.2449816101776575, "anchor 4 mse": 0.3950900940828079}
{"bot_id": "0000000000000b01", "x": 1.1635548523814916, "y": 1.880616021135966, "z": 0.0, "MSE": 20.543588249671544, "anchor 1 mse": 0.04171785686490983, "anchor 2 mse": 2.993930971832821, "anchor 3 mse": 0.14602949123574585, "anchor 4 mse": 0.45462522067063743}
{"bot_id": "0000000000000b01", "x": 1.1566192830094117, "y": 1.8869336263717353, "z": 0.0, "MSE": 20.631746769954564, "anchor 1 mse": 0.040432517481355124, "anchor 2 mse": 2.937031596532219, "anchor 3 mse": 0.14806401916874548, "anchor 4 mse": 0.4328460195258273}
{"bot_id": "0000000000000b01", "x": 1.1556103105052724, "y": 1.8873955494237715, "z": 0.0, "MSE": 20.592609681846938, "anchor 1 mse": 0.03877979428388265, "anchor 2 mse": 2.9041555132959203, "anchor 3 mse": 0.13773771442515245, "anchor 4 mse": 0.4342096550727423}
{"bot_id": "0000000000000b01", "x": 1.1557751252218502, "y": 1.886850662784399, "z": 0.0, "MSE": 20.572166878089682, "anchor 1 mse": 0.03780975817778184, "anchor 2 mse": 2.8961158596120136, "anchor 3 mse": 0.13155077367190648, "anchor 4 mse": 0.4373152091634139}
{"bot_id": "0000000000000b01", "x": 1.1499736515491212, "y": 1.8965801187938482, "z": 0.0, "MSE": 20.748638397525376, "anchor 1 mse": 0.03578085814889006, "anchor 2 mse": 2.8590505103996193, "anchor 3 mse": 0.1004597872424314, "anchor 4 mse": 0.45200408432741374}
{"bot_id": "0000000000000b01", "x": 0.824852044153423, "y": 1.711668751347412, "z": 0.0, "MSE": 40.42756370289837, "anchor 1 mse": 0.24710109760343205, "anchor 2 mse": 10.747484050804088, "anchor 3 mse": 0.4773606695090847, "anchor 4 mse": 0.609527596307495}
{"bot_id": "0000000000000b01", "x": 1.1498858384783965, "y": 1.8871076604977977, "z": 0.0, "MSE": 20.442834864233983, "anchor 1 mse": 0.026573118067846936, "anchor 2 mse": 2.7801642828192605, "anchor 3 mse": 0.10087673246181515, "anchor 4 mse": 0.4316885137077577}
{"bot_id": "0000000000000b01", "x": 1.1497965680200475, "y": 1.8876133584711952, "z": 0.0, "MSE": 20.43360770538153, "anchor 1 mse": 0.02691430069593801, "anchor 2 mse": 2.77401711187903, "anchor 3 mse": 0.10075981235423595, "anchor 4 mse": 0.4322453502530889}
{"bot_id": "0000000000000b01", "x": 1.1546560101638914, "y": 1.8794093952358244, "z": 0.0, "MSE": 20.354306999946424, "anchor 1 mse": 0.025128030537622765, "anchor 2 mse": 2.819116972685944, "anchor 3 mse": 0.100812892633592, "anchor 4 mse": 0.43887968829475676}
{"bot_id": "0000000000000b01", "x": 1.1618657116616617, "y": 1.870609850140304, "z": 0.0, "MSE": 20.10779319195023, "anchor 1 mse": 0.026313874721468983, "anchor 2 mse": 2.8282960474423686, "anchor 3 mse": 0.10623999887060571, "anchor 4 mse": 0.45044245303846714}
{"bot_id": "0000000000000b01", "x": 1.1607667027569777, "y": 1.867211356403569, "z": 0.0, "MSE": 20.110780291663097, "anchor 1 mse": 0.021641567382144893, "anchor 2 mse": 2.833626048821625, "anchor 3 mse": 0.10801839924162132, "anchor 4 mse": 0.4368242551854492}
{"bot_id": "0000000000000b01", "x": 1.157212208214022, "y": 1.8766928611321623, "z": 0.0, "MSE": 20.141013141158183, "anchor 1 mse": 0.025437635323914163, "anchor 2 mse": 2.7742434989045517, "anchor 3 mse": 0.10032337506583078, "anchor 4 mse": 0.4453188082425975}
{"bot_id": "0000000000000b01", "x": 1.1209976106652058, "y": 1.6917242943643795, "z": 0.0, "MSE": 8.582557395077883, "anchor 1 mse": 0.10368615711144427, "anchor 2 mse": 0.01439890163796623, "anchor 3 mse": 0.20860748270231189, "anchor 4 mse": 0.3230278693770167}
{"bot_id": "0000000000000b01", "x": 1.1027799560404703, "y": 1.7069051513822204, "z": 0.0, "MSE": 8.49024881675727, "anchor 1 mse": 0.11803384785065081, "anchor 2 mse": 0.011064949439705082, "anchor 3 mse": 0.22249837997889016, "anchor 4 mse": 0.365914995337216}
{"bot_id": "0000000000000b01", "x": 1.0909947500671149, "y": 1.7258094258927572, "z": 0.0, "MSE": 8.466590970126154, "anchor 1 mse": 0.13247986704551012, "anchor 2 mse": 0.00894739479232129, "anchor 3 mse": 0.22174377358583458, "anchor 4 mse": 0.397665561942239}
{"bot_id": "0000000000000b01", "x": 1.0971966918012457, "y": 1.733017115107206, "z": 0.0, "MSE": 8.359449470356601, "anchor 1 mse": 0.12572057273999748, "anchor 2 mse": 0.00894997498972385, "anchor 3 mse": 0.2446247097350316, "anchor 4 mse": 0.3961811889626278}
{"bot_id": "0000000000000b01", "x": 1.1617019902630796, "y": 1.8857022030250243, "z": 0.0, "MSE": 20.295817816842707, "anchor 1 mse": 0.04268741146758276, "anchor 2 mse": 2.8599967449622006, "anchor 3 mse": 0.13453768776314695, "anchor 4 mse": 0.46130370702691}
{"bot_id": "0000000000000b01", "x": 1.1656465624086103, "y": 1.8829097491456432, "z": 0.0, "MSE": 20.38024487112022, "anchor 1 mse": 0.044604723744589445, "anchor 2 mse": 2.944423921165983, "anchor 3 mse": 0.14052948616434233, "anchor 4 mse": 0.4723780885093208}
{"bot_id": "0000000000000b01", "x": 1.172674856642188, "y": 1.8688446298056351, "z": 0.0, "MSE": 20.205958526079883,