{"bot_id": "0000000000000b01", "x": 1.2741646500899424, "y": 1.305817431614006, "z": 0.0, "MSE": 30.98453898733808, "anchor 1 mse": 3.3286547202458254, "anchor 2 mse": 0.336222222597253, "anchor 3 mse": 5.848762230022133, "anchor 4 mse": 4.68366681970617}
{"bot_id": "0000000000000b01", "x": 1.1162656764810053, "y": 1.7553584479266835, "z": 0.0, "MSE": 8.385751621672311, "anchor 1 mse": 0.11544765650790367, "anchor 2 mse": 0.017392249148155146, "anchor 3 mse": 0.2477886910843008, "anchor 4 mse": 0.39040979971134854}
{"bot_id": "0000000000000b01", "x": 1.1162656764810053, "y": 1.7553584479266835, "z": 0.0, "MSE": 8.385751621672311, "anchor 1 mse": 0.11544765650790367, "anchor 2 mse": 0.017392249148155146, "anchor 3 mse": 0.2477886910843008, "anchor 4 mse": 0.39040979971134854}
{"bot_id": "0000000000000b01", "x": 1.1162656764810053, "y": 1.7553584479266835, "z": 0.0, "MSE": 8.385751621672311, "anchor 1 mse": 0.11544765650790367, "anchor 2 mse": 0.017392249148155146, "anchor 3 mse": 0.2477886910843008, "anchor 4 mse": 0.39040979971134854}
{"bot_id": "0000000000000b01", "x": 1.1162656764810053, "y": 1.7553584479266835, "z": 0.0, "MSE": 8.385751621672311, "anchor 1 mse": 0.11544765650790367, "anchor 2 mse": 0.017392249148155146, "anchor 3 mse": 0.2477886910843008, "anchor 4 mse": 0.39040979971134854}
{"bot_id": "0000000000000b01", "x": 1.1162656764810053, "y": 1.7553584479266835, "z": 0.0, "MSE": 8.385751621672311, "anchor 1 mse": 0.11544765650790367, "anchor 2 mse": 0.017392249148155146, "anchor 3 mse": 0.2477886910843008, "anchor 4 mse": 0.39040979971134854}
{"bot_id": "0000000000000b01", "x": 1.1162656764810053, "y": 1.7553584479266835, "z": 0.0, "MSE": 8.385751621672311, "anchor 1 mse": 0.11544765650790367, "anchor 2 mse": 0.017392249148155146, "anchor 3 mse": 0.2477886910843008, "anchor 4 mse": 0.39040979971134854}
{"bot_id": "0000000000000b01", "x": 1.1162656764810053, "y": 1.7553584479266835, "z": 0.0, "MSE": 8.385751621672311, "anchor 1 mse": 0.11544765650790367, "anchor 2 mse": 0.017392249148155146, "anchor 3 mse": 0.2477886910843008, "anchor 4 mse": 0.39040979971134854}
{"bot_id": "0000000000000b01", "x": 1.1162656764810053, "y": 1.7553584479266835, "z": 0.0, "MSE": 8.385751621672311, "anchor 1 mse": 0.11544765650790367, "anchor 2 mse": 0.017392249148155146, "anchor 3 mse": 0.2477886910843008, "anchor 4 mse": 0.39040979971134854}
{"bot_id": "0000000000000b01", "x": 1.1162656764810053, "y": 1.7553584479266835, "z": 0.0, "MSE": 8.385751621672311, "anchor 1 mse": 0.11544765650790367, "anchor 2 mse": 0.017392249148155146, "anchor 3 mse": 0.2477886910843008, "anchor 4 mse": 0.39040979971134854}
{"bot_id": "0000000000000b01", "x": 1.1131274549990258, "y": 1.7574679519488208, "z": 0.0, "MSE": 8.385892169305954, "anchor 1 mse": 0.11929471706459734, "anchor 2 mse": 0.01571439210804878, "anchor 3 mse": 0.2449816101776575, "anchor 4 mse": 0.3950900940828079}
{"bot_id": "0000000000000b01", "x": 1.1635548523814916, "y": 1.880616021135966, "z": 0.0, "MSE": 20.543588249671544, "anchor 1 mse": 0.04171785686490983, "anchor 2 mse": 2.993930971832821, "anchor 3 mse": 0.14602949123574585, "anchor 4 mse": 0.45462522067063743}
{"bot_id": "0000000000000b01", "x": 1.1566192830094117, "y": 1.8869336263717353, "z": 0.0, "MSE": 20.631746769954564, "anchor 1 mse": 0.040432517481355124, "anchor 2 mse": 2.937031596532219, "anchor 3 mse": 0.14806401916874548, "anchor 4 mse": 0.4328460195258273}
{"bot_id": "0000000000000b01", "x": 1.155640927533758, "y": 1.8872836147988483, "z": 0.0, "MSE": 20.673246097829683, "anchor 1 mse": 0.038811101238555176, "anchor 2 mse": 2.9337846265271565, "anchor 3 mse": 0.13776117412023142, "anchor 4 mse": 0.43407595925686215}
{"bot_id": "0000000000000b01", "x": 1.154984727540577, "y": 1.887642485533404, "z": 0.0, "MSE": 20.61697647093633, "anchor 1 mse": 0.037707691678930025, "anchor 2 mse": 2.9020362392656023, "anchor 3 mse": 0.1317450965650476, "anchor 4 mse": 0.4350190225855027}
{"bot_id": "0000000000000b01", "x": 1.1524588031943122, "y": 1.8926409940738111, "z": 0.0, "MSE": 20.69133249793287, "anchor 1 mse": 0.03657051504610222, "anchor 2 mse": 2.8743592722474123, "anchor 3 mse": 0.11059394209756619, "anchor 4 mse": 0.44590020684089066}
{"bot_id": "0000000000000b01", "x": 0.8109048781251222, "y": 1.713375012269042, "z": 0.0, "MSE": 40.38685991228962, "anchor 1 mse": 0.2544403034074122, "anchor 2 mse": 10.6890860758829, "anchor 3 mse": 0.492885523495879, "anchor 4 mse": 0.6444038339301374}
{"bot_id": "0000000000000b01", "x": 0.8372827761868747, "y": 1.7132169580339398, "z": 0.0, "MSE": 40.26763403036914, "anchor 1 mse": 0.24036706418437023, "anchor 2 mse": 10.71760923048172, "anchor 3 mse": 0.461629833928685, "anchor 4 mse": 0.5958689596685544}
{"bot_id": "0000000000000b01", "x": 1.1498858384783965, "y": 1.8871076604977977, "z": 0.0, "MSE": 20.442834864233983, "anchor 1 mse": 0.026573118067846936, "anchor 2 mse": 2.7801642828192605, "anchor 3 mse": 0.10087673246181515, "anchor 4 mse": 0.4316885137077577}
{"bot_id": "0000000000000b01", "x": 1.150213472227895, "y": 1.8871421619489785, "z": 0.0, "MSE": 20.424495261531277, "anchor 1 mse": 0.026975185453357774, "anchor 2 mse": 2.7761069633724538, "anchor 3 mse": 0.10068718628605562, "anchor 4 mse": 0.43329822791872386}
{"bot_id": "0000000000000b01", "x": 1.160501793195869, "y": 1.8728377095447057, "z": 0.0, "MSE": 20.227957027449982, "anchor 1 mse": 0.025934333254305744, "anchor 2 mse": 2.848650479550766, "anchor 3 mse": 0.09981944978867847, "anchor 4 mse": 0.45386520294983906}
{"bot_id": "0000000000000b01", "x": 1.1593656259350884, "y": 1.8733906501696267, "z": 0.0, "MSE": 20.16164779466597, "anchor 1 mse": 0.025975598286332113, "anchor 2 mse": 2.815760913705223, "anchor 3 mse": 0.10668212117270214, "anchor 4 mse": 0.4439749048873896}
{"bot_id": "0000000000000b01", "x": 1.157212208214022, "y": 1.8766928611321623, "z": 0.0, "MSE": 20.141013141158183, "anchor 1 mse": 0.025437635323914163, "anchor 2 mse": 2.7742434989045517, "anchor 3 mse": 0.10032337506583078, "anchor 4 mse": 0.4453188082425975}
{"bot_id": "0000000000000b01", "x": 1.1592009563393562, "y": 1.8737671368159596, "z": 0.0, "MSE": 20.088080609533744, "anchor 1 mse": 0.025900383186160867, "anchor 2 mse": 2.7857980931684168, "anchor 3 mse": 0.1057144997732239, "anchor 4 mse": 0.44448673564579155}
{"bot_id": "0000000000000b01", "x": 1.1114016928219665, "y": 1.6908820192089766, "z": 0.0, "MSE": 8.536815549683894, "anchor 1 mse": 0.10757872497813815, "anchor 2 mse": 0.01308945959009038, "anchor 3 mse": 0.21631526208053806, "anchor 4 mse": 0.3454973109993572}
{"bot_id": "0000000000000b01", "x": 1.102205514545418, "y": 1.7122136261481327, "z": 0.0, "MSE": 8.499203812905733, "anchor 1 mse": 0.12009933313628343, "anchor 2 mse": 0.01259095979235214, "anchor 3 mse": 0.2201365560479863, "anchor 4 mse": 0.37598336358642065}
{"bot_id": "0000000000000b01", "x": 1.0963080211415404, "y": 1.732956378313056, "z": 0.0, "MSE": 8.354501396028473, "anchor 1 mse": 0.1260942545066007, "anchor 2 mse": 0.008848904033083534, "anchor 3 mse": 0.24539035018391828, "anchor 4 mse": 0.39875944368679966}
{"bot_id": "0000000000000b01", "x": 1.0935456328968374, "y": 1.7446641941405288, "z": 0.0, "MSE": 8.310595078830836, "anchor 1 mse": 0.13131676846103413, "anchor 2 mse": 0.006958358811148551, "anchor 3 mse": 0.24978090522678434, "anchor 4 mse": 0.4095724494881256}
{"bot_id": "0000000000000b01", "x": 1.1656465624086103, "y": 1.8829097491456432, "z": 0.0, "MSE": 20.38024487112022, "anchor 1 mse": 0.044604723744589445, "anchor 2 mse": 2.944423921165983, "anchor 3 mse": 0.14052948616434233, "anchor 4 mse": 0.4723780885093208}
{"bot_id": "0000000000000b01", "x": 1.1669707181571247, "y": 1.8810615672596125, "z": 0.0, "MSE": 20.32046752852675, "anchor 1 mse": 0.04497442705860519, "anchor 2 mse": 2.9520986123709925, "anchor 3 mse": 0.15242656544953276, "anchor 4 mse": 0.46929331516049216}
{"bot_id": "0000000000000b01", "x": 0.7423307293373992, "y": 1.7393345130735975, "z": 0.0,