{"bot_id": "0000000000000b01", "x": 1.0813953488372092, "y": 1.4999999999999998, "z": 0.0, "MSE": 36.0, "anchor 1 mse": 3.4194159004867486, "anchor 2 mse": 3.4194159004867504, "anchor 3 mse": 5.931043807463495, "anchor 4 mse": 5.931043807463493}
{"bot_id": "0000000000000b01", "x": 1.2741646500899424, "y": 1.305817431614006, "z": 0.0, "MSE": 30.98453898733808, "anchor 1 mse": 3.3286547202458254, "anchor 2 mse": 0.336222222597253, "anchor 3 mse": 5.848762230022133, "anchor 4 mse": 4.68366681970617}
{"bot_id": "0000000000000b01", "x": 1.1162656764810053, "y": 1.7553584479266835, "z": 0.0, "MSE": 8.385751621672311, "anchor 1 mse": 0.11544765650790367, "anchor 2 mse": 0.017392249148155146, "anchor 3 mse": 0.2477886910843008, "anchor 4 mse": 0.39040979971134854}
{"bot_id": "0000000000000b01", "x": 1.1162656764810053, "y": 1.7553584479266835, "z": 0.0, "MSE": 8.385751621672311, "anchor 1 mse": 0.11544765650790367, "anchor 2 mse": 0.017392249148155146, "anchor 3 mse": 0.2477886910843008, "anchor 4 mse": 0.39040979971134854}
{"bot_id": "0000000000000b01", "x": 1.1162656764810053, "y": 1.7553584479266835, "z": 0.0, "MSE": 8.385751621672311, "anchor 1 mse": 0.11544765650790367, "anchor 2 mse": 0.017392249148155146, "anchor 3 mse": 0.2477886910843008, "anchor 4 mse": 0.39040979971134854}
{"bot_id": "0000000000000b01", "x": 1.1162656764810053, "y": 1.7553584479266835, "z": 0.0, "MSE": 8.385751621672311, "anchor 1 mse": 0.11544765650790367, "anchor 2 mse": 0.017392249148155146, "anchor 3 mse": 0.2477886910843008, "anchor 4 mse": 0.39040979971134854}
{"bot_id": "0000000000000b01", "x": 1.1162656764810053, "y": 1.7553584479266835, "z": 0.0, "MSE": 8.385751621672311, "anchor 1 mse": 0.11544765650790367, "anchor 2 mse": 0.017392249148155146, "anchor 3 mse": 0.2477886910843008, "anchor 4 mse": 0.39040979971134854}
{"bot_id": "0000000000000b01", "x": 1.1162656764810053, "y": 1.7553584479266835, "z": 0.0, "MSE": 8.385751621672311, "anchor 1 mse": 0.11544765650790367, "anchor 2 mse": 0.017392249148155146, "anchor 3 mse": 0.2477886910843008, "anchor 4 mse": 0.39040979971134854}
{"bot_id": "0000000000000b01", "x": 1.1162656764810053, "y": 1.7553584479266835, "z": 0.0, "MSE": 8.385751621672311, "anchor 1 mse": 0.11544765650790367, "anchor 2 mse": 0.017392249148155146, "anchor 3 mse": 0.2477886910843008, "anchor 4 mse": 0.39040979971134854}
{"bot_id": "0000000000000b01", "x": 1.1162656764810053, "y": 1.7553584479266835, "z": 0.0, "MSE": 8.385751621672311, "anchor 1 mse": 0.11544765650790367, "anchor 2 mse": 0.017392249148155146, "anchor 3 mse": 0.2477886910843008, "anchor 4 mse": 0.39040979971134854}
{"bot_id": "0000000000000b01", "x": 1.1151931742393522, "y": 1.7549788590470516, "z": 0.0, "MSE": 8.37631415184501, "anchor 1 mse": 0.11605713633905407, "anchor 2 mse": 0.016535226996155276, "anchor 3 mse": 0.24888910741190504, "anchor 4 mse": 0.3910674652522559}
{"bot_id": "0000000000000b01", "x": 1.1160327796301943, "y": 1.751171001822247, "z": 0.0, "MSE": 8.395766525854956, "anchor 1 mse": 0.11502112029028007, "anchor 2 mse": 0.017420578337742996, "anchor 3 mse": 0.24601925737585853, "anchor 4 mse": 0.3870649970185943}
{"bot_id": "0000000000000b01", "x": 1.1616282593846474, "y": 1.8824828996600924, "z": 0.0, "MSE": 20.58793272229775, "anchor 1 mse": 0.04148311163696228, "anchor 2 mse": 2.9846544133280717, "anchor 3 mse": 0.14654582263938085, "anchor 4 mse": 0.4486291709078228}
{"bot_id": "0000000000000b01", "x": 1.1553223389091687, "y": 1.889140161656864, "z": 0.0, "MSE": 20.68740275545717, "anchor 1 mse": 0.039949524098987485, "anchor 2 mse": 2.928590841221559, "anchor 3 mse": 0.13725274695265394, "anchor 4 mse": 0.43612167299934573}
{"bot_id": "0000000000000b01", "x": 1.1547734779283887, "y": 1.888854395607699, "z": 0.0, "MSE": 20.626258749427052, "anchor 1 mse": 0.03846234050818941, "anchor 2 mse": 2.898655081301616, "anchor 3 mse": 0.1314226057237064, "anchor 4 mse": 0.43635820862756053}
{"bot_id": "0000000000000b01", "x": 1.1557751252218502, "y": 1.886850662784399, "z": 0.0, "MSE": 20.572166878089682, "anchor 1 mse": 0.03780975817778184, "anchor 2 mse": 2.8961158596120136, "anchor 3 mse": 0.13155077367190648, "anchor 4 mse": 0.4373152091634139}
{"bot_id": "0000000000000b01", "x": 0.8041352801844708, "y": 1.7179863894490794, "z": 0.0, "MSE": 40.407643770634316, "anchor 1 mse": 0.26037973747160853, "anchor 2 mse": 10.640054293260828, "anchor 3 mse": 0.49782683039194764, "anchor 4 mse": 0.6575925862739922}
{"bot_id": "0000000000000b01", "x": 0.8372827761868747, "y": 1.7132169580339398, "z": 0.0, "MSE": 40.26763403036914, "anchor 1 mse": 0.24036706418437023, "anchor 2 mse": 10.71760923048172, "anchor 3 mse": 0.461629833928685, "anchor 4 mse": 0.5958689596685544}
{"bot_id": "0000000000000b01", "x": 1.1498858384783965, "y": 1.8871076604977977, "z": 0.0, "MSE": 20.442834864233983, "anchor 1 mse": 0.026573118067846936, "anchor 2 mse": 2.7801642828192605, "anchor 3 mse": 0.10087673246181515, "anchor 4 mse": 0.4316885137077577}
{"bot_id": "0000000000000b01", "x": 1.150213472227895, "y": 1.8871421619489785, "z": 0.0, "MSE": 20.424495261531277, "anchor 1 mse": 0.026975185453357774, "anchor 2 mse": 2.7761069633724538, "anchor 3 mse": 0.10068718628605562, "anchor 4 mse": 0.43329822791872386}
{"bot_id": "0000000000000b01", "x": 1.1508604475983846, "y": 1.88370519012268, "z": 0.0, "MSE": 20.436146870981183, "anchor 1 mse": 0.024598186533333826, "anchor 2 mse": 2.799956875813855, "anchor 3 mse": 0.1014628586920749, "anchor 4 mse": 0.4294800531900724}
{"bot_id": "0000000000000b01", "x": 1.1618657116616617, "y": 1.870609850140304, "z": 0.0, "MSE": 20.10779319195023, "anchor 1 mse": 0.026313874721468983, "anchor 2 mse": 2.8282960474423686, "anchor 3 mse": 0.10623999887060571, "anchor 4 mse": 0.45044245303846714}
{"bot_id": "0000000000000b01", "x": 1.1593991956463936, "y": 1.8695513925867913, "z": 0.0, "MSE": 20.151838132687867, "anchor 1 mse": 0.021270496837914387, "anchor 2 mse": 2.8248361366937926, "anchor 3 mse": 0.10150624697264993, "anchor 4 mse": 0.4403034403789495}
{"bot_id": "0000000000000b01", "x": 1.1580462792189143, "y": 1.8757541860185172, "z": 0.0, "MSE": 20.12298752916156, "anchor 1 mse": 0.025552883035586525, "anchor 2 mse": 2.7784166953567317, "anchor 3 mse": 0.10018199490659555, "anchor 4 mse": 0.4474608134439764}
{"bot_id": "0000000000000b01", "x": 1.027536934942428, "y": 2.521916018979525, "z": 0.0, "MSE": 9.447866668081279, "anchor 1 mse": 0.11730668849449577, "anchor 2 mse": 0.2204724935881045, "anchor 3 mse": 0.03869793037140135, "anchor 4 mse": 1.573830578513295}
{"bot_id": "0000000000000b01", "x": 1.3435066216934537, "y": 3.5819104434594236, "z": 0.0, "MSE": 14.05379210010821, "anchor 1 mse": 0.000453614337916955, "anchor 2 mse": 0.014099933834043905, "anchor 3 mse": 0.004699798353004654, "anchor 4 mse": 3.997018878411659}
{"bot_id": "0000000000000b01", "x": 1.7927043880542715, "y": 3.393405854305448, "z": 0.0, "MSE": 42.451980278801074, "anchor 1 mse": 2.030682601960148, "anchor 2 mse": 0.06375918689452535, "anchor 3 mse": 0.30748112339446126, "anchor 4 mse": 2.752000551311798}
{"bot_id": "0000000000000b01", "x": 2.222499900511365, "y": 3.1944176856575734, "z": 0.0, "MSE": 73.14833710353182, "anchor 1 mse": 4.415681371952107, "anchor 2 mse": 0.4219264578680653, "anchor 3 mse": 0.9800791409490179, "anchor 4 mse": 1.8046963459397387}
{"bot_id": "0000000000000b01", "x": 1.9388123885580617, "y": 2.890438057111829, "z": 0.0, "MSE": 103.71081460722628, "anchor 1 mse": 6.312122202721672, "anchor 2 mse": 4.093881104716886, "anchor 3 mse": 0.49847649907043184, "anchor 4 mse": 1.2651686372474693}
{"bot_id": "0000000000000b01", "x": 2.198147547988235, "y": 2.905038497973994, "z": 0.0, "MSE": 157.11669281360693, "anchor 1 mse": 9.415546748464525, "anchor 2 mse": 5.29748392276296, "anchor 3 mse": 0.9019053033714702, "anchor 4 mse": 1.149704940422852}
{"bot_id": "0000000000000b01", "x": 2.392638687594018, "y": 2.938510991573001, "z": 0.0, "MSE": 227.60564925343613,