{"bot_id": "0000000000000b01", "x": 1.0813953488372092, "y": 1.4999999999999998, "z": 0.0, "MSE": 36.0, "anchor 1 mse": 3.4194159004867486, "anchor 2 mse": 3.4194159004867504, "anchor 3 mse": 5.931043807463495, "anchor 4 mse": 5.931043807463493}
{"bot_id": "0000000000000b01", "x": 1.0813953488372092, "y": 1.4999999999999998, "z": 0.0, "MSE": 36.0, "anchor 1 mse": 3.4194159004867486, "anchor 2 mse": 3.4194159004867504, "anchor 3 mse": 5.931043807463495, "anchor 4 mse": 5.931043807463493}
{"bot_id": "0000000000000b01", "x": 1.0813953488372092, "y": 1.4999999999999998, "z": 0.0, "MSE": 36.0, "anchor 1 mse": 3.4194159004867486, "anchor 2 mse": 3.4194159004867504, "anchor 3 mse": 5.931043807463495, "anchor 4 mse": 5.931043807463493}
{"bot_id": "0000000000000b01", "x": 1.0813953488372092, "y": 1.4999999999999998, "z": 0.0, "MSE": 36.0, "anchor 1 mse": 3.4194159004867486, "anchor 2 mse": 3.4194159004867504, "anchor 3 mse": 5.931043807463495, "anchor 4 mse": 5.931043807463493}
{"bot_id": "0000000000000b01", "x": 1.0813953488372092, "y": 1.4999999999999998, "z": 0.0, "MSE": 36.0, "anchor 1 mse": 3.4194159004867486, "anchor 2 mse": 3.4194159004867504, "anchor 3 mse": 5.931043807463495, "anchor 4 mse": 5.931043807463493}
{"bot_id": "0000000000000b01", "x": 1.0813953488372092, "y": 1.4999999999999998, "z": 0.0, "MSE": 36.0, "anchor 1 mse": 3.4194159004867486, "anchor 2 mse": 3.4194159004867504, "anchor 3 mse": 5.931043807463495, "anchor 4 mse": 5.931043807463493}
{"bot_id": "0000000000000b01", "x": 1.0813953488372092, "y": 1.4999999999999998, "z": 0.0, "MSE": 36.0, "anchor 1 mse": 3.4194159004867486, "anchor 2 mse": 3.4194159004867504, "anchor 3 mse": 5.931043807463495, "anchor 4 mse": 5.931043807463493}
{"bot_id": "0000000000000b01", "x": 1.0813953488372092, "y": 1.4999999999999998, "z": 0.0, "MSE": 36.0, "anchor 1 mse": 3.4194159004867486, "anchor 2 mse": 3.4194159004867504, "anchor 3 mse": 5.931043807463495, "anchor 4 mse": 5.931043807463493}
{"bot_id": "0000000000000b01", "x": 1.254497912246264, "y": 0.9106001178219917, "z": 0.0, "MSE": 24.180539540618323, "anchor 1 mse": 2.40295758640766, "anchor 2 mse": 0.8047517729349637, "anchor 3 mse": 0.9265346413597616, "anchor 4 mse": 3.875970112930076}
{"bot_id": "0000000000000b01", "x": 1.1162656764810053, "y": 1.7553584479266835, "z": 0.0, "MSE": 8.385751621672311, "anchor 1 mse": 0.11544765650790367, "anchor 2 mse": 0.017392249148155146, "anchor 3 mse": 0.2477886910843008, "anchor 4 mse": 0.39040979971134854}
{"bot_id": "0000000000000b01", "x": 1.1162656764810053, "y": 1.7553584479266835, "z": 0.0, "MSE": 8.385751621672311, "anchor 1 mse": 0.11544765650790367, "anchor 2 mse": 0.017392249148155146, "anchor 3 mse": 0.2477886910843008, "anchor 4 mse": 0.39040979971134854}
{"bot_id": "0000000000000b01", "x": 1.1162656764810053, "y": 1.7553584479266835, "z": 0.0, "MSE": 8.385751621672311, "anchor 1 mse": 0.11544765650790367, "anchor 2 mse": 0.017392249148155146, "anchor 3 mse": 0.2477886910843008, "anchor 4 mse": 0.39040979971134854}
{"bot_id": "0000000000000b01", "x": 1.1162656764810053, "y": 1.7553584479266835, "z": 0.0, "MSE": 8.385751621672311, "anchor 1 mse": 0.11544765650790367, "anchor 2 mse": 0.017392249148155146, "anchor 3 mse": 0.2477886910843008, "anchor 4 mse": 0.39040979971134854}
{"bot_id": "0000000000000b01", "x": 1.1635548523814916, "y": 1.880616021135966, "z": 0.0, "MSE": 20.543588249671544, "anchor 1 mse": 0.04171785686490983, "anchor 2 mse": 2.993930971832821, "anchor 3 mse": 0.14602949123574585, "anchor 4 mse": 0.45462522067063743}
{"bot_id": "0000000000000b01", "x": 1.1547734779283887, "y": 1.888854395607699, "z": 0.0, "MSE": 20.626258749427052, "anchor 1 mse": 0.03846234050818941, "anchor 2 mse": 2.898655081301616, "anchor 3 mse": 0.1314226057237064, "anchor 4 mse": 0.43635820862756053}
{"bot_id": "0000000000000b01", "x": 1.1557751252218502, "y": 1.886850662784399, "z": 0.0, "MSE": 20.572166878089682, "anchor 1 mse": 0.03780975817778184, "anchor 2 mse": 2.8961158596120136, "anchor 3 mse": 0.13155077367190648, "anchor 4 mse": 0.4373152091634139}
{"bot_id": "0000000000000b01", "x": 0.8041352801844708, "y": 1.7179863894490794, "z": 0.0, "MSE": 40.407643770634316, "anchor 1 mse": 0.26037973747160853, "anchor 2 mse": 10.640054293260828, "anchor 3 mse": 0.49782683039194764, "anchor 4 mse": 0.6575925862739922}
{"bot_id": "0000000000000b01", "x": 1.0698506699779635, "y": 1.7073640917017185, "z": 0.0, "MSE": 58.17826007466265, "anchor 1 mse": 0.14613794819917336, "anchor 2 mse": 11.672561344571335, "anchor 3 mse": 0.2360686724402771, "anchor 4 mse": 0.34784895465240656, "anchor 5 mse": 0.5052430743253676}
{"bot_id": "0000000000000b01", "x": 1.0099550205803582, "y": 1.920288461268413, "z": 0.0, "MSE": 30.432548130242964, "anchor 1 mse": 0.04128042550801299, "anchor 2 mse": 2.3888277449644812, "anchor 3 mse": 0.17863381575987103, "anchor 4 mse": 0.6080083930255484, "anchor 5 mse": 0.8470299543785387}
{"bot_id": "0000000000000b01", "x": 1.0109731205219612, "y": 1.9202949990552778, "z": 0.0, "MSE": 30.41822124403426, "anchor 1 mse": 0.041666826754407756, "anchor 2 mse": 2.386548026623799, "anchor 3 mse": 0.17787559134994407, "anchor 4 mse": 0.6091014236229793, "anchor 5 mse": 0.8470632946601432}
{"bot_id": "0000000000000b01", "x": 1.0195435637167423, "y": 1.9175953220726274, "z": 0.0, "MSE": 30.274022906819066, "anchor 1 mse": 0.03705733946275103, "anchor 2 mse": 2.4241442559551527, "anchor 3 mse": 0.18106552242120447, "anchor 4 mse": 0.6484575824951646, "anchor 5 mse": 0.8423631259723191}
{"bot_id": "0000000000000b01", "x": 1.0159580053235562, "y": 1.9125304181319378, "z": 0.0, "MSE": 30.180190490832302, "anchor 1 mse": 0.032431183854745096, "anchor 2 mse": 2.4013711177408394, "anchor 3 mse": 0.17732096493910407, "anchor 4 mse": 0.6332287970127717, "anchor 5 mse": 0.8329664219499561}
{"bot_id": "0000000000000b01", "x": 1.0190793042672441, "y": 1.9167552363985079, "z": 0.0, "MSE": 30.11624462635061, "anchor 1 mse": 0.03742775343582225, "anchor 2 mse": 2.371960335982165, "anchor 3 mse": 0.18053976619828, "anchor 4 mse": 0.6343270654101595, "anchor 5 mse": 0.840804183315406}
{"bot_id": "0000000000000b01", "x": 1.4739193770161936, "y": 1.6160415252814988, "z": 0.0, "MSE": 19.795745047620013, "anchor 1 mse": 0.02695715706255575, "anchor 2 mse": 0.1827904877055102, "anchor 3 mse": 0.05563712541349872, "anchor 4 mse": 0.0759462432224041, "anchor 5 mse": 0.6041067367825727}
{"bot_id": "0000000000000b01", "x": 1.4770728897243512, "y": 1.6270659753112688, "z": 0.0, "MSE": 19.865552585636305, "anchor 1 mse": 0.04334544239151733, "anchor 2 mse": 0.18813643607360817, "anchor 3 mse": 0.051140315319946665, "anchor 4 mse": 0.08164804587110033, "anchor 5 mse": 0.6208102795030158}
{"bot_id": "0000000000000b01", "x": 1.48738691301724, "y": 1.6397700135355986, "z": 0.0, "MSE": 19.746902956882614, "anchor 1 mse": 0.04308570318917641, "anchor 2 mse": 0.1884837384359178, "anchor 3 mse": 0.0589683226051023, "anchor 4 mse": 0.0821386578914999, "anchor 5 mse": 0.6468516731998146}
{"bot_id": "0000000000000b01", "x": 1.019084685723606, "y": 1.9395660857794157, "z": 0.0, "MSE": 30.415660990895194, "anchor 1 mse": 0.055094095708617306, "anchor 2 mse": 2.409203565870161, "anchor 3 mse": 0.22471366804653004, "anchor 4 mse": 0.6692343574458325, "anchor 5 mse": 0.883148654776021}
{"bot_id": "0000000000000b01", "x": 1.0148448405937693, "y": 1.9397956127088256, "z": 0.0, "MSE": 30.495995247197342, "anchor 1 mse": 0.04811175671596489, "anchor 2 mse": 2.4754182194730934, "anchor 3 mse": 0.24342847628826295, "anchor 4 mse": 0.6957496090478685, "anchor 5 mse": 0.8834361629590114}
{"bot_id": "0000000000000b01", "x": 1.1107121879496187, "y": 1.7384748153391834, "z": 0.0, "MSE": 58.16994429570797, "anchor 1 mse": 0.1305260980296096, "anchor 2 mse": 11.770467665819739, "anchor 3 mse": 0.2589733212472779, "anchor 4 mse": 0.42846723544453624, "anchor 5 mse": 0.5576022414508326}
{"bot_id": "0000000000000b01", "x": 1.1042324742549088,