{"bot_id": "0000000000000b01", "x": 1.0813953488372092, "y": 1.4999999999999998, "z": 0.0, "MSE": 36.0, "anchor 1 mse": 3.4194159004867486, "anchor 2 mse": 3.4194159004867504, "anchor 3 mse": 5.931043807463495, "anchor 4 mse": 5.931043807463493}
{"bot_id": "0000000000000b01", "x": 1.0419530855747563, "y": 1.2002293041918128, "z": 0.0, "MSE": 25.04785084616828, "anchor 1 mse": 2.5262166151795187, "anchor 2 mse": 0.29119530913349434, "anchor 3 mse": 0.8091618160725654, "anchor 4 mse": 0.12015065816423139}
{"bot_id": "0000000000000b01", "x": 1.1162656764810053, "y": 1.7553584479266835, "z": 0.0, "MSE": 8.385751621672311, "anchor 1 mse": 0.11544765650790367, "anchor 2 mse": 0.017392249148155146, "anchor 3 mse": 0.2477886910843008, "anchor 4 mse": 0.39040979971134854}
{"bot_id": "0000000000000b01", "x": 1.1162656764810053, "y": 1.7553584479266835, "z": 0.0, "MSE": 8.385751621672311, "anchor 1 mse": 0.11544765650790367, "anchor 2 mse": 0.017392249148155146, "anchor 3 mse": 0.2477886910843008, "anchor 4 mse": 0.39040979971134854}
{"bot_id": "0000000000000b01", "x": 1.1162656764810053, "y": 1.7553584479266835, "z": 0.0, "MSE": 8.385751621672311, "anchor 1 mse": 0.11544765650790367, "anchor 2 mse": 0.017392249148155146, "anchor 3 mse": 0.2477886910843008, "anchor 4 mse": 0.39040979971134854}
{"bot_id": "0000000000000b01", "x": 1.1162656764810053, "y": 1.7553584479266835, "z": 0.0, "MSE": 8.385751621672311, "anchor 1 mse": 0.11544765650790367, "anchor 2 mse": 0.017392249148155146, "anchor 3 mse": 0.2477886910843008, "anchor 4 mse": 0.39040979971134854}
{"bot_id": "0000000000000b01", "x": 1.1162656764810053, "y": 1.7553584479266835, "z": 0.0, "MSE": 8.385751621672311, "anchor 1 mse": 0.11544765650790367, "anchor 2 mse": 0.017392249148155146, "anchor 3 mse": 0.2477886910843008, "anchor 4 mse": 0.39040979971134854}
{"bot_id": "0000000000000b01", "x": 1.1162656764810053, "y": 1.7553584479266835, "z": 0.0, "MSE": 8.385751621672311, "anchor 1 mse": 0.11544765650790367, "anchor 2 mse": 0.017392249148155146, "anchor 3 mse": 0.2477886910843008, "anchor 4 mse": 0.39040979971134854}
{"bot_id": "0000000000000b01", "x": 1.1162656764810053, "y": 1.7553584479266835, "z": 0.0, "MSE": 8.385751621672311, "anchor 1 mse": 0.11544765650790367, "anchor 2 mse": 0.017392249148155146, "anchor 3 mse": 0.2477886910843008, "anchor 4 mse": 0.39040979971134854}
{"bot_id": "0000000000000b01", "x": 1.1162656764810053, "y": 1.7553584479266835, "z": 0.0, "MSE": 8.385751621672311, "anchor 1 mse": 0.11544765650790367, "anchor 2 mse": 0.017392249148155146, "anchor 3 mse": 0.2477886910843008, "anchor 4 mse": 0.39040979971134854}
{"bot_id": "0000000000000b01", "x": 1.1136328214251245, "y": 1.7585916303507143, "z": 0.0, "MSE": 8.370821262873996, "anchor 1 mse": 0.11845365525144586, "anchor 2 mse": 0.015589445556588005, "anchor 3 mse": 0.2482051445202351, "anchor 4 mse": 0.3955884801213803}
{"bot_id": "0000000000000b01", "x": 1.1650668170439602, "y": 1.8789656355024007, "z": 0.0, "MSE": 20.500579221692618, "anchor 1 mse": 0.041966148628394, "anchor 2 mse": 3.0016662880563274, "anchor 3 mse": 0.14899046737518776, "anchor 4 mse": 0.4573919789580107}
{"bot_id": "0000000000000b01", "x": 1.1616282593846474, "y": 1.8824828996600924, "z": 0.0, "MSE": 20.58793272229775, "anchor 1 mse": 0.04148311163696228, "anchor 2 mse": 2.9846544133280717, "anchor 3 mse": 0.14654582263938085, "anchor 4 mse": 0.4486291709078228}
{"bot_id": "0000000000000b01", "x": 1.1566192830094117, "y": 1.8869336263717353, "z": 0.0, "MSE": 20.631746769954564, "anchor 1 mse": 0.040432517481355124, "anchor 2 mse": 2.937031596532219, "anchor 3 mse": 0.14806401916874548, "anchor 4 mse": 0.4328460195258273}
{"bot_id": "0000000000000b01", "x": 1.1556103105052724, "y": 1.8873955494237715, "z": 0.0, "MSE": 20.592609681846938, "anchor 1 mse": 0.03877979428388265, "anchor 2 mse": 2.9041555132959203, "anchor 3 mse": 0.13773771442515245, "anchor 4 mse": 0.4342096550727423}
{"bot_id": "0000000000000b01", "x": 1.1557751252218502, "y": 1.886850662784399, "z": 0.0, "MSE": 20.572166878089682, "anchor 1 mse": 0.03780975817778184, "anchor 2 mse": 2.8961158596120136, "anchor 3 mse": 0.13155077367190648, "anchor 4 mse": 0.4373152091634139}
{"bot_id": "0000000000000b01", "x": 0.8109048781251222, "y": 1.713375012269042, "z": 0.0, "MSE": 40.38685991228962, "anchor 1 mse": 0.2544403034074122, "anchor 2 mse": 10.6890860758829, "anchor 3 mse": 0.492885523495879, "anchor 4 mse": 0.6444038339301374}
{"bot_id": "0000000000000b01", "x": 0.824852044153423, "y": 1.711668751347412, "z": 0.0, "MSE": 40.42756370289837, "anchor 1 mse": 0.24710109760343205, "anchor 2 mse": 10.747484050804088, "anchor 3 mse": 0.4773606695090847, "anchor 4 mse": 0.609527596307495}
{"bot_id": "0000000000000b01", "x": 1.1498858384783965, "y": 1.8871076604977977, "z": 0.0, "MSE": 20.442834864233983, "anchor 1 mse": 0.026573118067846936, "anchor 2 mse": 2.7801642828192605, "anchor 3 mse": 0.10087673246181515, "anchor 4 mse": 0.4316885137077577}
{"bot_id": "0000000000000b01", "x": 1.150213472227895, "y": 1.8871421619489785, "z": 0.0, "MSE": 20.424495261531277, "anchor 1 mse": 0.026975185453357774, "anchor 2 mse": 2.7761069633724538, "anchor 3 mse": 0.10068718628605562, "anchor 4 mse": 0.43329822791872386}
{"bot_id": "0000000000000b01", "x": 1.1546560101638914, "y": 1.8794093952358244, "z": 0.0, "MSE": 20.354306999946424, "anchor 1 mse": 0.025128030537622765, "anchor 2 mse": 2.819116972685944, "anchor 3 mse": 0.100812892633592, "anchor 4 mse": 0.43887968829475676}
{"bot_id": "0000000000000b01", "x": 1.1593656259350884, "y": 1.8733906501696267, "z": 0.0, "MSE": 20.16164779466597, "anchor 1 mse": 0.025975598286332113, "anchor 2 mse": 2.815760913705223, "anchor 3 mse": 0.10668212117270214, "anchor 4 mse": 0.4439749048873896}
{"bot_id": "0000000000000b01", "x": 1.1593991956463936, "y": 1.8695513925867913, "z": 0.0, "MSE": 20.151838132687867, "anchor 1 mse": 0.021270496837914387, "anchor 2 mse": 2.8248361366937926, "anchor 3 mse": 0.10150624697264993, "anchor 4 mse": 0.4403034403789495}
{"bot_id": "0000000000000b01", "x": 1.1580462792189143, "y": 1.8757541860185172, "z": 0.0, "MSE": 20.12298752916156, "anchor 1 mse": 0.025552883035586525, "anchor 2 mse": 2.7784166953567317, "anchor 3 mse": 0.10018199490659555, "anchor 4 mse": 0.4474608134439764}
{"bot_id": "0000000000000b01", "x": 1.1114016928219665, "y": 1.6908820192089766, "z": 0.0, "MSE": 8.536815549683894, "anchor 1 mse": 0.10757872497813815, "anchor 2 mse": 0.01308945959009038, "anchor 3 mse": 0.21631526208053806, "anchor 4 mse": 0.3454973109993572}
{"bot_id": "0000000000000b01", "x": 1.4732932165840467, "y": 1.6231819360106525, "z": 0.0, "MSE": 19.840491574497257, "anchor 1 mse": 0.03638740957234775, "anchor 2 mse": 0.18803508142169553, "anchor 3 mse": 0.05361552636252047, "anchor 4 mse": 0.07907865320298109, "anchor 5 mse": 0.6123621942344584}
{"bot_id": "0000000000000b01", "x": 1.475729815929704, "y": 1.7116187335216946, "z": 0.0, "MSE": 15.092778645417932, "anchor 1 mse": 0.021244442278209347, "anchor 2 mse": 0.1425647664906122, "anchor 3 mse": 0.029426452923004255, "anchor 4 mse": 0.12186635303083437, "anchor 5 mse": 0.02439369108310107}
{"bot_id": "0000000000000b01", "x": 1.0391481326883603, "y": 2.013897504431401, "z": 0.0, "MSE": 26.718805115459006, "anchor 1 mse": 0.024099364521987417, "anchor 2 mse": 2.2921601471706046, "anchor 3 mse": 0.16973279372573258, "anchor 4 mse": 0.7508860248537698, "anchor 5 mse": 0.09912869937024417}
{"bot_id": "0000000000000b01", "x": 1.0349192424183924, "y": 2.021453206993975, "z": 0.0, "MSE": 26.876613679370404, "anchor 1 mse": 0.023944011075413975, "anchor 2 mse": 2.327827507476676, "anchor 3 mse": 0.19193260945366203, "anchor 4 mse": 0.7704598934616652, "anchor 5 mse": 0.10384119670354656}
{"bot_id": "0000000000000b01", "x": 1.2064805518493102, "y": 1.7744582021347968, "z": 0.0, "MSE": 53.79285570338, "anchor 1 mse": 0.07757511252859194, "anchor 2 mse": 12.039181118081068,