{"bot_id": "0000000000000b01", "x": 1.2741646500899424, "y": 1.305817431614006, "z": 0.0, "MSE": 30.98453898733808, "anchor 1 mse": 3.3286547202458254, "anchor 2 mse": 0.336222222597253, "anchor 3 mse": 5.848762230022133, "anchor 4 mse": 4.68366681970617}
{"bot_id": "0000000000000b01", "x": 1.254497912246264, "y": 0.9106001178219917, "z": 0.0, "MSE": 24.180539540618323, "anchor 1 mse": 2.40295758640766, "anchor 2 mse": 0.8047517729349637, "anchor 3 mse": 0.9265346413597616, "anchor 4 mse": 3.875970112930076}
{"bot_id": "0000000000000b01", "x": 1.1162656764810053, "y": 1.7553584479266835, "z": 0.0, "MSE": 8.385751621672311, "anchor 1 mse": 0.11544765650790367, "anchor 2 mse": 0.017392249148155146, "anchor 3 mse": 0.2477886910843008, "anchor 4 mse": 0.39040979971134854}
{"bot_id": "0000000000000b01", "x": 1.1162656764810053, "y": 1.7553584479266835, "z": 0.0, "MSE": 8.385751621672311, "anchor 1 mse": 0.11544765650790367, "anchor 2 mse": 0.017392249148155146, "anchor 3 mse": 0.2477886910843008, "anchor 4 mse": 0.39040979971134854}
{"bot_id": "0000000000000b01", "x": 1.1162656764810053, "y": 1.7553584479266835, "z": 0.0, "MSE": 8.385751621672311, "anchor 1 mse": 0.11544765650790367, "anchor 2 mse": 0.017392249148155146, "anchor 3 mse": 0.2477886910843008, "anchor 4 mse": 0.39040979971134854}
{"bot_id": "0000000000000b01", "x": 1.1162656764810053, "y": 1.7553584479266835, "z": 0.0, "MSE": 8.385751621672311, "anchor 1 mse": 0.11544765650790367, "anchor 2 mse": 0.017392249148155146, "anchor 3 mse": 0.2477886910843008, "anchor 4 mse": 0.39040979971134854}
{"bot_id": "0000000000000b01", "x": 1.1162656764810053, "y": 1.7553584479266835, "z": 0.0, "MSE": 8.385751621672311, "anchor 1 mse": 0.11544765650790367, "anchor 2 mse": 0.017392249148155146, "anchor 3 mse": 0.2477886910843008, "anchor 4 mse": 0.39040979971134854}
{"bot_id": "0000000000000b01", "x": 1.1162656764810053, "y": 1.7553584479266835, "z": 0.0, "MSE": 8.385751621672311, "anchor 1 mse": 0.11544765650790367, "anchor 2 mse": 0.017392249148155146, "anchor 3 mse": 0.2477886910843008, "anchor 4 mse": 0.39040979971134854}
{"bot_id": "0000000000000b01", "x": 1.1162656764810053, "y": 1.7553584479266835, "z": 0.0, "MSE": 8.385751621672311, "anchor 1 mse": 0.11544765650790367, "anchor 2 mse": 0.017392249148155146, "anchor 3 mse": 0.2477886910843008, "anchor 4 mse": 0.39040979971134854}
{"bot_id": "0000000000000b01", "x": 1.1162656764810053, "y": 1.7553584479266835, "z": 0.0, "MSE": 8.385751621672311, "anchor 1 mse": 0.11544765650790367, "anchor 2 mse": 0.017392249148155146, "anchor 3 mse": 0.2477886910843008, "anchor 4 mse": 0.39040979971134854}
{"bot_id": "0000000000000b01", "x": 1.1151931742393522, "y": 1.7549788590470516, "z": 0.0, "MSE": 8.37631415184501, "anchor 1 mse": 0.11605713633905407, "anchor 2 mse": 0.016535226996155276, "anchor 3 mse": 0.24888910741190504, "anchor 4 mse": 0.3910674652522559}
{"bot_id": "0000000000000b01", "x": 1.1160327796301943, "y": 1.751171001822247, "z": 0.0, "MSE": 8.395766525854956, "anchor 1 mse": 0.11502112029028007, "anchor 2 mse": 0.017420578337742996, "anchor 3 mse": 0.24601925737585853, "anchor 4 mse": 0.3870649970185943}
{"bot_id": "0000000000000b01", "x": 1.1616282593846474, "y": 1.8824828996600924, "z": 0.0, "MSE": 20.58793272229775, "anchor 1 mse": 0.04148311163696228, "anchor 2 mse": 2.9846544133280717, "anchor 3 mse": 0.14654582263938085, "anchor 4 mse": 0.4486291709078228}
{"bot_id": "0000000000000b01", "x": 1.1553223389091687, "y": 1.889140161656864, "z": 0.0, "MSE": 20.68740275545717, "anchor 1 mse": 0.039949524098987485, "anchor 2 mse": 2.928590841221559, "anchor 3 mse": 0.13725274695265394, "anchor 4 mse": 0.43612167299934573}
{"bot_id": "0000000000000b01", "x": 1.1547734779283887, "y": 1.888854395607699, "z": 0.0, "MSE": 20.626258749427052, "anchor 1 mse": 0.03846234050818941, "anchor 2 mse": 2.898655081301616, "anchor 3 mse": 0.1314226057237064, "anchor 4 mse": 0.43635820862756053}
{"bot_id": "0000000000000b01", "x": 1.1557751252218502, "y": 1.886850662784399, "z": 0.0, "MSE": 20.572166878089682, "anchor 1 mse": 0.03780975817778184, "anchor 2 mse": 2.8961158596120136, "anchor 3 mse": 0.13155077367190648, "anchor 4 mse": 0.4373152091634139}
{"bot_id": "0000000000000b01", "x": 0.8109048781251222, "y": 1.713375012269042, "z": 0.0, "MSE": 40.38685991228962, "anchor 1 mse": 0.2544403034074122, "anchor 2 mse": 10.6890860758829, "anchor 3 mse": 0.492885523495879, "anchor 4 mse": 0.6444038339301374}
{"bot_id": "0000000000000b01", "x": 0.8372827761868747, "y": 1.7132169580339398, "z": 0.0, "MSE": 40.26763403036914, "anchor 1 mse": 0.24036706418437023, "anchor 2 mse": 10.71760923048172, "anchor 3 mse": 0.461629833928685, "anchor 4 mse": 0.5958689596685544}
{"bot_id": "0000000000000b01", "x": 1.1498858384783965, "y": 1.8871076604977977, "z": 0.0, "MSE": 20.442834864233983, "anchor 1 mse": 0.026573118067846936, "anchor 2 mse": 2.7801642828192605, "anchor 3 mse": 0.10087673246181515, "anchor 4 mse": 0.4316885137077577}
{"bot_id": "0000000000000b01", "x": 1.150213472227895, "y": 1.8871421619489785, "z": 0.0, "MSE": 20.424495261531277, "anchor 1 mse": 0.026975185453357774, "anchor 2 mse": 2.7761069633724538, "anchor 3 mse": 0.10068718628605562, "anchor 4 mse": 0.43329822791872386}
{"bot_id": "0000000000000b01", "x": 1.1546560101638914, "y": 1.8794093952358244, "z": 0.0, "MSE": 20.354306999946424, "anchor 1 mse": 0.025128030537622765, "anchor 2 mse": 2.819116972685944, "anchor 3 mse": 0.100812892633592, "anchor 4 mse": 0.43887968829475676}
{"bot_id": "0000000000000b01", "x": 1.1618657116616617, "y": 1.870609850140304, "z": 0.0, "MSE": 20.10779319195023, "anchor 1 mse": 0.026313874721468983, "anchor 2 mse": 2.8282960474423686, "anchor 3 mse": 0.10623999887060571, "anchor 4 mse": 0.45044245303846714}
{"bot_id": "0000000000000b01", "x": 1.1593991956463936, "y": 1.8695513925867913, "z": 0.0, "MSE": 20.151838132687867, "anchor 1 mse": 0.021270496837914387, "anchor 2 mse": 2.8248361366937926, "anchor 3 mse": 0.10150624697264993, "anchor 4 mse": 0.4403034403789495}
{"bot_id": "0000000000000b01", "x": 1.1592009563393562, "y": 1.8737671368159596, "z": 0.0, "MSE": 20.088080609533744, "anchor 1 mse": 0.025900383186160867, "anchor 2 mse": 2.7857980931684168, "anchor 3 mse": 0.1057144997732239, "anchor 4 mse": 0.44448673564579155}
{"bot_id": "0000000000000b01", "x": 1.1114016928219665, "y": 1.6908820192089766, "z": 0.0, "MSE": 8.536815549683894, "anchor 1 mse": 0.10757872497813815, "anchor 2 mse": 0.01308945959009038, "anchor 3 mse": 0.21631526208053806, "anchor 4 mse": 0.3454973109993572}
{"bot_id": "0000000000000b01", "x": 1.1050892335097258, "y": 1.7124591950589507, "z": 0.0, "MSE": 8.514340480273946, "anchor 1 mse": 0.11887658638651456, "anchor 2 mse": 0.01297312518857771, "anchor 3 mse": 0.21777478860416802, "anchor 4 mse": 0.36834386156719284}
{"bot_id": "0000000000000b01", "x": 1.0909947500671149, "y": 1.7258094258927572, "z": 0.0, "MSE": 8.466590970126154, "anchor 1 mse": 0.13247986704551012, "anchor 2 mse": 0.00894739479232129, "anchor 3 mse": 0.22174377358583458, "anchor 4 mse": 0.397665561942239}
{"bot_id": "0000000000000b01", "x": 1.0921219482450046, "y": 1.7426555259133527, "z": 0.0, "MSE": 8.340398990737807, "anchor 1 mse": 0.13310430868165493, "anchor 2 mse": 0.0070556544984885635, "anchor 3 mse": 0.2435455351484571, "anchor 4 mse": 0.4091826127129894}
{"bot_id": "0000000000000b01", "x": 1.1626193579727586, "y": 1.8842625800176018, "z": 0.0, "MSE": 20.25739318949351, "anchor 1 mse": 0.04299539716110421, "anchor 2 mse": 2.86560953426263, "anchor 3 mse": 0.14194525005732747, "anchor 4 mse": 0.45903638206720787}
{"bot_id": "0000000000000b01", "x": 1.1669707181571247, "y": 1.8810615672596125, "z": 0.0, "MSE": 20.32046752852675, "anchor 1 mse": 0.04497442705860519, "anchor 2 mse": 2.9520986123709925, "anchor 3 mse": 0.15242656544953276, "anchor 4 mse": 0.46929331516049216}
{"bot_id": "0000000000000b01", "x": 1.1722268639127622, "y": 1.8694490743202308, "z": 0.0,