{"bot_id": "0000000000000b01", "x": 1.0813953488372092, "y": 1.4999999999999998, "z": 0.0, "MSE": 36.0, "anchor 1 mse": 3.4194159004867486, "anchor 2 mse": 3.4194159004867504, "anchor 3 mse": 5.931043807463495, "anchor 4 mse": 5.931043807463493}
{"bot_id": "0000000000000b01", "x": 1.0419530855747563, "y": 1.2002293041918128, "z": 0.0, "MSE": 25.04785084616828, "anchor 1 mse": 2.5262166151795187, "anchor 2 mse": 0.29119530913349434, "anchor 3 mse": 0.8091618160725654, "anchor 4 mse": 0.12015065816423139}
{"bot_id": "0000000000000b01", "x": 1.1162656764810053, "y": 1.7553584479266835, "z": 0.0, "MSE": 8.385751621672311, "anchor 1 mse": 0.11544765650790367, "anchor 2 mse": 0.017392249148155146, "anchor 3 mse": 0.2477886910843008, "anchor 4 mse": 0.39040979971134854}
{"bot_id": "0000000000000b01", "x": 1.1162656764810053, "y": 1.7553584479266835, "z": 0.0, "MSE": 8.385751621672311, "anchor 1 mse": 0.11544765650790367, "anchor 2 mse": 0.017392249148155146, "anchor 3 mse": 0.2477886910843008, "anchor 4 mse": 0.39040979971134854}
{"bot_id": "0000000000000b01", "x": 1.1162656764810053, "y": 1.7553584479266835, "z": 0.0, "MSE": 8.385751621672311, "anchor 1 mse": 0.11544765650790367, "anchor 2 mse": 0.017392249148155146, "anchor 3 mse": 0.2477886910843008, "anchor 4 mse": 0.39040979971134854}
{"bot_id": "0000000000000b01", "x": 1.1162656764810053, "y": 1.7553584479266835, "z": 0.0, "MSE": 8.385751621672311, "anchor 1 mse": 0.11544765650790367, "anchor 2 mse": 0.017392249148155146, "anchor 3 mse": 0.2477886910843008, "anchor 4 mse": 0.39040979971134854}
{"bot_id": "0000000000000b01", "x": 1.1162656764810053, "y": 1.7553584479266835, "z": 0.0, "MSE": 8.385751621672311, "anchor 1 mse": 0.11544765650790367, "anchor 2 mse": 0.017392249148155146, "anchor 3 mse": 0.2477886910843008, "anchor 4 mse": 0.39040979971134854}
{"bot_id": "0000000000000b01", "x": 1.1162656764810053, "y": 1.7553584479266835, "z": 0.0, "MSE": 8.385751621672311, "anchor 1 mse": 0.11544765650790367, "anchor 2 mse": 0.017392249148155146, "anchor 3 mse": 0.2477886910843008, "anchor 4 mse": 0.39040979971134854}
{"bot_id": "0000000000000b01", "x": 1.1162656764810053, "y": 1.7553584479266835, "z": 0.0, "MSE": 8.385751621672311, "anchor 1 mse": 0.11544765650790367, "anchor 2 mse": 0.017392249148155146, "anchor 3 mse": 0.2477886910843008, "anchor 4 mse": 0.39040979971134854}
{"bot_id": "0000000000000b01", "x": 1.1162656764810053, "y": 1.7553584479266835, "z": 0.0, "MSE": 8.385751621672311, "anchor 1 mse": 0.11544765650790367, "anchor 2 mse": 0.017392249148155146, "anchor 3 mse": 0.2477886910843008, "anchor 4 mse": 0.39040979971134854}
{"bot_id": "0000000000000b01", "x": 1.1151931742393522, "y": 1.7549788590470516, "z": 0.0, "MSE": 8.37631415184501, "anchor 1 mse": 0.11605713633905407, "anchor 2 mse": 0.016535226996155276, "anchor 3 mse": 0.24888910741190504, "anchor 4 mse": 0.3910674652522559}
{"bot_id": "0000000000000b01", "x": 1.1160327796301943, "y": 1.751171001822247, "z": 0.0, "MSE": 8.395766525854956, "anchor 1 mse": 0.11502112029028007, "anchor 2 mse": 0.017420578337742996, "anchor 3 mse": 0.24601925737585853, "anchor 4 mse": 0.3870649970185943}
{"bot_id": "0000000000000b01", "x": 1.1615932025471603, "y": 1.8825800053093837, "z": 0.0, "MSE": 20.520681304068514, "anchor 1 mse": 0.04145695167982293, "anchor 2 mse": 2.9597066418716835, "anchor 3 mse": 0.14653014152403465, "anchor 4 mse": 0.44875505736743015}
{"bot_id": "0000000000000b01", "x": 1.1566192830094117, "y": 1.8869336263717353, "z": 0.0, "MSE": 20.631746769954564, "anchor 1 mse": 0.040432517481355124, "anchor 2 mse": 2.937031596532219, "anchor 3 mse": 0.14806401916874548, "anchor 4 mse": 0.4328460195258273}
{"bot_id": "0000000000000b01", "x": 1.1556103105052724, "y": 1.8873955494237715, "z": 0.0, "MSE": 20.592609681846938, "anchor 1 mse": 0.03877979428388265, "anchor 2 mse": 2.9041555132959203, "anchor 3 mse": 0.13773771442515245, "anchor 4 mse": 0.4342096550727423}
{"bot_id": "0000000000000b01", "x": 1.1557751252218502, "y": 1.886850662784399, "z": 0.0, "MSE": 20.572166878089682, "anchor 1 mse": 0.03780975817778184, "anchor 2 mse": 2.8961158596120136, "anchor 3 mse": 0.13155077367190648, "anchor 4 mse": 0.4373152091634139}
{"bot_id": "0000000000000b01", "x": 0.8041352801844708, "y": 1.7179863894490794, "z": 0.0, "MSE": 40.407643770634316, "anchor 1 mse": 0.26037973747160853, "anchor 2 mse": 10.640054293260828, "anchor 3 mse": 0.49782683039194764, "anchor 4 mse": 0.6575925862739922}
{"bot_id": "0000000000000b01", "x": 0.8372827761868747, "y": 1.7132169580339398, "z": 0.0, "MSE": 40.26763403036914, "anchor 1 mse": 0.24036706418437023, "anchor 2 mse": 10.71760923048172, "anchor 3 mse": 0.461629833928685, "anchor 4 mse": 0.5958689596685544}
{"bot_id": "0000000000000b01", "x": 1.1482804775286568, "y": 1.8959930995544823, "z": 0.0, "MSE": 20.514147508906, "anchor 1 mse": 0.03259390461776322, "anchor 2 mse": 2.7557932292579745, "anchor 3 mse": 0.09886188536607365, "anchor 4 mse": 0.44156507997154687}
{"bot_id": "0000000000000b01", "x": 1.150213472227895, "y": 1.8871421619489785, "z": 0.0, "MSE": 20.424495261531277, "anchor 1 mse": 0.026975185453357774, "anchor 2 mse": 2.7761069633724538, "anchor 3 mse": 0.10068718628605562, "anchor 4 mse": 0.43329822791872386}
{"bot_id": "0000000000000b01", "x": 1.1508604475983846, "y": 1.88370519012268, "z": 0.0, "MSE": 20.436146870981183, "anchor 1 mse": 0.024598186533333826, "anchor 2 mse": 2.799956875813855, "anchor 3 mse": 0.1014628586920749, "anchor 4 mse": 0.4294800531900724}
{"bot_id": "0000000000000b01", "x": 1.1618580068234434, "y": 1.8705428182623876, "z": 0.0, "MSE": 20.18727434456371, "anchor 1 mse": 0.026333671061745705, "anchor 2 mse": 2.8573388616305015, "anchor 3 mse": 0.10626715618093857, "anchor 4 mse": 0.4503855263374073}
{"bot_id": "0000000000000b01", "x": 1.1607667027569777, "y": 1.867211356403569, "z": 0.0, "MSE": 20.110780291663097, "anchor 1 mse": 0.021641567382144893, "anchor 2 mse": 2.833626048821625, "anchor 3 mse": 0.10801839924162132, "anchor 4 mse": 0.4368242551854492}
{"bot_id": "0000000000000b01", "x": 1.1580462792189143, "y": 1.8757541860185172, "z": 0.0, "MSE": 20.12298752916156, "anchor 1 mse": 0.025552883035586525, "anchor 2 mse": 2.7784166953567317, "anchor 3 mse": 0.10018199490659555, "anchor 4 mse": 0.4474608134439764}
{"bot_id": "0000000000000b01", "x": 1.1114016928219665, "y": 1.6908820192089766, "z": 0.0, "MSE": 8.536815549683894, "anchor 1 mse": 0.10757872497813815, "anchor 2 mse": 0.01308945959009038, "anchor 3 mse": 0.21631526208053806, "anchor 4 mse": 0.3454973109993572}
{"bot_id": "0000000000000b01", "x": 1.108898189977575, "y": 1.7083781925938868, "z": 0.0, "MSE": 8.525222068555227, "anchor 1 mse": 0.11491997419935307, "anchor 2 mse": 0.014274792492878139, "anchor 3 mse": 0.2169819193997556, "anchor 4 mse": 0.36162330007599297}
{"bot_id": "0000000000000b01", "x": 1.0909947500671149, "y": 1.7258094258927572, "z": 0.0, "MSE": 8.466590970126154, "anchor 1 mse": 0.13247986704551012, "anchor 2 mse": 0.00894739479232129, "anchor 3 mse": 0.22174377358583458, "anchor 4 mse": 0.397665561942239}
{"bot_id": "0000000000000b01", "x": 1.0971966918012457, "y": 1.733017115107206, "z": 0.0, "MSE": 8.359449470356601, "anchor 1 mse": 0.12572057273999748, "anchor 2 mse": 0.00894997498972385, "anchor 3 mse": 0.2446247097350316, "anchor 4 mse": 0.3961811889626278}
{"bot_id": "0000000000000b01", "x": 1.1617019902630796, "y": 1.8857022030250243, "z": 0.0, "MSE": 20.295817816842707, "anchor 1 mse": 0.04268741146758276, "anchor 2 mse": 2.8599967449622006, "anchor 3 mse": 0.13453768776314695, "anchor 4 mse": 0.46130370702691}
{"bot_id": "0000000000000b01", "x": 1.1669707181571247, "y": 1.8810615672596125, "z": 0.0, "MSE": 20.32046752852675, "anchor 1 mse": 0.04497442705860519, "anchor 2 mse": 2.9520986123709925, "anchor 3 mse": 0.15242656544953276, "anchor 4 mse": 0.46929331516049216}
{"bot_id": "0000000000000b01", "x": 1.1722268639127622, "y": 1.8694490743202308, "z": 0.0,