{"bot_id": "0000000000000b01", "x": 0.9, "y": 2.4, "z": 0, "MSE": 3.3667890848769795, "anchor 1 mse": 4.523184141376442, "anchor 2 mse": 0.5338798118380905, "anchor 3 mse": 4.5214270539127694, "anchor 4 mse": 3.8886653323806173}
{"bot_id": "0000000000000b01", "x": 0.9, "y": 2.4, "z": 0, "MSE": 0.0777135512090821, "anchor 1 mse": 0.00033771954879948464, "anchor 2 mse": 0.1967000486045263, "anchor 3 mse": 0.008100729224824188, "anchor 4 mse": 0.10571570745817842}
{"bot_id": "0000000000000b01", "x": 0.9, "y": 2.4, "z": 0, "MSE": 93.98705852128079, "anchor 1 mse": 16.39756386078841, "anchor 2 mse": 334.27530192817744, "anchor 3 mse": 21.184434449678825, "anchor 4 mse": 4.090933846478475}
{"bot_id": "0000000000000b01", "x": 0.9, "y": 2.4, "z": 0, "MSE": 0.0652133286139563, "anchor 1 mse": 7.265614946254384e-05, "anchor 2 mse": 0.1641916461158954, "anchor 3 mse": 0.010697399397657643, "anchor 4 mse": 0.08589161279280963}
{"bot_id": "0000000000000b01", "x": 0.9, "y": 2.4, "z": 0, "MSE": 0.058121899102423526, "anchor 1 mse": 0.0016557196989298688, "anchor 2 mse": 0.1500206387179509, "anchor 3 mse": 0.0005719109180057805, "anchor 4 mse": 0.08023932707480755}
{"bot_id": "0000000000000b01", "x": 0.9, "y": 2.4, "z": 0, "MSE": 0.05315576944955583, "anchor 1 mse": 0.0001817215694119575, "anchor 2 mse": 0.1462096194802824, "anchor 3 mse": 0.004122195606208526, "anchor 4 mse": 0.06210954114232041}
{"bot_id": "0000000000000b01", "x": 0.9, "y": 2.4, "z": 0, "MSE": 92.81157996809719, "anchor 1 mse": 16.511636065491356, "anchor 2 mse": 330.87141811965995, "anchor 3 mse": 19.949308048384594, "anchor 4 mse": 3.913957638852886}
{"bot_id": "0000000000000b01", "x": 0.9, "y": 2.4, "z": 0, "MSE": 92.88560948313827, "anchor 1 mse": 16.624388161491396, "anchor 2 mse": 330.5020970093788, "anchor 3 mse": 20.462200773993334, "anchor 4 mse": 3.9537519876895395}
{"bot_id": "0000000000000b01", "x": 0.9, "y": 2.4, "z": 0, "MSE": 0.049484217256445036, "anchor 1 mse": 0.0014032761048866, "anchor 2 mse": 0.12738176972620682, "anchor 3 mse": 0.00042519100306757213, "anchor 4 mse": 0.06872663219161915}
{"bot_id": "0000000000000b01", "x": 0.9, "y": 2.4, "z": 0, "MSE": 0.0638432401252087, "anchor 1 mse": 0.0007415333980610799, "anchor 2 mse": 0.15212700176915456, "anchor 3 mse": 0.012368815271770767, "anchor 4 mse": 0.09013561006184842}
{"bot_id": "0000000000000b01", "x": 0.9, "y": 2.4, "z": 0, "MSE": 0.059671014854351605, "anchor 1 mse": 0.00018596022280537315, "anchor 2 mse": 0.14528015846660436, "anchor 3 mse": 0.011287653197160826, "anchor 4 mse": 0.08193028753083587}
{"bot_id": "0000000000000b01", "x": 0.9, "y": 2.4, "z": 0, "MSE": 0.06844535607947175, "anchor 1 mse": 2.1831238555886474e-06, "anchor 2 mse": 0.1695615273266992, "anchor 3 mse": 0.00657412141153809, "anchor 4 mse": 0.09764359245579413}
{"bot_id": "0000000000000b01", "x": 0.9, "y": 2.4, "z": 0, "MSE": 0.06142573873260358, "anchor 1 mse": 2.7069428511722584e-07, "anchor 2 mse": 0.1617219123238507, "anchor 3 mse": 0.005511688064413897, "anchor 4 mse": 0.07846908384786462}
{"bot_id": "0000000000000b01", "x": 0.9, "y": 2.4, "z": 0, "MSE": 0.06301476724637425, "anchor 1 mse": 1.9147456570815566e-05, "anchor 2 mse": 0.1548723208653969, "anchor 3 mse": 0.007220680772878471, "anchor 4 mse": 0.08994691989065082}
{"bot_id": "0000000000000b01", "x": 0.9, "y": 2.4, "z": 0, "MSE": 0.0669255478350608, "anchor 1 mse": 0.005111941832182267, "anchor 2 mse": 0.1721123388436023, "anchor 3 mse": 1.3187129194396515e-05, "anchor 4 mse": 0.09046472353526423}
{"bot_id": "0000000000000b01", "x": 0.9, "y": 2.4, "z": 0, "MSE": 0.06805351262833133, "anchor 1 mse": 0.0025352791340783084, "anchor 2 mse": 0.17685001175900325, "anchor 3 mse": 0.002016188069815377, "anchor 4 mse": 0.09081257155042836}
{"bot_id": "0000000000000b01", "x": 0.9, "y": 2.4, "z": 0, "MSE": 0.10044896439577242, "anchor 1 mse": 0.001907062743633684, "anchor 2 mse": 0.2415169191474838, "anchor 3 mse": 0.005070808731675996, "anchor 4 mse": 0.15330106696029613}
{"bot_id": "0000000000000b01", "x": 0.9, "y": 2.4, "z": 0, "MSE": 0.07218340329629072, "anchor 1 mse": 0.0005101005829363679, "anchor 2 mse": 0.17979442348861313, "anchor 3 mse": 0.00527698624155762, "anchor 4 mse": 0.10315210287205574}
{"bot_id": "0000000000000b01", "x": 0.9, "y": 2.4, "z": 0, "MSE": 94.25948855796678, "anchor 1 mse": 16.151652990944118, "anchor 2 mse": 333.9695089576046, "anchor 3 mse": 22.732204198784643, "anchor 4 mse": 4.184588084533724}
{"bot_id": "0000000000000b01", "x": 0.9, "y": 2.4, "z": 0, "MSE": 0.10161432357610925, "anchor 1 mse": 0.0010166668302394406, "anchor 2 mse": 0.26388951684455714, "anchor 3 mse": 0.007221825744427698, "anchor 4 mse": 0.13432928488521273}
{"bot_id": "0000000000000b01", "x": 0.9, "y": 2.4, "z": 0, "MSE": 0.0804041688553551, "anchor 1 mse": 0.0014689096371287903, "anchor 2 mse": 0.20024242080156696, "anchor 3 mse": 0.0033887205195999165, "anchor 4 mse": 0.11651662446312477}
{"bot_id": "0000000000000b01", "x": 0.9, "y": 2.4, "z": 0, "MSE": 0.0934944163514433, "anchor 1 mse": 0.0011144372652838693, "anchor 2 mse": 0.2227389359822401, "anchor 3 mse": 0.002502490529109269, "anchor 4 mse": 0.14762180162913996}
{"bot_id": "0000000000000b01", "x": 0.9, "y": 2.4, "z": 0, "MSE": 91.27023205604571, "anchor 1 mse": 15.852919368169617, "anchor 2 mse": 325.68420974472264, "anchor 3 mse": 19.7969941044419, "anchor 4 mse": 3.746805006848661}
{"bot_id": "0000000000000b01", "x": 0.9, "y": 2.4, "z": 0, "MSE": 0.07354751926883646, "anchor 1 mse": 5.786010611028921e-05, "anchor 2 mse": 0.17426503266700763, "anchor 3 mse": 0.017184133702205603, "anchor 4 mse": 0.10268305060002232}
{"bot_id": "0000000000000b01", "x": 0.9, "y": 2.4, "z": 0, "MSE": 0.0582775536081276, "anchor 1 mse": 0.0005463442162690535, "anchor 2 mse": 0.1293245343024686, "anchor 3 mse": 0.01765943372243035, "anchor 4 mse": 0.08557990219134241}
{"bot_id": "0000000000000b01", "x": 0.9, "y": 2.4, "z": 0, "MSE": 0.054028034891036074, "anchor 1 mse": 0.006531410893997157, "anchor 2 mse": 0.12124206679029254, "anchor 3 mse": 0.002753090515086861, "anchor 4 mse": 0.08558557136476774}
{"bot_id": "0000000000000b01", "x": 0.9, "y": 2.4, "z": 0, "MSE": 0.05940373724858272, "anchor 1 mse": 2.280620282445972e-05, "anchor 2 mse": 0.14423691394307375, "anchor 3 mse": 0.007037981140116916, "anchor 4 mse": 0.08631724770831577}
{"bot_id": "0000000000000b01", "x": 0.9, "y": 2.4, "z": 0, "MSE": 0.06266517530432111, "anchor 1 mse": 6.556284830826874e-05, "anchor 2 mse": 0.1673510926623247, "anchor 3 mse": 0.007895963174133627, "anchor 4 mse": 0.07534808253251783}
{"bot_id": "0000000000000b01", "x": 0.9, "y": 2.4, "z": 0, "MSE": 0.07424391219731866, "anchor 1 mse": 6.361640582007523e-05, "anchor 2 mse": 0.17996720784113548, "anchor 3 mse": 0.011469196542152197, "anchor 4 mse": 0.10547562800016683}
{"bot_id": "0000000000000b01", "x": 0.9, "y": 2.4, "z": 0, "MSE": 0.05482088566927262, "anchor 1 mse": 0.0007768270175067559, "anchor 2 mse": 0.13993365791149187, "anchor 3 mse": 0.0008740378320335327, "anchor 4 mse": 0.07769901991605836}
{"bot_id": "0000000000000b01", "x": 0.9, "y": 2.4, "z": 0, "MSE": 0.05999280976364507, "anchor 1 mse": 0.0005569363705846988, "anchor 2 mse": 0.15566759544052292, "anchor 3 mse": 0.0013318575193142649, "anchor 4 mse": 0.08241484972415838}
{"bot_id": "0000000000000b01", "x": 0.9, "y": 2.4, "z": 0, "MSE": 0.08020876194384052, "anchor 1 mse": 6.362720981064776e-07, "anchor 2 mse": 0.21235642404343266, "anchor 3 mse": 0.008935429689402623, "anchor 4 mse": 0.09954255777042871}
{"bot_id": "0000000000000b01", "x": 0.9, "y": 2.4, "z": 0, "MSE": 0.055382488256656606, "anchor 1 mse": 0.00012764279027471377, "anchor 2 mse": 0.13346100828884697, "anchor 3 mse": 0.01174050605053736, "anchor 4 mse": 0.07620079589696736}
{"bot_id": "0000000000000b01", "x": 0.9, "y": 2.4, "z": 0, "MSE": 0.05359997121318, "anchor 1 mse": 0.002372510486838395, "anchor 2 mse": 0.12504131084964612, "anchor 3 mse": 0.02008833174984092,