{"bot_id": "0000000000000b01", "x": 1.4997824710334529, "y": 1.5, "z": 0.0, "MSE": 4.500000047318852, "anchor 1 mse": 4.4993474604192105, "anchor 2 mse": 4.4993474604192105, "anchor 3 mse": 4.500652634218493, "anchor 4 mse": 4.500652634218493}
{"bot_id": "0000000000000b01", "x": 1.4997824710334529, "y": 1.5, "z": 0.0, "MSE": 4.500000047318852, "anchor 1 mse": 4.4993474604192105, "anchor 2 mse": 4.4993474604192105, "anchor 3 mse": 4.500652634218493, "anchor 4 mse": 4.500652634218493}
{"bot_id": "0000000000000b01", "x": 1.4997824710334529, "y": 1.5, "z": 0.0, "MSE": 4.500000047318852, "anchor 1 mse": 4.4993474604192105, "anchor 2 mse": 4.4993474604192105, "anchor 3 mse": 4.500652634218493, "anchor 4 mse": 4.500652634218493}
{"bot_id": "0000000000000b01", "x": 1.4997824710334529, "y": 1.5, "z": 0.0, "MSE": 4.500000047318852, "anchor 1 mse": 4.4993474604192105, "anchor 2 mse": 4.4993474604192105, "anchor 3 mse": 4.500652634218493, "anchor 4 mse": 4.500652634218493}
{"bot_id": "0000000000000b01", "x": 1.4997824710334529, "y": 1.5, "z": 0.0, "MSE": 4.500000047318852, "anchor 1 mse": 4.4993474604192105, "anchor 2 mse": 4.4993474604192105, "anchor 3 mse": 4.500652634218493, "anchor 4 mse": 4.500652634218493}
{"bot_id": "0000000000000b01", "x": 1.4997824710334529, "y": 1.5, "z": 0.0, "MSE": 4.500000047318852, "anchor 1 mse": 4.4993474604192105, "anchor 2 mse": 4.4993474604192105, "anchor 3 mse": 4.500652634218493, "anchor 4 mse": 4.500652634218493}
{"bot_id": "0000000000000b01", "x": 1.4997824710334529, "y": 1.5, "z": 0.0, "MSE": 4.500000047318852, "anchor 1 mse": 4.4993474604192105, "anchor 2 mse": 4.4993474604192105, "anchor 3 mse": 4.500652634218493, "anchor 4 mse": 4.500652634218493}
{"bot_id": "0000000000000b01", "x": 1.4997824710334529, "y": 1.5, "z": 0.0, "MSE": 4.500000047318852, "anchor 1 mse": 4.4993474604192105, "anchor 2 mse": 4.4993474604192105, "anchor 3 mse": 4.500652634218493, "anchor 4 mse": 4.500652634218493}
{"bot_id": "0000000000000b01", "x": 1.4997824710334529, "y": 1.5, "z": 0.0, "MSE": 4.500000047318852, "anchor 1 mse": 4.4993474604192105, "anchor 2 mse": 4.4993474604192105, "anchor 3 mse": 4.500652634218493, "anchor 4 mse": 4.500652634218493}
{"bot_id": "0000000000000b01", "x": 1.4997824710334529, "y": 1.5, "z": 0.0, "MSE": 4.500000047318852, "anchor 1 mse": 4.4993474604192105, "anchor 2 mse": 4.4993474604192105, "anchor 3 mse": 4.500652634218493, "anchor 4 mse": 4.500652634218493}
{"bot_id": "0000000000000b01", "x": 1.248474958325642, "y": 1.407384004629589, "z": 0.0, "MSE": 1.0575826613770114, "anchor 1 mse": 0.2901605331553285, "anchor 2 mse": 0.2339068323989119, "anchor 3 mse": 0.3688534107125575, "anchor 4 mse": 0.08815094434314495}
{"bot_id": "0000000000000b01", "x": 1.5938958380238677, "y": 1.7957464641770298, "z": 0.0, "MSE": 0.08189133443398738, "anchor 1 mse": 0.00035777620996751486, "anchor 2 mse": 0.20947215968688113, "anchor 3 mse": 0.008337850345830355, "anchor 4 mse": 0.10939755149327056}
{"bot_id": "0000000000000b01", "x": 1.5938958380238677, "y": 1.7957464641770298, "z": 0.0, "MSE": 0.08189133443398738, "anchor 1 mse": 0.00035777620996751486, "anchor 2 mse": 0.20947215968688113, "anchor 3 mse": 0.008337850345830355, "anchor 4 mse": 0.10939755149327056}
{"bot_id": "0000000000000b01", "x": 1.5938958380238677, "y": 1.7957464641770298, "z": 0.0, "MSE": 0.08189133443398738, "anchor 1 mse": 0.00035777620996751486, "anchor 2 mse": 0.20947215968688113, "anchor 3 mse": 0.008337850345830355, "anchor 4 mse": 0.10939755149327056}
{"bot_id": "0000000000000b01", "x": 1.5938958380238677, "y": 1.7957464641770298, "z": 0.0, "MSE": 0.08189133443398738, "anchor 1 mse": 0.00035777620996751486, "anchor 2 mse": 0.20947215968688113, "anchor 3 mse": 0.008337850345830355, "anchor 4 mse": 0.10939755149327056}
{"bot_id": "0000000000000b01", "x": 1.4291413607306358, "y": 1.9110451905082897, "z": 0.0, "MSE": 0.9853152031722969, "anchor 1 mse": 0.0007818982884116798, "anchor 2 mse": 3.630204194021282, "anchor 3 mse": 0.020397720406678886, "anchor 4 mse": 0.2438392673385412}
{"bot_id": "0000000000000b01", "x": 1.4162568224729282, "y": 1.9099593646336097, "z": 0.0, "MSE": 0.957661450854672, "anchor 1 mse": 0.0008635309394675433, "anchor 2 mse": 3.5506300567090223, "anchor 3 mse": 0.0172086918610443, "anchor 4 mse": 0.25116786601291224}
{"bot_id": "0000000000000b01", "x": 1.4121318412858401, "y": 1.9059390278939463, "z": 0.0, "MSE": 0.9540135831638517, "anchor 1 mse": 0.0012300486745941681, "anchor 2 mse": 3.547586912236795, "anchor 3 mse": 0.011418942417782397, "anchor 4 mse": 0.2535812402922202}
{"bot_id": "0000000000000b01", "x": 1.6073968352374, "y": 1.7451561095367145, "z": 0.0, "MSE": 3.5834730635473364, "anchor 1 mse": 0.0006016933711104288, "anchor 2 mse": 4.4367020631047325, "anchor 3 mse": 0.001097719313923677, "anchor 4 mse": 0.06099797523620927}
{"bot_id": "0000000000000b01", "x": 1.392728932731382, "y": 1.8917226854116937, "z": 0.0, "MSE": 0.9164432641848782, "anchor 1 mse": 0.0006339151219286165, "anchor 2 mse": 3.406217927038277, "anchor 3 mse": 0.013268459068867757, "anchor 4 mse": 0.24804264790172947}
{"bot_id": "0000000000000b01", "x": 1.3903162058249514, "y": 1.8876403256499932, "z": 0.0, "MSE": 0.9211684423547097, "anchor 1 mse": 0.0003958336837679598, "anchor 2 mse": 3.4244988171805706, "anchor 3 mse": 0.01567699781078504, "anchor 4 mse": 0.2802126165341133}
{"bot_id": "0000000000000b01", "x": 1.4012909343566262, "y": 1.8797166712220266, "z": 0.0, "MSE": 0.9310667268882729, "anchor 1 mse": 1.337573035721113e-06, "anchor 2 mse": 3.442837565505403, "anchor 3 mse": 0.01457463983907224, "anchor 4 mse": 0.257689785224254}
{"bot_id": "0000000000000b01", "x": 1.3914131217695516, "y": 1.8738939085053319, "z": 0.0, "MSE": 0.9256521092852523, "anchor 1 mse": 0.0009178363312527927, "anchor 2 mse": 3.396169194471023, "anchor 3 mse": 0.014922231729796988, "anchor 4 mse": 0.25681006686167}
{"bot_id": "0000000000000b01", "x": 1.3965442284375422, "y": 1.880580086701631, "z": 0.0, "MSE": 0.9176092155994892, "anchor 1 mse": 8.120902518195196e-05, "anchor 2 mse": 0.03495313485124843, "anchor 3 mse": 0.015053258070228916, "anchor 4 mse": 0.26149559314671655}
{"bot_id": "0000000000000b01", "x": 1.5678787614917236, "y": 1.7423323626618301, "z": 0.0, "MSE": 0.06653605149433856, "anchor 1 mse": 5.6362928983912596e-05, "anchor 2 mse": 0.17279183208716914, "anchor 3 mse": 0.005344626312193734, "anchor 4 mse": 0.09500389873373563}
{"bot_id": "0000000000000b01", "x": 1.5737218723579267, "y": 1.7571635715158136, "z": 0.0, "MSE": 0.07079257327637326, "anchor 1 mse": 0.000575823709351344, "anchor 2 mse": 0.1784610915923762, "anchor 3 mse": 0.004558337422119258, "anchor 4 mse": 0.09986682464487}
