{"bot_id": "0000000000000b01", "x": 1.4997824710334529, "y": 1.5, "z": 0.0, "MSE": 4.500000047318852, "anchor 1 mse": 4.4993474604192105, "anchor 2 mse": 4.4993474604192105, "anchor 3 mse": 4.500652634218493, "anchor 4 mse": 4.500652634218493}
{"bot_id": "0000000000000b01", "x": 1.4997824710334529, "y": 1.5, "z": 0.0, "MSE": 4.500000047318852, "anchor 1 mse": 4.4993474604192105, "anchor 2 mse": 4.4993474604192105, "anchor 3 mse": 4.500652634218493, "anchor 4 mse": 4.500652634218493}
{"bot_id": "0000000000000b01", "x": 1.4997824710334529, "y": 1.5, "z": 0.0, "MSE": 4.500000047318852, "anchor 1 mse": 4.4993474604192105, "anchor 2 mse": 4.4993474604192105, "anchor 3 mse": 4.500652634218493, "anchor 4 mse": 4.500652634218493}
{"bot_id": "0000000000000b01", "x": 1.4997824710334529, "y": 1.5, "z": 0.0, "MSE": 4.500000047318852, "anchor 1 mse": 4.4993474604192105, "anchor 2 mse": 4.4993474604192105, "anchor 3 mse": 4.500652634218493, "anchor 4 mse": 4.500652634218493}
{"bot_id": "0000000000000b01", "x": 1.4997824710334529, "y": 1.5, "z": 0.0, "MSE": 4.500000047318852, "anchor 1 mse": 4.4993474604192105, "anchor 2 mse": 4.4993474604192105, "anchor 3 mse": 4.500652634218493, "anchor 4 mse": 4.500652634218493}
{"bot_id": "0000000000000b01", "x": 1.3375356183055582, "y": 1.2235030624683276, "z": 0.0, "MSE": 2.237020746608801, "anchor 1 mse": 3.285961274105409, "anchor 2 mse": 1.3042950459702096, "anchor 3 mse": 0.09707910208752492, "anchor 4 mse": 0.0032851618217438158}
{"bot_id": "0000000000000b01", "x": 1.2702694928878258, "y": 1.7295734497274582, "z": 0.0, "MSE": 0.15441317722633102, "anchor 1 mse": 0.0006131524221375333, "anchor 2 mse": 0.5110505861183002, "anchor 3 mse": 0.0006087982197751405, "anchor 4 mse": 0.10538017214511118}
{"bot_id": "0000000000000b01", "x": 1.2702694928878258, "y": 1.7295734497274582, "z": 0.0, "MSE": 0.15441317722633102, "anchor 1 mse": 0.0006131524221375333, "anchor 2 mse": 0.5110505861183002, "anchor 3 mse": 0.0006087982197751405, "anchor 4 mse": 0.10538017214511118}
{"bot_id": "0000000000000b01", "x": 1.2702694928878258, "y": 1.7295734497274582, "z": 0.0, "MSE": 0.15441317722633102, "anchor 1 mse": 0.0006131524221375333, "anchor 2 mse": 0.5110505861183002, "anchor 3 mse": 0.0006087982197751405, "anchor 4 mse": 0.10538017214511118}
{"bot_id": "0000000000000b01", "x": 1.2702694928878258, "y": 1.7295734497274582, "z": 0.0, "MSE": 0.15441317722633102, "anchor 1 mse": 0.0006131524221375333, "anchor 2 mse": 0.5110505861183002, "anchor 3 mse": 0.0006087982197751405, "anchor 4 mse": 0.10538017214511118}
{"bot_id": "0000000000000b01", "x": 1.2702694928878258, "y": 1.7295734497274582, "z": 0.0, "MSE": 0.15441317722633102, "anchor 1 mse": 0.0006131524221375333, "anchor 2 mse": 0.5110505861183002, "anchor 3 mse": 0.0006087982197751405, "anchor 4 mse": 0.10538017214511118}
{"bot_id": "0000000000000b01", "x": 1.2702694928878258, "y": 1.7295734497274582, "z": 0.0, "MSE": 0.15441317722633102, "anchor 1 mse": 0.0006131524221375333, "anchor 2 mse": 0.5110505861183002, "anchor 3 mse": 0.0006087982197751405, "anchor 4 mse": 0.10538017214511118}
{"bot_id": "0000000000000b01", "x": 1.2702694928878258, "y": 1.7295734497274582, "z": 0.0, "MSE": 0.15441317722633102, "anchor 1 mse": 0.0006131524221375333, "anchor 2 mse": 0.5110505861183002, "anchor 3 mse": 0.0006087982197751405, "anchor 4 mse": 0.10538017214511118}
{"bot_id": "0000000000000b01", "x": 1.2702694928878258, "y": 1.7295734497274582, "z": 0.0, "MSE": 0.15441317722633102, "anchor 1 mse": 0.0006131524221375333, "anchor 2 mse": 0.5110505861183002, "anchor 3 mse": 0.0006087982197751405, "anchor 4 mse": 0.10538017214511118}
{"bot_id": "0000000000000b01", "x": 1.2702694928878258, "y": 1.7295734497274582, "z": 0.0, "MSE": 0.15441317722633102, "anchor 1 mse": 0.0006131524221375333, "anchor 2 mse": 0.5110505861183002, "anchor 3 mse": 0.0006087982197751405, "anchor 4 mse": 0.10538017214511118}
{"bot_id": "0000000000000b01", "x": 1.2702694928878258, "y": 1.7295734497274582, "z": 0.0, "MSE": 0.15441317722633102, "anchor 1 mse": 0.0006131524221375333, "anchor 2 mse": 0.5110505861183002, "anchor 3 mse": 0.0006087982197751405, "anchor 4 mse": 0.10538017214511118}
{"bot_id": "0000000000000b01", "x": 1.2702694928878258, "y": 1.7295734497274582, "z": 0.0, "MSE": 0.15441317722633102, "anchor 1 mse": 0.0006131524221375333, "anchor 2 mse": 0.3207838774875191, "anchor 3 mse": 0.0006087982197751405, "anchor 4 mse": 0.10538017214511118}
{"bot_id": "0000000000000b01", "x": 1.2899901461742895, "y": 1.709881297010251, "z": 0.0, "MSE": 0.11051187228863811, "anchor 1 mse": 0.000430196319128958, "anchor 2 mse": 0.3531294004339348, "anchor 3 mse": 0.00042492025044821996, "anchor 4 mse": 0.08806297215104049}
{"bot_id": "0000000000000b01", "x": 1.313222343316089, "y": 1.68669076384076, "z": 0.0, "MSE": 0.07480652326806193, "anchor 1 mse": 0.0002711739115537391, "anchor 2 mse": 0.22903171487386575, "anchor 3 mse": 0.0002650927880839457, "anchor 4 mse": 0.06965811149874429}
{"bot_id": "0000000000000b01", "x": 1.340384509768958, "y": 1.6595749113374871, "z": 0.0, "MSE": 0.04672900843213861, "anchor 1 mse": 0.00014637267942686815, "anchor 2 mse": 0.1357574442493166, "anchor 3 mse": 0.00014037250809928795, "anchor 4 mse": 0.050871844291711675}
{"bot_id": "0000000000000b01", "x": 1.340384509768958, "y": 1.6595749113374871, "z": 0.0, "MSE": 0.04672900843213861, "anchor 1 mse": 0.00014637267942686815, "anchor 2 mse": 0.04837914905785484, "anchor 3 mse": 0.00014037250809928795, "anchor 4 mse": 0.05463248176812638}
{"bot_id": "0000000000000b01", "x": 1.374783570368308, "y": 1.6252062825191451, "z": 0.0, "MSE": 0.026627268622601213, "anchor 1 mse": 1.5896484351309756e-05, "anchor 2 mse": 0.014418856098250396, "anchor 3 mse": 5.228915393659874e-05, "anchor 4 mse": 0.0342656467437393}
{"bot_id": "0000000000000b01", "x": 1.4125160801847472, "y": 1.589780894289846, "z": 0.0, "MSE": 0.011829057470532481, "anchor 1 mse": 3.7549218362969023e-06, "anchor 2 mse": 7.497125956275894e-05, "anchor 3 mse": 0.001813563354411649, "anchor 4 mse": 0.0075699105450187576}
{"bot_id": "0000000000000b01", "x": 1.4242400836666238, "y": 1.5431614954952422, "z": 0.0, "MSE": 0.0014431924127397825, "anchor 1 mse": 0.0008001694690665387, "anchor 2 mse": 0.012793352681892413, "anchor 3 mse": 0.0007298388595392073, "anchor 4 mse": 2.54666150467103e-07}
{"bot_id": "0000000000000b01", "x": 1.430474224110086, "y": 1.5045232193552172, "z": 0.0, "MSE": 0.0025824689145630365, "anchor 1 mse": 0.003109375292771834, "anchor 2 mse": 0.0011987716737291306, "anchor 3 mse": 7.469982841123025e-05, "anchor 4 mse": 0.0010156191877465927}
{"bot_id": "0000000000000b01", "x": 1.4132847983532544, "y": 1.5402293420245126, "z": 0.0, "MSE": 0.0022612616898228855, "anchor 1 mse": 0.002019438150209422, "anchor 2 mse": 0.0006706000383207924, "anchor 3 mse": 0.0005771555329813669, "anchor 4 mse": 0.0016877558754517968}
{"bot_id": "0000000000000b01", "x": 1.3933420078312018, "y": 1.5714433305458384, "z": 0.0, "MSE": 0.0006046242685267852, "anchor 1 mse": 0.0014941746089378943, "anchor 2 mse": 0.0002497999577019505, "anchor 3 mse": 0.0011354545086115322, "anchor 4 mse": 0.0026409422998506108}
{"bot_id": "0000000000000b01", "x": 1.3710198800451847, "y": 1.589478833037629, "z": 0.0, "MSE": 0.001277699379302935, "anchor 1 mse": 0.001875811886592764, "anchor 2 mse": 4.307606802348992e-06, "anchor 3 mse": 0.0010457345654904106, "anchor 4 mse": 0.004787840902201596}
{"bot_id": "0000000000000b01", "x": 1.3185920484351907, "y": 1.6454704338169484, "z": 0.0, "MSE": 0.0022520788530377527, "anchor 1 mse": 0.0011408087479044377, "anchor 2 mse": 0.0007975776662932401, "anchor 3 mse": 0.00016877700101280063, "anchor 4 mse": 0.00874258202363298}
