{"bot_id": "0000000000000b01", "x": 1.4997824710334529, "y": 1.5, "z": 0.0, "MSE": 4.500000047318852, "anchor 1 mse": 4.4993474604192105, "anchor 2 mse": 0.3377545389970364, "anchor 3 mse": 4.500652634218493, "anchor 4 mse": 4.500652634218493}
{"bot_id": "0000000000000b01", "x": 1.6057531348326377, "y": 1.3945397130779744, "z": 0.0, "MSE": 3.366789084876979, "anchor 1 mse": 4.523184141376442, "anchor 2 mse": 0.5338798118380909, "anchor 3 mse": 0.1342231307093848, "anchor 4 mse": 0.00048267701710339134}
{"bot_id": "0000000000000b01", "x": 1.248474958325642, "y": 1.407384004629589, "z": 0.0, "MSE": 1.0575826613770114, "anchor 1 mse": 0.2901605331553285, "anchor 2 mse": 0.2339068323989119, "anchor 3 mse": 0.3688534107125575, "anchor 4 mse": 0.08815094434314495}
{"bot_id": "0000000000000b01", "x": 1.5938958380238677, "y": 1.7957464641770298, "z": 0.0, "MSE": 0.08189133443398738, "anchor 1 mse": 0.00035777620996751486, "anchor 2 mse": 0.20947215968688113, "anchor 3 mse": 0.008337850345830355, "anchor 4 mse": 0.10939755149327056}
{"bot_id": "0000000000000b01", "x": 1.5938958380238677, "y": 1.7957464641770298, "z": 0.0, "MSE": 0.08189133443398738, "anchor 1 mse": 0.00035777620996751486, "anchor 2 mse": 0.20947215968688113, "anchor 3 mse": 0.008337850345830355, "anchor 4 mse": 0.10939755149327056}
{"bot_id": "0000000000000b01", "x": 1.5938958380238677, "y": 1.7957464641770298, "z": 0.0, "MSE": 0.08189133443398738, "anchor 1 mse": 0.00035777620996751486, "anchor 2 mse": 0.20947215968688113, "anchor 3 mse": 0.008337850345830355, "anchor 4 mse": 0.10939755149327056}
{"bot_id": "0000000000000b01", "x": 1.5938958380238677, "y": 1.7957464641770298, "z": 0.0, "MSE": 0.08189133443398738, "anchor 1 mse": 0.00035777620996751486, "anchor 2 mse": 0.20947215968688113, "anchor 3 mse": 0.008337850345830355, "anchor 4 mse": 0.10939755149327056}
{"bot_id": "0000000000000b01", "x": 1.5938958380238677, "y": 1.7957464641770298, "z": 0.0, "MSE": 0.08189133443398738, "anchor 1 mse": 0.00035777620996751486, "anchor 2 mse": 0.20947215968688113, "anchor 3 mse": 0.008337850345830355, "anchor 4 mse": 0.10939755149327056}
{"bot_id": "0000000000000b01", "x": 1.5938958380238677, "y": 1.7957464641770298, "z": 0.0, "MSE": 0.08189133443398738, "anchor 1 mse": 0.00035777620996751486, "anchor 2 mse": 0.20947215968688113, "anchor 3 mse": 0.008337850345830355, "anchor 4 mse": 0.10939755149327056}
{"bot_id": "0000000000000b01", "x": 1.5938958380238677, "y": 1.7957464641770298, "z": 0.0, "MSE": 0.08189133443398738, "anchor 1 mse": 0.00035777620996751486, "anchor 2 mse": 0.20947215968688113, "anchor 3 mse": 0.008337850345830355, "anchor 4 mse": 0.10939755149327056}
{"bot_id": "0000000000000b01", "x": 1.5938958380238677, "y": 1.7957464641770298, "z": 0.0, "MSE": 0.08189133443398738, "anchor 1 mse": 0.0006066003931184594, "anchor 2 mse": 0.20686500131707602, "anchor 3 mse": 0.007573544861950399, "anchor 4 mse": 0.10939755149327056}
{"bot_id": "0000000000000b01", "x": 1.595627682435474, "y": 1.7966870992895418, "z": 0.0, "MSE": 0.08113748660258516, "anchor 1 mse": 0.00016322708647358678, "anchor 2 mse": 4.469888703644742, "anchor 3 mse": 0.006530774996754009, "anchor 4 mse": 0.10636797188444647}
{"bot_id": "0000000000000b01", "x": 1.4309557130685218, "y": 1.9089438832164707, "z": 0.0, "MSE": 0.9890265636600748, "anchor 1 mse": 0.0008155081877031437, "anchor 2 mse": 3.6405642219792664, "anchor 3 mse": 0.020314409657544535, "anchor 4 mse": 0.24110598242806996}
{"bot_id": "0000000000000b01", "x": 1.423867278672318, "y": 1.9160944319575697, "z": 0.0, "MSE": 0.9688037374706789, "anchor 1 mse": 0.000518961121184817, "anchor 2 mse": 3.570145902142255, "anchor 3 mse": 0.016901575828946545, "anchor 4 mse": 0.25105173358008864}
{"bot_id": "0000000000000b01", "x": 1.419134843115342, "y": 1.9123640223860046, "z": 0.0, "MSE": 0.9587492006476758, "anchor 1 mse": 0.0006625444757090808, "anchor 2 mse": 3.5537126916458286, "anchor 3 mse": 0.016242950706234164, "anchor 4 mse": 0.2511847466916608}
{"bot_id": "0000000000000b01", "x": 1.416223580100225, "y": 1.9099834458701568, "z": 0.0, "MSE": 0.95493974921006, "anchor 1 mse": 0.0008635577508434992, "anchor 2 mse": 3.550475428135911, "anchor 3 mse": 0.007307060958443348, "anchor 4 mse": 0.25407991553527626}
{"bot_id": "0000000000000b01", "x": 1.405791974642538, "y": 1.9017444187692343, "z": 0.0, "MSE": 0.9511033667687552, "anchor 1 mse": 0.0010378179290523903, "anchor 2 mse": 12.478586447164915, "anchor 3 mse": 0.009750715520083523, "anchor 4 mse": 0.24444652377060885}
{"bot_id": "0000000000000b01", "x": 1.610159997814552, "y": 1.7430144523394802, "z": 0.0, "MSE": 3.608581630814555, "anchor 1 mse": 0.0005871013544712743, "anchor 2 mse": 4.451441628481742, "anchor 3 mse": 0.0010572840426604658, "anchor 4 mse": 0.05933139126733413}
{"bot_id": "0000000000000b01", "x": 1.39927653624082, "y": 1.9001080414434883, "z": 0.0, "MSE": 0.9178959077176649, "anchor 1 mse": 0.00021150059677101262, "anchor 2 mse": 3.4059738972224656, "anchor 3 mse": 0.010151616859736366, "anchor 4 mse": 0.24878436341780044}
{"bot_id": "0000000000000b01", "x": 1.392728932731382, "y": 1.8917226854116937, "z": 0.0, "MSE": 0.9164432641848782, "anchor 1 mse": 0.0006339151219286165, "anchor 2 mse": 3.422055673186546, "anchor 3 mse": 0.012299493865829968, "anchor 4 mse": 0.24804264790172947}
{"bot_id": "0000000000000b01", "x": 1.3931397534424934, "y": 1.891271709995183, "z": 0.0, "MSE": 0.9211603167032905, "anchor 1 mse": 0.0002340042405517243, "anchor 2 mse": 3.4242842988938067, "anchor 3 mse": 0.014597706854606126, "anchor 4 mse": 0.2812035236265609}
{"bot_id": "0000000000000b01", "x": 1.4013563112582117, "y": 1.8796670008386158, "z": 0.0, "MSE": 0.9390914910500499, "anchor 1 mse": 0.0003892220083646206, "anchor 2 mse": 3.4431421703208995, "anchor 3 mse": 0.014568595925765157, "anchor 4 mse": 0.2576083755008922}
{"bot_id": "0000000000000b01", "x": 1.3938950020532905, "y": 1.8755771208510292, "z": 0.0, "MSE": 0.9267993906115645, "anchor 1 mse": 0.0007543055126392562, "anchor 2 mse": 3.3993861236778518, "anchor 3 mse": 0.01419865154359033, "anchor 4 mse": 0.25646802382156164}
