{"bot_id": "0000000000000b01", "x": 1.0813953488372092, "y": 1.4999999999999998, "z": 0.0, "MSE": 36.0, "anchor 1 mse": 3.4194159004867486, "anchor 2 mse": 3.4194159004867504, "anchor 3 mse": 5.931043807463495, "anchor 4 mse": 5.931043807463493}
{"bot_id": "0000000000000b01", "x": 1.0419530855747563, "y": 1.2002293041918128, "z": 0.0, "MSE": 25.04785084616828, "anchor 1 mse": 2.5262166151795187, "anchor 2 mse": 0.29119530913349434, "anchor 3 mse": 0.8091618160725654, "anchor 4 mse": 0.12015065816423139}
{"bot_id": "0000000000000b01", "x": 1.1162656764810053, "y": 1.7553584479266835, "z": 0.0, "MSE": 8.385751621672311, "anchor 1 mse": 0.11544765650790367, "anchor 2 mse": 0.017392249148155146, "anchor 3 mse": 0.2477886910843008, "anchor 4 mse": 0.39040979971134854}
{"bot_id": "0000000000000b01", "x": 1.1162656764810053, "y": 1.7553584479266835, "z": 0.0, "MSE": 8.385751621672311, "anchor 1 mse": 0.11544765650790367, "anchor 2 mse": 0.017392249148155146, "anchor 3 mse": 0.2477886910843008, "anchor 4 mse": 0.39040979971134854}
{"bot_id": "0000000000000b01", "x": 1.1162656764810053, "y": 1.7553584479266835, "z": 0.0, "MSE": 8.385751621672311, "anchor 1 mse": 0.11544765650790367, "anchor 2 mse": 0.017392249148155146, "anchor 3 mse": 0.2477886910843008, "anchor 4 mse": 0.39040979971134854}
{"bot_id": "0000000000000b01", "x": 1.1162656764810053, "y": 1.7553584479266835, "z": 0.0, "MSE": 8.385751621672311, "anchor 1 mse": 0.11544765650790367, "anchor 2 mse": 0.017392249148155146, "anchor 3 mse": 0.2477886910843008, "anchor 4 mse": 0.39040979971134854}
{"bot_id": "0000000000000b01", "x": 1.1162656764810053, "y": 1.7553584479266835, "z": 0.0, "MSE": 8.385751621672311, "anchor 1 mse": 0.11544765650790367, "anchor 2 mse": 0.017392249148155146, "anchor 3 mse": 0.2477886910843008, "anchor 4 mse": 0.39040979971134854}
{"bot_id": "0000000000000b01", "x": 1.1162656764810053, "y": 1.7553584479266835, "z": 0.0, "MSE": 8.385751621672311, "anchor 1 mse": 0.11544765650790367, "anchor 2 mse": 0.017392249148155146, "anchor 3 mse": 0.2477886910843008, "anchor 4 mse": 0.39040979971134854}
{"bot_id": "0000000000000b01", "x": 1.1162656764810053, "y": 1.7553584479266835, "z": 0.0, "MSE": 8.385751621672311, "anchor 1 mse": 0.11544765650790367, "anchor 2 mse": 0.017392249148155146, "anchor 3 mse": 0.2477886910843008, "anchor 4 mse": 0.39040979971134854}
{"bot_id": "0000000000000b01", "x": 1.1162656764810053, "y": 1.7553584479266835, "z": 0.0, "MSE": 8.385751621672311, "anchor 1 mse": 0.11544765650790367, "anchor 2 mse": 0.017392249148155146, "anchor 3 mse": 0.2477886910843008, "anchor 4 mse": 0.39040979971134854}
{"bot_id": "0000000000000b01", "x": 1.1162656764810053, "y": 1.7553584479266835, "z": 0.0, "MSE": 8.385751621672311, "anchor 1 mse": 0.11544765650790367, "anchor 2 mse": 0.017392249148155146, "anchor 3 mse": 0.2477886910843008, "anchor 4 mse": 0.39040979971134854}
{"bot_id": "0000000000000b01", "x": 1.1160327796301943, "y": 1.751171001822247, "z": 0.0, "MSE": 8.395766525854956, "anchor 1 mse": 0.11502112029028007, "anchor 2 mse": 0.017420578337742996, "anchor 3 mse": 0.24601925737585853, "anchor 4 mse": 0.3870649970185943}
{"bot_id": "0000000000000b01", "x": 1.1616282593846474, "y": 1.8824828996600924, "z": 0.0, "MSE": 20.58793272229775, "anchor 1 mse": 0.04148311163696228, "anchor 2 mse": 2.9846544133280717, "anchor 3 mse": 0.14654582263938085, "anchor 4 mse": 0.4486291709078228}
{"bot_id": "0000000000000b01", "x": 1.1566192830094117, "y": 1.8869336263717353, "z": 0.0, "MSE": 20.631746769954564, "anchor 1 mse": 0.040432517481355124, "anchor 2 mse": 2.937031596532219, "anchor 3 mse": 0.14806401916874548, "anchor 4 mse": 0.4328460195258273}
{"bot_id": "0000000000000b01", "x": 1.1556103105052724, "y": 1.8873955494237715, "z": 0.0, "MSE": 20.592609681846938, "anchor 1 mse": 0.03877979428388265, "anchor 2 mse": 2.9041555132959203, "anchor 3 mse": 0.13773771442515245, "anchor 4 mse": 0.4342096550727423}
{"bot_id": "0000000000000b01", "x": 1.1557751252218502, "y": 1.886850662784399, "z": 0.0, "MSE": 20.572166878089682, "anchor 1 mse": 0.03780975817778184, "anchor 2 mse": 2.8961158596120136, "anchor 3 mse": 0.13155077367190648, "anchor 4 mse": 0.4373152091634139}
{"bot_id": "0000000000000b01", "x": 1.1499736515491212, "y": 1.8965801187938482, "z": 0.0, "MSE": 20.748638397525376, "anchor 1 mse": 0.03578085814889006, "anchor 2 mse": 2.8590505103996193, "anchor 3 mse": 0.1004597872424314, "anchor 4 mse": 0.45200408432741374}
{"bot_id": "0000000000000b01", "x": 0.8372827761868747, "y": 1.7132169580339398, "z": 0.0, "MSE": 40.26763403036914, "anchor 1 mse": 0.24036706418437023, "anchor 2 mse": 10.71760923048172, "anchor 3 mse": 0.461629833928685, "anchor 4 mse": 0.5958689596685544}
{"bot_id": "0000000000000b01", "x": 1.1482804775286568, "y": 1.8959930995544823, "z": 0.0, "MSE": 20.514147508906, "anchor 1 mse": 0.03259390461776322, "anchor 2 mse": 2.7557932292579745, "anchor 3 mse": 0.09886188536607365, "anchor 4 mse": 0.44156507997154687}
{"bot_id": "0000000000000b01", "x": 1.150213472227895, "y": 1.8871421619489785, "z": 0.0, "MSE": 20.424495261531277, "anchor 1 mse": 0.026975185453357774, "anchor 2 mse": 2.7761069633724538, "anchor 3 mse": 0.10068718628605562, "anchor 4 mse": 0.43329822791872386}
{"bot_id": "0000000000000b01", "x": 1.1502024171008989, "y": 1.8871094834725577, "z": 0.0, "MSE": 20.464411816338803, "anchor 1 mse": 0.026986242498176858, "anchor 2 mse": 2.790456119553517, "anchor 3 mse": 0.10070388980856465, "anchor 4 mse": 0.4332776930240299}
{"bot_id": "0000000000000b01", "x": 1.1618657116616617, "y": 1.870609850140304, "z": 0.0, "MSE": 20.10779319195023, "anchor 1 mse": 0.026313874721468983, "anchor 2 mse": 2.8282960474423686, "anchor 3 mse": 0.10623999887060571, "anchor 4 mse": 0.45044245303846714}
{"bot_id": "0000000000000b01", "x": 1.1593991956463936, "y": 1.8695513925867913, "z": 0.0, "MSE": 20.151838132687867, "anchor 1 mse": 0.021270496837914387, "anchor 2 mse": 2.8248361366937926, "anchor 3 mse": 0.10150624697264993, "anchor 4 mse": 0.4403034403789495}
{"bot_id": "0000000000000b01", "x": 1.1580462792189143, "y": 1.8757541860185172, "z": 0.0, "MSE": 20.12298752916156, "anchor 1 mse": 0.025552883035586525, "anchor 2 mse": 2.7784166953567317, "anchor 3 mse": 0.10018199490659555, "anchor 4 mse": 0.4474608134439764}
{"bot_id": "0000000000000b01", "x": 1.1114016928219665, "y": 1.6908820192089766, "z": 0.0, "MSE": 8.536815549683894, "anchor 1 mse": 0.10757872497813815, "anchor 2 mse": 0.01308945959009038, "anchor 3 mse": 0.21631526208053806, "anchor 4 mse": 0.3454973109993572}
{"bot_id": "0000000000000b01", "x": 1.108898189977575, "y": 1.7083781925938868, "z": 0.0, "MSE": 8.525222068555227, "anchor 1 mse": 0.11491997419935307, "anchor 2 mse": 0.014274792492878139, "anchor 3 mse": 0.2169819193997556, "anchor 4 mse": 0.36162330007599297}
{"bot_id": "0000000000000b01", "x": 1.0909947500671149, "y": 1.7258094258927572, "z": 0.0, "MSE": 8.466590970126154, "anchor 1 mse": 0.13247986704551012, "anchor 2 mse": 0.00894739479232129, "anchor 3 mse": 0.22174377358583458, "anchor 4 mse": 0.397665561942239}
{"bot_id": "0000000000000b01", "x": 1.0921219482450046, "y": 1.7426555259133527, "z": 0.0, "MSE": 8.340398990737807, "anchor 1 mse": 0.13310430868165493, "anchor 2 mse": 0.0070556544984885635, "anchor 3 mse": 0.2435455351484571, "anchor 4 mse": 0.4091826127129894}
