{"bot_id": "0000000000000b01", "x": 1.6057531348326375, "y": 1.3945397130779746, "z": 0.0, "MSE": 3.3667890848769795, "anchor 1 mse": 4.523184141376442, "anchor 2 mse": 0.5338798118380905, "anchor 3 mse": 4.5214270539127694, "anchor 4 mse": 3.8886653323806173}
{"bot_id": "0000000000000b01", "x": 1.5985887484042969, "y": 1.792290807685307, "z": 0.0, "MSE": 0.0777135512090821, "anchor 1 mse": 0.00033771954879948464, "anchor 2 mse": 0.1967000486045263, "anchor 3 mse": 0.008100729224824188, "anchor 4 mse": 0.10571570745817842}
{"bot_id": "0000000000000b01", "x": 5.931761547235185, "y": -2.68074063169184, "z": 0.0, "MSE": 93.98705852128079, "anchor 1 mse": 16.39756386078841, "anchor 2 mse": 334.27530192817744, "anchor 3 mse": 21.184434449678825, "anchor 4 mse": 4.090933846478475}
{"bot_id": "0000000000000b01", "x": 1.5659625410860147, "y": 1.7636315111388623, "z": 0.0, "MSE": 0.0652133286139563, "anchor 1 mse": 7.265614946254384e-05, "anchor 2 mse": 0.1641916461158954, "anchor 3 mse": 0.010697399397657643, "anchor 4 mse": 0.08589161279280963}
{"bot_id": "0000000000000b01", "x": 1.5667210210419305, "y": 1.777361128091378, "z": 0.0, "MSE": 0.058121899102423526, "anchor 1 mse": 0.0016557196989298688, "anchor 2 mse": 0.1500206387179509, "anchor 3 mse": 0.0005719109180057805, "anchor 4 mse": 0.08023932707480755}
{"bot_id": "0000000000000b01", "x": 1.5370982512562108, "y": 1.8125049813039182, "z": 0.0, "MSE": 0.05315576944955583, "anchor 1 mse": 0.0001817215694119575, "anchor 2 mse": 0.1462096194802824, "anchor 3 mse": 0.004122195606208526, "anchor 4 mse": 0.06210954114232041}
{"bot_id": "0000000000000b01", "x": 5.869153793755487, "y": -2.6832940182365737, "z": 0.0, "MSE": 92.81157996809719, "anchor 1 mse": 16.511636065491356, "anchor 2 mse": 330.87141811965995, "anchor 3 mse": 19.949308048384594, "anchor 4 mse": 3.913957638852886}
