{"bot_id": "0000000000000b01", "x": 1.4997824710334529, "y": 1.5, "z": 0.0, "MSE": 4.500000047318852, "anchor 1 mse": 4.4993474604192105, "anchor 2 mse": 4.4993474604192105, "anchor 3 mse": 4.500652634218493, "anchor 4 mse": 4.500652634218493}
{"bot_id": "0000000000000b01", "x": 1.4997824710334529, "y": 1.5, "z": 0.0, "MSE": 4.500000047318852, "anchor 1 mse": 4.4993474604192105, "anchor 2 mse": 4.4993474604192105, "anchor 3 mse": 4.500652634218493, "anchor 4 mse": 4.500652634218493}
{"bot_id": "0000000000000b01", "x": 1.4997824710334529, "y": 1.5, "z": 0.0, "MSE": 4.500000047318852, "anchor 1 mse": 4.4993474604192105, "anchor 2 mse": 4.4993474604192105, "anchor 3 mse": 4.500652634218493, "anchor 4 mse": 4.500652634218493}
{"bot_id": "0000000000000b01", "x": 1.4997824710334529, "y": 1.5, "z": 0.0, "MSE": 4.500000047318852, "anchor 1 mse": 4.4993474604192105, "anchor 2 mse": 4.4993474604192105, "anchor 3 mse": 4.500652634218493, "anchor 4 mse": 4.500652634218493}
{"bot_id": "0000000000000b01", "x": 1.5938958380238677, "y": 1.7957464641770298, "z": 0.0, "MSE": 0.08189133443398738, "anchor 1 mse": 0.00035777620996751486, "anchor 2 mse": 0.20947215968688113, "anchor 3 mse": 0.008337850345830355, "anchor 4 mse": 0.10939755149327056}
{"bot_id": "0000000000000b01", "x": 1.5938958380238677, "y": 1.7957464641770298, "z": 0.0, "MSE": 0.08189133443398738, "anchor 1 mse": 0.00035777620996751486, "anchor 2 mse": 0.20947215968688113, "anchor 3 mse": 0.008337850345830355, "anchor 4 mse": 0.10939755149327056}
{"bot_id": "0000000000000b01", "x": 1.5938958380238677, "y": 1.7957464641770298, "z": 0.0, "MSE": 0.08189133443398738, "anchor 1 mse": 0.00035777620996751486, "anchor 2 mse": 0.20947215968688113, "anchor 3 mse": 0.008337850345830355, "anchor 4 mse": 0.10939755149327056}
{"bot_id": "0000000000000b01", "x": 1.5938958380238677, "y": 1.7957464641770298, "z": 0.0, "MSE": 0.08189133443398738, "anchor 1 mse": 0.00035777620996751486, "anchor 2 mse": 0.20947215968688113, "anchor 3 mse": 0.008337850345830355, "anchor 4 mse": 0.10939755149327056}
{"bot_id": "0000000000000b01", "x": 1.5938958380238677, "y": 1.7957464641770298, "z": 0.0, "MSE": 0.08189133443398738, "anchor 1 mse": 0.00035777620996751486, "anchor 2 mse": 0.20947215968688113, "anchor 3 mse": 0.008337850345830355, "anchor 4 mse": 0.10939755149327056}
{"bot_id": "0000000000000b01", "x": 1.5938958380238677, "y": 1.7957464641770298, "z": 0.0, "MSE": 0.08189133443398738, "anchor 1 mse": 0.00035777620996751486, "anchor 2 mse": 0.20947215968688113, "anchor 3 mse": 0.008337850345830355, "anchor 4 mse": 0.10939755149327056}
{"bot_id": "0000000000000b01", "x": 1.5945608553988182, "y": 1.7952570423073075, "z": 0.0, "MSE": 0.08128688318191649, "anchor 1 mse": 0.0006028840698115868, "anchor 2 mse": 0.20761672086778507, "anchor 3 mse": 0.008303815721359064, "anchor 4 mse": 0.10887207269526895}
{"bot_id": "0000000000000b01", "x": 1.592039576516529, "y": 1.7927558526819614, "z": 0.0, "MSE": 0.08106424411527892, "anchor 1 mse": 0.0003275398156797778, "anchor 2 mse": 4.46781394175957, "anchor 3 mse": 0.008168840375231476, "anchor 4 mse": 0.10579370202404012}
{"bot_id": "0000000000000b01", "x": 1.4291413607306358, "y": 1.9110451905082897, "z": 0.0, "MSE": 0.9853152031722969, "anchor 1 mse": 0.0008638318025942153, "anchor 2 mse": 3.630204194021282, "anchor 3 mse": 0.020397720406678886, "anchor 4 mse": 0.2625253392703913}
{"bot_id": "0000000000000b01", "x": 1.4204906113744498, "y": 1.9138745446579715, "z": 0.0, "MSE": 0.9669850838764743, "anchor 1 mse": 0.0007062906232573015, "anchor 2 mse": 3.565091056060162, "anchor 3 mse": 0.01796838287021448, "anchor 4 mse": 0.25148677602920005}
{"bot_id": "0000000000000b01", "x": 1.4170880180803187, "y": 1.9110159214687326, "z": 0.0, "MSE": 0.9576853750656247, "anchor 1 mse": 0.0007863606635881454, "anchor 2 mse": 3.561461469335582, "anchor 3 mse": 0.016873549339862595, "anchor 4 mse": 0.2514517169551762}
{"bot_id": "0000000000000b01", "x": 1.4169646847227058, "y": 1.9091317448708307, "z": 0.0, "MSE": 0.9564119320346394, "anchor 1 mse": 0.0008778677196575813, "anchor 2 mse": 3.5546476109888587, "anchor 3 mse": 0.010214808562375928, "anchor 4 mse": 0.2529433407015604}
{"bot_id": "0000000000000b01", "x": 1.6166584937447166, "y": 1.743667834537396, "z": 0.0, "MSE": 3.618316729586319, "anchor 1 mse": 0.0004925658986599995, "anchor 2 mse": 14.409600129976527, "anchor 3 mse": 0.000995254582118891, "anchor 4 mse": 0.05693853351480255}
