{"bot_id": "0000000000000b01", "x": 1.0813953488372092, "y": 1.4999999999999998, "z": 0.0, "MSE": 36.0, "anchor 1 mse": 3.4194159004867486, "anchor 2 mse": 3.4194159004867504, "anchor 3 mse": 5.931043807463495, "anchor 4 mse": 5.931043807463493}
{"bot_id": "0000000000000b01", "x": 1.0419530855747563, "y": 1.2002293041918128, "z": 0.0, "MSE": 25.04785084616828, "anchor 1 mse": 2.5262166151795187, "anchor 2 mse": 0.29119530913349434, "anchor 3 mse": 0.8091618160725654, "anchor 4 mse": 0.12015065816423139}
{"bot_id": "0000000000000b01", "x": 1.0419530855747563, "y": 1.2002293041918128, "z": 0.0, "MSE": 25.04785084616828, "anchor 1 mse": 2.5262166151795187, "anchor 2 mse": 0.29119530913349434, "anchor 3 mse": 0.8091618160725654, "anchor 4 mse": 0.12015065816423139}
{"bot_id": "0000000000000b01", "x": 1.1162656764810053, "y": 1.7553584479266835, "z": 0.0, "MSE": 8.385751621672311, "anchor 1 mse": 0.11544765650790367, "anchor 2 mse": 0.017392249148155146, "anchor 3 mse": 0.2477886910843008, "anchor 4 mse": 0.39040979971134854}
{"bot_id": "0000000000000b01", "x": 1.1162656764810053, "y": 1.7553584479266835, "z": 0.0, "MSE": 8.385751621672311, "anchor 1 mse": 0.11544765650790367, "anchor 2 mse": 0.017392249148155146, "anchor 3 mse": 0.2477886910843008, "anchor 4 mse": 0.39040979971134854}
{"bot_id": "0000000000000b01", "x": 1.1162656764810053, "y": 1.7553584479266835, "z": 0.0, "MSE": 8.385751621672311, "anchor 1 mse": 0.11544765650790367, "anchor 2 mse": 0.017392249148155146, "anchor 3 mse": 0.2477886910843008, "anchor 4 mse": 0.39040979971134854}
{"bot_id": "0000000000000b01", "x": 1.1162656764810053, "y": 1.7553584479266835, "z": 0.0, "MSE": 8.385751621672311, "anchor 1 mse": 0.11544765650790367, "anchor 2 mse": 0.017392249148155146, "anchor 3 mse": 0.2477886910843008, "anchor 4 mse": 0.39040979971134854}
{"bot_id": "0000000000000b01", "x": 1.1162656764810053, "y": 1.7553584479266835, "z": 0.0, "MSE": 8.385751621672311, "anchor 1 mse": 0.11544765650790367, "anchor 2 mse": 0.017392249148155146, "anchor 3 mse": 0.2477886910843008, "anchor 4 mse": 0.39040979971134854}
{"bot_id": "0000000000000b01", "x": 1.1162656764810053, "y": 1.7553584479266835, "z": 0.0, "MSE": 8.385751621672311, "anchor 1 mse": 0.11544765650790367, "anchor 2 mse": 0.017392249148155146, "anchor 3 mse": 0.2477886910843008, "anchor 4 mse": 0.39040979971134854}
{"bot_id": "0000000000000b01", "x": 1.1162656764810053, "y": 1.7553584479266835, "z": 0.0, "MSE": 8.385751621672311, "anchor 1 mse": 0.11544765650790367, "anchor 2 mse": 0.017392249148155146, "anchor 3 mse": 0.2477886910843008, "anchor 4 mse": 0.39040979971134854}
{"bot_id": "0000000000000b01", "x": 1.1162656764810053, "y": 1.7553584479266835, "z": 0.0, "MSE": 8.385751621672311, "anchor 1 mse": 0.11544765650790367, "anchor 2 mse": 0.017392249148155146, "anchor 3 mse": 0.2477886910843008, "anchor 4 mse": 0.39040979971134854}
{"bot_id": "0000000000000b01", "x": 1.1160327796301943, "y": 1.751171001822247, "z": 0.0, "MSE": 8.395766525854956, "anchor 1 mse": 0.11502112029028007, "anchor 2 mse": 0.017420578337742996, "anchor 3 mse": 0.24601925737585853, "anchor 4 mse": 0.3870649970185943}
{"bot_id": "0000000000000b01", "x": 1.1615932025471603, "y": 1.8825800053093837, "z": 0.0, "MSE": 20.520681304068514, "anchor 1 mse": 0.04145695167982293, "anchor 2 mse": 2.9597066418716835, "anchor 3 mse": 0.14653014152403465, "anchor 4 mse": 0.44875505736743015}
{"bot_id": "0000000000000b01", "x": 1.1566192830094117, "y": 1.8869336263717353, "z": 0.0, "MSE": 20.631746769954564, "anchor 1 mse": 0.040432517481355124, "anchor 2 mse": 2.937031596532219, "anchor 3 mse": 0.14806401916874548, "anchor 4 mse": 0.4328460195258273}
