{"bot_id": "0000000000000b01", "x": 1.0813953488372092, "y": 1.4999999999999998, "z": 0.0, "MSE": 36.0, "anchor 1 mse": 3.4194159004867486, "anchor 2 mse": 3.4194159004867504, "anchor 3 mse": 5.931043807463495, "anchor 4 mse": 5.931043807463493}
{"bot_id": "0000000000000b01", "x": 1.2741646500899424, "y": 1.305817431614006, "z": 0.0, "MSE": 30.98453898733808, "anchor 1 mse": 3.3286547202458254, "anchor 2 mse": 0.336222222597253, "anchor 3 mse": 5.848762230022133, "anchor 4 mse": 4.68366681970617}
{"bot_id": "0000000000000b01", "x": 1.0419530855747563, "y": 1.2002293041918128, "z": 0.0, "MSE": 25.04785084616828, "anchor 1 mse": 2.5262166151795187, "anchor 2 mse": 0.29119530913349434, "anchor 3 mse": 0.8091618160725654, "anchor 4 mse": 0.12015065816423139}
{"bot_id": "0000000000000b01", "x": 1.1162656764810053, "y": 1.7553584479266835, "z": 0.0, "MSE": 8.385751621672311, "anchor 1 mse": 0.11544765650790367, "anchor 2 mse": 0.017392249148155146, "anchor 3 mse": 0.2477886910843008, "anchor 4 mse": 0.39040979971134854}
{"bot_id": "0000000000000b01", "x": 1.1162656764810053, "y": 1.7553584479266835, "z": 0.0, "MSE": 8.385751621672311, "anchor 1 mse": 0.11544765650790367, "anchor 2 mse": 0.017392249148155146, "anchor 3 mse": 0.2477886910843008, "anchor 4 mse": 0.39040979971134854}
{"bot_id": "0000000000000b01", "x": 1.1162656764810053, "y": 1.7553584479266835, "z": 0.0, "MSE": 8.385751621672311, "anchor 1 mse": 0.11544765650790367, "anchor 2 mse": 0.017392249148155146, "anchor 3 mse": 0.2477886910843008, "anchor 4 mse": 0.39040979971134854}
{"bot_id": "0000000000000b01", "x": 1.1162656764810053, "y": 1.7553584479266835, "z": 0.0, "MSE": 8.385751621672311, "anchor 1 mse": 0.11544765650790367, "anchor 2 mse": 0.017392249148155146, "anchor 3 mse": 0.2477886910843008, "anchor 4 mse": 0.39040979971134854}
{"bot_id": "0000000000000b01", "x": 1.1162656764810053, "y": 1.7553584479266835, "z": 0.0, "MSE": 8.385751621672311, "anchor 1 mse": 0.11544765650790367, "anchor 2 mse": 0.017392249148155146, "anchor 3 mse": 0.2477886910843008, "anchor 4 mse": 0.39040979971134854}
{"bot_id": "0000000000000b01", "x": 1.1162656764810053, "y": 1.7553584479266835, "z": 0.0, "MSE": 8.385751621672311, "anchor 1 mse": 0.11544765650790367, "anchor 2 mse": 0.017392249148155146, "anchor 3 mse": 0.2477886910843008, "anchor 4 mse": 0.39040979971134854}
{"bot_id": "0000000000000b01", "x": 1.1162656764810053, "y": 1.7553584479266835, "z": 0.0, "MSE": 8.385751621672311, "anchor 1 mse": 0.11544765650790367, "anchor 2 mse": 0.017392249148155146, "anchor 3 mse": 0.2477886910843008, "anchor 4 mse": 0.39040979971134854}
{"bot_id": "0000000000000b01", "x": 1.1162656764810053, "y": 1.7553584479266835, "z": 0.0, "MSE": 8.385751621672311, "anchor 1 mse": 0.11544765650790367, "anchor 2 mse": 0.017392249148155146, "anchor 3 mse": 0.2477886910843008, "anchor 4 mse": 0.39040979971134854}
{"bot_id": "0000000000000b01", "x": 1.1131274549990258, "y": 1.7574679519488208, "z": 0.0, "MSE": 8.385892169305954, "anchor 1 mse": 0.11929471706459734, "anchor 2 mse": 0.01571439210804878, "anchor 3 mse": 0.2449816101776575, "anchor 4 mse": 0.3950900940828079}
{"bot_id": "0000000000000b01", "x": 1.1635548523814916, "y": 1.880616021135966, "z": 0.0, "MSE": 20.543588249671544, "anchor 1 mse": 0.04171785686490983, "anchor 2 mse": 2.993930971832821, "anchor 3 mse": 0.14602949123574585, "anchor 4 mse": 0.45462522067063743}
{"bot_id": "0000000000000b01", "x": 1.1566192830094117, "y": 1.8869336263717353, "z": 0.0, "MSE": 20.631746769954564, "anchor 1 mse": 0.040432517481355124, "anchor 2 mse": 2.937031596532219, "anchor 3 mse": 0.14806401916874548, "anchor 4 mse": 0.4328460195258273}
{"bot_id": "0000000000000b01", "x": 1.1556103105052724, "y": 1.8873955494237715, "z": 0.0, "MSE": 20.592609681846938, "anchor 1 mse": 0.03877979428388265, "anchor 2 mse": 2.9041555132959203, "anchor 3 mse": 0.13773771442515245, "anchor 4 mse": 0.4342096550727423}
{"bot_id": "0000000000000b01", "x": 1.154977469234172, "y": 1.8876775750639905, "z": 0.0, "MSE": 20.590129295629616, "anchor 1 mse": 0.03769753918855985, "anchor 2 mse": 2.8922093346193667, "anchor 3 mse": 0.13173645723530222, "anchor 4 mse": 0.4350588177533534}
{"bot_id": "0000000000000b01", "x": 1.1499736515491212, "y": 1.8965801187938482, "z": 0.0, "MSE": 20.748638397525376, "anchor 1 mse": 0.03578085814889006, "anchor 2 mse": 2.8590505103996193, "anchor 3 mse": 0.1004597872424314, "anchor 4 mse": 0.45200408432741374}
{"bot_id": "0000000000000b01", "x": 1.4155585597588514, "y": 3.928573623842122, "z": 0.0, "MSE": 60.08069044949825, "anchor 1 mse": 0.004146627422407943, "anchor 2 mse": 11.844019549032387, "anchor 3 mse": 4.2333636963747566e-07, "anchor 4 mse": 5.057597030630844}
{"bot_id": "0000000000000b01", "x": 1.15569693261912, "y": 2.8291068149058463, "z": 0.0, "MSE": 35.82844684482653, "anchor 1 mse": 1.113810402879193, "anchor 2 mse": 1.5262291584383056, "anchor 3 mse": 0.0001161018760306325, "anchor 4 mse": 1.9361580550517805}
{"bot_id": "0000000000000b01", "x": 2.4402702395186875, "y": 2.956118546427302, "z": 0.0, "MSE": 236.69716830784142, "anchor 1 mse": 13.57130670963558, "anchor 2 mse": 6.281935872676413, "anchor 3 mse": 1.6383522465760596, "anchor 4 mse": 1.0463836862144378}
{"bot_id": "0000000000000b01", "x": 2.4391357998107566, "y": 2.95603162844537, "z": 0.0, "MSE": 236.82805246201616, "anchor 1 mse": 13.577121594863739, "anchor 2 mse": 6.29775115589648, "anchor 3 mse": 1.6354409108124952, "anchor 4 mse": 1.0495662560605308}
{"bot_id": "0000000000000b01", "x": 2.7760969567085048, "y": 3.0397172631862226, "z": 0.0, "MSE": 524.8295585029889, "anchor 1 mse": 26.059026989606053, "anchor 2 mse": 8.101885122030623, "anchor 3 mse": 2.572912780500708, "anchor 4 mse": 1.2023644275652674}
{"bot_id": "0000000000000b01", "x": 3.154566090613134, "y": 3.223817645054299, "z": 0.0, "MSE": 1816.171949500288, "anchor 1 mse": 65.95006208952087, "anchor 2 mse": 10.393690262343824, "anchor 3 mse": 2.431811652484155, "anchor 4 mse": 1.6066091239357225}
{"bot_id": "0000000000000b01", "x": 3.2737637923267857, "y": 3.3023180263436474, "z": 0.0, "MSE": 3023.343419364537, "anchor 1 mse": 94.3666497807145, "anchor 2 mse": 11.159275556434883, "anchor 3 mse": 2.0551433709064435, "anchor 4 mse": 1.8246310044702763}
{"bot_id": "0000000000000b01", "x": 3.433024308559702, "y": 3.5044556303800714, "z": 0.0, "MSE": 2871.449240197121, "anchor 1 mse": 89.21991542048677, "anchor 2 mse": 3.485808877758995, "anchor 3 mse": 1.3643109385242544, "anchor 4 mse": 2.4683783941582624}
{"bot_id": "0000000000000b01", "x": 3.429742025695923, "y": 3.4985754902096033, "z": 0.0, "MSE": 2894.4124340273843, "anchor 1 mse": 89.80238838462657, "anchor 2 mse": 3.502532372806583, "anchor 3 mse": 1.359705424059524, "anchor 4 mse": 2.4892230055421645}
{"bot_id": "0000000000000b01", "x": 3.428771433726293, "y": 3.4952055308233376, "z": 0.0, "MSE": 2920.7759857856286, "anchor 1 mse": 90.43054962703094, "anchor 2 mse": 3.540005128590721, "anchor 3 mse": 1.3671425759067541, "anchor 4 mse": 2.4918193759903593}
{"bot_id": "0000000000000b01", "x": 3.4285435220568257, "y": 3.489941689199256, "z": 0.0, "MSE": 2924.026919560612, "anchor 1 mse": 90.50504284149258, "anchor 2 mse": 3.5417153779656307, "anchor 3 mse": 1.3007675763214968, "anchor 4 mse": 2.4707715136737103}
{"bot_id": "0000000000000b01", "x": 3.2643716175519586, "y": 3.314003755069838, "z": 0.0, "MSE": 3079.2845894605352, "anchor 1 mse": 95.44669314109973, "anchor 2 mse": 11.295431100115472, "anchor 3 mse": 1.8834294536596374, "anchor 4 mse": 1.8775749749148885}
