{"bot_id": "0000000000000b01", "x": 1.2741646500899424, "y": 1.305817431614006, "z": 0.0, "MSE": 30.98453898733808, "anchor 1 mse": 3.3286547202458254, "anchor 2 mse": 0.336222222597253, "anchor 3 mse": 5.848762230022133, "anchor 4 mse": 4.68366681970617}
{"bot_id": "0000000000000b01", "x": 1.0419530855747563, "y": 1.2002293041918128, "z": 0.0, "MSE": 25.04785084616828, "anchor 1 mse": 2.5262166151795187, "anchor 2 mse": 0.29119530913349434, "anchor 3 mse": 0.8091618160725654, "anchor 4 mse": 0.12015065816423139}
{"bot_id": "0000000000000b01", "x": 1.1162656764810053, "y": 1.7553584479266835, "z": 0.0, "MSE": 8.385751621672311, "anchor 1 mse": 0.11544765650790367, "anchor 2 mse": 0.017392249148155146, "anchor 3 mse": 0.2477886910843008, "anchor 4 mse": 0.39040979971134854}
{"bot_id": "0000000000000b01", "x": 1.1162656764810053, "y": 1.7553584479266835, "z": 0.0, "MSE": 8.385751621672311, "anchor 1 mse": 0.11544765650790367, "anchor 2 mse": 0.017392249148155146, "anchor 3 mse": 0.2477886910843008, "anchor 4 mse": 0.39040979971134854}
{"bot_id": "0000000000000b01", "x": 1.1162656764810053, "y": 1.7553584479266835, "z": 0.0, "MSE": 8.385751621672311, "anchor 1 mse": 0.11544765650790367, "anchor 2 mse": 0.017392249148155146, "anchor 3 mse": 0.2477886910843008, "anchor 4 mse": 0.39040979971134854}
{"bot_id": "0000000000000b01", "x": 1.1162656764810053, "y": 1.7553584479266835, "z": 0.0, "MSE": 8.385751621672311, "anchor 1 mse": 0.11544765650790367, "anchor 2 mse": 0.017392249148155146, "anchor 3 mse": 0.2477886910843008, "anchor 4 mse": 0.39040979971134854}
{"bot_id": "0000000000000b01", "x": 1.1162656764810053, "y": 1.7553584479266835, "z": 0.0, "MSE": 8.385751621672311, "anchor 1 mse": 0.11544765650790367, "anchor 2 mse": 0.017392249148155146, "anchor 3 mse": 0.2477886910843008, "anchor 4 mse": 0.39040979971134854}
{"bot_id": "0000000000000b01", "x": 1.1162656764810053, "y": 1.7553584479266835, "z": 0.0, "MSE": 8.385751621672311, "anchor 1 mse": 0.11544765650790367, "anchor 2 mse": 0.017392249148155146, "anchor 3 mse": 0.2477886910843008, "anchor 4 mse": 0.39040979971134854}
{"bot_id": "0000000000000b01", "x": 1.1162656764810053, "y": 1.7553584479266835, "z": 0.0, "MSE": 8.385751621672311, "anchor 1 mse": 0.11544765650790367, "anchor 2 mse": 0.017392249148155146, "anchor 3 mse": 0.2477886910843008, "anchor 4 mse": 0.39040979971134854}
{"bot_id": "0000000000000b01", "x": 1.1162656764810053, "y": 1.7553584479266835, "z": 0.0, "MSE": 8.385751621672311, "anchor 1 mse": 0.11544765650790367, "anchor 2 mse": 0.017392249148155146, "anchor 3 mse": 0.2477886910843008, "anchor 4 mse": 0.39040979971134854}
{"bot_id": "0000000000000b01", "x": 1.1136328214251245, "y": 1.7585916303507143, "z": 0.0, "MSE": 8.370821262873996, "anchor 1 mse": 0.11845365525144586, "anchor 2 mse": 0.015589445556588005, "anchor 3 mse": 0.2482051445202351, "anchor 4 mse": 0.3955884801213803}
{"bot_id": "0000000000000b01", "x": 1.1639188368372677, "y": 1.8800627026421999, "z": 0.0, "MSE": 20.52710364106727, "anchor 1 mse": 0.0418318845888349, "anchor 2 mse": 2.9961666798109428, "anchor 3 mse": 0.14930577677000068, "anchor 4 mse": 0.45374887320770185}
{"bot_id": "0000000000000b01", "x": 1.1566192830094117, "y": 1.8869336263717353, "z": 0.0, "MSE": 20.631746769954564, "anchor 1 mse": 0.040432517481355124, "anchor 2 mse": 2.937031596532219, "anchor 3 mse": 0.14806401916874548, "anchor 4 mse": 0.4328460195258273}
{"bot_id": "0000000000000b01", "x": 1.1556103105052724, "y": 1.8873955494237715, "z": 0.0, "MSE": 20.592609681846938, "anchor 1 mse": 0.03877979428388265, "anchor 2 mse": 2.9041555132959203, "anchor 3 mse": 0.13773771442515245, "anchor 4 mse": 0.4342096550727423}
{"bot_id": "0000000000000b01", "x": 1.154984727540577, "y": 1.887642485533404, "z": 0.0, "MSE": 20.61697647093633, "anchor 1 mse": 0.037707691678930025, "anchor 2 mse": 2.9020362392656023, "anchor 3 mse": 0.1317450965650476, "anchor 4 mse": 0.4350190225855027}
{"bot_id": "0000000000000b01", "x": 1.1557751252218502, "y": 1.886850662784399, "z": 0.0, "MSE": 20.572166878089682, "anchor 1 mse": 0.03780975817778184, "anchor 2 mse": 2.8961158596120136, "anchor 3 mse": 0.13155077367190648, "anchor 4 mse": 0.4373152091634139}
{"bot_id": "0000000000000b01", "x": 0.8220939054616678, "y": 1.7134097172747076, "z": 0.0, "MSE": 40.43767424046118, "anchor 1 mse": 0.24957621424625465, "anchor 2 mse": 10.728132445940895, "anchor 3 mse": 0.47941842956190955, "anchor 4 mse": 0.6146036843502922}
{"bot_id": "0000000000000b01", "x": 0.8358250233592791, "y": 1.712331114353684, "z": 0.0, "MSE": 40.28326151994289, "anchor 1 mse": 0.2417769327308976, "anchor 2 mse": 10.717271411007646, "anchor 3 mse": 0.45813063285921224, "anchor 4 mse": 0.5989941727450692}
{"bot_id": "0000000000000b01", "x": 1.1498858384783965, "y": 1.8871076604977977, "z": 0.0, "MSE": 20.442834864233983, "anchor 1 mse": 0.026573118067846936, "anchor 2 mse": 2.7801642828192605, "anchor 3 mse": 0.10087673246181515, "anchor 4 mse": 0.4316885137077577}
{"bot_id": "0000000000000b01", "x": 1.150213472227895, "y": 1.8871421619489785, "z": 0.0, "MSE": 20.424495261531277, "anchor 1 mse": 0.026975185453357774, "anchor 2 mse": 2.7761069633724538, "anchor 3 mse": 0.10068718628605562, "anchor 4 mse": 0.43329822791872386}
{"bot_id": "0000000000000b01", "x": 1.1508604475983846, "y": 1.88370519012268, "z": 0.0, "MSE": 20.436146870981183, "anchor 1 mse": 0.024598186533333826, "anchor 2 mse": 2.799956875813855, "anchor 3 mse": 0.1014628586920749, "anchor 4 mse": 0.4294800531900724}
{"bot_id": "0000000000000b01", "x": 1.1607667027569777, "y": 1.867211356403569, "z": 0.0, "MSE": 20.110780291663097, "anchor 1 mse": 0.021641567382144893, "anchor 2 mse": 2.833626048821625, "anchor 3 mse": 0.10801839924162132, "anchor 4 mse": 0.4368242551854492}
{"bot_id": "0000000000000b01", "x": 1.1580462792189143, "y": 1.8757541860185172, "z": 0.0, "MSE": 20.122987529161556, "anchor 1 mse": 0.025552883035586525, "anchor 2 mse": 2.7784166953567317, "anchor 3 mse": 0.10018199490659555, "anchor 4 mse": 0.447460813443977}
{"bot_id": "0000000000000b01", "x": 1.1592009563393562, "y": 1.8737671368159596, "z": 0.0, "MSE": 20.088080609533744, "anchor 1 mse": 0.025900383186160867, "anchor 2 mse": 2.7857980931684168, "anchor 3 mse": 0.1057144997732239, "anchor 4 mse": 0.44448673564579155}
{"bot_id": "0000000000000b01", "x": 1.1114016928219665, "y": 1.6908820192089766, "z": 0.0, "MSE": 8.536815549683894, "anchor 1 mse": 0.10757872497813815, "anchor 2 mse": 0.01308945959009038, "anchor 3 mse": 0.21631526208053806, "anchor 4 mse": 0.3454973109993572}
{"bot_id": "0000000000000b01", "x": 1.1050892335097258, "y": 1.7124591950589507, "z": 0.0, "MSE": 8.514340480273946, "anchor 1 mse": 0.11887658638651456, "anchor 2 mse": 0.01297312518857771, "anchor 3 mse": 0.21777478860416802, "anchor 4 mse": 0.36834386156719284}
{"bot_id": "0000000000000b01", "x": 1.0916789799504565, "y": 1.726004373069337, "z": 0.0, "MSE": 8.47110931084772, "anchor 1 mse": 0.1320940021319121, "anchor 2 mse": 0.009276829593979507, "anchor 3 mse": 0.22110633609053795, "anchor 4 mse": 0.39719053054736453}
{"bot_id": "0000000000000b01", "x": 1.0935456328968374, "y": 1.7446641941405288, "z": 0.0, "MSE": 8.310595078830836, "anchor 1 mse": 0.13131676846103413, "anchor 2 mse": 0.006958358811148551, "anchor 3 mse": 0.24978090522678434, "anchor 4 mse": 0.4095724494881256}
{"bot_id": "0000000000000b01", "x": 1.1656465624086103, "y": 1.8829097491456432, "z": 0.0, "MSE": 20.38024487112022, "anchor 1 mse": 0.044604723744589445, "anchor 2 mse": 2.944423921165983, "anchor 3 mse": 0.14052948616434233, "anchor 4 mse": 0.4723780885093208}
{"bot_id": "0000000000000b01", "x": 1.1669828966291718, "y": 1.8810138097580822, "z": 0.0, "MSE": 20.36073781709819, "anchor 1 mse": 0.04498891777622397, "anchor 2 mse": 2.9669882759426494, "anchor 3 mse": 0.15243787895143704, "anchor 4 mse": 0.469234809883961}
{"bot_id": "0000000000000b01", "x": 0.725445327726568, "y": 1.7493370032704654, "z": 0.0,