{"bot_id": "0000000000000b01", "x": 1.0813953488372092, "y": 1.4999999999999998, "z": 0.0, "MSE": 36.0, "anchor 1 mse": 3.4194159004867486, "anchor 2 mse": 3.4194159004867504, "anchor 3 mse": 5.931043807463495, "anchor 4 mse": 5.931043807463493}
{"bot_id": "0000000000000b01", "x": 1.2741646500899424, "y": 1.305817431614006, "z": 0.0, "MSE": 30.98453898733808, "anchor 1 mse": 3.3286547202458254, "anchor 2 mse": 0.336222222597253, "anchor 3 mse": 5.848762230022133, "anchor 4 mse": 4.68366681970617}
{"bot_id": "0000000000000b01", "x": 1.0419530855747563, "y": 1.2002293041918128, "z": 0.0, "MSE": 25.04785084616828, "anchor 1 mse": 2.5262166151795187, "anchor 2 mse": 0.29119530913349434, "anchor 3 mse": 0.8091618160725654, "anchor 4 mse": 0.12015065816423139}
{"bot_id": "0000000000000b01", "x": 1.1162656764810053, "y": 1.7553584479266835, "z": 0.0, "MSE": 8.385751621672311, "anchor 1 mse": 0.11544765650790367, "anchor 2 mse": 0.017392249148155146, "anchor 3 mse": 0.2477886910843008, "anchor 4 mse": 0.39040979971134854}
{"bot_id": "0000000000000b01", "x": 1.1162656764810053, "y": 1.7553584479266835, "z": 0.0, "MSE": 8.385751621672311, "anchor 1 mse": 0.11544765650790367, "anchor 2 mse": 0.017392249148155146, "anchor 3 mse": 0.2477886910843008, "anchor 4 mse": 0.39040979971134854}
{"bot_id": "0000000000000b01", "x": 1.1162656764810053, "y": 1.7553584479266835, "z": 0.0, "MSE": 8.385751621672311, "anchor 1 mse": 0.11544765650790367, "anchor 2 mse": 0.017392249148155146, "anchor 3 mse": 0.2477886910843008, "anchor 4 mse": 0.39040979971134854}
{"bot_id": "0000000000000b01", "x": 1.1162656764810053, "y": 1.7553584479266835, "z": 0.0, "MSE": 8.385751621672311, "anchor 1 mse": 0.11544765650790367, "anchor 2 mse": 0.017392249148155146, "anchor 3 mse": 0.2477886910843008, "anchor 4 mse": 0.39040979971134854}
{"bot_id": "0000000000000b01", "x": 1.1162656764810053, "y": 1.7553584479266835, "z": 0.0, "MSE": 8.385751621672311, "anchor 1 mse": 0.11544765650790367, "anchor 2 mse": 0.017392249148155146, "anchor 3 mse": 0.2477886910843008, "anchor 4 mse": 0.39040979971134854}
{"bot_id": "0000000000000b01", "x": 1.1162656764810053, "y": 1.7553584479266835, "z": 0.0, "MSE": 8.385751621672311, "anchor 1 mse": 0.11544765650790367, "anchor 2 mse": 0.017392249148155146, "anchor 3 mse": 0.2477886910843008, "anchor 4 mse": 0.39040979971134854}
{"bot_id": "0000000000000b01", "x": 1.1162656764810053, "y": 1.7553584479266835, "z": 0.0, "MSE": 8.385751621672311, "anchor 1 mse": 0.11544765650790367, "anchor 2 mse": 0.017392249148155146, "anchor 3 mse": 0.2477886910843008, "anchor 4 mse": 0.39040979971134854}
{"bot_id": "0000000000000b01", "x": 1.1136328214251245, "y": 1.7585916303507143, "z": 0.0, "MSE": 8.370821262873996, "anchor 1 mse": 0.11845365525144586, "anchor 2 mse": 0.015589445556588005, "anchor 3 mse": 0.2482051445202351, "anchor 4 mse": 0.3955884801213803}
{"bot_id": "0000000000000b01", "x": 1.1639188368372677, "y": 1.8800627026421999, "z": 0.0, "MSE": 20.52710364106727, "anchor 1 mse": 0.0418318845888349, "anchor 2 mse": 2.9961666798109428, "anchor 3 mse": 0.14930577677000068, "anchor 4 mse": 0.45374887320770185}
{"bot_id": "0000000000000b01", "x": 1.1566192830094117, "y": 1.8869336263717353, "z": 0.0, "MSE": 20.631746769954564, "anchor 1 mse": 0.040432517481355124, "anchor 2 mse": 2.937031596532219, "anchor 3 mse": 0.14806401916874548, "anchor 4 mse": 0.4328460195258273}
{"bot_id": "0000000000000b01", "x": 1.1556103105052724, "y": 1.8873955494237715, "z": 0.0, "MSE": 20.592609681846938, "anchor 1 mse": 0.03877979428388265, "anchor 2 mse": 2.9041555132959203, "anchor 3 mse": 0.13773771442515245, "anchor 4 mse": 0.4342096550727423}
{"bot_id": "0000000000000b01", "x": 1.154977469234172, "y": 1.8876775750639905, "z": 0.0, "MSE": 20.590129295629616, "anchor 1 mse": 0.03769753918855985, "anchor 2 mse": 2.8922093346193667, "anchor 3 mse": 0.13173645723530222, "anchor 4 mse": 0.4350588177533534}
{"bot_id": "0000000000000b01", "x": 1.1499736515491212, "y": 1.8965801187938482, "z": 0.0, "MSE": 20.748638397525376, "anchor 1 mse": 0.03578085814889006, "anchor 2 mse": 2.8590505103996193, "anchor 3 mse": 0.1004597872424314, "anchor 4 mse": 0.45200408432741374}
{"bot_id": "0000000000000b01", "x": 0.8220939054616678, "y": 1.7134097172747076, "z": 0.0, "MSE": 40.43767424046118, "anchor 1 mse": 0.24957621424625465, "anchor 2 mse": 10.728132445940895, "anchor 3 mse": 0.47941842956190955, "anchor 4 mse": 0.6146036843502922}
{"bot_id": "0000000000000b01", "x": 0.8358250233592791, "y": 1.712331114353684, "z": 0.0, "MSE": 40.28326151994289, "anchor 1 mse": 0.2417769327308976, "anchor 2 mse": 10.717271411007646, "anchor 3 mse": 0.45813063285921224, "anchor 4 mse": 0.5989941727450692}
{"bot_id": "0000000000000b01", "x": 1.1498897704901827, "y": 1.8871182233985202, "z": 0.0, "MSE": 20.429535592779636, "anchor 1 mse": 0.026569510312353637, "anchor 2 mse": 2.7753873117222634, "anchor 3 mse": 0.10087113362179168, "anchor 4 mse": 0.43169480806225036}
{"bot_id": "0000000000000b01", "x": 1.1502024171008989, "y": 1.8871094834725577, "z": 0.0, "MSE": 20.464411816338803, "anchor 1 mse": 0.026986242498176858, "anchor 2 mse": 2.790456119553517, "anchor 3 mse": 0.10070388980856465, "anchor 4 mse": 0.4332776930240299}
{"bot_id": "0000000000000b01", "x": 1.160501793195869, "y": 1.8728377095447057, "z": 0.0, "MSE": 20.227957027449982, "anchor 1 mse": 0.025934333254305744, "anchor 2 mse": 2.848650479550766, "anchor 3 mse": 0.09981944978867847, "anchor 4 mse": 0.45386520294983906}
{"bot_id": "0000000000000b01", "x": 1.1593656259350884, "y": 1.8733906501696267, "z": 0.0, "MSE": 20.16164779466597, "anchor 1 mse": 0.025975598286332113, "anchor 2 mse": 2.815760913705223, "anchor 3 mse": 0.10668212117270214, "anchor 4 mse": 0.4439749048873896}
{"bot_id": "0000000000000b01", "x": 1.1593991956463936, "y": 1.8695513925867913, "z": 0.0, "MSE": 20.151838132687867, "anchor 1 mse": 0.021270496837914387, "anchor 2 mse": 2.8248361366937926, "anchor 3 mse": 0.10150624697264993, "anchor 4 mse": 0.4403034403789495}
{"bot_id": "0000000000000b01", "x": 1.1592009563393562, "y": 1.8737671368159596, "z": 0.0, "MSE": 20.088080609533744, "anchor 1 mse": 0.025900383186160867, "anchor 2 mse": 2.7857980931684168, "anchor 3 mse": 0.1057144997732239, "anchor 4 mse": 0.44448673564579155}
{"bot_id": "0000000000000b01", "x": 1.116006738210137, "y": 1.6937110037533223, "z": 0.0, "MSE": 8.530307752626914, "anchor 1 mse": 0.10439182427975008, "anchor 2 mse": 0.01532957172958981, "anchor 3 mse": 0.2192788046449697, "anchor 4 mse": 0.3436909614636011}
{"bot_id": "0000000000000b01", "x": 1.102205514545418, "y": 1.7122136261481327, "z": 0.0, "MSE": 8.499203812905733, "anchor 1 mse": 0.12009933313628343, "anchor 2 mse": 0.01259095979235214, "anchor 3 mse": 0.2201365560479863, "anchor 4 mse": 0.37598336358642065}
{"bot_id": "0000000000000b01", "x": 1.0971966918012457, "y": 1.733017115107206, "z": 0.0, "MSE": 8.359449470356601, "anchor 1 mse": 0.12572057273999748, "anchor 2 mse": 0.00894997498972385, "anchor 3 mse": 0.2446247097350316, "anchor 4 mse": 0.3961811889626278}
{"bot_id": "0000000000000b01", "x": 1.1617019902630796, "y": 1.8857022030250243, "z": 0.0, "MSE": 20.295817816842707, "anchor 1 mse": 0.04268741146758276, "anchor 2 mse": 2.8599967449622006, "anchor 3 mse": 0.13453768776314695, "anchor 4 mse": 0.46130370702691}
{"bot_id": "0000000000000b01", "x": 1.1626193579727586, "y": 1.8842625800176018, "z": 0.0, "MSE": 20.25739318949351, "anchor 1 mse": 0.04299539716110421, "anchor 2 mse": 2.86560953426263, "anchor 3 mse": 0.14194525005732747, "anchor 4 mse": 0.45903638206720787}
{"bot_id": "0000000000000b01", "x": 1.1669828966291718, "y": 1.8810138097580822, "z": 0.0, "MSE": 20.36073781709819, "anchor 1 mse": 0.04498891777622397, "anchor 2 mse": 2.9669882759426494, "anchor 3 mse": 0.15243787895143704, "anchor 4 mse": 0.469234809883961}
{"bot_id": "0000000000000b01", "x": 1.172674856642188, "y": 1.8688446298056351, "z": 0.0,