{"bot_id": "0000000000000b01", "x": 1.0813953488372092, "y": 1.4999999999999998, "z": 0.0, "MSE": 36.0, "anchor 1 mse": 3.4194159004867486, "anchor 2 mse": 3.4194159004867504, "anchor 3 mse": 5.931043807463495, "anchor 4 mse": 5.931043807463493}
{"bot_id": "0000000000000b01", "x": 1.2741646500899424, "y": 1.305817431614006, "z": 0.0, "MSE": 30.98453898733808, "anchor 1 mse": 3.3286547202458254, "anchor 2 mse": 0.336222222597253, "anchor 3 mse": 5.848762230022133, "anchor 4 mse": 4.68366681970617}
{"bot_id": "0000000000000b01", "x": 1.0419530855747563, "y": 1.2002293041918128, "z": 0.0, "MSE": 25.04785084616828, "anchor 1 mse": 2.5262166151795187, "anchor 2 mse": 0.29119530913349434, "anchor 3 mse": 0.8091618160725654, "anchor 4 mse": 0.12015065816423139}
{"bot_id": "0000000000000b01", "x": 1.1162656764810053, "y": 1.7553584479266835, "z": 0.0, "MSE": 8.385751621672311, "anchor 1 mse": 0.11544765650790367, "anchor 2 mse": 0.017392249148155146, "anchor 3 mse": 0.2477886910843008, "anchor 4 mse": 0.39040979971134854}
{"bot_id": "0000000000000b01", "x": 1.1162656764810053, "y": 1.7553584479266835, "z": 0.0, "MSE": 8.385751621672311, "anchor 1 mse": 0.11544765650790367, "anchor 2 mse": 0.017392249148155146, "anchor 3 mse": 0.2477886910843008, "anchor 4 mse": 0.39040979971134854}
{"bot_id": "0000000000000b01", "x": 1.1162656764810053, "y": 1.7553584479266835, "z": 0.0, "MSE": 8.385751621672311, "anchor 1 mse": 0.11544765650790367, "anchor 2 mse": 0.017392249148155146, "anchor 3 mse": 0.2477886910843008, "anchor 4 mse": 0.39040979971134854}
{"bot_id": "0000000000000b01", "x": 1.1162656764810053, "y": 1.7553584479266835, "z": 0.0, "MSE": 8.385751621672311, "anchor 1 mse": 0.11544765650790367, "anchor 2 mse": 0.017392249148155146, "anchor 3 mse": 0.2477886910843008, "anchor 4 mse": 0.39040979971134854}
{"bot_id": "0000000000000b01", "x": 1.1162656764810053, "y": 1.7553584479266835, "z": 0.0, "MSE": 8.385751621672311, "anchor 1 mse": 0.11544765650790367, "anchor 2 mse": 0.017392249148155146, "anchor 3 mse": 0.2477886910843008, "anchor 4 mse": 0.39040979971134854}
{"bot_id": "0000000000000b01", "x": 1.1162656764810053, "y": 1.7553584479266835, "z": 0.0, "MSE": 8.385751621672311, "anchor 1 mse": 0.11544765650790367, "anchor 2 mse": 0.017392249148155146, "anchor 3 mse": 0.2477886910843008, "anchor 4 mse": 0.39040979971134854}
{"bot_id": "0000000000000b01", "x": 1.1162656764810053, "y": 1.7553584479266835, "z": 0.0, "MSE": 8.385751621672311, "anchor 1 mse": 0.11544765650790367, "anchor 2 mse": 0.017392249148155146, "anchor 3 mse": 0.2477886910843008, "anchor 4 mse": 0.39040979971134854}
{"bot_id": "0000000000000b01", "x": 1.1162656764810053, "y": 1.7553584479266835, "z": 0.0, "MSE": 8.385751621672311, "anchor 1 mse": 0.11544765650790367, "anchor 2 mse": 0.017392249148155146, "anchor 3 mse": 0.2477886910843008, "anchor 4 mse": 0.39040979971134854}
{"bot_id": "0000000000000b01", "x": 1.1131274549990258, "y": 1.7574679519488208, "z": 0.0, "MSE": 8.385892169305954, "anchor 1 mse": 0.11929471706459734, "anchor 2 mse": 0.01571439210804878, "anchor 3 mse": 0.2449816101776575, "anchor 4 mse": 0.3950900940828079}
{"bot_id": "0000000000000b01", "x": 1.1635548523814916, "y": 1.880616021135966, "z": 0.0, "MSE": 20.543588249671544, "anchor 1 mse": 0.04171785686490983, "anchor 2 mse": 2.993930971832821, "anchor 3 mse": 0.14602949123574585, "anchor 4 mse": 0.45462522067063743}
{"bot_id": "0000000000000b01", "x": 1.1566192830094117, "y": 1.8869336263717353, "z": 0.0, "MSE": 20.631746769954564, "anchor 1 mse": 0.040432517481355124, "anchor 2 mse": 2.937031596532219, "anchor 3 mse": 0.14806401916874548, "anchor 4 mse": 0.4328460195258273}
{"bot_id": "0000000000000b01", "x": 1.1556103105052724, "y": 1.8873955494237715, "z": 0.0, "MSE": 20.592609681846938, "anchor 1 mse": 0.03877979428388265, "anchor 2 mse": 2.9041555132959203, "anchor 3 mse": 0.13773771442515245, "anchor 4 mse": 0.4342096550727423}
{"bot_id": "0000000000000b01", "x": 1.154977469234172, "y": 1.8876775750639905, "z": 0.0, "MSE": 20.590129295629616, "anchor 1 mse": 0.03769753918855985, "anchor 2 mse": 2.8922093346193667, "anchor 3 mse": 0.13173645723530222, "anchor 4 mse": 0.4350588177533534}
{"bot_id": "0000000000000b01", "x": 1.1499736515491212, "y": 1.8965801187938482, "z": 0.0, "MSE": 20.748638397525376, "anchor 1 mse": 0.03578085814889006, "anchor 2 mse": 2.8590505103996193, "anchor 3 mse": 0.1004597872424314, "anchor 4 mse": 0.45200408432741374}
{"bot_id": "0000000000000b01", "x": 0.824852044153423, "y": 1.711668751347412, "z": 0.0, "MSE": 40.42756370289837, "anchor 1 mse": 0.24710109760343205, "anchor 2 mse": 10.747484050804088, "anchor 3 mse": 0.4773606695090847, "anchor 4 mse": 0.609527596307495}
{"bot_id": "0000000000000b01", "x": 1.1482804775286568, "y": 1.8959930995544823, "z": 0.0, "MSE": 20.514147508906, "anchor 1 mse": 0.03259390461776322, "anchor 2 mse": 2.7557932292579745, "anchor 3 mse": 0.09886188536607365, "anchor 4 mse": 0.44156507997154687}
{"bot_id": "0000000000000b01", "x": 1.0965022621094753, "y": 2.3930904273197706, "z": 0.0, "MSE": 25.205097381772674, "anchor 1 mse": 0.20814969391458113, "anchor 2 mse": 1.7396887594336428, "anchor 3 mse": 0.024486319962159466, "anchor 4 mse": 1.149383412891019}
{"bot_id": "0000000000000b01", "x": 1.0963173936644615, "y": 2.3935116818367552, "z": 0.0, "MSE": 25.241756418080072, "anchor 1 mse": 0.20787058766794764, "anchor 2 mse": 1.7500448739872296, "anchor 3 mse": 0.02450141311939242, "anchor 4 mse": 1.1534037026875135}
{"bot_id": "0000000000000b01", "x": 1.1009703568392135, "y": 2.7404914788401507, "z": 0.0, "MSE": 31.254259460280284, "anchor 1 mse": 0.7047287384814753, "anchor 2 mse": 1.4427401662560473, "anchor 3 mse": 0.0072676297501713845, "anchor 4 mse": 1.9119396616567843}
{"bot_id": "0000000000000b01", "x": 1.5359184805023756, "y": 2.9157927815767626, "z": 0.0, "MSE": 65.07114496573959, "anchor 1 mse": 3.6376797165579826, "anchor 2 mse": 2.558891843674294, "anchor 3 mse": 0.1331720407231989, "anchor 4 mse": 1.6970955460428296}
{"bot_id": "0000000000000b01", "x": 1.8847234256307577, "y": 2.923866414475313, "z": 0.0, "MSE": 98.96324985829477, "anchor 1 mse": 6.037043856041288, "anchor 2 mse": 3.760177274069631, "anchor 3 mse": 0.5235338843521092, "anchor 4 mse": 1.3607075332567642}
{"bot_id": "0000000000000b01", "x": 2.45890782028936, "y": 3.1684357945663093, "z": 0.0, "MSE": 112.73922439462976, "anchor 1 mse": 6.898530458839464, "anchor 2 mse": 0.7427214275461499, "anchor 3 mse": 1.6031483832238138, "anchor 4 mse": 1.6057036407308356}
{"bot_id": "0000000000000b01", "x": 2.6665812352531866, "y": 3.1514214603517945, "z": 0.0, "MSE": 178.3030653756888, "anchor 1 mse": 10.546288097022904, "anchor 2 mse": 1.1590487939487868, "anchor 3 mse": 2.1260374768314616, "anchor 4 mse": 1.4929596669523664}
{"bot_id": "0000000000000b01", "x": 2.671773917633762, "y": 3.1452992442100336, "z": 0.0, "MSE": 181.8717920750988, "anchor 1 mse": 10.750639333874805, "anchor 2 mse": 1.1943533983072925, "anchor 3 mse": 2.1472123111826673, "anchor 4 mse": 1.4872330807569074}
{"bot_id": "0000000000000b01", "x": 2.6814342673569582, "y": 3.129143503391339, "z": 0.0, "MSE": 182.65254520985255, "anchor 1 mse": 10.790154761394758, "anchor 2 mse": 1.2168600683362985, "anchor 3 mse": 2.0957812143091306, "anchor 4 mse": 1.4424777378806328}
{"bot_id": "0000000000000b01", "x": 2.201656583786108, "y": 2.907147453075704, "z": 0.0, "MSE": 155.77751195767158, "anchor 1 mse": 9.365993979833531, "anchor 2 mse": 5.221418150662392, "anchor 3 mse": 0.958699838383094, "anchor 4 mse": 1.1246340860999322}
{"bot_id": "0000000000000b01", "x": 2.197341294438704, "y": 2.9053677821015813, "z": 0.0, "MSE": 156.89250865345926, "anchor 1 mse": 9.416920306298358, "anchor 2 mse": 5.2937113331707755, "anchor 3 mse": 0.930528772902729, "anchor 4 mse": 1.150846121213139}
{"bot_id": "0000000000000b01", "x": 2.189452495827181, "y": 2.9005607095848736, "z": 0.0, "MSE": 155.98877371027524,