{"bot_id": "0000000000000b01", "x": 1.4997824710334529, "y": 1.5, "z": 0.0, "MSE": 4.500000047318852, "anchor 1 mse": 4.4993474604192105, "anchor 2 mse": 4.4993474604192105, "anchor 3 mse": 4.500652634218493, "anchor 4 mse": 4.500652634218493}
{"bot_id": "0000000000000b01", "x": 1.4997824710334529, "y": 1.5, "z": 0.0, "MSE": 4.500000047318852, "anchor 1 mse": 4.4993474604192105, "anchor 2 mse": 4.4993474604192105, "anchor 3 mse": 4.500652634218493, "anchor 4 mse": 4.500652634218493}
{"bot_id": "0000000000000b01", "x": 1.4997824710334529, "y": 1.5, "z": 0.0, "MSE": 4.500000047318852, "anchor 1 mse": 4.4993474604192105, "anchor 2 mse": 4.4993474604192105, "anchor 3 mse": 4.500652634218493, "anchor 4 mse": 4.500652634218493}
{"bot_id": "0000000000000b01", "x": 1.4997824710334529, "y": 1.5, "z": 0.0, "MSE": 4.500000047318852, "anchor 1 mse": 4.4993474604192105, "anchor 2 mse": 4.4993474604192105, "anchor 3 mse": 4.500652634218493, "anchor 4 mse": 4.500652634218493}
{"bot_id": "0000000000000b01", "x": 1.4997824710334529, "y": 1.5, "z": 0.0, "MSE": 4.500000047318852, "anchor 1 mse": 4.4993474604192105, "anchor 2 mse": 4.4993474604192105, "anchor 3 mse": 4.500652634218493, "anchor 4 mse": 4.500652634218493}
{"bot_id": "0000000000000b01", "x": 1.5938958380238677, "y": 1.7957464641770298, "z": 0.0, "MSE": 0.08189133443398738, "anchor 1 mse": 0.00035777620996751486, "anchor 2 mse": 0.20947215968688113, "anchor 3 mse": 0.008337850345830355, "anchor 4 mse": 0.10939755149327056}
{"bot_id": "0000000000000b01", "x": 1.5938958380238677, "y": 1.7957464641770298, "z": 0.0, "MSE": 0.08189133443398738, "anchor 1 mse": 0.00035777620996751486, "anchor 2 mse": 0.20947215968688113, "anchor 3 mse": 0.008337850345830355, "anchor 4 mse": 0.10939755149327056}
{"bot_id": "0000000000000b01", "x": 1.5938958380238677, "y": 1.7957464641770298, "z": 0.0, "MSE": 0.08189133443398738, "anchor 1 mse": 0.00035777620996751486, "anchor 2 mse": 0.20947215968688113, "anchor 3 mse": 0.008337850345830355, "anchor 4 mse": 0.10939755149327056}
{"bot_id": "0000000000000b01", "x": 1.5938958380238677, "y": 1.7957464641770298, "z": 0.0, "MSE": 0.08189133443398738, "anchor 1 mse": 0.00035777620996751486, "anchor 2 mse": 0.20947215968688113, "anchor 3 mse": 0.008337850345830355, "anchor 4 mse": 0.10939755149327056}
{"bot_id": "0000000000000b01", "x": 1.5938958380238677, "y": 1.7957464641770298, "z": 0.0, "MSE": 0.08189133443398738, "anchor 1 mse": 0.00035777620996751486, "anchor 2 mse": 0.20947215968688113, "anchor 3 mse": 0.008337850345830355, "anchor 4 mse": 0.10939755149327056}
{"bot_id": "0000000000000b01", "x": 1.5945608553988182, "y": 1.7952570423073075, "z": 0.0, "MSE": 0.08128688318191649, "anchor 1 mse": 0.0006028840698115868, "anchor 2 mse": 0.20761672086778507, "anchor 3 mse": 0.007541109283640189, "anchor 4 mse": 0.10887207269526895}
{"bot_id": "0000000000000b01", "x": 1.592039576516529, "y": 1.7927558526819614, "z": 0.0, "MSE": 0.08106424411527892, "anchor 1 mse": 0.0003275398156797778, "anchor 2 mse": 4.46781394175957, "anchor 3 mse": 0.007412507973211083, "anchor 4 mse": 0.10579370202404012}
{"bot_id": "0000000000000b01", "x": 1.4291413607306358, "y": 1.9110451905082897, "z": 0.0, "MSE": 0.9853152031722969, "anchor 1 mse": 0.0007818982884116798, "anchor 2 mse": 3.630204194021282, "anchor 3 mse": 0.01652121380575788, "anchor 4 mse": 0.2438392673385412}
{"bot_id": "0000000000000b01", "x": 1.4204906113744498, "y": 1.9138745446579715, "z": 0.0, "MSE": 0.9669850838764743, "anchor 1 mse": 0.0007062906232573015, "anchor 2 mse": 3.565091056060162, "anchor 3 mse": 0.015743917456088597, "anchor 4 mse": 0.25148677602920005}
{"bot_id": "0000000000000b01", "x": 1.4170880180803187, "y": 1.9110159214687326, "z": 0.0, "MSE": 0.9576853750656247, "anchor 1 mse": 0.0007863606635881454, "anchor 2 mse": 3.5506857270279113, "anchor 3 mse": 0.016873549339862595, "anchor 4 mse": 0.25432530659516733}
{"bot_id": "0000000000000b01", "x": 1.4169646847227058, "y": 1.9091317448708307, "z": 0.0, "MSE": 0.9564119320346394, "anchor 1 mse": 0.0008778677196575813, "anchor 2 mse": 3.5546476109888587, "anchor 3 mse": 0.007285313917545462, "anchor 4 mse": 0.2529433407015604}
{"bot_id": "0000000000000b01", "x": 1.6166584937447166, "y": 1.743667834537396, "z": 0.0, "MSE": 3.618316729586319, "anchor 1 mse": 0.0003739073028930445, "anchor 2 mse": 14.409600129976527, "anchor 3 mse": 0.000995254582118891, "anchor 4 mse": 0.05693853351480255}
{"bot_id": "0000000000000b01", "x": 1.6073968352374, "y": 1.7451561095367145, "z": 0.0, "MSE": 3.5834730635473364, "anchor 1 mse": 0.0006016933711104288, "anchor 2 mse": 4.4367020631047325, "anchor 3 mse": 0.001097719313923677, "anchor 4 mse": 0.06099797523620927}
{"bot_id": "0000000000000b01", "x": 1.3923352541000735, "y": 1.8911939820841588, "z": 0.0, "MSE": 0.9177701588238327, "anchor 1 mse": 0.000595763340311672, "anchor 2 mse": 3.411571711061513, "anchor 3 mse": 0.012438343489586697, "anchor 4 mse": 0.24647481740391988}
{"bot_id": "0000000000000b01", "x": 1.3931060071676014, "y": 1.8912971388848383, "z": 0.0, "MSE": 0.9171715864260414, "anchor 1 mse": 0.00023399016707579886, "anchor 2 mse": 3.424127973110542, "anchor 3 mse": 0.012284243151470845, "anchor 4 mse": 0.24747675096042346}
{"bot_id": "0000000000000b01", "x": 1.3903162058249514, "y": 1.8876403256499932, "z": 0.0, "MSE": 0.9211684423547097, "anchor 1 mse": 0.0003958336837679598, "anchor 2 mse": 3.4244988171805706, "anchor 3 mse": 0.013272841441004187, "anchor 4 mse": 0.25943857142094273}
{"bot_id": "0000000000000b01", "x": 1.4012909343566262, "y": 1.8797166712220266, "z": 0.0, "MSE": 0.9310667268882729, "anchor 1 mse": 1.337573035721113e-06, "anchor 2 mse": 3.442837565505403, "anchor 3 mse": 0.012260130378409702, "anchor 4 mse": 0.257689785224254}
{"bot_id": "0000000000000b01", "x": 1.3914131217695516, "y": 1.8738939085053319, "z": 0.0, "MSE": 0.9256521092852523, "anchor 1 mse": 0.0009178363312527927, "anchor 2 mse": 3.396169194471023, "anchor 3 mse": 0.014922231729796988, "anchor 4 mse": 0.25681006686167}
{"bot_id": "0000000000000b01", "x": 1.3965442284375422, "y": 1.880580086701631, "z": 0.0, "MSE": 0.9176092155994892, "anchor 1 mse": 8.120902518195196e-05, "anchor 2 mse": 0.03495313485124843, "anchor 3 mse": 0.015053258070228916, "anchor 4 mse": 0.26149559314671655}
{"bot_id": "0000000000000b01", "x": 1.5678787614917236, "y": 1.7423323626618301, "z": 0.0, "MSE": 0.06653605149433856, "anchor 1 mse": 0.0010108100530914145, "anchor 2 mse": 0.17279183208716914, "anchor 3 mse": 0.006671357720336777, "anchor 4 mse": 0.09500389873373563}
{"bot_id": "0000000000000b01", "x": 1.5737218723579267, "y": 1.7571635715158136, "z": 0.0, "MSE": 0.07079257327637326, "anchor 1 mse": 0.002195247637381635, "anchor 2 mse": 0.1784610915923762, "anchor 3 mse": 0.004558337422119258, "anchor 4 mse": 0.10259391022442457}
{"bot_id": "0000000000000b01", "x": 1.5855606359123429, "y": 1.7674659220241726, "z": 0.0, "MSE": 0.07190313489675931, "anchor 1 mse": 0.0022084601487141085, "anchor 2 mse": 0.18219241291978688, "anchor 3 mse": 0.007170503634402763, "anchor 4 mse": 0.10205890283728478}
{"bot_id": "0000000000000b01", "x": 1.5984143387598666, "y": 1.7810598166316542, "z": 0.0, "MSE": 0.07318480308363083, "anchor 1 mse": 0.0008004394006853842, "anchor 2 mse": 4.374743109423749, "anchor 3 mse": 0.005569598752896364, "anchor 4 mse": 0.0974218655656945}
{"bot_id": "0000000000000b01", "x": 1.4312274344894909, "y": 1.9106765121141651, "z": 0.0, "MSE": 0.955689242348819, "anchor 1 mse": 0.0014773407515808466, "anchor 2 mse": 3.534586525716471, "anchor 3 mse": 0.018777516868012843, "anchor 4 mse": 0.2682266717749755}
{"bot_id": "0000000000000b01", "x": 1.439588357045701, "y": 1.9107627935677751, "z": 0.0, "MSE": 0.9834770298755485, "anchor 1 mse": 0.0002625210019801289, "anchor 2 mse": 3.651704862778427, "anchor 3 mse": 0.021267652768888482, "anchor 4 mse": 0.29294852640740576}
{"bot_id": "0000000000000b01", "x": 1.437221042043873, "y": 1.8990146408161344,