{"bot_id": "0000000000000b01", "x": 1.2741646500899424, "y": 1.305817431614006, "z": 0.0, "MSE": 30.98453898733808, "anchor 1 mse": 3.3286547202458254, "anchor 2 mse": 0.336222222597253, "anchor 3 mse": 5.848762230022133, "anchor 4 mse": 4.68366681970617}
{"bot_id": "0000000000000b01", "x": 1.2741646500899424, "y": 1.305817431614006, "z": 0.0, "MSE": 30.98453898733808, "anchor 1 mse": 3.3286547202458254, "anchor 2 mse": 0.336222222597253, "anchor 3 mse": 5.848762230022133, "anchor 4 mse": 4.68366681970617}
{"bot_id": "0000000000000b01", "x": 1.1162656764810053, "y": 1.7553584479266835, "z": 0.0, "MSE": 8.385751621672311, "anchor 1 mse": 0.11544765650790367, "anchor 2 mse": 0.017392249148155146, "anchor 3 mse": 0.2477886910843008, "anchor 4 mse": 0.39040979971134854}
{"bot_id": "0000000000000b01", "x": 1.1162656764810053, "y": 1.7553584479266835, "z": 0.0, "MSE": 8.385751621672311, "anchor 1 mse": 0.11544765650790367, "anchor 2 mse": 0.017392249148155146, "anchor 3 mse": 0.2477886910843008, "anchor 4 mse": 0.39040979971134854}
{"bot_id": "0000000000000b01", "x": 1.1162656764810053, "y": 1.7553584479266835, "z": 0.0, "MSE": 8.385751621672311, "anchor 1 mse": 0.11544765650790367, "anchor 2 mse": 0.017392249148155146, "anchor 3 mse": 0.2477886910843008, "anchor 4 mse": 0.39040979971134854}
{"bot_id": "0000000000000b01", "x": 1.1162656764810053, "y": 1.7553584479266835, "z": 0.0, "MSE": 8.385751621672311, "anchor 1 mse": 0.11544765650790367, "anchor 2 mse": 0.017392249148155146, "anchor 3 mse": 0.2477886910843008, "anchor 4 mse": 0.39040979971134854}
{"bot_id": "0000000000000b01", "x": 1.1162656764810053, "y": 1.7553584479266835, "z": 0.0, "MSE": 8.385751621672311, "anchor 1 mse": 0.11544765650790367, "anchor 2 mse": 0.017392249148155146, "anchor 3 mse": 0.2477886910843008, "anchor 4 mse": 0.39040979971134854}
{"bot_id": "0000000000000b01", "x": 1.1162656764810053, "y": 1.7553584479266835, "z": 0.0, "MSE": 8.385751621672311, "anchor 1 mse": 0.11544765650790367, "anchor 2 mse": 0.017392249148155146, "anchor 3 mse": 0.2477886910843008, "anchor 4 mse": 0.39040979971134854}
{"bot_id": "0000000000000b01", "x": 1.1162656764810053, "y": 1.7553584479266835, "z": 0.0, "MSE": 8.385751621672311, "anchor 1 mse": 0.11544765650790367, "anchor 2 mse": 0.017392249148155146, "anchor 3 mse": 0.2477886910843008, "anchor 4 mse": 0.39040979971134854}
{"bot_id": "0000000000000b01", "x": 1.1162656764810053, "y": 1.7553584479266835, "z": 0.0, "MSE": 8.385751621672311, "anchor 1 mse": 0.11544765650790367, "anchor 2 mse": 0.017392249148155146, "anchor 3 mse": 0.2477886910843008, "anchor 4 mse": 0.39040979971134854}
{"bot_id": "0000000000000b01", "x": 1.1151931742393522, "y": 1.7549788590470516, "z": 0.0, "MSE": 8.37631415184501, "anchor 1 mse": 0.11605713633905407, "anchor 2 mse": 0.016535226996155276, "anchor 3 mse": 0.24888910741190504, "anchor 4 mse": 0.3910674652522559}
{"bot_id": "0000000000000b01", "x": 1.476524836916352, "y": 1.6534671601464448, "z": 0.0, "MSE": 19.666819891488235, "anchor 1 mse": 0.03957793040227273, "anchor 2 mse": 0.20744492372227458, "anchor 3 mse": 0.07234465740041088, "anchor 4 mse": 0.08899315054202205, "anchor 5 mse": 0.6540952495880151}
{"bot_id": "0000000000000b01", "x": 1.0330184067964794, "y": 2.033575732977704, "z": 0.0, "MSE": 26.690277498412144, "anchor 1 mse": 0.0181717898718237, "anchor 2 mse": 2.320061680473797, "anchor 3 mse": 0.1789303752835505, "anchor 4 mse": 0.7530500139600285, "anchor 5 mse": 0.05077876695334894}
{"bot_id": "0000000000000b01", "x": 1.0288776747917074, "y": 2.029905487219403, "z": 0.0, "MSE": 26.69363615590217, "anchor 1 mse": 0.018019081144321256, "anchor 2 mse": 2.2924921966256644, "anchor 3 mse": 0.17143845610706374, "anchor 4 mse": 0.7215809755501652, "anchor 5 mse": 0.049083829761306604}
{"bot_id": "0000000000000b01", "x": 1.0299412120952698, "y": 2.0271427290045625, "z": 0.0, "MSE": 26.67188773888053, "anchor 1 mse": 0.017785003225575045, "anchor 2 mse": 2.29192459195209, "anchor 3 mse": 0.16463107229106, "anchor 4 mse": 0.7169627097554487, "anchor 5 mse": 0.04788108804092485}
{"bot_id": "0000000000000b01", "x": 1.2547464099936916, "y": 1.7969035215921207, "z": 0.0, "MSE": 53.62724292569219, "anchor 1 mse": 0.043417223815875344, "anchor 2 mse": 12.158558800978135, "anchor 3 mse": 0.07986828603356066, "anchor 4 mse": 0.2785799284752382, "anchor 5 mse": 0.000776690286283086}
{"bot_id": "0000000000000b01", "x": 1.244718973072255, "y": 1.8005740669779229, "z": 0.0, "MSE": 53.445849767602894, "anchor 1 mse": 0.043354710565372025, "anchor 2 mse": 12.021056940611855, "anchor 3 mse": 0.08094851534363418, "anchor 4 mse": 0.27818278250897616, "anchor 5 mse": 0.0008054322909560397}
{"bot_id": "0000000000000b01", "x": 1.034190970992157, "y": 2.005275773975463, "z": 0.0, "MSE": 26.331140555845995, "anchor 1 mse": 0.01359630420804358, "anchor 2 mse": 2.2519365617169433, "anchor 3 mse": 0.13084428031341241, "anchor 4 mse": 0.6763506123477965, "anchor 5 mse": 0.038846634787424485}
{"bot_id": "0000000000000b01", "x": 1.0341754136893382, "y": 2.005896367808996, "z": 0.0, "MSE": 26.379771389002883, "anchor 1 mse": 0.013803268683522926, "anchor 2 mse": 2.2634893815929527, "anchor 3 mse": 0.13065173629985685, "anchor 4 mse": 0.6794507756077687, "anchor 5 mse": 0.039091301759082174}
{"bot_id": "0000000000000b01", "x": 1.0408333591299368, "y": 2.0024359376726193, "z": 0.0, "MSE": 26.085075756496305, "anchor 1 mse": 0.011556154457764868, "anchor 2 mse": 2.2593634419524844, "anchor 3 mse": 0.13475240929456536, "anchor 4 mse": 0.7080265411914121, "anchor 5 mse": 0.03783246567327865}
{"bot_id": "0000000000000b01", "x": 1.0452349645939494, "y": 2.0030649167762213, "z": 0.0, "MSE": 25.923664240408456, "anchor 1 mse": 0.011005802863239211, "anchor 2 mse": 2.2418871011189174, "anchor 3 mse": 0.12452361851727925, "anchor 4 mse": 0.7036136013356342, "anchor 5 mse": 0.026611783704598338}
{"bot_id": "0000000000000b01", "x": 1.3653360293280226, "y": 1.8103460964637494, "z": 0.0, "MSE": 14.023696341449513, "anchor 1 mse": 0.007046255278718313, "anchor 2 mse": 0.043288732079719366, "anchor 3 mse": 0.0356739384332463, "anchor 4 mse": 0.22958994069345162, "anchor 5 mse": 0.00022408271493011683}
{"bot_id": "0000000000000b01", "x": 1.375248413566541, "y": 1.8155932240194326, "z": 0.0, "MSE": 13.97652983687147, "anchor 1 mse": 0.00961671471454831, "anchor 2 mse": 0.04870295337546111, "anchor 3 mse": 0.0347245757440493, "anchor 4 mse": 0.23940297810689154, "anchor 5 mse": 0.00010134198344770846}
{"bot_id": "0000000000000b01", "x": 1.3866912169307486, "y": 1.820284431696165, "z": 0.0, "MSE": 14.007581891941566, "anchor 1 mse": 0.013784521166958143, "anchor 2 mse": 0.057210459631039434, "anchor 3 mse": 0.03039350275409936, "anchor 4 mse": 0.23957792514844406, "anchor 5 mse": 2.537522560388715e-05}
{"bot_id": "0000000000000b01", "x": 1.3648201999626342, "y": 1.857715414946844, "z": 0.0, "MSE": 13.814947256768612, "anchor 1 mse": 0.01351444098024977, "anchor 2 mse": 0.03933564461388395, "anchor 3 mse": 0.04485604754863656, "anchor 4 mse": 0.28150639751613266, "anchor 5 mse": 6.362768412471706e-05}
{"bot_id": "0000000000000b01", "x": 1.0534130529593684, "y": 2.051918370746429, "z": 0.0, "MSE": 26.148552915649287, "anchor 1 mse": 0.014206577533671931, "anchor 2 mse": 2.306320602192196, "anchor 3 mse": 0.15392720570376775, "anchor 4 mse": 0.7866315082573814, "anchor 5 mse": 0.007220543913463619}
{"bot_id": "0000000000000b01", "x": 1.0537944405253625, "y": 2.048814225496893, "z": 0.0, "MSE": 26.009686374043735, "anchor 1 mse": 0.010948511083851151, "anchor 2 mse": 2.3265545956389375, "anchor 3 mse": 0.16733681363913394, "anchor 4 mse": 0.8102212383415944, "anchor 5 mse": 0.008046629000799893}
{"bot_id": "0000000000000b01", "x": 1.3532967416511361, "y": 1.8923689478869132, "z": 0.0, "MSE": 52.731437885387344, "anchor 1 mse": 0.007711235616944902, "anchor 2 mse": 12.241515767604037, "anchor 3 mse": 0.04915213173660665, "anchor 4 mse": 0.35481881411714744,