{"bot_id": "0000000000000b01", "x": 0.9876744186046513, "y": 1.3699999999999999, "z": 0.0, "MSE": 30.030400000000007, "anchor 1 mse": 2.8524007571660364, "anchor 2 mse": 2.852400757166037, "anchor 3 mse": 4.94754494321255, "anchor 4 mse": 4.947544943212548}
{"bot_id": "0000000000000b01", "x": 1.1895101662262093, "y": 2.5127111292101696, "z": 0.0, "MSE": 28.215791045546016, "anchor 1 mse": 0.504035731121191, "anchor 2 mse": 1.4665946663404206, "anchor 3 mse": 1.3157480430188582, "anchor 4 mse": 0.005268035532000132}
{"bot_id": "0000000000000b01", "x": 2.7366886685934784, "y": 2.7272839371619604, "z": 0.0, "MSE": 11.327363556008113, "anchor 1 mse": 0.12504555197609424, "anchor 2 mse": 0.01776403524772533, "anchor 3 mse": 0.08228858166827009, "anchor 4 mse": 5.3085029333398534e-05}
{"bot_id": "0000000000000b01", "x": 2.6223332258838012, "y": 2.8850966589107623, "z": 0.0, "MSE": 10.016109794317034, "anchor 1 mse": 0.14346737021879166, "anchor 2 mse": 0.05936808104421502, "anchor 3 mse": 0.11777839498402773, "anchor 4 mse": 0.013805108634302038}
{"bot_id": "0000000000000b01", "x": 2.6384478378516323, "y": 2.8711154814171596, "z": 0.0, "MSE": 10.170566368562081, "anchor 1 mse": 0.14388508639477612, "anchor 2 mse": 0.05211921580902892, "anchor 3 mse": 0.11166047660398369, "anchor 4 mse": 0.010590650112454714}
{"bot_id": "0000000000000b01", "x": 2.7395761629942923, "y": 2.9097120199036866, "z": 0.0, "MSE": 10.989220783504091, "anchor 1 mse": 0.1493522077102067, "anchor 2 mse": 0.005650857711290755, "anchor 3 mse": 0.057738059037965604, "anchor 4 mse": 0.004859770022885882}
{"bot_id": "0000000000000b01", "x": 2.7212349927442725, "y": 2.915721105032454, "z": 0.0, "MSE": 10.991894024997862, "anchor 1 mse": 0.14311208116563953, "anchor 2 mse": 0.003981281826529827, "anchor 3 mse": 0.059185056733603594, "anchor 4 mse": 0.024267872113847094}
{"bot_id": "0000000000000b01", "x": 2.6239039141157954, "y": 2.899032572865376, "z": 0.0, "MSE": 10.155085047274556, "anchor 1 mse": 0.15221588368145525, "anchor 2 mse": 0.026011589871778013, "anchor 3 mse": 0.08014553755028739, "anchor 4 mse": 0.014727342353610761}
{"bot_id": "0000000000000b01", "x": 2.6970716537691906, "y": 2.795383740825037, "z": 0.0, "MSE": 10.759993727685293, "anchor 1 mse": 0.1327688238830303, "anchor 2 mse": 0.033255082077681776, "anchor 3 mse": 0.10885193678063858, "anchor 4 mse": 0.0031039766908825413}
{"bot_id": "0000000000000b01", "x": 2.6297827391968656, "y": 2.897565375885528, "z": 0.0, "MSE": 10.281642293414112, "anchor 1 mse": 0.1466961807575073, "anchor 2 mse": 0.011130496159176764, "anchor 3 mse": 0.07166969084021545, "anchor 4 mse": 0.025491581906748485}
{"bot_id": "0000000000000b01", "x": 2.6380515571661265, "y": 2.78693877888656, "z": 0.0, "MSE": 10.516132007622696, "anchor 1 mse": 0.15014994156243003, "anchor 2 mse": 0.010308520746602696, "anchor 3 mse": 0.04316622352109898, "anchor 4 mse": 0.008316923239096092}
{"bot_id": "0000000000000b01", "x": 2.541894194112377, "y": 2.7705062560159246, "z": 0.0, "MSE": 9.737727018287176, "anchor 1 mse": 0.13683417554343924, "anchor 2 mse": 0.01390577586050299, "anchor 3 mse": 0.04391502936768232, "anchor 4 mse": 0.0007606580736169404}
{"bot_id": "0000000000000b01", "x": 2.42983790342093, "y": 2.766929810162115, "z": 0.0, "MSE": 8.999279017326005, "anchor 1 mse": 0.12418031014795174, "anchor 2 mse": 0.014403088984861144, "anchor 3 mse": 0.0319233293465374, "anchor 4 mse": 0.0029440960135648413}
{"bot_id": "0000000000000b01", "x": 2.050255792524442, "y": 2.9805135670483165, "z": 0.0, "MSE": 8.359760025650797, "anchor 1 mse": 0.0827121841645845, "anchor 2 mse": 0.0465201057899937, "anchor 3 mse": 0.011995707324427346, "anchor 4 mse": 0.052570373393965864}
{"bot_id": "0000000000000b01", "x": 2.0471573124574247, "y": 2.7789073800930897, "z": 0.0, "MSE": 7.769075426714912, "anchor 1 mse": 0.07926892495787553, "anchor 2 mse": 0.0409953127184354, "anchor 3 mse": 0.002122051292800563, "anchor 4 mse": 0.015369991792534206}
{"bot_id": "0000000000000b01", "x": 1.809589389164943, "y": 2.755127085517576, "z": 0.0, "MSE": 7.588416095913909, "anchor 1 mse": 0.055819434622895604, "anchor 2 mse": 0.10262244723242346, "anchor 3 mse": 0.00011095619399941309, "anchor 4 mse": 0.019040448703375356}
{"bot_id": "0000000000000b01", "x": 1.7470378923112955, "y": 2.6770207329283777, "z": 0.0, "MSE": 7.556098080025787, "anchor 1 mse": 0.0469379123882296, "anchor 2 mse": 0.13091899580618793, "anchor 3 mse": 0.005618604851464828, "anchor 4 mse": 0.000637219329140331}
{"bot_id": "0000000000000b01", "x": 1.6279397409934884, "y": 2.593524694347416, "z": 0.0, "MSE": 7.978411884075794, "anchor 1 mse": 0.03690879229325194, "anchor 2 mse": 0.08150106863211747, "anchor 3 mse": 0.020069055911028953, "anchor 4 mse": 0.003377077129465664}
{"bot_id": "0000000000000b01", "x": 1.5143948133966776, "y": 2.5788193280892022, "z": 0.0, "MSE": 8.319056561684743, "anchor 1 mse": 0.04024119294874853, "anchor 2 mse": 0.08239880374567812, "anchor 3 mse": 0.004376917435300908, "anchor 4 mse": 0.00726650671973363}
{"bot_id": "0000000000000b01", "x": 1.3480204998303646, "y": 2.6103953334859646, "z": 0.0, "MSE": 9.235484871729902, "anchor 1 mse": 0.05194358071180931, "anchor 2 mse": 0.2660119347604314, "anchor 3 mse": 0.0033640123830823826, "anchor 4 mse": 0.006137027707099496}
{"bot_id": "0000000000000b01", "x": 1.3890150078541157, "y": 2.641887258519211, "z": 0.0, "MSE": 11.273597935067839, "anchor 1 mse": 0.09908848702324986, "anchor 2 mse": 0.08852066058958952, "anchor 3 mse": 0.05544003010403156, "anchor 4 mse": 0.007617155341444985}
{"bot_id": "0000000000000b01", "x": 1.3117338700450134, "y": 2.602926083818079, "z": 0.0, "MSE": 11.48447244986675, "anchor 1 mse": 0.11206932092993956, "anchor 2 mse": 0.09067541200999252, "anchor 3 mse": 0.011061002480732931, "anchor 4 mse": 0.004765819705484866}
{"bot_id": "0000000000000b01", "x": 1.2442305499645454, "y": 2.4692941490004525, "z": 0.0, "MSE": 12.895120769369013, "anchor 1 mse": 0.06005143037603353, "anchor 2 mse": 0.013609870432959643, "anchor 3 mse": 0.012084959228121106, "anchor 4 mse": 0.0032484243377767386}
{"bot_id": "0000000000000b01", "x": 1.184240868026776, "y": 2.5171452916994563, "z": 0.0, "MSE": 13.513905361214938, "anchor 1 mse": 0.09108710372634045, "anchor 2 mse": 0.05521219689402096, "anchor 3 mse": 0.022010839869975277, "anchor 4 mse": 0.007942847902556793}
{"bot_id": "0000000000000b01", "x": 0.9480639264341615, "y": 2.495667004925889, "z": 0.0, "MSE": 16.183935554192175, "anchor 1 mse": 0.07272606048370883, "anchor 2 mse": 0.16076707886908068, "anchor 3 mse": 0.02607678027762917, "anchor 4 mse": 0.02970756128290524}
{"bot_id": "0000000000000b01", "x": 0.9721874805790811, "y": 2.366879831495545, "z": 0.0, "MSE": 14.881847870643462, "anchor 1 mse": 0.07223360730519483, "anchor 2 mse": 0.08333064926237396, "anchor 3 mse": 0.0011049331744629595, "anchor 4 mse": 0.01542495054484042}
{"bot_id": "0000000000000b01", "x": 0.6556863809485285, "y": 2.0689253033948254, "z": 0.0, "MSE": 17.908162894577348, "anchor 1 mse": 0.04854979941649668, "anchor 2 mse": 0.1168102497232564, "anchor 3 mse": 0.0009192192023711329, "anchor 4 mse": 0.051439856648331485}
{"bot_id": "0000000000000b01", "x": 0.48338256039305905, "y": 2.0584119566438814, "z": 0.0, "MSE": 24.120137419381855, "anchor 1 mse": 0.1118282822520679, "anchor 2 mse": 0.14776630395765436, "anchor 3 mse": 0.09777847255470525, "anchor 4 mse": 0.05973317572871424}
{"bot_id": "0000000000000b01", "x": 0.48687349981280525, "y": 1.7387634658381774, "z": 0.0, "MSE": 26.55300593504777, "anchor 1 mse": 0.14872000050815623, "anchor 2 mse": 0.046942636326918835, "anchor 3 mse": 0.086686851737685, "anchor 4 mse": 1.577393816774025e-05}
{"bot_id": "0000000000000b01", "x": 0.4015239349942862, "y": 1.6519492342244937, "z": 0.0, "MSE": 27.266724626226253, "anchor 1 mse": 0.13693433394656734, "anchor 2 mse": 0.1765898156372811, "anchor 3 mse": 0.12305354910462322,