{"bot_id": "0000000000000b01", "x": 0.9876744186046513, "y": 1.3699999999999999, "z": 0.0, "MSE": 30.030400000000007, "anchor 1 mse": 2.8524007571660364, "anchor 2 mse": 2.852400757166037, "anchor 3 mse": 4.94754494321255, "anchor 4 mse": 4.947544943212548}
{"bot_id": "0000000000000b01", "x": 1.1576277504801482, "y": 2.4056769553744846, "z": 0.0, "MSE": 23.842172429712676, "anchor 1 mse": 0.3367294985625259, "anchor 2 mse": 1.451873906849403, "anchor 3 mse": 0.2573578521123663, "anchor 4 mse": 0.46164079858347884}
{"bot_id": "0000000000000b01", "x": 2.1200161942257503, "y": 2.634378472141237, "z": 0.0, "MSE": 8.036430887266128, "anchor 1 mse": 0.003780001449910843, "anchor 2 mse": 0.8415389967813172, "anchor 3 mse": 0.20347642252286394, "anchor 4 mse": 0.2563902348270046}
{"bot_id": "0000000000000b01", "x": 2.120303053000841, "y": 2.6357647834878395, "z": 0.0, "MSE": 8.319055104003654, "anchor 1 mse": 0.0005171823744282544, "anchor 2 mse": 0.9161100193475522, "anchor 3 mse": 0.24166842707034844, "anchor 4 mse": 0.3939240721820667}
{"bot_id": "0000000000000b01", "x": 2.1583959438240754, "y": 2.6639090943387926, "z": 0.0, "MSE": 8.167549856885879, "anchor 1 mse": 0.004701694270600701, "anchor 2 mse": 0.9806212827780505, "anchor 3 mse": 0.3174641816604275, "anchor 4 mse": 0.17360558394026696}
{"bot_id": "0000000000000b01", "x": 2.0727823228283544, "y": 2.6316378911107465, "z": 0.0, "MSE": 7.8102603108481885, "anchor 1 mse": 0.0008950326124116405, "anchor 2 mse": 0.930042481514917, "anchor 3 mse": 0.24407562847300396, "anchor 4 mse": 0.30791715939147224}
{"bot_id": "0000000000000b01", "x": 2.0826174317305592, "y": 2.624021125996526, "z": 0.0, "MSE": 7.949038031410946, "anchor 1 mse": 0.0025042142349238567, "anchor 2 mse": 0.9883455452040331, "anchor 3 mse": 0.2232232016662508, "anchor 4 mse": 0.23533504742195638}
{"bot_id": "0000000000000b01", "x": 2.1176313924728833, "y": 2.630672704586535, "z": 0.0, "MSE": 8.009915079931666, "anchor 1 mse": 0.005944345688374907, "anchor 2 mse": 0.8455691801642236, "anchor 3 mse": 0.18327128259922232, "anchor 4 mse": 0.20547261860474195}
{"bot_id": "0000000000000b01", "x": 2.0838005591594326, "y": 2.6159938980795103, "z": 0.0, "MSE": 8.072811192460842, "anchor 1 mse": 0.0029697382666414003, "anchor 2 mse": 1.0251824255355444, "anchor 3 mse": 0.20447239467865486, "anchor 4 mse": 0.22756663439639294}
{"bot_id": "0000000000000b01", "x": 2.1039281369178346, "y": 2.6269245100403107, "z": 0.0, "MSE": 8.073021056029082, "anchor 1 mse": 0.004303021379181253, "anchor 2 mse": 1.0060800869226234, "anchor 3 mse": 0.22463382665144432, "anchor 4 mse": 0.18734657909143174}
{"bot_id": "0000000000000b01", "x": 2.160056005010099, "y": 2.653816112263703, "z": 0.0, "MSE": 8.17856906593475, "anchor 1 mse": 0.008423663192688455, "anchor 2 mse": 0.8616023133057463, "anchor 3 mse": 0.22437956313170515, "anchor 4 mse": 0.16519777099096616}
{"bot_id": "0000000000000b01", "x": 2.0738530804687745, "y": 2.5896306452831905, "z": 0.0, "MSE": 8.352731336473504, "anchor 1 mse": 0.003327902092714755, "anchor 2 mse": 0.9814917061780569, "anchor 3 mse": 0.10698949987649216, "anchor 4 mse": 0.27450988541158505}
{"bot_id": "0000000000000b01", "x": 1.9281801303173625, "y": 2.485379363991241, "z": 0.0, "MSE": 7.529003001168475, "anchor 1 mse": 0.002082112871018852, "anchor 2 mse": 0.9703843908459179, "anchor 3 mse": 0.0321078950153732, "anchor 4 mse": 0.22525041024262224}
{"bot_id": "0000000000000b01", "x": 2.117484998413718, "y": 2.2104620581638152, "z": 0.0, "MSE": 7.787165739119939, "anchor 1 mse": 0.00044212740886817847, "anchor 2 mse": 0.47238952103655707, "anchor 3 mse": 0.0005165108974091591, "anchor 4 mse": 0.02770450334951685}
{"bot_id": "0000000000000b01", "x": 1.7658639579368143, "y": 2.3068200300696695, "z": 0.0, "MSE": 6.519536844525105, "anchor 1 mse": 0.00022846845833753588, "anchor 2 mse": 0.8132089360884696, "anchor 3 mse": 0.0029043655016175946, "anchor 4 mse": 0.13254596383555634}
{"bot_id": "0000000000000b01", "x": 1.9267087295033254, "y": 1.9300892601516195, "z": 0.0, "MSE": 6.670767688927751, "anchor 1 mse": 0.0022249201983778315, "anchor 2 mse": 0.35998221993824003, "anchor 3 mse": 0.013872043104880447, "anchor 4 mse": 0.0020755324199500306}
{"bot_id": "0000000000000b01", "x": 1.9279480143100134, "y": 1.9290780133265313, "z": 0.0, "MSE": 6.98588361157093, "anchor 1 mse": 0.0022400698705403762, "anchor 2 mse": 0.4602955015368753, "anchor 3 mse": 0.013833565729710439, "anchor 4 mse": 9.174861436993751e-06}
{"bot_id": "0000000000000b01", "x": 1.9148485642219812, "y": 1.9288301234524639, "z": 0.0, "MSE": 6.298740549832203, "anchor 1 mse": 0.0003207410893123698, "anchor 2 mse": 0.2920567347355523, "anchor 3 mse": 0.0022180457265043286, "anchor 4 mse": 0.001770882640916517}
{"bot_id": "0000000000000b01", "x": 1.5809781466937074, "y": 2.0128760697396175, "z": 0.0, "MSE": 5.894401408822285, "anchor 1 mse": 0.00163832451092493, "anchor 2 mse": 0.39668239725814175, "anchor 3 mse": 0.004654711248382968, "anchor 4 mse": 0.02036737198653727}
{"bot_id": "0000000000000b01", "x": 1.5454261685739572, "y": 1.859081519932304, "z": 0.0, "MSE": 6.164918499847417, "anchor 1 mse": 0.002751476833362209, "anchor 2 mse": 0.19460040495065983, "anchor 3 mse": 0.01086988486542449, "anchor 4 mse": 0.0009123858411067957}
{"bot_id": "0000000000000b01", "x": 1.4237329844701836, "y": 1.883414012982993, "z": 0.0, "MSE": 6.5625107076203175, "anchor 1 mse": 0.0034824256613314674, "anchor 2 mse": 0.24845037404974246, "anchor 3 mse": 0.01972487952275582, "anchor 4 mse": 0.00014925250829324362}
{"bot_id": "0000000000000b01", "x": 1.4202039543863259, "y": 1.8864116052712037, "z": 0.0, "MSE": 6.4260440964295835, "anchor 1 mse": 0.000826240433667911, "anchor 2 mse": 0.19626412715644045, "anchor 3 mse": 0.0584548582092204, "anchor 4 mse": 5.11667335295306e-06}
{"bot_id": "0000000000000b01", "x": 1.390303879487048, "y": 1.9511233861516353, "z": 0.0, "MSE": 6.5273410088308275, "anchor 1 mse": 3.356669935025099e-05, "anchor 2 mse": 0.07923011017590145, "anchor 3 mse": 0.041343770519544326, "anchor 4 mse": 0.008548681452664731}
{"bot_id": "0000000000000b01", "x": 1.2635914512981468, "y": 1.8751960737683566, "z": 0.0, "MSE": 7.133724795849935, "anchor 1 mse": 7.74468851456057e-05, "anchor 2 mse": 0.12166696488052724, "anchor 3 mse": 0.0789851490678143, "anchor 4 mse": 0.004443459580681758}
{"bot_id": "0000000000000b01", "x": 1.256606421894059, "y": 1.9022449377360464, "z": 0.0, "MSE": 7.314674584395693, "anchor 1 mse": 0.00010355976164634971, "anchor 2 mse": 0.1367057148621046, "anchor 3 mse": 0.054574046197180044, "anchor 4 mse": 0.003876152822802498}
{"bot_id": "0000000000000b01", "x": 1.0785970484839587, "y": 1.9306797143294208, "z": 0.0, "MSE": 8.15076223358613, "anchor 1 mse": 0.004687187014053904, "anchor 2 mse": 0.2825243076759764, "anchor 3 mse": 0.01639474394906533, "anchor 4 mse": 0.06610702328733974}
{"bot_id": "0000000000000b01", "x": 1.0073104150581598, "y": 1.8350198823546064, "z": 0.0, "MSE": 9.243736019321231, "anchor 1 mse": 0.0007120312024322523, "anchor 2 mse": 0.14127958128325163, "anchor 3 mse": 0.018168224603382174, "anchor 4 mse": 0.05943310065867612}
{"bot_id": "0000000000000b01", "x": 0.8830084149652191, "y": 1.7354722509686855, "z": 0.0, "MSE": 10.360954268535409, "anchor 1 mse": 0.00861279534629458, "anchor 2 mse": 0.09153483825844423, "anchor 3 mse": 0.02601051324233391, "anchor 4 mse": 0.07935963262135509}
{"bot_id": "0000000000000b01", "x": 0.786447777861372, "y": 1.6934107030641727, "z": 0.0, "MSE": 10.362299801598288, "anchor 1 mse": 0.010584138897289458, "anchor 2 mse": 0.16068821165988129, "anchor 3 mse": 0.08193278268126492, "anchor 4 mse": 0.09323525307372645}
{"bot_id": "0000000000000b01", "x": 0.5346120927759614, "y": 1.6821747900399244, "z": 0.0, "MSE": 11.827888824479102, "anchor 1 mse": 0.023998915542797827, "anchor 2 mse": 0.2753684499861084, "anchor 3 mse": 0.09361273177345393,