{"bot_id": "0000000000000b01", "x": 1.3698013235438864, "y": 1.37, "z": 0.0, "MSE": 3.7538000394723343, "anchor 1 mse": 3.753255665982583, "anchor 2 mse": 3.753255665982583, "anchor 3 mse": 3.754344412962086, "anchor 4 mse": 3.754344412962086}
{"bot_id": "0000000000000b01", "x": 1.705912716746706, "y": 2.429680145632236, "z": 0.0, "MSE": 0.8201432092428722, "anchor 1 mse": 0.07910087615806671, "anchor 2 mse": 3.0064366091729573, "anchor 3 mse": 0.0009213811704109365, "anchor 4 mse": 0.19411397047005433}
{"bot_id": "0000000000000b01", "x": 2.823281459764631, "y": 1.9348618012443095, "z": 0.0, "MSE": 0.040986433717154616, "anchor 1 mse": 0.010539283021937152, "anchor 2 mse": 0.010848978681757849, "anchor 3 mse": 0.07320598700363391, "anchor 4 mse": 0.06935148616128954}
{"bot_id": "0000000000000b01", "x": 2.8837762477834388, "y": 1.8640252212577981, "z": 0.0, "MSE": 0.02701560688417669, "anchor 1 mse": 0.005441563038037258, "anchor 2 mse": 0.00437131460114991, "anchor 3 mse": 0.0539653488723999, "anchor 4 mse": 0.04428420102511969}
{"bot_id": "0000000000000b01", "x": 2.9092686321872736, "y": 1.952061903620206, "z": 0.0, "MSE": 0.07009628841203246, "anchor 1 mse": 0.020587228706748038, "anchor 2 mse": 0.018473697527716867, "anchor 3 mse": 0.11839477484226624, "anchor 4 mse": 0.12292945257139869}
{"bot_id": "0000000000000b01", "x": 2.8304964171606053, "y": 1.9017036143226185, "z": 0.0, "MSE": 0.04706793070727709, "anchor 1 mse": 0.008102285900635449, "anchor 2 mse": 0.007739624550506228, "anchor 3 mse": 0.10681987118435567, "anchor 4 mse": 0.06560994119361101}
{"bot_id": "0000000000000b01", "x": 2.8407249065452627, "y": 1.9047217346485403, "z": 0.0, "MSE": 0.05388599730294161, "anchor 1 mse": 0.014445047313250494, "anchor 2 mse": 0.01416555078450463, "anchor 3 mse": 0.08920408184230015, "anchor 4 mse": 0.09772930927171117}
{"bot_id": "0000000000000b01", "x": 2.806562594245834, "y": 1.9549504174971133, "z": 0.0, "MSE": 0.04768112142877429, "anchor 1 mse": 0.014478162779875108, "anchor 2 mse": 0.015802562466428437, "anchor 3 mse": 0.07405670948085746, "anchor 4 mse": 0.08638705098793613}
{"bot_id": "0000000000000b01", "x": 2.849236990890371, "y": 1.888995211935198, "z": 0.0, "MSE": 0.05215848129625425, "anchor 1 mse": 0.016523983375789555, "anchor 2 mse": 0.015974255817005293, "anchor 3 mse": 0.068650758019145, "anchor 4 mse": 0.10748492797307714}
{"bot_id": "0000000000000b01", "x": 2.855430977854075, "y": 1.919179951581826, "z": 0.0, "MSE": 0.06110625191104109, "anchor 1 mse": 0.019727898873228282, "anchor 2 mse": 0.019302729080026913, "anchor 3 mse": 0.08474108798182356, "anchor 4 mse": 0.12065329170908559}
{"bot_id": "0000000000000b01", "x": 2.8486738798146223, "y": 1.980409704148421, "z": 0.0, "MSE": 0.05797009981546231, "anchor 1 mse": 0.019441566646627044, "anchor 2 mse": 0.02010545798977269, "anchor 3 mse": 0.08565874179567014, "anchor 4 mse": 0.10667463282977938}
{"bot_id": "0000000000000b01", "x": 2.8179257856945084, "y": 1.8613422598382972, "z": 0.0, "MSE": 0.03161435182086331, "anchor 1 mse": 0.013729625384245558, "anchor 2 mse": 0.013986383939570628, "anchor 3 mse": 0.016356750955323403, "anchor 4 mse": 0.08238464700431365}
{"bot_id": "0000000000000b01", "x": 2.642292762193762, "y": 1.8388752695288106, "z": 0.0, "MSE": 0.03443035399979744, "anchor 1 mse": 0.01420585038184213, "anchor 2 mse": 0.01911956227793602, "anchor 3 mse": 0.015275388565946412, "anchor 4 mse": 0.08912061477346521}
{"bot_id": "0000000000000b01", "x": 2.5701984346894156, "y": 1.8466194877507711, "z": 0.0, "MSE": 0.029631483788308054, "anchor 1 mse": 0.015573639587987199, "anchor 2 mse": 0.022189626208463948, "anchor 3 mse": 0.0048127701371892114, "anchor 4 mse": 0.07594989921959186}
{"bot_id": "0000000000000b01", "x": 2.3860514331678537, "y": 1.815399142782033, "z": 0.0, "MSE": 0.03471848904211968, "anchor 1 mse": 0.011696857781766573, "anchor 2 mse": 0.02594320235903754, "anchor 3 mse": 0.01689129085858709, "anchor 4 mse": 0.08434260516908752}
{"bot_id": "0000000000000b01", "x": 2.254343274643817, "y": 1.7207868341164312, "z": 0.0, "MSE": 0.051173137887865566, "anchor 1 mse": 0.024351125221039008, "anchor 2 mse": 0.04664001736260892, "anchor 3 mse": 0.009802484822794564, "anchor 4 mse": 0.12389892414501977}
{"bot_id": "0000000000000b01", "x": 2.3159239782192964, "y": 1.6547408513528796, "z": 0.0, "MSE": 0.05920388405031375, "anchor 1 mse": 0.027670150526828693, "anchor 2 mse": 0.045115958055631164, "anchor 3 mse": 0.018271713483422436, "anchor 4 mse": 0.1457577141353727}
{"bot_id": "0000000000000b01", "x": 2.2152900658246923, "y": 1.7539027107789453, "z": 0.0, "MSE": 0.037388559450671606, "anchor 1 mse": 0.015760669395096124, "anchor 2 mse": 0.0380834889361008, "anchor 3 mse": 4.912151776457519e-05, "anchor 4 mse": 0.09566095795372492}
{"bot_id": "0000000000000b01", "x": 1.9745857558945399, "y": 1.8014934180450182, "z": 0.0, "MSE": 0.024137995051227924, "anchor 1 mse": 0.005313674523814283, "anchor 2 mse": 0.03375612473227458, "anchor 3 mse": 0.007911260291771978, "anchor 4 mse": 0.049570920657050856}
{"bot_id": "0000000000000b01", "x": 1.7852011315628835, "y": 1.804641601850837, "z": 0.0, "MSE": 0.021941607894383583, "anchor 1 mse": 0.004683946182350662, "anchor 2 mse": 0.04186103278532396, "anchor 3 mse": 0.00188237008215772, "anchor 4 mse": 0.03933908252770199}
{"bot_id": "0000000000000b01", "x": 1.6903556836802085, "y": 1.8294596720734602, "z": 0.0, "MSE": 0.026145055305277057, "anchor 1 mse": 0.0050166312757873735, "anchor 2 mse": 0.057601746748578445, "anchor 3 mse": 0.001636561242698949, "anchor 4 mse": 0.04032528195404346}
{"bot_id": "0000000000000b01", "x": 1.6674843033893834, "y": 1.839474892848156, "z": 0.0, "MSE": 0.021170900592254044, "anchor 1 mse": 0.00860720372065946, "anchor 2 mse": 0.04197910572127065, "anchor 3 mse": 0.004961954279068115, "anchor 4 mse": 0.029135338648017952}
{"bot_id": "0000000000000b01", "x": 1.5717491275980238, "y": 1.8773140088423255, "z": 0.0, "MSE": 0.006061108091744576, "anchor 1 mse": 0.0034115296136614957, "anchor 2 mse": 0.007579997363518189, "anchor 3 mse": 0.008510517178459362, "anchor 4 mse": 0.00474238821133926}
{"bot_id": "0000000000000b01", "x": 1.4864517059989784, "y": 1.8285819885775259, "z": 0.0, "MSE": 0.012765465361357378, "anchor 1 mse": 0.007488069631264116, "anchor 2 mse": 0.018598662689338713, "anchor 3 mse": 0.014366427127747342, "anchor 4 mse": 0.010608701997079343}
{"bot_id": "0000000000000b01", "x": 1.4730641461179281, "y": 1.848479121511571, "z": 0.0, "MSE": 0.012147772051050824, "anchor 1 mse": 0.005422818184321363, "anchor 2 mse": 0.02501509358435245, "anchor 3 mse": 0.006268310303117487, "anchor 4 mse": 0.011884866132412002}
{"bot_id": "0000000000000b01", "x": 1.4215581746043953, "y": 1.7652041566024173, "z": 0.0, "MSE": 0.009650720891322762, "anchor 1 mse": 0.00018373551162977053, "anchor 2 mse": 0.024437589564505893, "anchor 3 mse": 0.006453003240592334, "anchor 4 mse": 0.007528555248563053}
{"bot_id": "0000000000000b01", "x": 1.2727405463304395, "y": 1.6908467469956614, "z": 0.0, "MSE": 0.0021187459288437445, "anchor 1 mse": 1.3506120820128827e-05, "anchor 2 mse": 0.006492906294014226, "anchor 3 mse": 0.00026353312677932194, "anchor 4 mse": 0.0017050381737613019}
{"bot_id": "0000000000000b01", "x": 1.1775265631382292, "y": 1.6293148307629648, "z": 0.0, "MSE": 0.0006078644018787384, "anchor 1 mse": 0.0008831313608927688, "anchor 2 mse": 0.000453681288198509, "anchor 3 mse": 0.0010880398919142296, "anchor 4 mse": 6.60506650944559e-06}
{"bot_id": "0000000000000b01", "x": 1.1714342459022011, "y": 1.5973456938188795, "z": 0.0, "MSE": 0.0018364877086727697, "anchor 1 mse": 0.00011774844005632504, "anchor 2 mse": 0.005411919513108171, "anchor 3 mse": 0.00011306588149597779, "anchor 4 mse": 0.001703217000030606}
{"bot_id": "0000000000000b01", "x": 1.0748322017556984, "y": 1.4911356356973247, "z": 0.0, "MSE": 0.003557034606211772, "anchor 1 mse": 0.006701456566731544, "anchor 2 mse": 0.0038808675820039967,