{"bot_id": "0000000000000b01", "x": 0.8251339829082263, "y": 2.3999999999999995, "z": 0.0, "MSE": 52.559999999999995, "anchor 1 mse": 6.44084608974999, "anchor 2 mse": 6.440846089749995, "anchor 3 mse": 6.710363751280381, "anchor 4 mse": 6.710363751280377}
{"bot_id": "0000000000000b02", "x": 0.37587598862704186, "y": 1.5942828341990518, "z": 0.0, "MSE": 36.482346526237535, "anchor 1 mse": 2.683020514248118, "anchor 2 mse": 3.019524850124832, "anchor 3 mse": 0.01633615218050188, "anchor 4 mse": 0.18294843143545594}
{"bot_id": "0000000000000b02", "x": 0.3739944920175472, "y": 1.5286799272294114, "z": 0.0, "MSE": 37.489024461357126, "anchor 1 mse": 2.476734199973582, "anchor 2 mse": 3.1777667834169208, "anchor 3 mse": 0.006180620233605834, "anchor 4 mse": 0.13729927781699292}
{"bot_id": "0000000000000b02", "x": 0.37196177681836434, "y": 1.5818660526984851, "z": 0.0, "MSE": 36.54805111707467, "anchor 1 mse": 2.6406557720937607, "anchor 2 mse": 3.1313385911142406, "anchor 3 mse": 0.01458051815931522, "anchor 4 mse": 0.17732642829838774}
{"bot_id": "0000000000000b02", "x": 0.37019487763219583, "y": 1.5818823033495488, "z": 0.0, "MSE": 36.50309098195426, "anchor 1 mse": 2.6393958690755905, "anchor 2 mse": 3.166052000821787, "anchor 3 mse": 0.014750588619231694, "anchor 4 mse": 0.17833551144376028}
{"bot_id": "0000000000000b02", "x": 0.37618970465477786, "y": 1.6004087908601887, "z": 0.0, "MSE": 36.74085350882025, "anchor 1 mse": 2.702826991750821, "anchor 2 mse": 2.8955461055079454, "anchor 3 mse": 0.01490545544526661, "anchor 4 mse": 0.16981710750350615}
{"bot_id": "0000000000000b02", "x": 0.3763619849211879, "y": 1.6064202464083097, "z": 0.0, "MSE": 36.66342943080198, "anchor 1 mse": 2.7222343517643504, "anchor 2 mse": 2.875331782337599, "anchor 3 mse": 0.016008928978961723, "anchor 4 mse": 0.17344682340136097}
{"bot_id": "0000000000000b02", "x": 0.3689198471115124, "y": 1.5732716451245061, "z": 0.0, "MSE": 37.08922228715066, "anchor 1 mse": 2.611285522945552, "anchor 2 mse": 3.0546288071499563, "anchor 3 mse": 0.00996790834803948, "anchor 4 mse": 0.14959529575560226}
{"bot_id": "0000000000000b02", "x": 0.3648331135167536, "y": 1.58243292801836, "z": 0.0, "MSE": 36.69662860112784, "anchor 1 mse": 2.6371971723950884, "anchor 2 mse": 3.1619413281782713, "anchor 3 mse": 0.012798296003982081, "anchor 4 mse": 0.16508354585235757}
