{"bot_id": "0000000000000b01", "x": 0.8251339829082263, "y": 2.3999999999999995, "z": 0.0, "MSE": 52.559999999999995, "anchor 1 mse": 6.44084608974999, "anchor 2 mse": 6.440846089749995, "anchor 3 mse": 6.710363751280381, "anchor 4 mse": 6.710363751280377}
{"bot_id": "0000000000000b02", "x": 0.37587598862704186, "y": 1.5942828341990518, "z": 0.0, "MSE": 36.482346526237535, "anchor 1 mse": 2.683020514248118, "anchor 2 mse": 3.019524850124832, "anchor 3 mse": 0.01633615218050188, "anchor 4 mse": 0.18294843143545594}
{"bot_id": "0000000000000b02", "x": 0.3739944920175472, "y": 1.5286799272294114, "z": 0.0, "MSE": 37.489024461357126, "anchor 1 mse": 2.476734199973582, "anchor 2 mse": 3.1777667834169208, "anchor 3 mse": 0.006180620233605834, "anchor 4 mse": 0.13729927781699292}
{"bot_id": "0000000000000b02", "x": 0.37196177681836434, "y": 1.5818660526984851, "z": 0.0, "MSE": 36.54805111707467, "anchor 1 mse": 2.6406557720937607, "anchor 2 mse": 3.1313385911142406, "anchor 3 mse": 0.01458051815931522, "anchor 4 mse": 0.17732642829838774}
{"bot_id": "0000000000000b02", "x": 0.37019487763219583, "y": 1.5818823033495488, "z": 0.0, "MSE": 36.50309098195426, "anchor 1 mse": 2.6393958690755905, "anchor 2 mse": 3.166052000821787, "anchor 3 mse": 0.014750588619231694, "anchor 4 mse": 0.17833551144376028}
