{"bot_id": "0000000000000b01", "x": 0.9, "y": 2.4, "z": 0, "MSE": 52.559999999999995, "anchor 1 mse": 6.44084608974999, "anchor 2 mse": 6.440846089749995, "anchor 3 mse": 6.710363751280381, "anchor 4 mse": 6.710363751280377}
{"bot_id": "0000000000000b02", "x": 0.9, "y": 2.4, "z": 0, "MSE": 36.390580182131714, "anchor 1 mse": 2.6811213448280418, "anchor 2 mse": 3.0871386493739283, "anchor 3 mse": 0.01665177910404141, "anchor 4 mse": 0.18514155686076125}
{"bot_id": "0000000000000b02", "x": 0.9, "y": 2.4, "z": 0, "MSE": 36.634730308139474, "anchor 1 mse": 2.6934946965323876, "anchor 2 mse": 2.940473949065533, "anchor 3 mse": 0.015529432635329193, "anchor 4 mse": 0.1758161948740007}
{"bot_id": "0000000000000b02", "x": 0.9, "y": 2.4, "z": 0, "MSE": 36.54805111707467, "anchor 1 mse": 2.6406557720937607, "anchor 2 mse": 3.1313385911142406, "anchor 3 mse": 0.01458051815931522, "anchor 4 mse": 0.17732642829838774}
{"bot_id": "0000000000000b02", "x": 0.9, "y": 2.4, "z": 0, "MSE": 36.50309098195426, "anchor 1 mse": 2.6393958690755905, "anchor 2 mse": 3.166052000821787, "anchor 3 mse": 0.014750588619231694, "anchor 4 mse": 0.17833551144376028}
{"bot_id": "0000000000000b02", "x": 0.9, "y": 2.4, "z": 0, "MSE": 36.74085350882025, "anchor 1 mse": 2.702826991750821, "anchor 2 mse": 2.8955461055079454, "anchor 3 mse": 0.01490545544526661, "anchor 4 mse": 0.16981710750350615}
{"bot_id": "0000000000000b02", "x": 0.9, "y": 2.4, "z": 0, "MSE": 36.66342943080198, "anchor 1 mse": 2.7222343517643504, "anchor 2 mse": 2.875331782337599, "anchor 3 mse": 0.016008928978961723, "anchor 4 mse": 0.17344682340136097}
{"bot_id": "0000000000000b02", "x": 0.9, "y": 2.4, "z": 0, "MSE": 37.08922228715066, "anchor 1 mse": 2.611285522945552, "anchor 2 mse": 3.0546288071499563, "anchor 3 mse": 0.00996790834803948, "anchor 4 mse": 0.14959529575560226}
{"bot_id": "0000000000000b02", "x": 0.9, "y": 2.4, "z": 0, "MSE": 36.69662860112784, "anchor 1 mse": 2.6371971723950884, "anchor 2 mse": 3.1619413281782713, "anchor 3 mse": 0.012798296003982081, "anchor 4 mse": 0.16508354585235757}
{"bot_id": "0000000000000b02", "x": 0.9, "y": 2.4, "z": 0, "MSE": 36.78648264806884, "anchor 1 mse": 2.639669576888399, "anchor 2 mse": 3.09276643747442, "anchor 3 mse": 0.012482118098593804, "anchor 4 mse": 0.1631306311609316}
{"bot_id": "0000000000000b02", "x": 0.9, "y": 2.4, "z": 0, "MSE": 13.23211019930881, "anchor 1 mse": 0.0008634698778495942, "anchor 2 mse": 0.014881840637451491, "anchor 3 mse": 1.1883594347159046, "anchor 4 mse": 3.736647740628049}
{"bot_id": "0000000000000b02", "x": 0.9, "y": 2.4, "z": 0, "MSE": 12.912912639271843, "anchor 1 mse": 0.001242531392119506, "anchor 2 mse": 0.009532061670896604, "anchor 3 mse": 1.068842450926206, "anchor 4 mse": 3.6459921455330426}
{"bot_id": "0000000000000b02", "x": 0.9, "y": 2.4, "z": 0, "MSE": 13.054331478008647, "anchor 1 mse": 0.0030549983375719025, "anchor 2 mse": 0.004616717186078857, "anchor 3 mse": 1.0543714805308768, "anchor 4 mse": 3.7403161227670347}
{"bot_id": "0000000000000b02", "x": 0.9, "y": 2.4, "z": 0, "MSE": 12.836513958328775, "anchor 1 mse": 0.00046197552922293093, "anchor 2 mse": 0.012891526480907302, "anchor 3 mse": 1.0051916248614627, "anchor 4 mse": 3.6685238441372054}
{"bot_id": "0000000000000b02", "x": 0.9, "y": 2.4, "z": 0, "MSE": 13.243589225306554, "anchor 1 mse": 0.002037636319945523, "anchor 2 mse": 0.005991364720492913, "anchor 3 mse": 1.150344280275928, "anchor 4 mse": 3.830032356234793}
{"bot_id": "0000000000000b02", "x": 0.9, "y": 2.4, "z": 0, "MSE": 13.157613478038847, "anchor 1 mse": 0.001269644427527315, "anchor 2 mse": 0.011715174105997529, "anchor 3 mse": 1.1792447865519906, "anchor 4 mse": 3.71529411199149}
