{"bot_id": "0001020300010203", "x": 0.9062063806936589, "y": 2.0737507779602904, "z": 0.0}
{"bot_id": "0001020300010203", "x": 0.9062063806936589, "y": 2.0737507779602904, "z": 0.0}
{"bot_id": "0001020300010203", "x": 0.9083301428780048, "y": 2.0747866360949363, "z": 0.0}
{"bot_id": "0001020300010203", "x": 0.9062063806936589, "y": 2.0737507779602904, "z": 0.0}
{"bot_id": "0001020300010203", "x": 0.9102757516405082, "y": 2.0680744371815356, "z": 0.0}
{"bot_id": "0001020300010203", "x": 0.9102757516405082, "y": 2.0680744371815356, "z": 0.0}
{"bot_id": "0001020300010203", "x": 0.9202152973376747, "y": 2.083240089053768, "z": 0.0}
{"bot_id": "0001020300010203", "x": 0.9102757516405082, "y": 2.0680744371815356, "z": 0.0}
{"bot_id": "0001020300010203", "x": 0.9083301428780048, "y": 2.0747866360949363, "z": 0.0}
{"bot_id": "0001020300010203", "x": 0.7078372237308558, "y": 1.7806258724379593, "z": 0.0}
