{"bot_id": "0000000000000b01", "x": 0.0, "y": 1.37, "z": 0, "MSE": 1, "anchor 1 mse": 1.8769000000000002, "anchor 2 mse": 1.8769000000000002, "anchor 3 mse": 9.384500000000001, "anchor 4 mse": 9.384500000000001}
{"bot_id": "0000000000000b01", "x": 1.5762448860790474, "y": 1.2331885735549621, "z": 0.0, "MSE": 1, "anchor 1 mse": 1.8459975905114485, "anchor 2 mse": 0.6878996984848246, "anchor 3 mse": 0.5385981971180507, "anchor 4 mse": 0.389867750912774}
{"bot_id": "0000000000000b01", "x": 3.6528743757570346, "y": 2.2039456907067123, "z": 0, "MSE": 1, "anchor 1 mse": 0.8032595983547153, "anchor 2 mse": 0.5069404183238672, "anchor 3 mse": 0.006621355800373126, "anchor 4 mse": 0.005703604807810703}
{"bot_id": "0000000000000b01", "x": 2.397794931976191, "y": 2.49602511677125, "z": 0.0, "MSE": 1, "anchor 1 mse": 0.00658538338611016, "anchor 2 mse": 0.3597898442616881, "anchor 3 mse": 0.4757255374406923, "anchor 4 mse": 0.03217505610164872}
{"bot_id": "0000000000000b01", "x": 2.5563286170318347, "y": 2.7184649999682473, "z": 0.0, "MSE": 1, "anchor 1 mse": 0.10342909330004044, "anchor 2 mse": 0.21490704418307563, "anchor 3 mse": 0.8011511361900507, "anchor 4 mse": 0.14037218060154713}
{"bot_id": "0000000000000b01", "x": 2.106523616116732, "y": 2.4365896634647464, "z": 0.0, "MSE": 1, "anchor 1 mse": 0.05247158076277864, "anchor 2 mse": 0.7774617196241308, "anchor 3 mse": 0.20940792248445, "anchor 4 mse": 0.03904197361784553}
{"bot_id": "0000000000000b01", "x": 2.137311008955839, "y": 2.647047123609249, "z": 0.0, "MSE": 1, "anchor 1 mse": 0.0004927876929263126, "anchor 2 mse": 0.6734970479997804, "anchor 3 mse": 0.348318408813979, "anchor 4 mse": 0.11888112844019164}
{"bot_id": "0000000000000b01", "x": 2.8382533686067446, "y": 4.052761394706886, "z": 0, "MSE": 1, "anchor 1 mse": 2.1251314199736013, "anchor 2 mse": 0.0161653961740097, "anchor 3 mse": 0.031128651789266458, "anchor 4 mse": 2.7355579643313295}
{"bot_id": "0000000000000b01", "x": 3.7272989735379034, "y": 1.9929618305120582, "z": 0, "MSE": 1, "anchor 1 mse": 0.7338663029872138, "anchor 2 mse": 0.6263517889327143, "anchor 3 mse": 0.024987141826522834, "anchor 4 mse": 0.01584881120938438}
{"bot_id": "0000000000000b01", "x": 2.9076313023677876, "y": 3.7799874985928823, "z": 0, "MSE": 1, "anchor 1 mse": 2.5565543240984367, "anchor 2 mse": 0.019050694444021323, "anchor 3 mse": 0.0013387717377169347, "anchor 4 mse": 2.476540030382018}
{"bot_id": "0000000000000b01", "x": 3.6077427626725127, "y": 1.9122409176955588, "z": 0, "MSE": 1, "anchor 1 mse": 0.8339232653744149, "anchor 2 mse": 0.7594865136529481, "anchor 3 mse": 0.03212488859418925, "anchor 4 mse": 0.0049119131572804954}
{"bot_id": "0000000000000b01", "x": 2.212660230299636, "y": 2.454586342332341, "z": 0.0, "MSE": 1, "anchor 1 mse": 0.14037937732145397, "anchor 2 mse": 0.4886118874564902, "anchor 3 mse": 0.16840897650600287, "anchor 4 mse": 0.22145854635566023}
{"bot_id": "0000000000000b01", "x": 2.136212154433067, "y": 1.8488013044875182, "z": 0, "MSE": 1, "anchor 1 mse": 0.0002205429491690422, "anchor 2 mse": 0.19833029991754, "anchor 3 mse": 0.0002713713226175073, "anchor 4 mse": 0.013248600868492543}
{"bot_id": "0000000000000b01", "x": 2.178650502293487, "y": 2.209384199274104, "z": 0.0, "MSE": 1, "anchor 1 mse": 0.06910862725787711, "anchor 2 mse": 0.10736363812001869, "anchor 3 mse": 0.03152690239556289, "anchor 4 mse": 0.0223746240553002}
{"bot_id": "0000000000000b01", "x": 2.0782598414330753, "y": 2.098260891880362, "z": 0, "MSE": 1, "anchor 1 mse": 0.04132275705832785, "anchor 2 mse": 0.1891513983094665, "anchor 3 mse": 0.001011718895195109, "anchor 4 mse": 0.00090818382918498}
{"bot_id": "0000000000000b01", "x": 2.040851891094198, "y": 2.2539108219562105, "z": 0.0, "MSE": 1, "anchor 1 mse": 0.09035463346828197, "anchor 2 mse": 0.20435675965038777, "anchor 3 mse": 0.04773236689912439, "anchor 4 mse": 0.089913840658575}
{"bot_id": "0000000000000b01", "x": 2.2033818171353774, "y": 1.7420011785215117, "z": 0.0, "MSE": 1, "anchor 1 mse": 0.00976503163443738, "anchor 2 mse": 0.008306146169907696, "anchor 3 mse": 0.013660956323944286, "anchor 4 mse": 0.14229487630067836}
{"bot_id": "0000000000000b01", "x": 2.4353512778017055, "y": 2.0165699259282848, "z": 0.0, "MSE": 1, "anchor 1 mse": 0.20419624583825047, "anchor 2 mse": 0.022658939462662096, "anchor 3 mse": 0.2162623707952844, "anchor 4 mse": 0.012220825082238488}
{"bot_id": "0000000000000b01", "x": 1.5562377331700883, "y": 2.1514341065391305, "z": 0.0, "MSE": 1, "anchor 1 mse": 0.011085175703038005, "anchor 2 mse": 0.5273423240405111, "anchor 3 mse": 0.0038448871513308757, "anchor 4 mse": 0.09339017264228301}
{"bot_id": "0000000000000b01", "x": 2.132776310316701, "y": 2.1313754629712443, "z": 0.0, "MSE": 1, "anchor 1 mse": 0.2972548138269289, "anchor 2 mse": 4.336261571390569e-06, "anchor 3 mse": 0.2603702716060487, "anchor 4 mse": 0.0011433623840350284}
{"bot_id": "0000000000000b01", "x": 1.3155095815376743, "y": 2.4964942213475045, "z": 0.0, "MSE": 1, "anchor 1 mse": 0.14583803473521853, "anchor 2 mse": 0.6759196219461864, "anchor 3 mse": 0.08711546152004027, "anchor 4 mse": 0.4546935945043922}
{"bot_id": "0000000000000b01", "x": 1.2841902166642247, "y": 2.539084941481969, "z": 0.0, "MSE": 1, "anchor 1 mse": 0.18954189820210857, "anchor 2 mse": 0.921960893422731, "anchor 3 mse": 0.028767025120833165, "anchor 4 mse": 0.344369572491671}
{"bot_id": "0000000000000b01", "x": 1.5901633963255615, "y": 2.189398384107907, "z": 0.0, "MSE": 1, "anchor 1 mse": 0.18142073238345732, "anchor 2 mse": 0.19115269261421472, "anchor 3 mse": 0.10571134351773218, "anchor 4 mse": 0.012762626493770392}
{"bot_id": "0000000000000b01", "x": 1.7213102314003665, "y": 1.6406567236900962, "z": 0, "MSE": 1, "anchor 1 mse": 0.011653983110579929, "anchor 2 mse": 0.0003091847030361004, "anchor 3 mse": 0.012374118928788612, "anchor 4 mse": 0.24881438296657213}
{"bot_id": "0000000000000b01", "x": 1.5853336630974597, "y": 1.789316516678923, "z": 0.0, "MSE": 1, "anchor 1 mse": 0.014542748757060344, "anchor 2 mse": 0.0009900417554000044, "anchor 3 mse": 0.010883026999084118, "anchor 4 mse": 0.040187286534420406}
{"bot_id": "0000000000000b01", "x": 1.2978920451164955, "y": 2.101026266978635, "z": 0.0, "MSE": 1, "anchor 1 mse": 0.08974936023813686, "anchor 2 mse": 0.1877877382787928, "anchor 3 mse": 0.0005140315796855032, "anchor 4 mse": 0.004669014082664152}
{"bot_id": "0000000000000b01", "x": 1.5147452615986696, "y": 2.0268128401328656, "z": 0.0, "MSE": 1, "anchor 1 mse": 0.019684389778483653, "anchor 2 mse": 0.01339971696311571, "anchor 3 mse": 0.07414502185132443, "anchor 4 mse": 0.09710759826575004}
{"bot_id": "0000000000000b01", "x": 1.2866515255288593, "y": 2.138494039298805, "z": 0.0, "MSE": 1, "anchor 1 mse": 0.060379360651612604, "anchor 2 mse": 0.05745111505477199, "anchor 3 mse": 0.042888198147041104, "anchor 4 mse": 0.00020707503708119595}
{"bot_id": "0000000000000b01", "x": 1.6833250521478575, "y": 2.228015838252608, "z": 0.0, "MSE": 1, "anchor 1 mse": 0.30517346491398145, "anchor 2 mse": 0.006314411938011627, "anchor 3 mse": 0.3315730591156073, "anchor 4 mse": 0.0179853273747102}
{"bot_id": "0000000000000b01", "x": 0.5947787501517234, "y": 2.5819078919794767, "z": 0.0, "MSE": 1, "anchor 1 mse": 0.2020773741741823, "anchor 2 mse": 0.782462947477027, "anchor 3 mse": 0.06814118305877762, "anchor 4 mse": 0.15746399178988219}
{"bot_id": "0000000000000b01", "x": 1.2421364911722428, "y": 1.8901597526817377, "z": 0.0, "MSE": 1, "anchor 1 mse": 0.001009380946121351, "anchor 2 mse": 0.09304658581055983, "anchor 3 mse": 0.1141381271969875, "anchor 4 mse": 0.9570700414929774}
