{"bot_id": "0000000000000b01", "x": -0.034283709362645354, "y": 1.5055362636511271, "z": 0, "MSE": 5.74418281514582, "anchor 1 mse": 2.2678148138962584, "anchor 2 mse": 1.5250760890880828, "anchor 3 mse": 9.220550816395379, "anchor 4 mse": 9.963289541203556}
{"bot_id": "0000000000000b01", "x": 1.3545900861740856, "y": 1.4247954718619502, "z": 0.0, "MSE": 0.9652153195208805, "anchor 1 mse": 1.9433775044787442, "anchor 2 mse": 1.258804812796681, "anchor 3 mse": 0.5479966142998041, "anchor 4 mse": 0.1106823465082926}
{"bot_id": "0000000000000b01", "x": 3.0951259174753902, "y": 2.4763275114779137, "z": 0, "MSE": 0.2230274028782684, "anchor 1 mse": 0.3526421768091183, "anchor 2 mse": 0.015960959020174727, "anchor 3 mse": 0.48677218415265483, "anchor 4 mse": 0.03673429153112575}
{"bot_id": "0000000000000b01", "x": 3.097174634358607, "y": 2.4718928385102115, "z": 0, "MSE": 0.20354420308685942, "anchor 1 mse": 0.3395030631670363, "anchor 2 mse": 0.009753011147690246, "anchor 3 mse": 0.4400941983673428, "anchor 4 mse": 0.02482653966536825}
{"bot_id": "0000000000000b01", "x": 3.1122324770353678, "y": 2.496306539403412, "z": 0, "MSE": 0.19499178031873482, "anchor 1 mse": 0.33602756966686564, "anchor 2 mse": 0.010354836703418965, "anchor 3 mse": 0.40334128999121366, "anchor 4 mse": 0.030243424913441008}
{"bot_id": "0000000000000b01", "x": 3.082827630770637, "y": 2.612557244307586, "z": 0, "MSE": 0.27123694101355744, "anchor 1 mse": 0.34922258300451003, "anchor 2 mse": 0.005694320320598929, "anchor 3 mse": 0.6308344134367778, "anchor 4 mse": 0.09919644729234298}
{"bot_id": "0000000000000b01", "x": 2.33189817341698, "y": 2.6097995471201996, "z": 0.0, "MSE": 0.26836439651100924, "anchor 1 mse": 0.014358980273699182, "anchor 2 mse": 0.3899625487580601, "anchor 3 mse": 0.5954157356109435, "anchor 4 mse": 0.07372032140133424}
{"bot_id": "0000000000000b01", "x": 2.424870687184746, "y": 2.776917227873498, "z": 0.0, "MSE": 0.3004491529207544, "anchor 1 mse": 0.038664764081960824, "anchor 2 mse": 0.33045057671950845, "anchor 3 mse": 0.6768610232409352, "anchor 4 mse": 0.15582024764061317}
{"bot_id": "0000000000000b01", "x": 3.0819945051703157, "y": 2.232491288218253, "z": 0, "MSE": 0.1075118104745353, "anchor 1 mse": 0.18976065185179053, "anchor 2 mse": 0.012882358010880305, "anchor 3 mse": 0.2190382743331308, "anchor 4 mse": 0.008365957702339532}
{"bot_id": "0000000000000b01", "x": 3.0515652249966627, "y": 2.328063149552197, "z": 0, "MSE": 0.2028505852559469, "anchor 1 mse": 0.4465171992969941, "anchor 2 mse": 0.016703956116620407, "anchor 3 mse": 0.32891045767133575, "anchor 4 mse": 0.01927072793883734}
