{"bot_id": "0000000000000b01", "x": -0.08732228990191811, "y": 1.2945823290110074, "z": 0, "MSE": 1, "anchor 1 mse": 1.683568588901279, "anchor 2 mse": 2.096857425920959, "anchor 3 mse": 10.08298357458347, "anchor 4 mse": 9.669694737563793}
{"bot_id": "0000000000000b01", "x": 1.223743325528253, "y": 1.5223036108481574, "z": 0.0, "MSE": 1, "anchor 1 mse": 1.9791108941535036, "anchor 2 mse": 1.6477217058489335, "anchor 3 mse": 0.6001444379239463, "anchor 4 mse": 0.0293811010294378}
{"bot_id": "0000000000000b01", "x": 0.9939658409570669, "y": 2.858371969595473, "z": 0.0, "MSE": 1, "anchor 1 mse": 0.1181561855536171, "anchor 2 mse": 3.9164824858304392, "anchor 3 mse": 0.3721513135613204, "anchor 4 mse": 1.0804905321557428}
{"bot_id": "0000000000000b01", "x": 1.6197562797287701, "y": 1.9712033281708037, "z": 0.0, "MSE": 1, "anchor 1 mse": 0.6867042982772498, "anchor 2 mse": 1.4812181517506522, "anchor 3 mse": 0.06183862597441461, "anchor 4 mse": 0.005287237665338625}
{"bot_id": "0000000000000b01", "x": 1.5736031063557046, "y": 2.4329048264132247, "z": 0.0, "MSE": 1, "anchor 1 mse": 0.2627011115751786, "anchor 2 mse": 2.0070713260120794, "anchor 3 mse": 0.015912916419901005, "anchor 4 mse": 0.12114316344863482}
{"bot_id": "0000000000000b01", "x": 1.659941287271585, "y": 2.828564863074545, "z": 0, "MSE": 1, "anchor 1 mse": 0.029014960099663385, "anchor 2 mse": 1.8162891914618453, "anchor 3 mse": 0.005824163824030477, "anchor 4 mse": 0.5009184648444147}
{"bot_id": "0000000000000b01", "x": 2.70447660905533, "y": 2.285899251501748, "z": 0, "MSE": 1, "anchor 1 mse": 0.025959575346265317, "anchor 2 mse": 0.04737805488483282, "anchor 3 mse": 0.5542979825642741, "anchor 4 mse": 0.00702658777362508}
{"bot_id": "0000000000000b01", "x": 2.6680043027096216, "y": 2.3165149491277557, "z": 0.0, "MSE": 1, "anchor 1 mse": 0.0018783177375701749, "anchor 2 mse": 0.08915924222697859, "anchor 3 mse": 0.5047230500653327, "anchor 4 mse": 0.0067842456659583305}
{"bot_id": "0000000000000b01", "x": 2.4906803706618508, "y": 2.1490157874487963, "z": 0.0, "MSE": 1, "anchor 1 mse": 0.0064570887690945005, "anchor 2 mse": 0.20264926212178858, "anchor 3 mse": 0.19235036466679678, "anchor 4 mse": 0.03480838496091709}
{"bot_id": "0000000000000b01", "x": 2.372931696179424, "y": 2.1080995551311483, "z": 0.0, "MSE": 1, "anchor 1 mse": 1.6781283553255617e-05, "anchor 2 mse": 0.2444048556277122, "anchor 3 mse": 0.1290400389546246, "anchor 4 mse": 0.004925454058387492}
{"bot_id": "0000000000000b01", "x": 1.321137878179668, "y": 2.809245950027236, "z": 0.0, "MSE": 1, "anchor 1 mse": 0.004304020571109072, "anchor 2 mse": 2.2711956103539896, "anchor 3 mse": 0.16044098481622607, "anchor 4 mse": 0.9549709759522951}
{"bot_id": "0000000000000b01", "x": 2.1248723017394626, "y": 2.295693155643587, "z": 0.0, "MSE": 1, "anchor 1 mse": 0.039261328436258944, "anchor 2 mse": 0.5763432918655682, "anchor 3 mse": 0.06309706458982832, "anchor 4 mse": 0.11335077729001762}
{"bot_id": "0000000000000b01", "x": 1.656095313443986, "y": 2.259348799096681, "z": 0.0, "MSE": 1, "anchor 1 mse": 0.0014973171122130767, "anchor 2 mse": 1.0723941516492193, "anchor 3 mse": 0.015799478272903945, "anchor 4 mse": 0.1988217486135524}
{"bot_id": "0000000000000b01", "x": 2.048175205655358, "y": 2.175410427500983, "z": 0, "MSE": 1, "anchor 1 mse": 0.02186875704881955, "anchor 2 mse": 0.1984109514482023, "anchor 3 mse": 0.003253218597682892, "anchor 4 mse": 0.023338217908778026}
{"bot_id": "0000000000000b01", "x": 2.117152764295046, "y": 1.9810057354540371, "z": 0, "MSE": 1, "anchor 1 mse": 0.022330625027130648, "anchor 2 mse": 0.13025566016401918, "anchor 3 mse": 0.00843469663436839, "anchor 4 mse": 0.008721093491762125}
{"bot_id": "0000000000000b01", "x": 1.904751632508893, "y": 1.9769009317797237, "z": 0, "MSE": 1, "anchor 1 mse": 2.7216516086438414e-05, "anchor 2 mse": 0.24807803474378956, "anchor 3 mse": 0.0037642129899898035, "anchor 4 mse": 0.007414490639358767}
{"bot_id": "0000000000000b01", "x": 2.4389513135419745, "y": 3.3096909138292228, "z": 0, "MSE": 1, "anchor 1 mse": 1.9635564002086507, "anchor 2 mse": 2.913825588463199e-05, "anchor 3 mse": 0.36682026322227856, "anchor 4 mse": 1.2619250365769377}
{"bot_id": "0000000000000b01", "x": 2.019140016911117, "y": 1.9506775725577936, "z": 0.0, "MSE": 1, "anchor 1 mse": 0.009506706682854228, "anchor 2 mse": 0.04931141604576702, "anchor 3 mse": 0.032776577700378194, "anchor 4 mse": 0.004954604687700987}
{"bot_id": "0000000000000b01", "x": 2.081930514222616, "y": 2.1014091056167246, "z": 0.0, "MSE": 1, "anchor 1 mse": 0.16654551138885493, "anchor 2 mse": 0.045085358120472346, "anchor 3 mse": 0.11766217496078454, "anchor 4 mse": 0.0027080556247344833}
{"bot_id": "0000000000000b01", "x": 1.3829172291664942, "y": 2.4912718151561397, "z": 0.0, "MSE": 1, "anchor 1 mse": 0.14391972264503086, "anchor 2 mse": 0.6640505485503769, "anchor 3 mse": 9.386000871499792e-05, "anchor 4 mse": 0.344473807322931}
{"bot_id": "0000000000000b01", "x": 1.8788633035645577, "y": 1.620866090094551, "z": 0.0, "MSE": 1, "anchor 1 mse": 0.0017137637250778475, "anchor 2 mse": 0.0007243040583670816, "anchor 3 mse": 0.06869468536594459, "anchor 4 mse": 0.13291922880689128}
{"bot_id": "0000000000000b01", "x": 3.5399802685631445, "y": 1.8698479191026394, "z": 0, "MSE": 1, "anchor 1 mse": 2.539154402929378, "anchor 2 mse": 1.9192129868966352, "anchor 3 mse": 0.0139230941535278, "anchor 4 mse": 0.0937648792908581}
{"bot_id": "0000000000000b01", "x": 1.9739676790114071, "y": 3.6346491248782495, "z": 0, "MSE": 1, "anchor 1 mse": 3.4450620871016526, "anchor 2 mse": 0.002231971532864149, "anchor 3 mse": 0.1782565202259191, "anchor 4 mse": 1.834659138252575}
{"bot_id": "0000000000000b01", "x": 1.884147556286906, "y": 1.4897088126488598, "z": 0, "MSE": 1, "anchor 1 mse": 0.017404241585347164, "anchor 2 mse": 0.04050053941539662, "anchor 3 mse": 0.008994523385627907, "anchor 4 mse": 0.5068645356342586}
{"bot_id": "0000000000000b01", "x": 1.4361374339968342, "y": 1.6256094001577486, "z": 0, "MSE": 1, "anchor 1 mse": 0.010176073230401655, "anchor 2 mse": 0.0038701986022727218, "anchor 3 mse": 0.013271910463838476, "anchor 4 mse": 0.06056233996504493}
{"bot_id": "0000000000000b01", "x": 1.6928226135519358, "y": 2.0155342324357135, "z": 0.0, "MSE": 1, "anchor 1 mse": 0.2135497938980728, "anchor 2 mse": 0.0014953084084548022, "anchor 3 mse": 0.10669742519727773, "anchor 4 mse": 0.04354144615673032}
{"bot_id": "0000000000000b01", "x": 1.842509450607626, "y": 1.9371117706890055, "z": 0.0, "MSE": 1, "anchor 1 mse": 0.08033416818868885, "anchor 2 mse": 0.04833113056724885, "anchor 3 mse": 0.23599310572348234, "anchor 4 mse": 0.2971101914500082}
{"bot_id": "0000000000000b01", "x": 1.6747259511091055, "y": 1.8380767732281529, "z": 0, "MSE": 1, "anchor 1 mse": 0.055984667338875624, "anchor 2 mse": 0.05863635462975753, "anchor 3 mse": 0.14760505259314788, "anchor 4 mse": 0.22613723240632658}
{"bot_id": "0000000000000b01", "x": 1.3314145076691786, "y": 2.0278583091883196, "z": 0.0, "MSE": 1, "anchor 1 mse": 0.03454985258952641, "anchor 2 mse": 0.028932616568109925, "anchor 3 mse": 0.02945609354882724, "anchor 4 mse": 0.017141829907016026}
{"bot_id": "0000000000000b01", "x": 1.6667517473464133, "y": 2.096585941528425, "z": 0.0, "MSE": 1, "anchor 1 mse": 0.2288500272772627, "anchor 2 mse": 0.08215616026316262, "anchor 3 mse": 0.4078908486905525, "anchor 4 mse": 0.36563735822660703}
{"bot_id": "0000000000000b01", "x": 0.9077029886002367, "y": 2.2628266140890667, "z": 0.0, "MSE": 1, "anchor 1 mse": 0.04330368026098283, "anchor 2 mse": 0.03045554129689764, "anchor 3 mse": 0.027751757377820718, "anchor 4 mse": 0.2288202173760752}
{"bot_id": "0000000000000b01", "x": 1.1461118383029751, "y": 2.0310366974288905, "z": 0.0, "MSE": 1, "anchor 1 mse": 0.0014365399787948884, "anchor 2 mse": 0.20040407116666903, "anchor 3 mse": 0.10598231096292038, "anchor 4 mse": 1.1198289249291924}
{"bot_id": "0000000000000b01", "x": 0.9289899920947537,