{"bot_id": "0000000000000b01", "x": 1.359200248619628, "y": 1.3699999999999997, "z": 0.03350882377108089, "MSE": 3.7550394759004004, "anchor 1 mse": 3.7254481571181794, "anchor 2 mse": 3.7254481571181817, "anchor 3 mse": 3.7846307946826214, "anchor 4 mse": 3.7846307946826188}
{"bot_id": "0000000000000b01", "x": 2.597050135859909, "y": 1.960847168338536, "z": 1.2506735939427462, "MSE": 0.028246525827777806, "anchor 1 mse": 0.015933138536341568, "anchor 2 mse": 0.0005781159659563367, "anchor 3 mse": 0.09637208011609796, "anchor 4 mse": 0.00010276869271536352}
{"bot_id": "0000000000000b01", "x": 2.597903261171091, "y": 1.9850383365737698, "z": 1.1937783646160645, "MSE": 0.02276253134914401, "anchor 1 mse": 0.01223264522086412, "anchor 2 mse": 0.0005264654328561014, "anchor 3 mse": 0.07817640033768221, "anchor 4 mse": 0.00011461440517361417}
{"bot_id": "0000000000000b01", "x": 2.614310686513227, "y": 1.9936667249542805, "z": 1.2077069664379259, "MSE": 0.028917735640215946, "anchor 1 mse": 0.015019446865017314, "anchor 2 mse": 0.001230124943248418, "anchor 3 mse": 0.09938913527848721, "anchor 4 mse": 3.2235474110839434e-05}
{"bot_id": "0000000000000b01", "x": 2.6407395971995045, "y": 2.0168168882312503, "z": 1.1832379459496685, "MSE": 0.027873948067806013, "anchor 1 mse": 0.013734782641464733, "anchor 2 mse": 0.0013906375419356744, "anchor 3 mse": 0.09627814178875826, "anchor 4 mse": 9.223029906538707e-05}
{"bot_id": "0000000000000b01", "x": 2.656035049633409, "y": 2.0187470849653084, "z": 1.204036712259994, "MSE": 0.017740910628221005, "anchor 1 mse": 0.009364131400934145, "anchor 2 mse": 3.5173207238889925e-05, "anchor 3 mse": 0.06053774703286869, "anchor 4 mse": 0.0010265908718423008}
{"bot_id": "0000000000000b01", "x": 2.5553248322353666, "y": 2.0148451328202985, "z": 1.2803664082722968, "MSE": 0.02362190417500611, "anchor 1 mse": 0.013676123457079872, "anchor 2 mse": 0.00012753281711676986, "anchor 3 mse": 0.08008969431784647, "anchor 4 mse": 0.0005942661079813191}
{"bot_id": "0000000000000b01", "x": 2.647352528534533, "y": 2.087773639066635, "z": 1.230431651461882, "MSE": 0.018973565460615776, "anchor 1 mse": 0.009809697193469474, "anchor 2 mse": 7.580348566924602e-05, "anchor 3 mse": 0.06537632319695037, "anchor 4 mse": 0.0006324379663740068}
{"bot_id": "0000000000000b01", "x": 2.6101805095378254, "y": 1.9975270364261974, "z": 1.194585187268612, "MSE": 0.0322770128283443, "anchor 1 mse": 0.016171929423176756, "anchor 2 mse": 0.0020232221958584066, "anchor 3 mse": 0.11055547822051064, "anchor 4 mse": 0.0003574214738313842}
{"bot_id": "0000000000000b01", "x": 2.511273328528277, "y": 1.850412070517798, "z": 1.1073659274108858, "MSE": 0.03679097931712291, "anchor 1 mse": 0.019628680792743394, "anchor 2 mse": 0.004204866427791751, "anchor 3 mse": 0.12161209390383534, "anchor 4 mse": 0.0017182761441211474}
{"bot_id": "0000000000000b01", "x": 2.479220580900816, "y": 1.9093074317267527, "z": 0.9267616660405532, "MSE": 0.019046380597227394, "anchor 1 mse": 0.008754989335139728, "anchor 2 mse": 0.0031280106146657606, "anchor 3 mse": 0.06329794477302914, "anchor 4 mse": 0.0010045776660749534}
{"bot_id": "0000000000000b01", "x": 2.4467577649996044, "y": 1.674031538342168, "z": 0.8650641775660952, "MSE": 0.053319982138927274, "anchor 1 mse": 0.025045784616639553, "anchor 2 mse": 0.015481701586879119, "anchor 3 mse": 0.1550676009428373, "anchor 4 mse": 0.01768484140935311}
{"bot_id": "0000000000000b01", "x": 2.298765145441635, "y": 1.7081590709800272, "z": 0.7751688073805134, "MSE": 0.03537169824408404, "anchor 1 mse": 0.01612584486350322, "anchor 2 mse": 0.015309860858072212, "anchor 3 mse": 0.09236576498588209, "anchor 4 mse": 0.017685322268878624}
{"bot_id": "0000000000000b01", "x": 2.2066067512650087, "y": 1.8413572482850296, "z": 0.5995809558349249, "MSE": 0.02541125410825921, "anchor 1 mse": 0.009186960358255697, "anchor 2 mse": 0.012800272181798666, "anchor 3 mse": 0.06492757342260062, "anchor 4 mse": 0.014730210470381843}
{"bot_id": "0000000000000b01", "x": 2.1739474345041745, "y": 1.8018666465905815, "z": 0.62484395591099, "MSE": 0.054160326259513634, "anchor 1 mse": 0.020141263969025863, "anchor 2 mse": 0.025988720590584522, "anchor 3 mse": 0.13788193453005068, "anchor 4 mse": 0.032629385948393465}
{"bot_id": "0000000000000b01", "x": 2.150328309549637, "y": 1.7507808642869245, "z": 0.5903919336595251, "MSE": 0.021507809547786232, "anchor 1 mse": 0.009041195851839356, "anchor 2 mse": 0.012216197117941707, "anchor 3 mse": 0.05024419482970538, "anchor 4 mse": 0.014529650391658494}
{"bot_id": "0000000000000b01", "x": 2.018528754577206, "y": 1.7753225229984007, "z": 0.8721373166880588, "MSE": 0.022630414509605245, "anchor 1 mse": 0.01347964887055624, "anchor 2 mse": 0.011840927974198733, "anchor 3 mse": 0.056261136879683246, "anchor 4 mse": 0.008939944313982756}
{"bot_id": "0000000000000b01", "x": 1.9855762731360307, "y": 1.8083413825281038, "z": 0.7324168758146332, "MSE": 0.009706228615598504, "anchor 1 mse": 0.005433291414189194, "anchor 2 mse": 0.0060304334609301395, "anchor 3 mse": 0.02397564532668256, "anchor 4 mse": 0.0033855442605921202}
{"bot_id": "0000000000000b01", "x": 1.9132203061800082, "y": 1.7226703654956115, "z": 0.6634138939849124, "MSE": 0.021778582463700572, "anchor 1 mse": 0.011792700379632197, "anchor 2 mse": 0.015335887966088766, "anchor 3 mse": 0.04377796891025608, "anchor 4 mse": 0.01620777259882525}
{"bot_id": "0000000000000b01", "x": 1.7374682199929807, "y": 1.7704189079134889, "z": 0.6725044924039306, "MSE": 0.016913439669383967, "anchor 1 mse": 0.010021069693627562, "anchor 2 mse": 0.014334615673582947, "anchor 3 mse": 0.031812412483134656, "anchor 4 mse": 0.011485660827190705}
{"bot_id": "0000000000000b01", "x": 1.7713409078531193, "y": 1.8107701911411336, "z": 0.2912291136827668, "MSE": 0.02426962892143291, "anchor 1 mse": 0.012050513728359611, "anchor 2 mse": 0.019218663070451066, "anchor 3 mse": 0.0499653696304713, "anchor 4 mse": 0.01584396925644965}
{"bot_id": "0000000000000b01", "x": 1.7049727663568577, "y": 1.7823021850454437, "z": 0.706874285352033, "MSE": 0.03994772928041991, "anchor 1 mse": 0.024266039897231913, "anchor 2 mse": 0.03262642402786008, "anchor 3 mse": 0.07694143521106318, "anchor 4 mse": 0.025957017985524477}
{"bot_id": "0000000000000b01", "x": 1.5043730033236513, "y": 1.7131074352047893, "z": 0.7728461061051959, "MSE": 0.02047875533728652, "anchor 1 mse": 0.016209152178560792, "anchor 2 mse": 0.019988270667894752, "anchor 3 mse": 0.03343611176646377, "anchor 4 mse": 0.012281486736226761}
{"bot_id": "0000000000000b01", "x": 1.442302661314667, "y": 1.7591001063058906, "z": 0.7747833143938204, "MSE": 0.022426664566778654, "anchor 1 mse": 0.017719472048632143, "anchor 2 mse": 0.02292697423720494, "anchor 3 mse": 0.036786061461749425, "anchor 4 mse": 0.012274150519528113}
{"bot_id": "0000000000000b01", "x": 1.4273996675201328, "y": 1.781861720962589, "z": 0.49692786978103715, "MSE": 0.006575744046660852, "anchor 1 mse": 0.004428116674892674, "anchor 2 mse": 0.008183887706816042, "anchor 3 mse": 0.009876005332049843, "anchor 4 mse": 0.0038149664728848497}
{"bot_id": "0000000000000b01", "x": 1.3188579958660507, "y": 1.8063820673551267, "z": 0.5502153812344502, "MSE": 0.024087350726243455, "anchor 1 mse": 0.017765919023558896, "anchor 2 mse": 0.029937430409352764, "anchor 3 mse": 0.03503757292819839, "anchor 4 mse": 0.013608480543863762}
{"bot_id": "0000000000000b01", "x": 1.2617534918936713, "y": 2.0023688679158567, "z": 0.789955422455075, "MSE": 0.013064294301287985, "anchor 1 mse": 0.011046368759400464, "anchor 2 mse": 0.016545610788307862, "anchor 3 mse": 0.019941184153193924, "anchor 4 mse": 0.004724013504249686}
{"bot_id": "0000000000000b01", "x": 1.172596068416741, "y": 1.9158966860189466, "z": 0.6077488865016926, "MSE": 0.006927883613780969, "anchor 1 mse": 0.005931361523446304, "anchor 2 mse": 0.010659504106907655, "anchor 3 mse": 0.008507106575704639,