{"bot_id": "0000000000000b01", "x": 1.353134356273824, "y": 1.3531343562738618, "z": -23.404354083040833, "MSE": 551.5181589442267, "anchor 1 mse": 551.4257352166072, "anchor 2 mse": 551.5181589442266, "anchor 3 mse": 551.610582671846, "anchor 4 mse": 551.5181589442269}
{"bot_id": "0000000000000b01", "x": 2.593864283281127, "y": 1.9227511445949956, "z": 1.1393852790086378, "MSE": 0.017946318677358446, "anchor 1 mse": 0.004087157924081862, "anchor 2 mse": 0.0037702834833421555, "anchor 3 mse": 0.057489431881773086, "anchor 4 mse": 0.006438401420236675}
{"bot_id": "0000000000000b01", "x": 2.594156254084047, "y": 1.9473861810913458, "z": 1.1018314293904834, "MSE": 0.01527684435007563, "anchor 1 mse": 0.0031117910371468442, "anchor 2 mse": 0.0027265697841621587, "anchor 3 mse": 0.050676862121426344, "anchor 4 mse": 0.004592154457567176}
{"bot_id": "0000000000000b01", "x": 2.6101416555439005, "y": 1.9560358161278422, "z": 1.1183436403758065, "MSE": 0.021064907096498282, "anchor 1 mse": 0.004641846612584635, "anchor 2 mse": 0.00411305431851714, "anchor 3 mse": 0.06860037634323427, "anchor 4 mse": 0.006904351111657092}
{"bot_id": "0000000000000b01", "x": 2.63594457525193, "y": 1.979393480361419, "z": 1.1049994537076038, "MSE": 0.02133248490820379, "anchor 1 mse": 0.004444732761213856, "anchor 2 mse": 0.0038863346464333708, "anchor 3 mse": 0.07049091139920134, "anchor 4 mse": 0.006507960825966582}
{"bot_id": "0000000000000b01", "x": 2.6519117285366014, "y": 1.9807985898504703, "z": 1.1056082076663611, "MSE": 0.009851888319646965, "anchor 1 mse": 0.0015824931979571072, "anchor 2 mse": 0.0014618523007562999, "anchor 3 mse": 0.03388062393937922, "anchor 4 mse": 0.00248258384049523}
{"bot_id": "0000000000000b01", "x": 2.551044940215433, "y": 1.9771945752519298, "z": 1.167618178188403, "MSE": 0.013222589498841333, "anchor 1 mse": 0.0027319021229164136, "anchor 2 mse": 0.0027656772603233864, "anchor 3 mse": 0.0430344468945144, "anchor 4 mse": 0.0043583317176111285}
{"bot_id": "0000000000000b01", "x": 2.641501144594996, "y": 2.050260268682587, "z": 1.136681546285626, "MSE": 0.010946127817217344, "anchor 1 mse": 0.0017416718924717107, "anchor 2 mse": 0.0018277566634398279, "anchor 3 mse": 0.037335749682190264, "anchor 4 mse": 0.002879333030767576}
{"bot_id": "0000000000000b01", "x": 2.6056982248869662, "y": 1.9601507796314923, "z": 1.1162828387903185, "MSE": 0.02550321678022308, "anchor 1 mse": 0.0058429188030782305, "anchor 2 mse": 0.0048924929016164204, "anchor 3 mse": 0.08312621565388263, "anchor 4 mse": 0.008151239762315039}
{"bot_id": "0000000000000b01", "x": 2.509698261758282, "y": 1.8135047573587166, "z": 1.0920007097681161, "MSE": 0.03823254259163572, "anchor 1 mse": 0.012829697103574879, "anchor 2 mse": 0.003655350121203409, "anchor 3 mse": 0.12994723332638838, "anchor 4 mse": 0.006497889815376221}
{"bot_id": "0000000000000b01", "x": 2.4761726774417108, "y": 1.873982896419813, "z": 0.9714791110489863, "MSE": 0.02618081641071391, "anchor 1 mse": 0.007017296399094244, "anchor 2 mse": 0.0010657728219015717, "anchor 3 mse": 0.09481255057937714, "anchor 4 mse": 0.0018276458424826847}
{"bot_id": "0000000000000b01", "x": 2.444523170008856, "y": 1.642183498743179, "z": 1.0249874306230553, "MSE": 0.07924070397923116, "anchor 1 mse": 0.03541249047493627, "anchor 2 mse": 0.003713926839064706, "anchor 3 mse": 0.2711503872553199, "anchor 4 mse": 0.0066860113476037986}
{"bot_id": "0000000000000b01", "x": 2.29210197485676, "y": 1.6809550588587792, "z": 1.1763103150828813, "MSE": 0.10005529819682976, "anchor 1 mse": 0.05579357973135948, "anchor 2 mse": 0.0006502807401450033, "anchor 3 mse": 0.342178693780149, "anchor 4 mse": 0.0015986385356655543}
{"bot_id": "0000000000000b01", "x": 2.1911377431861085, "y": 1.8222660058579003, "z": 3.892349270293286, "MSE": 5.568912408544858, "anchor 1 mse": 3.9367268577467907, "anchor 2 mse": 3.9601450087973147, "anchor 3 mse": 9.526892142604966, "anchor 4 mse": 4.85188562503036}
{"bot_id": "0000000000000b01", "x": 2.1538792709441013, "y": 1.7878638941582952, "z": 4.559311862419383, "MSE": 8.805555960845208, "anchor 1 mse": 6.760232240137933, "anchor 2 mse": 6.35835117119387, "anchor 3 mse": 14.473486891231063, "anchor 4 mse": 7.6301535408179655}
{"bot_id": "0000000000000b01", "x": 2.136245416449898, "y": 1.7310999384335244, "z": 2.6701725910698015, "MSE": 1.7571161777670716, "anchor 1 mse": 1.1941312387746161, "anchor 2 mse": 1.0308003132068528, "anchor 3 mse": 3.4135186364190657, "anchor 4 mse": 1.390014522667752}
{"bot_id": "0000000000000b01", "x": 2.0129028123670967, "y": 1.7484023965309239, "z": 1.246151617234215, "MSE": 0.07816526173453874, "anchor 1 mse": 0.054315408464639336, "anchor 2 mse": 0.0032146360152473332, "anchor 3 mse": 0.25066602517251846, "anchor 4 mse": 0.004464977285749801}
{"bot_id": "0000000000000b01", "x": 1.980068662843171, "y": 1.7812365460548496, "z": 1.0021390269678887, "MSE": 0.032487819546386486, "anchor 1 mse": 0.018402555179929236, "anchor 2 mse": 0.0007548361195361269, "anchor 3 mse": 0.10986361381243388, "anchor 4 mse": 0.0009302730736466987}
{"bot_id": "0000000000000b01", "x": 1.894460207924316, "y": 1.7086880666671334, "z": 5.722628032227079, "MSE": 16.015371212408656, "anchor 1 mse": 13.805281666384273, "anchor 2 mse": 13.880395096394855, "anchor 3 mse": 21.30717118377315, "anchor 4 mse": 15.068636903082346}
{"bot_id": "0000000000000b01", "x": 1.7453354974843251, "y": 1.7317361347711593, "z": 44.99714364002315, "MSE": 1846.0994304349524, "anchor 1 mse": 1814.2714693122884, "anchor 2 mse": 1833.7464666742137, "anchor 3 mse": 1905.2725567846546, "anchor 4 mse": 1831.1072289686529}
{"bot_id": "0000000000000b01", "x": 1.7714029814066123, "y": 1.7799569720169537, "z": 19.36289485554034, "MSE": 305.7779522320661, "anchor 1 mse": 291.89913916045924, "anchor 2 mse": 299.54750439910157, "anchor 3 mse": 333.4590775997825, "anchor 4 mse": 298.20608776892124}
{"bot_id": "0000000000000b01", "x": 1.715526221070275, "y": 1.74222059366724, "z": 47.732160510094644, "MSE": 2088.3781054115702, "anchor 1 mse": 2059.774945924973, "anchor 2 mse": 2071.469573234421, "anchor 3 mse": 2157.9349531921985, "anchor 4 mse": 2064.332949294688}
{"bot_id": "0000000000000b01", "x": 1.4985111133837277, "y": 1.6892174531785267, "z": 1.8099936999485942, "MSE": 0.36137558591964947, "anchor 1 mse": 0.3769604325598428, "anchor 2 mse": 0.20616551411073938, "anchor 3 mse": 0.6945830445524737, "anchor 4 mse": 0.16779335245554222}
{"bot_id": "0000000000000b01", "x": 1.4371593613471119, "y": 1.7364086212735361, "z": 1.0906259131400988, "MSE": 0.04669712893766765, "anchor 1 mse": 0.054755141413070994, "anchor 2 mse": 2.0091883411732473e-05, "anchor 3 mse": 0.1320129197700643, "anchor 4 mse": 3.626841235661422e-07}
{"bot_id": "0000000000000b01", "x": 1.4179478521672366, "y": 1.761477794686988, "z": 0.9957785031720683, "MSE": 0.04103532812456334, "anchor 1 mse": 0.04032895586261693, "anchor 2 mse": 0.012075504670944351, "anchor 3 mse": 0.10415662721841235, "anchor 4 mse": 0.007580224746279725}
{"bot_id": "0000000000000b01", "x": 1.3129287279377606, "y": 1.7854750211062451, "z": 0.7436763657371404, "MSE": 0.029082716468704885, "anchor 1 mse": 0.02811727460503996, "anchor 2 mse": 0.008933210591498656, "anchor 3 mse": 0.07345025391194752, "anchor 4 mse": 0.005830126766333401}
{"bot_id": "0000000000000b01", "x": 1.2509739137305056, "y": 1.976462682028829, "z": 0.8638108384986107, "MSE": 0.014847804144568405, "anchor 1 mse": 0.01071089609391559, "anchor 2 mse": 0.007884777434869898, "anchor 3 mse": 0.0373175044202137, "anchor 4 mse": 0.0034780386292744317}
{"bot_id": "0000000000000b01", "x": 1.1607056520095058, "y": 1.8912017466695366, "z": 0.725776424987482, "MSE": 0.008595030466182844, "anchor 1 mse": 0.007167161873569251, "anchor 2 mse": 0.0024276438880819666, "anchor 3 mse": 0.02379764566610206, "anchor 4 mse": 0.0009876704369780975}
{"bot_id": "0000000000000b01", "x": 1.1724630854108378, "y": 1.8905757001295187, "z": 0.7153844743231415,