{"bot_id": "0000000000000b01", "x": 1.36529330872758, "y": 1.3699999999999999, "z": -0.608473697926604, "MSE": 4.124062394011211, "anchor 1 mse": 4.11116605992478, "anchor 2 mse": 4.1111660599247815, "anchor 3 mse": 4.136958728097642, "anchor 4 mse": 4.13695872809764}
{"bot_id": "0000000000000b01", "x": 2.6047680718372836, "y": 1.9488693017187928, "z": 1.4262080451667916, "MSE": 0.06707183535127159, "anchor 1 mse": 0.03687879336812684, "anchor 2 mse": 0.003998675774327332, "anchor 3 mse": 0.21765434691720154, "anchor 4 mse": 0.009755525345430645}
{"bot_id": "0000000000000b01", "x": 2.6053046020687955, "y": 1.9733108938665538, "z": 1.3540350650477038, "MSE": 0.05415229462905567, "anchor 1 mse": 0.028107062196093432, "anchor 2 mse": 0.002981844695960761, "anchor 3 mse": 0.17795487565092805, "anchor 4 mse": 0.007565395973240477}
{"bot_id": "0000000000000b01", "x": 2.621473927774081, "y": 1.981951269296345, "z": 1.3688255405627066, "MSE": 0.06256203945761211, "anchor 1 mse": 0.032417180449739, "anchor 2 mse": 0.001843901956928172, "anchor 3 mse": 0.2108590883105816, "anchor 4 mse": 0.005127987113199679}
{"bot_id": "0000000000000b01", "x": 2.6475496636026086, "y": 2.005218501546158, "z": 1.3365266409208485, "MSE": 0.058664949604839374, "anchor 1 mse": 0.02891538372407051, "anchor 2 mse": 0.0012561436953271792, "anchor 3 mse": 0.20069531480687858, "anchor 4 mse": 0.003792956193081236}
