{"bot_id": "0000000000000b01", "x": 0.7339300088673951, "y": 1.4018088153534318, "z": 0.0, "MSE": 1, "anchor 1 mse": 2.503721212718687, "anchor 2 mse": 2.329408904581881, "anchor 3 mse": 5.815072455988556, "anchor 4 mse": 5.9893847641253615}
{"bot_id": "0000000000000b01", "x": 2.2204367557138074, "y": 2.7165808506047298, "z": 0.0, "MSE": 1, "anchor 1 mse": 0.022076748494346324, "anchor 2 mse": 0.6232151121952674, "anchor 3 mse": 0.4223819918285369, "anchor 4 mse": 0.19875502272868267}
{"bot_id": "0000000000000b01", "x": 1.8094578568691548, "y": 2.768855457486261, "z": 0.0, "MSE": 1, "anchor 1 mse": 0.0038847000526902897, "anchor 2 mse": 1.3696303610899319, "anchor 3 mse": 0.043685418641676355, "anchor 4 mse": 0.373368740072691}
{"bot_id": "0000000000000b01", "x": 2.3464811775233083, "y": 2.63900017594025, "z": 0.0, "MSE": 1, "anchor 1 mse": 0.022900952149976637, "anchor 2 mse": 0.4373787374941305, "anchor 3 mse": 0.4952312097277394, "anchor 4 mse": 0.10770143343594352}
{"bot_id": "0000000000000b01", "x": 1.7477849720886223, "y": 2.694204962763642, "z": 0.0, "MSE": 1, "anchor 1 mse": 0.0394170584682825, "anchor 2 mse": 1.6170051548874318, "anchor 3 mse": 0.007521869879544751, "anchor 4 mse": 0.2715480836688845}
{"bot_id": "0000000000000b01", "x": 1.8473948893121768, "y": 2.2540878529504305, "z": 0.0, "MSE": 1, "anchor 1 mse": 0.286857699691774, "anchor 2 mse": 1.2094941457030395, "anchor 3 mse": 0.02065127249125012, "anchor 4 mse": 0.010896801062416566}
{"bot_id": "0000000000000b01", "x": 2.223346009268585, "y": 2.5346056120315, "z": 0.0, "MSE": 1, "anchor 1 mse": 7.104284747268831e-05, "anchor 2 mse": 0.5288007901344969, "anchor 3 mse": 0.4147566169531858, "anchor 4 mse": 0.046970624547265534}
{"bot_id": "0000000000000b01", "x": 2.533285921113095, "y": 2.604868036109845, "z": 0.0, "MSE": 1, "anchor 1 mse": 0.020614087370076615, "anchor 2 mse": 0.21447318434871318, "anchor 3 mse": 0.7975127882318931, "anchor 4 mse": 0.04539339211832123}
{"bot_id": "0000000000000b01", "x": 1.5871904963439305, "y": 2.6637747408515193, "z": 0.0, "MSE": 1, "anchor 1 mse": 0.07247654905382586, "anchor 2 mse": 2.019184695682714, "anchor 3 mse": 0.005674128562133822, "anchor 4 mse": 0.30528658751787635}
{"bot_id": "0000000000000b01", "x": 2.2944386045329255, "y": 2.5580947272595935, "z": 0.0, "MSE": 1, "anchor 1 mse": 0.07092649749644239, "anchor 2 mse": 0.42037312665271714, "anchor 3 mse": 0.37056021630255, "anchor 4 mse": 0.1494658178903512}
{"bot_id": "0000000000000b01", "x": 1.8755018399131225, "y": 2.4484321093468573, "z": 0.0, "MSE": 1, "anchor 1 mse": 0.007360602225413766, "anchor 2 mse": 0.8685675380890009, "anchor 3 mse": 0.01159012947719472, "anchor 4 mse": 0.18196214527757243}
{"bot_id": "0000000000000b01", "x": 0.9799947343978954, "y": 2.438397827940191, "z": 0.0, "MSE": 1, "anchor 1 mse": 0.09122817479996502, "anchor 2 mse": 3.6276713247560908, "anchor 3 mse": 0.6016487698742446, "anchor 4 mse": 0.9355242976379615}
{"bot_id": "0000000000000b01", "x": 1.6842959664938197, "y": 2.2001291410782264, "z": 0.0, "MSE": 1, "anchor 1 mse": 0.00478642999301031, "anchor 2 mse": 0.982667979629606, "anchor 3 mse": 0.015809720796486654, "anchor 4 mse": 0.14463045159630805}
{"bot_id": "0000000000000b01", "x": 1.5975848141636881, "y": 2.385704261848384, "z": 0.0, "MSE": 1, "anchor 1 mse": 0.0009742293235631369, "anchor 2 mse": 0.8716102445172581, "anchor 3 mse": 0.06056165400896605, "anchor 4 mse": 0.2653559109800704}
{"bot_id": "0000000000000b01", "x": 1.2743115532410851, "y": 2.1489070162878803, "z": 0.0, "MSE": 1, "anchor 1 mse": 0.06333592425701877, "anchor 2 mse": 1.4526805115004897, "anchor 3 mse": 0.47663878294399686, "anchor 4 mse": 0.18590070958982333}
{"bot_id": "0000000000000b01", "x": 1.5977237087442833, "y": 2.403586011060409, "z": 0.0, "MSE": 1, "anchor 1 mse": 0.021364123907883423, "anchor 2 mse": 0.8413347208305615, "anchor 3 mse": 0.014589075187515682, "anchor 4 mse": 0.36144943693634324}
{"bot_id": "0000000000000b01", "x": 1.1000706377386185, "y": 2.2151671042746495, "z": 0.0, "MSE": 1, "anchor 1 mse": 0.05603571240329893, "anchor 2 mse": 1.6670580959271513, "anchor 3 mse": 0.22265625031005878, "anchor 4 mse": 0.3092969284942022}
{"bot_id": "0000000000000b01", "x": 1.2512261303887615, "y": 2.264665946001203, "z": 0.0, "MSE": 1, "anchor 1 mse": 0.015047827085917152, "anchor 2 mse": 1.105709565532567, "anchor 3 mse": 0.09785309882464158, "anchor 4 mse": 0.3138189638243502}
{"bot_id": "0000000000000b01", "x": 0.7045949651632187, "y": 2.1923469609334907, "z": 0.0, "MSE": 1, "anchor 1 mse": 0.06111305484866622, "anchor 2 mse": 2.2428054979835546, "anchor 3 mse": 0.7187554550266462, "anchor 4 mse": 0.7081747415515716}
{"bot_id": "0000000000000b01", "x": 1.573354408396838, "y": 2.0074650732076984, "z": 0.0, "MSE": 1, "anchor 1 mse": 0.006490033655030689, "anchor 2 mse": 0.23471477285861295, "anchor 3 mse": 5.714153686772871e-05, "anchor 4 mse": 0.005162129578951931}
{"bot_id": "0000000000000b01", "x": 0.8794495195818544, "y": 2.3005456470043852, "z": 0.0, "MSE": 1, "anchor 1 mse": 0.0005250175318304137, "anchor 2 mse": 1.385014630692546, "anchor 3 mse": 0.5802551555575739, "anchor 4 mse": 0.5756904846319175}
{"bot_id": "0000000000000b01", "x": 1.0428904172455034, "y": 2.444090627372663, "z": 0.0, "MSE": 1, "anchor 1 mse": 0.06115320706587991, "anchor 2 mse": 1.3828384680803132, "anchor 3 mse": 0.17868706859618672, "anchor 4 mse": 0.40389435477634184}
{"bot_id": "0000000000000b01", "x": 1.603785363328706, "y": 2.458202722306504, "z": 0.0, "MSE": 1, "anchor 1 mse": 0.42917299652527136, "anchor 2 mse": 0.24171565404408082, "anchor 3 mse": 0.18435169797423046, "anchor 4 mse": 0.12116573246000878}
{"bot_id": "0000000000000b01", "x": 1.4413245084113142, "y": 2.2997199674351796, "z": 0.0, "MSE": 1, "anchor 1 mse": 0.197190360769326, "anchor 2 mse": 0.3057305353287267, "anchor 3 mse": 0.056987986774208986, "anchor 4 mse": 0.04455208063734616}
{"bot_id": "0000000000000b01", "x": 1.3986351170129225, "y": 2.2024243171619324, "z": 0.0, "MSE": 1, "anchor 1 mse": 0.11491737008309894, "anchor 2 mse": 0.14562741120029843, "anchor 3 mse": 0.024001154351449224, "anchor 4 mse": 0.06187473549705757}
{"bot_id": "0000000000000b01", "x": 1.3145811786855752, "y": 2.1429822319239142, "z": 0.0, "MSE": 1, "anchor 1 mse": 0.11837712458844543, "anchor 2 mse": 0.1902718144190662, "anchor 3 mse": 0.002981588521859657, "anchor 4 mse": 0.008789157206377653}
{"bot_id": "0000000000000b01", "x": 1.9078922123742623, "y": 2.4235838633686484, "z": 0.0, "MSE": 1, "anchor 1 mse": 0.48225621726731943, "anchor 2 mse": 0.020722291984019228, "anchor 3 mse": 0.6396202941671764, "anchor 4 mse": 0.013817446947585075}
{"bot_id": "0000000000000b01", "x": 2.3195900501027387, "y": 2.4039193807703305, "z": 0.0, "MSE": 1, "anchor 1 mse": 1.1893163068611654, "anchor 2 mse": 0.46759695256846706, "anchor 3 mse": 1.5419854061687448, "anchor 4 mse": 0.025470802646521046}
{"bot_id": "0000000000000b01", "x": 0.9436498483388285, "y": 2.3061490174217116, "z": 0.0, "MSE": 1, "anchor 1 mse": 0.06337606855155166, "anchor 2 mse": 0.41138670286085743, "anchor 3 mse": 0.009603816646289539, "anchor 4 mse": 0.10446917699326082}
{"bot_id": "0000000000000b01", "x": 1.1721334508213033, "y": 2.5295206005598274, "z": 0.0, "MSE": 1, "anchor 1 mse": 0.3456232226618029, "anchor 2 mse": 0.09555433605423815, "anchor 3 mse": 0.09490623517522664, "anchor 4 mse": 0.00025655936105069884}
{"bot_id": "0000000000000b01", "x": 0.856403547687293, "y": 2.8108069380572736, "z": 0.0, "MSE": 1, "anchor 1 mse": 0.5017987661641057, "anchor 2 mse": 0.11605897856633875, "anchor 3 mse": 0.030650608984888847, "anchor 4 mse": 4.129684763694034e-05}
{"bot_id": "0000000000000b01", "x": 0.7088567225995148, "y": 2.862558363366531, "z": 0.0, "MSE": 1, "anchor 1 mse": 0.3352640183367195, "anchor 2 mse": 0.03262588903798467, "anchor 3 mse": 0.0012364028862343961, "anchor 4 mse": 0.016911728146093034}
{"bot_id": "0000000000000b01", "x": 0.5017486224044876,