{"bot_id": "0000000000000b01", "x": 1.2780468619698022, "y": 1.2088032977412047, "z": 0.0, "MSE": 1, "anchor 1 mse": 3.0946091940208698, "anchor 2 mse": 3.977967122399069, "anchor 3 mse": 4.481870318804554, "anchor 4 mse": 3.5985123904263547}
{"bot_id": "0000000000000b01", "x": 1.8722101640310327, "y": 2.5364898889761123, "z": 0.0, "MSE": 1, "anchor 1 mse": 0.0430104776990326, "anchor 2 mse": 1.2695914684841, "anchor 3 mse": 0.07765496930105639, "anchor 4 mse": 0.13019703276702516}
{"bot_id": "0000000000000b01", "x": 1.01043509640387, "y": 2.5882126346430154, "z": 0.0, "MSE": 1, "anchor 1 mse": 0.349923030296618, "anchor 2 mse": 3.834656002404445, "anchor 3 mse": 0.35546945328458435, "anchor 4 mse": 0.6446723942211262}
{"bot_id": "0000000000000b01", "x": 0.08608042773759564, "y": 2.4665415690681733, "z": 0.0, "MSE": 1, "anchor 1 mse": 0.8316652365058317, "anchor 2 mse": 7.4164344794850425, "anchor 3 mse": 2.4272732588152985, "anchor 4 mse": 1.646438679240235}
{"bot_id": "0000000000000b01", "x": 1.712024158850066, "y": 2.3902235018609073, "z": 0.0, "MSE": 1, "anchor 1 mse": 0.22080487535413473, "anchor 2 mse": 1.6195372994133916, "anchor 3 mse": 3.426402922418511e-05, "anchor 4 mse": 0.06345546001249475}
{"bot_id": "0000000000000b01", "x": 2.2028228120098112, "y": 2.702914732035165, "z": 0.0, "MSE": 1, "anchor 1 mse": 0.0013584876150640876, "anchor 2 mse": 0.6510311904901276, "anchor 3 mse": 0.3863171927343695, "anchor 4 mse": 0.1899016737787975}
{"bot_id": "0000000000000b01", "x": 1.8731949072974396, "y": 2.5910277025994675, "z": 0.0, "MSE": 1, "anchor 1 mse": 0.03340464175542494, "anchor 2 mse": 1.1683246220719197, "anchor 3 mse": 0.10271166320336833, "anchor 4 mse": 0.1311701200244179}
{"bot_id": "0000000000000b01", "x": 0.8911962803116554, "y": 2.6077972949099224, "z": 0.0, "MSE": 1, "anchor 1 mse": 0.5389420394295293, "anchor 2 mse": 4.4060168137816556, "anchor 3 mse": 0.5091170877851591, "anchor 4 mse": 0.6346788114082822}
{"bot_id": "0000000000000b01", "x": 1.1440936077343713, "y": 2.5306602977564716, "z": 0.0, "MSE": 1, "anchor 1 mse": 0.3513367339810388, "anchor 2 mse": 3.4110845733806134, "anchor 3 mse": 0.28045252437091134, "anchor 4 mse": 0.4119697776814578}
{"bot_id": "0000000000000b01", "x": 2.466106843963143, "y": 2.524970761683264, "z": 0.0, "MSE": 1, "anchor 1 mse": 0.1292188675161473, "anchor 2 mse": 0.22518469826266843, "anchor 3 mse": 0.5502421145960353, "anchor 4 mse": 0.10875645328469286}
{"bot_id": "0000000000000b01", "x": 1.7877548988014667, "y": 2.3757219025976966, "z": 0.0, "MSE": 1, "anchor 1 mse": 0.03871674506598762, "anchor 2 mse": 1.0110490647874144, "anchor 3 mse": 2.0825051155356756e-07, "anchor 4 mse": 0.1516775394663591}
{"bot_id": "0000000000000b01", "x": 0.8763099314352522, "y": 2.3568195916392187, "z": 0.0, "MSE": 1, "anchor 1 mse": 0.17267207171037904, "anchor 2 mse": 3.895003355460522, "anchor 3 mse": 0.7968666576219927, "anchor 4 mse": 0.9305552848105885}
{"bot_id": "0000000000000b01", "x": 1.2399071598323714, "y": 1.9693134980079772, "z": 0.0, "MSE": 1, "anchor 1 mse": 0.26302872086122886, "anchor 2 mse": 1.6902426985507506, "anchor 3 mse": 0.39248514849657623, "anchor 4 mse": 0.17270301741205907}
{"bot_id": "0000000000000b01", "x": 1.6165322799398256, "y": 2.301397837130135, "z": 0.0, "MSE": 1, "anchor 1 mse": 0.0007616142067896255, "anchor 2 mse": 0.8010658932911475, "anchor 3 mse": 0.06556053520374094, "anchor 4 mse": 0.18574260971535422}
{"bot_id": "0000000000000b01", "x": 1.8669810334592458, "y": 2.0156965951392665, "z": 0.0, "MSE": 1, "anchor 1 mse": 6.346188390968073e-06, "anchor 2 mse": 0.3689872823694802, "anchor 3 mse": 0.059712871313121384, "anchor 4 mse": 0.0007092965977734285}
{"bot_id": "0000000000000b01", "x": 1.2812230619541896, "y": 2.0927691458881466, "z": 0.0, "MSE": 1, "anchor 1 mse": 0.08190101703936953, "anchor 2 mse": 1.24228101611266, "anchor 3 mse": 0.27658436161370425, "anchor 4 mse": 0.2411025291224425}
{"bot_id": "0000000000000b01", "x": 1.4242969377424837, "y": 2.1377913866779665, "z": 0.0, "MSE": 1, "anchor 1 mse": 0.01993522269421484, "anchor 2 mse": 0.9285723054803999, "anchor 3 mse": 0.03879821288855322, "anchor 4 mse": 0.09623918115243787}
{"bot_id": "0000000000000b01", "x": 1.6324230286399053, "y": 2.3734422714774484, "z": 0.0, "MSE": 1, "anchor 1 mse": 0.02911483167684276, "anchor 2 mse": 0.5139859304779468, "anchor 3 mse": 0.006945858470437395, "anchor 4 mse": 0.22010319865881875}
{"bot_id": "0000000000000b01", "x": 1.698609580648347, "y": 2.2915407330531083, "z": 0.0, "MSE": 1, "anchor 1 mse": 0.09147201958806653, "anchor 2 mse": 0.4009263880176793, "anchor 3 mse": 0.015914501502014476, "anchor 4 mse": 0.13474206953817078}
{"bot_id": "0000000000000b01", "x": 1.4014803261216953, "y": 2.2198507535646947, "z": 0.0, "MSE": 1, "anchor 1 mse": 0.02409942300729975, "anchor 2 mse": 0.5257814897160978, "anchor 3 mse": 0.004360328526174966, "anchor 4 mse": 0.11708386986660627}
{"bot_id": "0000000000000b01", "x": 1.6954369980783026, "y": 2.181737741547242, "z": 0.0, "MSE": 1, "anchor 1 mse": 0.10436608271843689, "anchor 2 mse": 0.14063794917046954, "anchor 3 mse": 0.00118235104338649, "anchor 4 mse": 0.04791849756911731}
{"bot_id": "0000000000000b01", "x": 2.050115605885277, "y": 2.1350125487130898, "z": 0.0, "MSE": 1, "anchor 1 mse": 0.30243544853426607, "anchor 2 mse": 0.015001805176425268, "anchor 3 mse": 0.14624620791523835, "anchor 4 mse": 0.009272429461693045}
{"bot_id": "0000000000000b01", "x": 1.3142250241905025, "y": 2.1990535335058445, "z": 0.0, "MSE": 1, "anchor 1 mse": 0.07943374949682472, "anchor 2 mse": 0.4883209218393957, "anchor 3 mse": 0.005633247698016272, "anchor 4 mse": 0.06802441055006284}
{"bot_id": "0000000000000b01", "x": 1.4732825115346029, "y": 2.3046110906152815, "z": 0.0, "MSE": 1, "anchor 1 mse": 0.21649176534841036, "anchor 2 mse": 0.2742933350681482, "anchor 3 mse": 0.0731952027739248, "anchor 4 mse": 0.03991680613675845}
{"bot_id": "0000000000000b01", "x": 1.922230991864748, "y": 2.173116587218411, "z": 0.0, "MSE": 1, "anchor 1 mse": 0.39851053257988456, "anchor 2 mse": 0.015395359970740749, "anchor 3 mse": 0.36597760308676414, "anchor 4 mse": 6.574178488399831e-05}
{"bot_id": "0000000000000b01", "x": 2.1022007048647287, "y": 2.125600911212994, "z": 0.0, "MSE": 1, "anchor 1 mse": 0.6716670917027019, "anchor 2 mse": 0.09618976848503198, "anchor 3 mse": 0.5103779912550592, "anchor 4 mse": 0.0680027106284861}
{"bot_id": "0000000000000b01", "x": 0.9863618203195857, "y": 2.253276320903468, "z": 0.0, "MSE": 1, "anchor 1 mse": 0.004859215853636743, "anchor 2 mse": 0.47621945722790787, "anchor 3 mse": 0.01688191913775154, "anchor 4 mse": 0.03071553824710747}
{"bot_id": "0000000000000b01", "x": 0.8859057638236001, "y": 2.3544928733108645, "z": 0.0, "MSE": 1, "anchor 1 mse": 0.07056683802149814, "anchor 2 mse": 0.4814285804434011, "anchor 3 mse": 0.012938589114901648, "anchor 4 mse": 0.15751537558135822}
{"bot_id": "0000000000000b01", "x": 1.6126818722725726, "y": 2.2523250497604606, "z": 0.0, "MSE": 1, "anchor 1 mse": 0.28105518122397927, "anchor 2 mse": 2.30931309287657e-05, "anchor 3 mse": 0.2721912232945917, "anchor 4 mse": 0.006610832683424847}
{"bot_id": "0000000000000b01", "x": 1.0064664627295923, "y": 2.490805858299687, "z": 0.0, "MSE": 1, "anchor 1 mse": 0.23664717640423788, "anchor 2 mse": 0.21450142843972328, "anchor 3 mse": 0.0192230765442085, "anchor 4 mse": 0.005576355451673741}
{"bot_id": "0000000000000b01", "x": 1.4007341257138086, "y": 2.8603076040874678, "z": 0.0, "MSE": 1, "anchor 1 mse": 0.9117823426360746, "anchor 2 mse": 0.042391178080684745, "anchor 3 mse": 0.5117131849853153, "anchor 4 mse": 0.05367507593063211}
{"bot_id": "0000000000000b01", "x": 0.7793821488902419, "y": 2.598535358727067, "z": 0.0, "MSE": 1, "anchor 1 mse": 0.11757992142432602, "anchor 2 mse": 0.011638818360528871, "anchor 3 mse": 0.01087540676506473, "anchor 4 mse": 0.1480614262452117}
{"bot_id": "0000000000000b01", "x": 1.4418974936887698, "y": 2.556837864575063,