{"bot_id": "0000000000000b01", "x": -0.12033130266062145, "y": 1.2473932681951723, "z": 0, "MSE": 5.989919802373967, "anchor 1 mse": 1.570469587938635, "anchor 2 mse": 2.2423544782290916, "anchor 3 mse": 10.409370016809298, "anchor 4 mse": 9.737485126518845}
{"bot_id": "0000000000000b01", "x": 1.3527474907312282, "y": 1.2375965291162356, "z": 0, "MSE": 1.0712677570718967, "anchor 1 mse": 2.3303282257445077, "anchor 2 mse": 0.976799916963073, "anchor 3 mse": 0.7654798325786341, "anchor 4 mse": 0.21246305300137272}
{"bot_id": "0000000000000b01", "x": 2.739215703519076, "y": 1.928766826198635, "z": 0.0, "MSE": 0.06724862119752183, "anchor 1 mse": 0.00039438331695091337, "anchor 2 mse": 0.01517411352896704, "anchor 3 mse": 0.10808737672009497, "anchor 4 mse": 0.1453386112240744}
{"bot_id": "0000000000000b01", "x": 2.665844896022482, "y": 1.780122181550385, "z": 0.0, "MSE": 0.0987615860142411, "anchor 1 mse": 0.030432084775577715, "anchor 2 mse": 0.03119136985687653, "anchor 3 mse": 0.021686104421564347, "anchor 4 mse": 0.3117367850029458}
{"bot_id": "0000000000000b01", "x": 2.7269629966664377, "y": 1.656119425847811, "z": 0.0, "MSE": 0.1342314956413736, "anchor 1 mse": 0.048196178977857634, "anchor 2 mse": 0.0073150864252340955, "anchor 3 mse": 1.5673493997928403e-05, "anchor 4 mse": 0.4813990436684047}
{"bot_id": "0000000000000b01", "x": 2.7677528488169854, "y": 1.7111921904355645, "z": 0.0, "MSE": 0.10729236769965896, "anchor 1 mse": 0.03840885998009032, "anchor 2 mse": 0.003274290933006964, "anchor 3 mse": 0.017113331263422134, "anchor 4 mse": 0.37037298862211643}
{"bot_id": "0000000000000b01", "x": 2.924656831990497, "y": 1.7551647468854565, "z": 0.0, "MSE": 0.10556129745684434, "anchor 1 mse": 0.0009546475177132287, "anchor 2 mse": 0.015880984058360765, "anchor 3 mse": 0.03920506285010915, "anchor 4 mse": 0.3662044954011942}
{"bot_id": "0000000000000b01", "x": 2.5794707567387136, "y": 2.274470802535378, "z": 0.0, "MSE": 0.14496201227330802, "anchor 1 mse": 0.0025985415496180965, "anchor 2 mse": 0.14353317683718372, "anchor 3 mse": 0.41934721165642236, "anchor 4 mse": 0.014369119050007968}
{"bot_id": "0000000000000b01", "x": 2.6126252758491404, "y": 2.2738796632371745, "z": 0.0, "MSE": 0.12424982690761863, "anchor 1 mse": 0.008755950326764395, "anchor 2 mse": 0.12682146165292696, "anchor 3 mse": 0.35615758209323495, "anchor 4 mse": 0.005264313557548174}
{"bot_id": "0000000000000b01", "x": 2.539597207756882, "y": 2.0126472455243656, "z": 0.0, "MSE": 0.0619285721945636, "anchor 1 mse": 0.004958566464090876, "anchor 2 mse": 0.09504689235914938, "anchor 3 mse": 0.11259001937160135, "anchor 4 mse": 0.03511881058341281}
{"bot_id": "0000000000000b01", "x": 2.3467744336916367, "y": 2.385620779736087, "z": 0, "MSE": 0.13544358671367954, "anchor 1 mse": 0.031124539951419398, "anchor 2 mse": 0.2085013915207906, "anchor 3 mse": 0.2407378347321774, "anchor 4 mse": 0.06141058065033075}
{"bot_id": "0000000000000b01", "x": 2.342795433122, "y": 2.124048202776262, "z": 0, "MSE": 0.10075019613958841, "anchor 1 mse": 0.05397283414842552, "anchor 2 mse": 0.25764407740733236, "anchor 3 mse": 0.07677470324497111, "anchor 4 mse": 0.01460916975762464}
{"bot_id": "0000000000000b01", "x": 2.417214643909954, "y": 2.017293558368512, "z": 0, "MSE": 0.055920099930540916, "anchor 1 mse": 0.09510834382673748, "anchor 2 mse": 0.05619697455234205, "anchor 3 mse": 0.07208453725951264, "anchor 4 mse": 0.00029054408357149136}
{"bot_id": "0000000000000b01", "x": 2.391458361701538, "y": 2.3209571750843887, "z": 0.0, "MSE": 0.11846749526595574, "anchor 1 mse": 0.24260931601604604, "anchor 2 mse": 0.02019407370101146, "anchor 3 mse": 0.16398549788910027, "anchor 4 mse": 0.047081093457665125}
{"bot_id": "0000000000000b01", "x": 2.285433396505786, "y": 2.1545595165941975, "z": 0.0, "MSE": 0.05971660406458012, "anchor 1 mse": 0.15281273048211858, "anchor 2 mse": 0.06288770001397674, "anchor 3 mse": 0.022142661291867958, "anchor 4 mse": 0.0010233244703571774}
{"bot_id": "0000000000000b01", "x": 2.167641469318251, "y": 1.7407967858731401, "z": 0.0, "MSE": 0.021659633407858755, "anchor 1 mse": 0.0016092648242862812, "anchor 2 mse": 0.026616303902098074, "anchor 3 mse": 0.006645725639396631, "anchor 4 mse": 0.05176723926565403}
{"bot_id": "0000000000000b01", "x": 2.1662895339572388, "y": 1.7493592649720633, "z": 0.0, "MSE": 0.04046002555679943, "anchor 1 mse": 0.005540299594544355, "anchor 2 mse": 0.01637027818145347, "anchor 3 mse": 0.011072028172077432, "anchor 4 mse": 0.12885749627912246}
{"bot_id": "0000000000000b01", "x": 2.2478618336317973, "y": 1.629803381208026, "z": 0.0, "MSE": 0.05491750186628208, "anchor 1 mse": 0.004426793077387961, "anchor 2 mse": 0.01370628944154006, "anchor 3 mse": 0.0012682646132529127, "anchor 4 mse": 0.2002686603329474}
{"bot_id": "0000000000000b01", "x": 2.235447346595784, "y": 1.815431848282289, "z": 0.0, "MSE": 0.05573727113321826, "anchor 1 mse": 0.10874165503038055, "anchor 2 mse": 0.0008468857448296624, "anchor 3 mse": 0.04273298395608437, "anchor 4 mse": 0.07062755980157846}
{"bot_id": "0000000000000b01", "x": 2.1385453165333193, "y": 1.6355414852283023, "z": 0.0, "MSE": 0.08860097216499922, "anchor 1 mse": 0.04940843327166424, "anchor 2 mse": 0.03493448873854842, "anchor 3 mse": 0.012632098806465236, "anchor 4 mse": 0.257428867843319}
{"bot_id": "0000000000000b01", "x": 2.165984814456319, "y": 1.724129317855079, "z": 0.0, "MSE": 0.07717401669733763, "anchor 1 mse": 0.10785528630760959, "anchor 2 mse": 0.054000599891159205, "anchor 3 mse": 0.00028316852491172876, "anchor 4 mse": 0.14655701206567}
{"bot_id": "0000000000000b01", "x": 2.16353315764586, "y": 1.731081117206862, "z": 0.0, "MSE": 0.10778150979194122, "anchor 1 mse": 0.13020072016036266, "anchor 2 mse": 0.016183527266569936, "anchor 3 mse": 0.01904550444816018, "anchor 4 mse": 0.2656962872926721}
