{"bot_id": "0000000000000b01", "x": 1.3632564493142207, "y": 1.3699999999997658, "z": -51.41267111732468, "MSE": 2647.0165968936676, "anchor 1 mse": 2646.998119564788, "anchor 2 mse": 2646.9981195647892, "anchor 3 mse": 2647.035074222547, "anchor 4 mse": 2647.0350742225455}
{"bot_id": "0000000000000b01", "x": 2.6021880299094917, "y": 1.952873403097009, "z": 27.924490663044217, "MSE": 653.8942848533832, "anchor 1 mse": 612.7299454296228, "anchor 2 mse": 627.3279990494306, "anchor 3 mse": 716.4145816780417, "anchor 4 mse": 659.1046132564379}
{"bot_id": "0000000000000b01", "x": 2.6028303952479717, "y": 1.9772312806098136, "z": 26.09031179653295, "MSE": 564.5759417029435, "anchor 1 mse": 525.5220716949196, "anchor 2 mse": 540.6050572798623, "anchor 3 mse": 623.0924519243913, "anchor 4 mse": 569.0841859126008}
{"bot_id": "0000000000000b01", "x": 2.6190793156853385, "y": 1.9858676488684572, "z": 26.300993121974482, "MSE": 574.1809182190614, "anchor 1 mse": 534.7922015457009, "anchor 2 mse": 549.0507967359825, "anchor 3 mse": 635.1448580598402, "anchor 4 mse": 577.7358165347221}
{"bot_id": "0000000000000b01", "x": 2.64527311493698, "y": 2.009095745932496, "z": 25.40097212316318, "MSE": 531.9393487019881, "anchor 1 mse": 493.16179895726236, "anchor 2 mse": 507.5467361839666, "anchor 3 mse": 592.0297885231178, "anchor 4 mse": 535.0190711436057}
{"bot_id": "0000000000000b01", "x": 2.660820846646688, "y": 2.0108287289369646, "z": 26.37898594170366, "MSE": 576.8270462648062, "anchor 1 mse": 535.412779765212, "anchor 2 mse": 552.854988790442, "anchor 3 mse": 636.5115601089739, "anchor 4 mse": 582.5288563945969}
{"bot_id": "0000000000000b01", "x": 2.5600518239055567, "y": 2.007038677005121, "z": 28.145556219644853, "MSE": 664.5035595794357, "anchor 1 mse": 622.6482594861492, "anchor 2 mse": 640.659247632835, "anchor 3 mse": 726.6083322318059, "anchor 4 mse": 668.0983989669525}
{"bot_id": "0000000000000b01", "x": 2.651489294893683, "y": 2.080018708396294, "z": 26.35127376136785, "MSE": 574.5082961577684, "anchor 1 mse": 532.496691181427, "anchor 2 mse": 551.9002550016958, "anchor 3 mse": 636.0325545506928, "anchor 4 mse": 577.6036838972581}
{"bot_id": "0000000000000b01", "x": 2.614831486020015, "y": 1.9898236032594347, "z": 25.75322755256294, "MSE": 548.7091894005946, "anchor 1 mse": 510.3984875356889, "anchor 2 mse": 523.7919931192321, "anchor 3 mse": 609.3223375309899, "anchor 4 mse": 551.3239394164677}
{"bot_id": "0000000000000b01", "x": 2.51712790746612, "y": 1.842773063038522, "z": 24.615609864833907, "MSE": 500.87577386544797, "anchor 1 mse": 468.39766514928664, "anchor 2 mse": 475.68631626211743, "anchor 3 mse": 554.2711746818293, "anchor 4 mse": 505.1479393685586}
{"bot_id": "0000000000000b01", "x": 2.4844102862649518, "y": 1.9023745898293714, "z": 19.00681326869279, "MSE": 284.3781833367973, "anchor 1 mse": 258.97387622528953, "anchor 2 mse": 267.5445372676324, "anchor 3 mse": 324.251257873584, "anchor 4 mse": 286.74306198068314}
{"bot_id": "0000000000000b01", "x": 2.453160317036185, "y": 1.6674970263694935, "z": 18.53829485042623, "MSE": 270.9610865500689, "anchor 1 mse": 251.03557825366497, "anchor 2 mse": 249.6600213798106, "anchor 3 mse": 308.4065690963557, "anchor 4 mse": 274.7421774704443}
{"bot_id": "0000000000000b01", "x": 2.3034508150296915, "y": 1.7034223614741837, "z": 13.012429649717296, "MSE": 121.66275965821984, "anchor 1 mse": 109.91573747404244, "anchor 2 mse": 110.15189704760007, "anchor 3 mse": 144.02278149465573, "anchor 4 mse": 122.56062261658109}
{"bot_id": "0000000000000b01", "x": 2.2087276290782305, "y": 1.8389250262199104, "z": 6.308054451740199, "MSE": 20.92895485532716, "anchor 1 mse": 16.743903186376425, "anchor 2 mse": 17.422541402136257, "anchor 3 mse": 29.639265761317066, "anchor 4 mse": 19.910109071478885}
{"bot_id": "0000000000000b01", "x": 2.1760835998971464, "y": 1.7996029225648917, "z": 6.6457006825145255, "MSE": 24.093334363700635, "anchor 1 mse": 19.987616404936556, "anchor 2 mse": 19.76558526967571, "anchor 3 mse": 34.17050004312797, "anchor 4 mse": 22.449635737062287}
