{"bot_id": "0000000000000b01", "x": 0, "y": 0, "z": 0, "MSE": 1, "anchor 1 mse": 0.0, "anchor 2 mse": 7.507600000000001, "anchor 3 mse": 15.015200000000002, "anchor 4 mse": 7.507600000000001}
{"bot_id": "0000000000000b01", "x": 0, "y": 0, "z": 0, "MSE": 1, "anchor 1 mse": 11.289599999999998, "anchor 2 mse": 0.07289999999999977, "anchor 3 mse": 7.3167283234886655, "anchor 4 mse": 0.1764000000000003}
{"bot_id": "0000000000000b01", "x": 0, "y": 0, "z": 0, "MSE": 1, "anchor 1 mse": 11.356900000000001, "anchor 2 mse": 0.05759999999999989, "anchor 3 mse": 7.479925033142801, "anchor 4 mse": 0.18490000000000015}
{"bot_id": "0000000000000b01", "x": 0, "y": 0, "z": 0, "MSE": 1, "anchor 1 mse": 11.424399999999999, "anchor 2 mse": 0.07289999999999977, "anchor 3 mse": 7.64492174279694, "anchor 4 mse": 0.16000000000000028}
{"bot_id": "0000000000000b01", "x": 0, "y": 0, "z": 0, "MSE": 1, "anchor 1 mse": 11.628100000000002, "anchor 2 mse": 0.07839999999999989, "anchor 3 mse": 7.811718452451076, "anchor 4 mse": 0.1521000000000001}
{"bot_id": "0000000000000b01", "x": 0, "y": 0, "z": 0, "MSE": 1, "anchor 1 mse": 11.902500000000002, "anchor 2 mse": 0.07289999999999977, "anchor 3 mse": 7.370927226706712, "anchor 4 mse": 0.1764000000000003}
{"bot_id": "0000000000000b01", "x": 0, "y": 0, "z": 0, "MSE": 1, "anchor 1 mse": 11.424399999999999, "anchor 2 mse": 0.04839999999999989, "anchor 3 mse": 7.15533161383453, "anchor 4 mse": 0.13690000000000008}
{"bot_id": "0000000000000b01", "x": 0, "y": 0, "z": 0, "MSE": 1, "anchor 1 mse": 12.180100000000001, "anchor 2 mse": 0.06759999999999988, "anchor 3 mse": 7.479925033142801, "anchor 4 mse": 0.1156000000000002}
{"bot_id": "0000000000000b01", "x": 0, "y": 0, "z": 0, "MSE": 1, "anchor 1 mse": 11.356900000000001, "anchor 2 mse": 0.07289999999999977, "anchor 3 mse": 7.811718452451076, "anchor 4 mse": 0.1521000000000001}
{"bot_id": "0000000000000b01", "x": 0, "y": 0, "z": 0, "MSE": 1, "anchor 1 mse": 10.0489, "anchor 2 mse": 0.044099999999999986, "anchor 3 mse": 7.755919549233028, "anchor 4 mse": 0.28090000000000026}
{"bot_id": "0000000000000b01", "x": 0, "y": 0, "z": 0, "MSE": 1, "anchor 1 mse": 10.0489, "anchor 2 mse": 0.008099999999999975, "anchor 3 mse": 8.150711871759349, "anchor 4 mse": 0.3249000000000003}
{"bot_id": "0000000000000b01", "x": 0, "y": 0, "z": 0, "MSE": 1, "anchor 1 mse": 8.584900000000001, "anchor 2 mse": 0.03609999999999998, "anchor 3 mse": 8.207910774977394, "anchor 4 mse": 0.49000000000000027}
{"bot_id": "0000000000000b01", "x": 0, "y": 0, "z": 0, "MSE": 1, "anchor 1 mse": 8.0656, "anchor 2 mse": 0.00039999999999998294, "anchor 3 mse": 7.923916258887167, "anchor 4 mse": 0.4624000000000002}
{"bot_id": "0000000000000b01", "x": 0, "y": 0, "z": 0, "MSE": 1, "anchor 1 mse": 8.0656, "anchor 2 mse": 0.028900000000000127, "anchor 3 mse": 8.55530419428567, "anchor 4 mse": 0.3721000000000004}
{"bot_id": "0000000000000b01", "x": 0, "y": 0, "z": 0, "MSE": 1, "anchor 1 mse": 7.5625, "anchor 2 mse": 0.01690000000000009, "anchor 3 mse": 8.909897613593941, "anchor 4 mse": 0.3249000000000003}
{"bot_id": "0000000000000b01", "x": 0, "y": 0, "z": 0, "MSE": 1, "anchor 1 mse": 7.507600000000001, "anchor 2 mse": 0.036100000000000146, "anchor 3 mse": 7.8677173556691224, "anchor 4 mse": 0.4624000000000002}
