{"bot_id": "0000000000000b01", "x": 0.0, "y": 1.37, "z": 0, "MSE": 1, "anchor 1 mse": 1.8769000000000002, "anchor 2 mse": 1.8769000000000002, "anchor 3 mse": 9.384500000000001, "anchor 4 mse": 9.384500000000001}
{"bot_id": "0000000000000b01", "x": 1.4087906416699374, "y": 1.3871076429395055, "z": 0.0, "MSE": 1, "anchor 1 mse": 1.912528330684903, "anchor 2 mse": 1.1168161969452248, "anchor 3 mse": 0.5299963068104885, "anchor 4 mse": 0.15796909361130604}
{"bot_id": "0000000000000b01", "x": 1.552850672034378, "y": 1.5789109856552417, "z": 0.0, "MSE": 1, "anchor 1 mse": 1.3350264021360148, "anchor 2 mse": 1.0838142001357411, "anchor 3 mse": 0.2709801156072703, "anchor 4 mse": 0.11194390324037735}
{"bot_id": "0000000000000b01", "x": 1.4508723335500187, "y": 2.4742138038528756, "z": 0.0, "MSE": 1, "anchor 1 mse": 0.2619047605141583, "anchor 2 mse": 2.3561752245729517, "anchor 3 mse": 0.04253567480275591, "anchor 4 mse": 0.20241679548966382}
{"bot_id": "0000000000000b01", "x": 2.521303703979084, "y": 2.659116835638229, "z": 0.0, "MSE": 1, "anchor 1 mse": 0.06472264752731449, "anchor 2 mse": 0.24740603163166797, "anchor 3 mse": 0.7171141221265597, "anchor 4 mse": 0.10118436779782744}
{"bot_id": "0000000000000b01", "x": 2.779421755102467, "y": 2.6331338456341298, "z": 0.0, "MSE": 1, "anchor 1 mse": 0.14337763426338135, "anchor 2 mse": 0.05222347087838286, "anchor 3 mse": 1.094313824212069, "anchor 4 mse": 0.09823769349900666}
{"bot_id": "0000000000000b01", "x": 2.4021997244988635, "y": 2.661937978019344, "z": 0.0, "MSE": 1, "anchor 1 mse": 0.042268490453641804, "anchor 2 mse": 0.30972815215145233, "anchor 3 mse": 0.7281164219402698, "anchor 4 mse": 0.09814800888200123}
{"bot_id": "0000000000000b01", "x": 1.4156146747535463, "y": 2.283662326828129, "z": 0.0, "MSE": 1, "anchor 1 mse": 0.6450751492207737, "anchor 2 mse": 2.288111083411128, "anchor 3 mse": 0.06801662541919422, "anchor 4 mse": 0.05755547261724152}
{"bot_id": "0000000000000b01", "x": 1.7903596500783812, "y": 2.7894092652710634, "z": 0.0, "MSE": 1, "anchor 1 mse": 0.0030755386313191255, "anchor 2 mse": 1.4858603029015347, "anchor 3 mse": 0.01666039443624543, "anchor 4 mse": 0.35596583557291467}
{"bot_id": "0000000000000b01", "x": 2.611184044439772, "y": 2.1891885872230503, "z": 0, "MSE": 1, "anchor 1 mse": 0.05639039686518057, "anchor 2 mse": 0.0791596670897544, "anchor 3 mse": 0.27491804293635935, "anchor 4 mse": 0.0002898438692318762}
{"bot_id": "0000000000000b01", "x": 2.892755702367517, "y": 2.299335412564005, "z": 0, "MSE": 1, "anchor 1 mse": 0.2759026767082197, "anchor 2 mse": 0.009240453087656973, "anchor 3 mse": 0.30648409011405925, "anchor 4 mse": 0.018064426400823737}
{"bot_id": "0000000000000b01", "x": 2.6092943461300875, "y": 2.33629446113003, "z": 0, "MSE": 1, "anchor 1 mse": 0.32762264436346017, "anchor 2 mse": 0.08390293411163831, "anchor 3 mse": 0.34300081763659823, "anchor 4 mse": 0.0899686917408541}
