{"bot_id": "0000000000000b01", "x": 0.0, "y": 0.0, "z": 0.0, "MSE": 15.015200000000002, "anchor 1 mse": 0.0, "anchor 2 mse": 7.507600000000001, "anchor 3 mse": 15.015200000000002, "anchor 4 mse": 7.507600000000001}
{"bot_id": "0000000000000b01", "x": 1.2407299270072984, "y": 0.5696167883211678, "z": 0.8380402433752497, "MSE": 10.5444, "anchor 1 mse": 3.0908038013670387, "anchor 2 mse": 0.13933893120959379, "anchor 3 mse": 2.552946740402853, "anchor 4 mse": 0.26052696568949696}
{"bot_id": "0000000000000b01", "x": 1.2410218978102188, "y": 0.5942518248175181, "z": 0.823299213293109, "MSE": 10.843600000000004, "anchor 1 mse": 3.1206545319557306, "anchor 2 mse": 0.13547357292181142, "anchor 3 mse": 2.5724981132308904, "anchor 4 mse": 0.24950523627157337}
{"bot_id": "0000000000000b01", "x": 1.2570072992700727, "y": 0.6029014598540148, "z": 0.7778886747775707, "MSE": 11.203599999999996, "anchor 1 mse": 3.181033052987286, "anchor 2 mse": 0.16930595365487697, "anchor 3 mse": 2.5762279534760872, "anchor 4 mse": 0.3137673022507284}
{"bot_id": "0000000000000b01", "x": 1.282810218978102, "y": 0.6262591240875914, "z": 0.7598324066111873, "MSE": 11.755600000000001, "anchor 1 mse": 3.2143402667160514, "anchor 2 mse": 0.18777720984752913, "anchor 3 mse": 2.551792407297299, "anchor 4 mse": 0.3496618667649288}
{"bot_id": "0000000000000b01", "x": 1.2987773722627736, "y": 0.6276642335766425, "z": 0.8944952242057248, "MSE": 11.4404, "anchor 1 mse": 3.071875228301774, "anchor 2 mse": 0.13981772777998994, "anchor 3 mse": 2.399701631790682, "anchor 4 mse": 0.2614811022738281}
{"bot_id": "0000000000000b01", "x": 1.1979105839416055, "y": 0.6240602189781022, "z": 0.9220055869079928, "MSE": 10.200999999999997, "anchor 1 mse": 3.0436269557072935, "anchor 2 mse": 0.1292838038829551, "anchor 3 mse": 2.4832986830695667, "anchor 4 mse": 0.2190286194216754}
{"bot_id": "0000000000000b01", "x": 1.2883667883211678, "y": 0.6971259124087592, "z": 0.9161397638269433, "MSE": 11.765000000000006, "anchor 1 mse": 3.105458231479171, "anchor 2 mse": 0.1737846332513292, "anchor 3 mse": 2.3357356543214474, "anchor 4 mse": 0.299525977282935}
{"bot_id": "0000000000000b01", "x": 1.2525638686131382, "y": 0.6070164233576645, "z": 0.7241367371951205, "MSE": 11.3594, "anchor 1 mse": 3.2436030692146773, "anchor 2 mse": 0.1871564500604283, "anchor 3 mse": 2.6222756904229607, "anchor 4 mse": 0.34552206338828984}
{"bot_id": "0000000000000b01", "x": 1.132702764517461, "y": 0.4842315420518817, "z": 0.4557385369182212, "MSE": 9.767179737719292, "anchor 1 mse": 3.446717899587197, "anchor 2 mse": 0.14822807661842982, "anchor 3 mse": 2.9482996371095136, "anchor 4 mse": 0.22144546412833271}
{"bot_id": "0000000000000b01", "x": 1.123038321167883, "y": 0.5208485401459853, "z": 0.4569653306604314, "MSE": 10.1162, "anchor 1 mse": 3.4240202279628917, "anchor 2 mse": 0.09074095747563637, "anchor 3 mse": 3.110023061470713, "anchor 4 mse": 0.16878444233287768}
{"bot_id": "0000000000000b01", "x": 0.8975581477902634, "y": 0.48287980841411604, "z": 0.32065374000756397, "MSE": 9.231478070649153, "anchor 1 mse": 3.465338859494211, "anchor 2 mse": 0.23029793830506468, "anchor 3 mse": 3.6910546117248924, "anchor 4 mse": 0.011778348004172039}
{"bot_id": "0000000000000b01", "x": 0.7565836762260182, "y": 0.5102046449418649, "z": 0.23070166857140226, "MSE": 7.469093745784229, "anchor 1 mse": 3.6052529014927015, "anchor 2 mse": 0.15529038547355353, "anchor 3 mse": 3.7372006626020946, "anchor 4 mse": 8.829932209320112e-07}
{"bot_id": "0000000000000b01", "x": 0.49700386108770656, "y": 0.8101311754086438, "z": 0.046740206470537886, "MSE": 7.58472963374993, "anchor 1 mse": 3.5661191621600827, "anchor 2 mse": 0.33248271572395294, "anchor 3 mse": 4.037390724363474, "anchor 4 mse": 0.06516447179311446}
{"bot_id": "0000000000000b01", "x": 0.08748845854980981, "y": 1.1479859940049348, "z": 0.04760541918962757, "MSE": 7.395375265054945, "anchor 1 mse": 2.5526493681429945, "anchor 2 mse": 1.0299678706933009, "anchor 3 mse": 4.857442436334372, "anchor 4 mse": 0.5193608977156989}
{"bot_id": "0000000000000b01", "x": 0.49979603227925995, "y": 0.6612806100565066, "z": 0.07232220724164774, "MSE": 6.119842922877966, "anchor 1 mse": 3.640247019726598, "anchor 2 mse": 0.1687711893478959, "anchor 3 mse": 3.9478892622800594, "anchor 4 mse": 0.07666587913999447}
{"bot_id": "0000000000000b01", "x": 0.5818974027231808, "y": 0.4731390936271841, "z": 0.23070470829790457, "MSE": 4.466044004004603, "anchor 1 mse": 3.7069377077458636, "anchor 2 mse": 0.025059244837270123, "anchor 3 mse": 3.5658952836062663, "anchor 4 mse": 0.0004567481674049701}
{"bot_id": "0000000000000b01", "x": 0.6269343065693433, "y": 0.42810218978102194, "z": 0.30023251424356323, "MSE": 4.3784, "anchor 1 mse": 3.585839922692738, "anchor 2 mse": 0.000582596943497318, "anchor 3 mse": 3.5964683992066524, "anchor 4 mse": 0.0007182330101746862}
{"bot_id": "0000000000000b01", "x": 0.017423477385972438, "y": 0.8794560846578227, "z": 0.031947017495042605, "MSE": 3.4626776243124677, "anchor 1 mse": 2.7882032914021804, "anchor 2 mse": 0.27994708283592207, "anchor 3 mse": 4.152370766954782, "anchor 4 mse": 0.50591011521427}
