{"bot_id": "0000000000000b01", "x": -0.025533612395548688, "y": 1.4008440420589794, "z": 0.06377494115916835, "MSE": 5.7063326613761625, "anchor 1 mse": 1.967083238653961, "anchor 2 mse": 1.7980578881707545, "anchor 3 mse": 9.445582084098364, "anchor 4 mse": 9.61460743458157}
{"bot_id": "0000000000000b01", "x": 1.3845780704821002, "y": 1.485123897384336, "z": 0.03484758592509093, "MSE": 0.9058496985053784, "anchor 1 mse": 1.7669590960682342, "anchor 2 mse": 1.3019885589014133, "anchor 3 mse": 0.4589478501919179, "anchor 4 mse": 0.09550328885994827}
{"bot_id": "0000000000000b01", "x": 2.8901645334053736, "y": 2.1901397269556098, "z": 0.1641589472460438, "MSE": 0.09488103841324225, "anchor 1 mse": 0.067586478744331, "anchor 2 mse": 0.001116762414795087, "anchor 3 mse": 0.2990293011109525, "anchor 4 mse": 0.0117916113828904}
{"bot_id": "0000000000000b01", "x": 2.9419533170911008, "y": 2.200823595923677, "z": 0.0, "MSE": 0.097282749459905, "anchor 1 mse": 0.08647103842485583, "anchor 2 mse": 0.0003627839649417426, "anchor 3 mse": 0.2854153845276413, "anchor 4 mse": 0.01688179092218112}
{"bot_id": "0000000000000b01", "x": 2.9500798329266766, "y": 2.188657065082169, "z": 0.0, "MSE": 0.08316559530300432, "anchor 1 mse": 0.06933103880308535, "anchor 2 mse": 0.00035501649666423924, "anchor 3 mse": 0.24008956230546497, "anchor 4 mse": 0.022886763606802737}
{"bot_id": "0000000000000b01", "x": 2.8813749928632846, "y": 2.1239974916943742, "z": 0.1683198303404348, "MSE": 0.07784414753950111, "anchor 1 mse": 0.017842615307453596, "anchor 2 mse": 0.0034468672645278217, "anchor 3 mse": 0.2559883872129556, "anchor 4 mse": 0.03409872037306745}
{"bot_id": "0000000000000b01", "x": 2.6066503292609813, "y": 2.080701876068412, "z": 0.0, "MSE": 0.10873184456333153, "anchor 1 mse": 0.0020018424114744025, "anchor 2 mse": 0.07358429111576215, "anchor 3 mse": 0.2780994898120677, "anchor 4 mse": 0.08124175491402184}
{"bot_id": "0000000000000b01", "x": 2.648989097916071, "y": 2.0824242051222113, "z": 0.326103815535845, "MSE": 0.07965374672785502, "anchor 1 mse": 0.010970707638205516, "anchor 2 mse": 0.06310222359583344, "anchor 3 mse": 0.16030692447562542, "anchor 4 mse": 0.08423513120175576}
{"bot_id": "0000000000000b01", "x": 2.686700933281538, "y": 2.5024035753775236, "z": 0.06324693337408065, "MSE": 0.22464555710856782, "anchor 1 mse": 0.09126994871746899, "anchor 2 mse": 0.0973890896537789, "anchor 3 mse": 0.6862779522126178, "anchor 4 mse": 0.02364523785040563}
{"bot_id": "0000000000000b01", "x": 2.5706228894298655, "y": 2.3259324380192417, "z": 0.10261783138536018, "MSE": 0.15526606468191426, "anchor 1 mse": 0.08893896876477292, "anchor 2 mse": 0.11848806936139886, "anchor 3 mse": 0.3981747877186652, "anchor 4 mse": 0.015462432882819963}
{"bot_id": "0000000000000b01", "x": 2.6098045580162217, "y": 2.343020237495118, "z": 0.033005877914712475, "MSE": 0.13557802038919933, "anchor 1 mse": 0.11384436758719546, "anchor 2 mse": 0.036088331062908194, "anchor 3 mse": 0.36109749554700926, "anchor 4 mse": 0.03128188735968439}
{"bot_id": "0000000000000b01", "x": 2.6042666184571535, "y": 2.3136412002191817, "z": 0.0, "MSE": 0.1961703218496297, "anchor 1 mse": 0.3064207203399473, "anchor 2 mse": 0.08471789539211048, "anchor 3 mse": 0.31647020378187085, "anchor 4 mse": 0.07707246788459017}
{"bot_id": "0000000000000b01", "x": 2.6202444834978316, "y": 2.322964744527081, "z": 0.05790141728069221, "MSE": 0.22702896183293708, "anchor 1 mse": 0.4384699073303432, "anchor 2 mse": 0.011266530217982617, "anchor 3 mse": 0.38721311620110055, "anchor 4 mse": 0.07116629358232192}
{"bot_id": "0000000000000b01", "x": 1.9485317025978235, "y": 2.1019582852360097, "z": 0.020259562346141846, "MSE": 0.07214666829711504, "anchor 1 mse": 0.0006892989534224355, "anchor 2 mse": 0.26994784333718885, "anchor 3 mse": 0.004465361441455742, "anchor 4 mse": 0.013484169456393084}
{"bot_id": "0000000000000b01", "x": 1.9297467607545638, "y": 2.1565096696214185, "z": 0.03775018622390468, "MSE": 0.10075753450789576, "anchor 1 mse": 0.020768135284569576, "anchor 2 mse": 0.35237872859258074, "anchor 3 mse": 0.011924171588661077, "anchor 4 mse": 0.017959102565771646}
{"bot_id": "0000000000000b01", "x": 2.328895764853311, "y": 2.0405635017672643, "z": 0.5539718666988083, "MSE": 0.046032915046333236, "anchor 1 mse": 0.1644778826425718, "anchor 2 mse": 0.003140139025167474, "anchor 3 mse": 0.007674368477406697, "anchor 4 mse": 0.008839270040187017}
{"bot_id": "0000000000000b01", "x": 2.1069235338507926, "y": 1.9060586567685758, "z": 0.025871433174597624, "MSE": 0.0386046741275081, "anchor 1 mse": 0.017233684035388917, "anchor 2 mse": 0.05948236003950242, "anchor 3 mse": 0.0410725788389246, "anchor 4 mse": 0.03663007359621644}
{"bot_id": "0000000000000b01", "x": 1.9776771950881247, "y": 2.067631491590092, "z": 0.0, "MSE": 0.04274077539004453, "anchor 1 mse": 0.022853071826926877, "anchor 2 mse": 0.09069245040933933, "anchor 3 mse": 0.05453529388331816, "anchor 4 mse": 0.002882285440593772}
{"bot_id": "0000000000000b01", "x": 2.08909017917193, "y": 1.9524039327118374, "z": 0.0, "MSE": 0.04642772520159621, "anchor 1 mse": 0.09572949974083068, "anchor 2 mse": 0.024767528461494423, "anchor 3 mse": 0.0567588426375866, "anchor 4 mse": 0.008455029966473114}
{"bot_id": "0000000000000b01", "x": 2.0529719891674403, "y": 1.8020812861996467, "z": 0.09842166691809734, "MSE": 0.053485750213221335, "anchor 1 mse": 0.06941832372785889, "anchor 2 mse": 0.0015381618430136952, "anchor 3 mse": 0.041296581859686265, "anchor 4 mse": 0.10168993342232649}
{"bot_id": "0000000000000b01", "x": 2.0630597931345465, "y": 1.7763043860978296, "z": 0.1612270912959573, "MSE": 0.04611033416106096, "anchor 1 mse": 0.0824677617436247, "anchor 2 mse": 0.0150660331704155, "anchor 3 mse": 0.0014958597188655443, "anchor 4 mse": 0.0854116820113381}
{"bot_id": "0000000000000b01", "x": 2.090878104261976, "y": 1.9692403490286496, "z": 0.1674791890448039, "MSE": 0.09096737672243593, "anchor 1 mse": 0.2181862525189024, "anchor 2 mse": 0.0006400121651748372, "anchor 3 mse": 0.07755769597479713, "anchor 4 mse": 0.06748554623086936}
