{"bot_id": "0000000000000b01", "x": 0.08207900280018345, "y": 1.461406090956104, "z": 0, "MSE": 5.420895568492046, "anchor 1 mse": 2.142444725384273, "anchor 2 mse": 1.6415393469448238, "anchor 3 mse": 8.69934641159982, "anchor 4 mse": 9.20025179003927}
{"bot_id": "0000000000000b01", "x": 1.2680593368073256, "y": 1.176964279201988, "z": 0, "MSE": 1.1988168030346793, "anchor 1 mse": 2.6565990825745525, "anchor 2 mse": 0.9945607847548781, "anchor 3 mse": 0.9545658506364257, "anchor 4 mse": 0.18954149417286062}
{"bot_id": "0000000000000b01", "x": 2.0577888364136157, "y": 2.5899664482906175, "z": 0.0, "MSE": 0.293710499746223, "anchor 1 mse": 0.003852305620767375, "anchor 2 mse": 0.8404286077426941, "anchor 3 mse": 0.19490967952028862, "anchor 4 mse": 0.13565140610114174}
{"bot_id": "0000000000000b01", "x": 2.9434498097940702, "y": 2.127597572209937, "z": 0, "MSE": 0.08011934961974197, "anchor 1 mse": 0.06344463555937854, "anchor 2 mse": 1.2376909057496916e-05, "anchor 3 mse": 0.21593423069507015, "anchor 4 mse": 0.04108615531546173}
{"bot_id": "0000000000000b01", "x": 2.002193334636826, "y": 2.239655490765361, "z": 0.0, "MSE": 0.2786809728605558, "anchor 1 mse": 0.16472534870574582, "anchor 2 mse": 0.9143868570212436, "anchor 3 mse": 0.035546829981692514, "anchor 4 mse": 6.485573354141965e-05}
{"bot_id": "0000000000000b01", "x": 2.723635872842882, "y": 2.3642000672376184, "z": 0, "MSE": 0.17719709068678022, "anchor 1 mse": 0.024526632769515402, "anchor 2 mse": 0.06789173690287877, "anchor 3 mse": 0.6144113375968883, "anchor 4 mse": 0.001958655477838496}
{"bot_id": "0000000000000b01", "x": 2.96958758203999, "y": 1.9304292184233829, "z": 0, "MSE": 0.0875242615451737, "anchor 1 mse": 0.026209405214306463, "anchor 2 mse": 0.013915232133187228, "anchor 3 mse": 0.12852520740023035, "anchor 4 mse": 0.18144720143297074}
{"bot_id": "0000000000000b01", "x": 2.6231271773919596, "y": 2.3566384496992008, "z": 0, "MSE": 0.1678008794380597, "anchor 1 mse": 0.0013151103342051809, "anchor 2 mse": 0.12180609919640016, "anchor 3 mse": 0.5464448683822816, "anchor 4 mse": 0.0016374398393518884}
{"bot_id": "0000000000000b01", "x": 2.3136398680526797, "y": 2.5106990699107508, "z": 0.0, "MSE": 0.21624110415000272, "anchor 1 mse": 0.0019507621136922143, "anchor 2 mse": 0.46925936701934007, "anchor 3 mse": 0.35508564719039565, "anchor 4 mse": 0.03866864027658295}
{"bot_id": "0000000000000b01", "x": 1.5282992521114547, "y": 3.047829165974579, "z": 0.0, "MSE": 0.7906357049069861, "anchor 1 mse": 0.05737928635992703, "anchor 2 mse": 1.934902057449149, "anchor 3 mse": 0.025661151532144804, "anchor 4 mse": 1.144600324286724}
{"bot_id": "0000000000000b01", "x": 3.084016143757294, "y": 1.9238517811139677, "z": 0, "MSE": 0.10259537223825362, "anchor 1 mse": 0.2161145189274774, "anchor 2 mse": 0.1297302034338901, "anchor 3 mse": 0.018039442046653607, "anchor 4 mse": 0.04649732454499332}
{"bot_id": "0000000000000b01", "x": 2.498280789680556, "y": 2.2486731254473247, "z": 0.0, "MSE": 0.14907058815588478, "anchor 1 mse": 0.18596837273482464, "anchor 2 mse": 0.1473514994489906, "anchor 3 mse": 0.21384372649071084, "anchor 4 mse": 0.04911875394901315}
{"bot_id": "0000000000000b01", "x": 1.806850655204899, "y": 2.5129222782853855, "z": 0.0, "MSE": 0.3354290498902323, "anchor 1 mse": 0.06506312469460021, "anchor 2 mse": 0.8816010751448519, "anchor 3 mse": 0.00992391132168146, "anchor 4 mse": 0.38512808839979573}
{"bot_id": "0000000000000b01", "x": 1.234615079857708, "y": 1.7951845247349947, "z": 0.0, "MSE": 0.5494821563820452, "anchor 1 mse": 0.4372484331945765, "anchor 2 mse": 1.0309264430015355, "anchor 3 mse": 0.6844554301375007, "anchor 4 mse": 0.04529831919456821}
{"bot_id": "0000000000000b01", "x": 2.8264358126976576, "y": 2.2348272403402523, "z": 0, "MSE": 0.23578513192528916, "anchor 1 mse": 0.7279838543366167, "anchor 2 mse": 0.06823903920924543, "anchor 3 mse": 0.1424956311256777, "anchor 4 mse": 0.0044220030296166545}
{"bot_id": "0000000000000b01", "x": 2.240730553012731, "y": 2.3040544936952085, "z": 0.0, "MSE": 0.13759737692517485, "anchor 1 mse": 0.22463832337897063, "anchor 2 mse": 0.07142556744594533, "anchor 3 mse": 0.16580285503341574, "anchor 4 mse": 0.08852276184236767}
{"bot_id": "0000000000000b01", "x": 1.7086640000008109, "y": 2.0341687140425395, "z": 0, "MSE": 0.11166687978790923, "anchor 1 mse": 0.002854546540140468, "anchor 2 mse": 0.4373038184329749, "anchor 3 mse": 6.725062154099428e-08, "anchor 4 mse": 0.006509086927900087}
{"bot_id": "0000000000000b01", "x": 1.8194361798144323, "y": 2.102074798389688, "z": 0.0, "MSE": 0.06405138803110891, "anchor 1 mse": 0.004916795635978488, "anchor 2 mse": 0.21341702503297105, "anchor 3 mse": 0.016901589072985876, "anchor 4 mse": 0.020970142382500202}
{"bot_id": "0000000000000b01", "x": 1.5979371260428994, "y": 2.110178706168291, "z": 0, "MSE": 0.13142645561632624, "anchor 1 mse": 0.009396113578372845, "anchor 2 mse": 0.45214988390685273, "anchor 3 mse": 0.001955159604793531, "anchor 4 mse": 0.06220466537528581}
{"bot_id": "0000000000000b01", "x": 2.024317371481976, "y": 2.369634192144005, "z": 0.0, "MSE": 0.20334769387522983, "anchor 1 mse": 0.418056594689928, "anchor 2 mse": 0.02627016852882585, "anchor 3 mse": 0.3182804605717279, "anchor 4 mse": 0.05078355171043757}
{"bot_id": "0000000000000b01", "x": 1.4689801233253195, "y": 1.8266483173366632, "z": 0, "MSE": 0.09182415964568308, "anchor 1 mse": 0.009207373653645011, "anchor 2 mse": 0.18509545373549183, "anchor 3 mse": 0.1723517242142122, "anchor 4 mse": 0.0006420869793832703}
{"bot_id": "0000000000000b01", "x": 1.6280614046521902, "y": 2.6905158120372152, "z": 0.0, "MSE": 0.3248795898385283, "anchor 1 mse": 0.5398591301638782, "anchor 2 mse": 0.39839670608998884, "anchor 3 mse": 0.03495436359011628, "anchor 4 mse": 0.32630815951013}
{"bot_id": "0000000000000b01", "x": 1.7980388784843624, "y": 2.0800978035629565, "z": 0.0, "MSE": 0.11764678839131122, "anchor 1 mse": 0.2204303235846726, "anchor 2 mse": 0.04189774802168182, "anchor 3 mse": 0.20239762801501748, "anchor 4 mse": 0.00586145394387297}
{"bot_id": "0000000000000b01", "x": 1.794197293355922, "y": 2.1164744458449234, "z": 0.0, "MSE": 0.13015393213544976, "anchor 1 mse": 0.2546580517434468, "anchor 2 mse": 0.025774802918433665, "anchor 3 mse": 0.22768149249258718, "anchor 4 mse": 0.012501381387331452}
{"bot_id": "0000000000000b01", "x": 1.783553964723224, "y": 3.882799472172542, "z": 0, "MSE": 1.716328907900333, "anchor 1 mse": 4.011384387319216, "anchor 2 mse": 0.05677119651493678, "anchor 3 mse": 0.012049880197435515, "anchor 4 mse": 2.785110167569744}
{"bot_id": "0000000000000b01", "x": 1.677379665221407, "y": 1.8936826049424975, "z": 0.0, "MSE": 0.07074150276304143, "anchor 1 mse": 0.12942024552994583, "anchor 2 mse": 1.4616470271883237e-06, "anchor 3 mse": 0.058341298233075996, "anchor 4 mse": 0.09520300564211674}
{"bot_id": "0000000000000b01", "x": 1.4234850129495136, "y": 1.6411226226328484, "z": 0, "MSE": 0.09496828058441052, "anchor 1 mse": 0.04732259087206302, "anchor 2 mse": 6.869712751347761e-05, "anchor 3 mse": 0.0006179961446391748, "anchor 4 mse": 0.3318638381934264}
{"bot_id": "0000000000000b01", "x": 1.337512638730306, "y": 2.3192910961940414, "z": 0.0, "MSE": 0.09024964169477129, "anchor 1 mse": 0.18260379736125057, "anchor 2 mse": 0.06650291357000772, "anchor 3 mse": 0.09971127789755026, "anchor 4 mse": 0.01218057795027661}
{"bot_id": "0000000000000b01", "x": 1.623604279048528, "y": 1.911849535982594, "z": 0.0, "MSE": 0.09272953372545632, "anchor 1 mse": 0.07195179987389208, "anchor 2 mse": 0.02033892928682038, "anchor 3 mse": 0.12958119880676974, "anchor 4 mse": 0.1490462069343431}
{"bot_id": "0000000000000b01", "x": 1.251680040533004, "y": 1.7247924288417187, "z": 0, "MSE": 0.12248279492812439, "anchor 1 mse": 0.004746413520022068, "anchor 2 mse": 0.0124611238767657, "anchor 3 mse": 0.007815533811360117, "anchor 4 mse": 0.46490810850434966}
{"bot_id": "0000000000000b01", "x": 1.2774371440709775,