{"bot_id": "0000000000000b01", "x": -0.04442196812257612, "y": 1.3062837731613635, "z": -0.052211143844495635, "MSE": 5.761175265011845, "anchor 1 mse": 1.7110766108181226, "anchor 2 mse": 2.060241533893851, "anchor 3 mse": 9.811273919205568, "anchor 4 mse": 9.46210899612984}
{"bot_id": "0000000000000b01", "x": 1.3894349512189412, "y": 1.3488250215434632, "z": -0.01747388194094467, "MSE": 0.9690107236575775, "anchor 1 mse": 2.0262555811998393, "anchor 2 mse": 1.0893803133985351, "anchor 3 mse": 0.5913523178238665, "anchor 4 mse": 0.16905468220806918}
{"bot_id": "0000000000000b01", "x": 2.786987483194403, "y": 1.4949335980156264, "z": 0.09629886469759394, "MSE": 0.1794997228872443, "anchor 1 mse": 0.042403246919853, "anchor 2 mse": 0.005472294510015139, "anchor 3 mse": 0.01202720449761161, "anchor 4 mse": 0.6580961456214974}
{"bot_id": "0000000000000b01", "x": 2.905792679316, "y": 2.3232791337057557, "z": 0.07375865607974151, "MSE": 0.1378807645060361, "anchor 1 mse": 0.11635949129687273, "anchor 2 mse": 0.005409875207516965, "anchor 3 mse": 0.42966066159984073, "anchor 4 mse": 9.302991991384914e-05}
{"bot_id": "0000000000000b01", "x": 2.7066432771607465, "y": 2.073887582364366, "z": -0.2029557338569269, "MSE": 0.06701472315081396, "anchor 1 mse": 3.4372244595672345e-05, "anchor 2 mse": 0.05072248792784514, "anchor 3 mse": 0.146578883105987, "anchor 4 mse": 0.07072314932482804}
{"bot_id": "0000000000000b01", "x": 2.694452263405905, "y": 2.088743278809905, "z": -0.16723688489512445, "MSE": 0.08551818533799461, "anchor 1 mse": 0.001343958772487123, "anchor 2 mse": 0.054251460865957474, "anchor 3 mse": 0.23626660968544333, "anchor 4 mse": 0.05021071202809054}
{"bot_id": "0000000000000b01", "x": 2.7319559498801977, "y": 2.0161025932493284, "z": -0.2996333519624934, "MSE": 0.07456044572322654, "anchor 1 mse": 0.0008135956937273489, "anchor 2 mse": 0.013906280415393423, "anchor 3 mse": 0.17347221924706838, "anchor 4 mse": 0.11004968753671701}
{"bot_id": "0000000000000b01", "x": 2.69153814881049, "y": 2.0886472556105216, "z": -0.14755031791130716, "MSE": 0.09312339770487403, "anchor 1 mse": 0.006388367615449175, "anchor 2 mse": 0.051456981516030696, "anchor 3 mse": 0.22126500091268964, "anchor 4 mse": 0.0933832407753266}
{"bot_id": "0000000000000b01", "x": 2.7844964014144797, "y": 1.9210960375029926, "z": -0.4250803923319824, "MSE": 0.0444313262455267, "anchor 1 mse": 0.0015606356365216473, "anchor 2 mse": 0.005870649871543359, "anchor 3 mse": 0.024420337163236557, "anchor 4 mse": 0.14587368231080525}
{"bot_id": "0000000000000b01", "x": 2.666698631518539, "y": 1.95941811449667, "z": -0.6219117801775763, "MSE": 0.020187488178783734, "anchor 1 mse": 0.03884915875534669, "anchor 2 mse": 0.010538395690229789, "anchor 3 mse": 0.007969587850104192, "anchor 4 mse": 0.023392810419454266}
{"bot_id": "0000000000000b01", "x": 2.716559732811644, "y": 1.9346705925496188, "z": -0.5211859229180957, "MSE": 0.019031650300358485, "anchor 1 mse": 0.04224739539661658, "anchor 2 mse": 0.002596151869626746, "anchor 3 mse": 0.0036539842535927083, "anchor 4 mse": 0.02762906968159791}
{"bot_id": "0000000000000b01", "x": 2.7826231687148906, "y": 1.8460350328762811, "z": -0.5347236512850897, "MSE": 0.055184763714461994, "anchor 1 mse": 0.20414931693728305, "anchor 2 mse": 0.0016983415033009863, "anchor 3 mse": 0.0010597828154204326, "anchor 4 mse": 0.013831613601843514}
{"bot_id": "0000000000000b01", "x": 2.6775373830075972, "y": 1.9503597801892187, "z": -0.3745075480552067, "MSE": 0.07150837201669716, "anchor 1 mse": 0.2437115415040486, "anchor 2 mse": 0.0031987079727664285, "anchor 3 mse": 0.03379026100162903, "anchor 4 mse": 0.005332977588344572}
{"bot_id": "0000000000000b01", "x": 2.644970120674345, "y": 1.8931607126747663, "z": -0.4124402191760577, "MSE": 0.0712811767939526, "anchor 1 mse": 0.1924787869129162, "anchor 2 mse": 0.05649547925870342, "anchor 3 mse": 1.077353689537236e-05, "anchor 4 mse": 0.03613966746729541}
{"bot_id": "0000000000000b01", "x": 2.5546511774808924, "y": 1.8559079494230315, "z": -0.2673850131216482, "MSE": 0.06780803246309583, "anchor 1 mse": 0.1755042427135731, "anchor 2 mse": 0.011341618329564152, "anchor 3 mse": 0.002709726457539021, "anchor 4 mse": 0.08167654235170703}
{"bot_id": "0000000000000b01", "x": 2.5587716889287475, "y": 1.8033752867948756, "z": -0.5857529320082288, "MSE": 0.07013450129329908, "anchor 1 mse": 0.1977954286720549, "anchor 2 mse": 0.05619586691913823, "anchor 3 mse": 0.002447412173107667, "anchor 4 mse": 0.0240992974088955}
{"bot_id": "0000000000000b01", "x": 2.488996089904713, "y": 1.7304128450199543, "z": -0.5924236470073431, "MSE": 0.08232404693733136, "anchor 1 mse": 0.14345393706781176, "anchor 2 mse": 0.05784753267641828, "anchor 3 mse": 0.0027901724981320166, "anchor 4 mse": 0.1252045455069634}
{"bot_id": "0000000000000b01", "x": 2.437869955504604, "y": 1.690396137236007, "z": -0.21239487445574562, "MSE": 0.0847972753849825, "anchor 1 mse": 0.06979230982148718, "anchor 2 mse": 0.07436718277803385, "anchor 3 mse": 0.018856087240931733, "anchor 4 mse": 0.17617352169947717}
{"bot_id": "0000000000000b01", "x": 2.3573953662566, "y": 1.9922133711719454, "z": -0.6528420472223405, "MSE": 0.10818322750475909, "anchor 1 mse": 0.3657191513399088, "anchor 2 mse": 0.02818043907258664, "anchor 3 mse": 0.03847536380925129, "anchor 4 mse": 0.0003579557972896061}
{"bot_id": "0000000000000b01", "x": 2.4495140463276677, "y": 1.9399919643108787, "z": -0.5438364948873394, "MSE": 0.20973659834019354, "anchor 1 mse": 0.49233092847993015, "anchor 2 mse": 0.17107141367735443, "anchor 3 mse": 0.1295810814682565, "anchor 4 mse": 0.045962969735233075}
{"bot_id": "0000000000000b01", "x": 2.4086115937262806, "y": 1.988790460045891, "z": -0.3297188816563214, "MSE": 0.1835298649749025, "anchor 1 mse": 0.4912962994204801, "anchor 2 mse": 0.1478341864932805, "anchor 3 mse": 0.0703377692241717, "anchor 4 mse": 0.024651204761677824}
{"bot_id": "0000000000000b01", "x": 2.460601508508311, "y": 2.074828496123749, "z": -0.20022907327347897, "MSE": 0.2780101049193743, "anchor 1 mse": 0.6639570820022217, "anchor 2 mse": 0.08807611963499128, "anchor 3 mse": 0.30388998719441096, "anchor 4 mse": 0.05611723084587299}
{"bot_id": "0000000000000b01", "x": 2.4584927252353665, "y": 2.05891118219967, "z": -0.3936448891339781, "MSE": 0.4403277695789349, "anchor 1 mse": 0.9040763781112905, "anchor 2 mse": 0.21278251189380548, "anchor 3 mse": 0.584437949316176, "anchor 4 mse": 0.060014238994467596}
{"bot_id": "0000000000000b01", "x": 1.8789109206444916, "y": 1.8324214267317345, "z": 0.5616840027815535, "MSE": 0.08665825128095328, "anchor 1 mse": 0.1713508777218375, "anchor 2 mse": 0.010181053898087438, "anchor 3 mse": 0.056943143881471016, "anchor 4 mse": 0.10815792962241721}
{"bot_id": "0000000000000b01", "x": 1.8609298622416732, "y": 1.7733216893164943, "z": -0.05472119489887138, "MSE": 0.08649852227156044, "anchor 1 mse": 0.09068099836249181, "anchor 2 mse": 0.047411559790619194, "anchor 3 mse": 0.08540657406622586, "anchor 4 mse": 0.12249495686690488}
{"bot_id": "0000000000000b01", "x": 1.8822684616284577, "y": 1.7965080348362992, "z": -0.07109741831338628, "MSE": 0.14530947158041269, "anchor 1 mse": 0.18745931207836966, "anchor 2 mse": 0.051390910318178495, "anchor 3 mse": 0.10427682150980214, "anchor 4 mse": 0.23811084241530045}
{"bot_id": "0000000000000b01", "x": 1.872834569370192, "y": 1.8129557671308931, "z": -0.039176240331577565, "MSE": 0.19057752580668721, "anchor 1 mse": 0.0470393788056603, "anchor 2 mse": 0.09005097915676977, "anchor 3 mse": 0.17639283311707316, "anchor 4 mse": 0.4488269121472456}
{"bot_id": "0000000000000b01", "x": 1.7092864098330969, "y": 1.876033433937707, "z": 0.1679336745462343, "MSE": 0.1351280786438081, "anchor 1 mse": 0.08613889732519954, "anchor 2 mse": 0.06894636082782016, "anchor 3 mse": 0.18031608377520045, "anchor 4 mse": 0.20511097264701225}
{"bot_id": "0000000000000b01", "x": 1.4253821358691787, "y": 1.8521710598032455,