{"bot_id": "0000000000000b01", "x": -0.056215660296758965, "y": 1.221002321436758, "z": 0, "MSE": 5.810091417892957, "anchor 1 mse": 1.494006869416553, "anchor 2 mse": 2.3105141479431195, "anchor 3 mse": 10.126175966369361, "anchor 4 mse": 9.309668687842793}
{"bot_id": "0000000000000b01", "x": 1.3465726450914086, "y": 1.3609004564105922, "z": 0.0, "MSE": 1.0061976930201542, "anchor 1 mse": 2.089471993534854, "anchor 2 mse": 1.1718527577078748, "anchor 3 mse": 0.6248882720518198, "anchor 4 mse": 0.13857774878606813}
{"bot_id": "0000000000000b01", "x": 2.6412038290544397, "y": 1.1097984291118268, "z": 0, "MSE": 0.485916109333013, "anchor 1 mse": 0.25513337792679275, "anchor 2 mse": 0.015324062382584906, "anchor 3 mse": 0.24323887317943824, "anchor 4 mse": 1.4299681238432362}
{"bot_id": "0000000000000b01", "x": 3.5584946398529222, "y": 2.033664119985966, "z": 0, "MSE": 0.23022890844305133, "anchor 1 mse": 0.5164125917156269, "anchor 2 mse": 0.3818235851196936, "anchor 3 mse": 0.0008334295295917899, "anchor 4 mse": 0.021846027407293023}
{"bot_id": "0000000000000b01", "x": 2.5567104765659217, "y": 1.1430764967083293, "z": 0, "MSE": 0.517795567498581, "anchor 1 mse": 0.3713614016802426, "anchor 2 mse": 3.0757714498848965e-05, "anchor 3 mse": 0.2781589511675593, "anchor 4 mse": 1.4216311594320235}
{"bot_id": "0000000000000b01", "x": 2.5686241731098147, "y": 1.1752678155739091, "z": 0, "MSE": 0.46113778159590346, "anchor 1 mse": 0.39096589144890176, "anchor 2 mse": 5.3224258686136155e-06, "anchor 3 mse": 0.17146977965629154, "anchor 4 mse": 1.282110132852552}
{"bot_id": "0000000000000b01", "x": 2.8363510800923493, "y": 2.3237100688644508, "z": 0, "MSE": 0.17247911607226277, "anchor 1 mse": 0.08218336702403752, "anchor 2 mse": 0.008697865850148508, "anchor 3 mse": 0.5970733418529082, "anchor 4 mse": 0.0019618895619568782}
{"bot_id": "0000000000000b01", "x": 2.430446563102839, "y": 1.2022323397737866, "z": 0, "MSE": 0.5368306283916676, "anchor 1 mse": 0.6060045870957665, "anchor 2 mse": 0.015357730197074277, "anchor 3 mse": 0.18371073322076203, "anchor 4 mse": 1.3422494630530677}
{"bot_id": "0000000000000b01", "x": 2.4354625754364188, "y": 2.5414600769265765, "z": 0.0, "MSE": 0.22516095580620923, "anchor 1 mse": 0.022504145593157325, "anchor 2 mse": 0.32087500152028436, "anchor 3 mse": 0.513315301292651, "anchor 4 mse": 0.04394937481874419}
{"bot_id": "0000000000000b01", "x": 2.424920230681246, "y": 2.486337391265896, "z": 0.0, "MSE": 0.227872365188698, "anchor 1 mse": 0.09184239544559251, "anchor 2 mse": 0.26198886442964414, "anchor 3 mse": 0.46991070738937024, "anchor 4 mse": 0.08774749349018511}
{"bot_id": "0000000000000b01", "x": 2.4535215308123988, "y": 2.5328104043446067, "z": 0.0, "MSE": 0.21249102169921133, "anchor 1 mse": 0.12696027487540854, "anchor 2 mse": 0.13523702042058977, "anchor 3 mse": 0.4441559053179941, "anchor 4 mse": 0.14361088618285292}
{"bot_id": "0000000000000b01", "x": 1.929783962907823, "y": 2.50567636965062, "z": 0.0, "MSE": 0.3515753479972947, "anchor 1 mse": 0.054135232086694546, "anchor 2 mse": 0.9722783177830718, "anchor 3 mse": 0.027748838313410427, "anchor 4 mse": 0.352139003806002}
{"bot_id": "0000000000000b01", "x": 1.9835873613582702, "y": 2.621669579303077, "z": 0.0, "MSE": 0.3328320430403212, "anchor 1 mse": 0.20027176175745856, "anchor 2 mse": 0.5973532125509942, "anchor 3 mse": 0.08666412773637379, "anchor 4 mse": 0.4470390701164584}
{"bot_id": "0000000000000b01", "x": 2.3560404370912282, "y": 2.0180841717587943, "z": 0, "MSE": 0.025797387141231143, "anchor 1 mse": 0.06874422739897101, "anchor 2 mse": 0.011201912374910196, "anchor 3 mse": 0.017510714241359686, "anchor 4 mse": 0.0057326945496836736}
{"bot_id": "0000000000000b01", "x": 2.4257659270766823, "y": 1.9568053911587278, "z": 0, "MSE": 0.043913400729909895, "anchor 1 mse": 0.134422864117197, "anchor 2 mse": 0.0037130322946097565, "anchor 3 mse": 0.002126868941395747, "anchor 4 mse": 0.03539083756643707}
{"bot_id": "0000000000000b01", "x": 2.2612990584435, "y": 1.8347784071432613, "z": 0, "MSE": 0.01789782987763138, "anchor 1 mse": 0.029592342732708103, "anchor 2 mse": 0.013052053987505351, "anchor 3 mse": 0.002115787811638895, "anchor 4 mse": 0.02683113497867318}
{"bot_id": "0000000000000b01", "x": 2.2515854239358495, "y": 1.7851135881340672, "z": 0, "MSE": 0.04607709111833052, "anchor 1 mse": 0.026690455496670523, "anchor 2 mse": 0.0041345822598262425, "anchor 3 mse": 0.03148960187591443, "anchor 4 mse": 0.12199372484091088}
{"bot_id": "0000000000000b01", "x": 2.087609867441747, "y": 1.8825202440144742, "z": 0.0, "MSE": 0.020641340990672344, "anchor 1 mse": 0.01021093445597647, "anchor 2 mse": 0.017728063021976277, "anchor 3 mse": 0.029775758297604704, "anchor 4 mse": 0.02485060818713192}
