{"bot_id": "0000000000000b01", "x": 0.6641518276400986, "y": -0.557596826739106, "z": 0.0, "MSE": 1, "anchor 1 mse": 0.752011871347204, "anchor 2 mse": 11.315242481877505, "anchor 3 mse": 15.183290466409765, "anchor 4 mse": 4.620059855879464}
{"bot_id": "0000000000000b01", "x": 1.1349228211677755, "y": 0.9260854833992631, "z": 0.0, "MSE": 1, "anchor 1 mse": 3.5917246984904776, "anchor 2 mse": 0.7574141205665413, "anchor 3 mse": 1.5677493509115397, "anchor 4 mse": 0.21801388673324332}
{"bot_id": "0000000000000b01", "x": 2.2512432301092025, "y": 2.702111023116772, "z": 0.0, "MSE": 1, "anchor 1 mse": 0.021617822633312283, "anchor 2 mse": 0.5306218500149531, "anchor 3 mse": 0.42220993108665444, "anchor 4 mse": 0.19005966728515722}
{"bot_id": "0000000000000b01", "x": -0.9366561068959587, "y": 2.4269169937480823, "z": 0.0, "MSE": 1, "anchor 1 mse": 0.6062272990778611, "anchor 2 mse": 4.090118405760829, "anchor 3 mse": 6.656204995205252, "anchor 4 mse": 4.26596017327849}
{"bot_id": "0000000000000b01", "x": 4.045088691741039, "y": 4.317702079203297, "z": 0, "MSE": 1, "anchor 1 mse": 6.282678460497599, "anchor 2 mse": 1.7473559083273649, "anchor 3 mse": 0.9361243390421935, "anchor 4 mse": 4.668333848132515}
{"bot_id": "0000000000000b01", "x": 3.1195439591027085, "y": 1.2842038426029192, "z": 0.0, "MSE": 1, "anchor 1 mse": 0.005846995369251061, "anchor 2 mse": 0.18706764712874643, "anchor 3 mse": 0.11865181633212235, "anchor 4 mse": 0.9621323485169755}
{"bot_id": "0000000000000b01", "x": -3.995211420008572, "y": 3.7986587368201077, "z": 0.0, "MSE": 1, "anchor 1 mse": 4.549051972652951, "anchor 2 mse": 1.3761514057638722, "anchor 3 mse": 31.560858734895568, "anchor 4 mse": 28.757325017563552}
{"bot_id": "0000000000000b01", "x": 0.18881383612303537, "y": 3.492040266246479, "z": 0.0, "MSE": 1, "anchor 1 mse": 5.099533471244874e-05, "anchor 2 mse": 4.948931039012856, "anchor 3 mse": 2.3095516932714366, "anchor 4 mse": 3.7044104420322546}
{"bot_id": "0000000000000b01", "x": 5.3823814961746095, "y": 1.682823133554941, "z": 0.0, "MSE": 1, "anchor 1 mse": 5.149810931153448, "anchor 2 mse": 6.126720839261122, "anchor 3 mse": 3.1188099222069776, "anchor 4 mse": 0.6126853462870832}
{"bot_id": "0000000000000b01", "x": 5.539430243161044, "y": 3.830913810470835, "z": 0.0, "MSE": 1, "anchor 1 mse": 12.709734764113163, "anchor 2 mse": 7.267491735599443, "anchor 3 mse": 3.665235300252245, "anchor 4 mse": 6.424988412280298}
{"bot_id": "0000000000000b01", "x": 0.8014630869990509, "y": 3.150702800980998, "z": 0.0, "MSE": 1, "anchor 1 mse": 0.006567734324696157, "anchor 2 mse": 3.7227139530775903, "anchor 3 mse": 0.9246083675329324, "anchor 4 mse": 2.338772137742659}
{"bot_id": "0000000000000b01", "x": 1.6702036845465213, "y": -1.8871456376624993, "z": 0.0, "MSE": 1, "anchor 1 mse": 0.16801882397471762, "anchor 2 mse": 3.957534724926587, "anchor 3 mse": 13.981648344861819, "anchor 4 mse": 0.01671374128881173}
{"bot_id": "0000000000000b01", "x": -1.3946908398082807, "y": 2.706805002719357, "z": 0.0, "MSE": 1, "anchor 1 mse": 0.042020345468417056, "anchor 2 mse": 1.8629907174692009, "anchor 3 mse": 9.454543179532306, "anchor 4 mse": 8.305397792694123}
{"bot_id": "0000000000000b01", "x": -2.3393717044059343, "y": 1.577398759631041, "z": 0.0, "MSE": 1, "anchor 1 mse": 0.0003423511902946059, "anchor 2 mse": 0.001792373175128262, "anchor 3 mse": 18.15378041205026, "anchor 4 mse": 10.167588304895423}
{"bot_id": "0000000000000b01", "x": 2.0569075127742984, "y": 1.7051129012580049, "z": 0.0, "MSE": 1, "anchor 1 mse": 0.006122170433836159, "anchor 2 mse": 0.09450903680200944, "anchor 3 mse": 0.12250187793773591, "anchor 4 mse": 0.11098757498881551}
{"bot_id": "0000000000000b01", "x": 2.5181091944625753, "y": 2.1548225463677815, "z": 0, "MSE": 1, "anchor 1 mse": 0.32974245423395776, "anchor 2 mse": 0.0012396872159359325, "anchor 3 mse": 0.19728344530360503, "anchor 4 mse": 0.011282033673711998}
{"bot_id": "0000000000000b01", "x": -2.1269809685105274, "y": 1.7740094025514757, "z": 0.0, "MSE": 1, "anchor 1 mse": 0.0035623509764993342, "anchor 2 mse": 0.030254412437127464, "anchor 3 mse": 13.778343724568419, "anchor 4 mse": 8.88167319744797}
{"bot_id": "0000000000000b01", "x": 7.104204198335491, "y": 1.5873303163586039, "z": 0.0, "MSE": 1, "anchor 1 mse": 20.879209505534693, "anchor 2 mse": 23.108288076792714, "anchor 3 mse": 10.652777460895953, "anchor 4 mse": 6.219584794936682}
{"bot_id": "0000000000000b01", "x": 5.057525352881834, "y": 0.9646521319358057, "z": 0.0, "MSE": 1, "anchor 1 mse": 6.753244082765897, "anchor 2 mse": 8.821355890801334, "anchor 3 mse": 2.753544388448814, "anchor 4 mse": 0.12979763376606807}
{"bot_id": "0000000000000b01", "x": 1.9308556579920957, "y": 1.0011427045405141, "z": 0.0, "MSE": 1, "anchor 1 mse": 0.08704327252723082, "anchor 2 mse": 0.14320777955250835, "anchor 3 mse": 0.3001940815217681, "anchor 4 mse": 0.926896000061774}
{"bot_id": "0000000000000b01", "x": -0.7518256798249794, "y": 1.1965290538316335, "z": 0.0, "MSE": 1, "anchor 1 mse": 1.0544712745334184, "anchor 2 mse": 0.1963895391381534, "anchor 3 mse": 7.116843997463206, "anchor 4 mse": 2.2235040968604585}
{"bot_id": "0000000000000b01", "x": 0.8733466847404302, "y": 0.15649652055945906, "z": 0, "MSE": 1, "anchor 1 mse": 2.3187451994699066, "anchor 2 mse": 0.21820814558114188, "anchor 3 mse": 3.5619033847538653, "anchor 4 mse": 0.2179003659478779}
{"bot_id": "0000000000000b01", "x": 2.545458512486327, "y": 3.402868934702589, "z": 0.0, "MSE": 1, "anchor 1 mse": 3.8792202787826815, "anchor 2 mse": 0.2604596721465451, "anchor 3 mse": 0.8265959768765314, "anchor 4 mse": 1.0991957177848068}
{"bot_id": "0000000000000b01", "x": 1.324791492757279, "y": 5.719222272017249, "z": 0.0, "MSE": 1, "anchor 1 mse": 12.96470769948178, "anchor 2 mse": 1.4411920007317318, "anchor 3 mse": 2.850253275253844, "anchor 4 mse": 11.98347830571205}
{"bot_id": "0000000000000b01", "x": 2.6198408695445132, "y": 1.919161411567683, "z": 0.0, "MSE": 1, "anchor 1 mse": 0.9556538814345387, "anchor 2 mse": 0.7489553048834625, "anchor 3 mse": 0.5935365487365466, "anchor 4 mse": 0.16571467387875896}
{"bot_id": "0000000000000b01", "x": 2.6173349924300195, "y": 2.6820722303875195, "z": 0.0, "MSE": 1, "anchor 1 mse": 2.4885894555253274, "anchor 2 mse": 0.544608506812931, "anchor 3 mse": 2.1443057225687125, "anchor 4 mse": 0.04197410042091878}
{"bot_id": "0000000000000b01", "x": -5.72555216481011, "y": 2.4330038903600477, "z": 0.0, "MSE": 1, "anchor 1 mse": 14.676939434561723, "anchor 2 mse": 15.553373942644907, "anchor 3 mse": 45.98354523712591, "anchor 4 mse": 37.55531818400673}
{"bot_id": "0000000000000b01", "x": 4.617379643203647, "y": 2.0162793958133873, "z": 0.0, "MSE": 1, "anchor 1 mse": 7.775231458954008, "anchor 2 mse": 9.082706614567329, "anchor 3 mse": 0.05384496916851485, "anchor 4 mse": 0.024020045118816093}
{"bot_id": "0000000000000b01", "x": 0.9139914155387203, "y": 1.9041266763912865, "z": 0.0, "MSE": 1, "anchor 1 mse": 0.01635161048415877, "anchor 2 mse": 0.1948572815207858, "anchor 3 mse": 0.0666832254807206, "anchor 4 mse": 0.0014578866183839977}
