{"bot_id": "0000000000000b01", "x": 1.369673648350387, "y": 1.37, "z": 0.0, "MSE": 3.7538001065054, "anchor 1 mse": 3.7529059029854603, "anchor 2 mse": 3.7529059029854603, "anchor 3 mse": 3.75469431002534, "anchor 4 mse": 3.75469431002534}
{"bot_id": "0000000000000b01", "x": 2.7363166321984727, "y": 2.1450000256201536, "z": 0.0, "MSE": 0.10471992318487348, "anchor 1 mse": 0.013652843671851394, "anchor 2 mse": 0.043991046345148346, "anchor 3 mse": 0.33061191855953975, "anchor 4 mse": 0.0306238841629544}
{"bot_id": "0000000000000b01", "x": 2.7251954829420786, "y": 2.1590114515350476, "z": 0.0, "MSE": 0.09598349823683444, "anchor 1 mse": 0.011402634857921659, "anchor 2 mse": 0.03746615157486746, "anchor 3 mse": 0.3122829897103551, "anchor 4 mse": 0.022782216804193504}
{"bot_id": "0000000000000b01", "x": 2.746760335759879, "y": 2.169345894374682, "z": 0.0, "MSE": 0.09406299963890541, "anchor 1 mse": 0.014425860970010375, "anchor 2 mse": 0.0418561067630977, "anchor 3 mse": 0.2908508021477583, "anchor 4 mse": 0.02911922867475522}
{"bot_id": "0000000000000b01", "x": 2.769749287315723, "y": 2.1868473141459184, "z": 0.0, "MSE": 0.08892026255460855, "anchor 1 mse": 0.014160031896636649, "anchor 2 mse": 0.03824179607547565, "anchor 3 mse": 0.2767264074632478, "anchor 4 mse": 0.026552814783074117}
{"bot_id": "0000000000000b01", "x": 2.7866636992922063, "y": 2.1932073478497673, "z": 0.0, "MSE": 0.10694133344572025, "anchor 1 mse": 0.00925765770699666, "anchor 2 mse": 0.02896727660466555, "anchor 3 mse": 0.37358964684675927, "anchor 4 mse": 0.015950752624459472}
{"bot_id": "0000000000000b01", "x": 2.701036302820626, "y": 2.211825686268912, "z": 0.0, "MSE": 0.13246519359316739, "anchor 1 mse": 0.012342916127979801, "anchor 2 mse": 0.04318383188343803, "anchor 3 mse": 0.44942335553729157, "anchor 4 mse": 0.02491067082396014}
{"bot_id": "0000000000000b01", "x": 2.786501050455508, "y": 2.271250364061293, "z": 0.0, "MSE": 0.1263361041549743, "anchor 1 mse": 0.010999934193268552, "anchor 2 mse": 0.030396910408177064, "anchor 3 mse": 0.44749344017386344, "anchor 4 mse": 0.016454131844588108}
