{"bot_id": "0000000000000b01", "x": 0.05062386148123407, "y": 1.221213723651338, "z": 0, "MSE": 1, "anchor 1 mse": 1.4939257341856376, "anchor 2 mse": 2.309274528576306, "anchor 3 mse": 9.539455767659145, "anchor 4 mse": 8.724106973268476}
{"bot_id": "0000000000000b01", "x": 2.72604918145959, "y": 1.483021263027791, "z": 0, "MSE": 1, "anchor 1 mse": 0.06587625362142836, "anchor 2 mse": 6.578260210224407e-05, "anchor 3 mse": 0.007578773688109826, "anchor 4 mse": 0.7004235713861219}
{"bot_id": "0000000000000b01", "x": 2.8745488065312954, "y": 2.144020885025038, "z": 0, "MSE": 1, "anchor 1 mse": 0.04668373551103894, "anchor 2 mse": 0.0019641886636159295, "anchor 3 mse": 0.2798639558200659, "anchor 4 mse": 0.026166761506182235}
{"bot_id": "0000000000000b01", "x": 2.881610312335848, "y": 2.4524611382737604, "z": 0, "MSE": 1, "anchor 1 mse": 0.16317197550330356, "anchor 2 mse": 0.0130140910818204, "anchor 3 mse": 0.6232811158881806, "anchor 4 mse": 0.013583011163121975}
{"bot_id": "0000000000000b01", "x": 3.707718986074037, "y": 2.0958136521361506, "z": 0, "MSE": 1, "anchor 1 mse": 0.720907440949192, "anchor 2 mse": 0.5524414125594926, "anchor 3 mse": 0.0068097872307585645, "anchor 4 mse": 0.0017268795456426057}
{"bot_id": "0000000000000b01", "x": 2.4433828649993656, "y": 2.29208215962813, "z": 0, "MSE": 1, "anchor 1 mse": 0.009962411029565925, "anchor 2 mse": 0.276571359019541, "anchor 3 mse": 0.38784705928448954, "anchor 4 mse": 7.752793647537684e-05}
{"bot_id": "0000000000000b01", "x": 3.109380318285125, "y": 2.3165743985965976, "z": 0, "MSE": 1, "anchor 1 mse": 0.2474750290249325, "anchor 2 mse": 0.031711868828442985, "anchor 3 mse": 0.4071722351996801, "anchor 4 mse": 0.0005837729768159993}
{"bot_id": "0000000000000b01", "x": 1.5207919587223357, "y": 2.4426426340657605, "z": 0.0, "MSE": 1, "anchor 1 mse": 0.37530421076612314, "anchor 2 mse": 2.103688778079997, "anchor 3 mse": 0.013212600142660945, "anchor 4 mse": 0.10890861709919589}
{"bot_id": "0000000000000b01", "x": 2.4745061099231105, "y": 2.487205012054458, "z": 0, "MSE": 1, "anchor 1 mse": 0.019174237661431472, "anchor 2 mse": 0.27312609034133944, "anchor 3 mse": 0.5089458814151568, "anchor 4 mse": 0.022902221446972626}
{"bot_id": "0000000000000b01", "x": 2.893857320498026, "y": 2.3051474542109522, "z": 0, "MSE": 1, "anchor 1 mse": 0.2806300387975643, "anchor 2 mse": 0.0005594630868996682, "anchor 3 mse": 0.395303050257145, "anchor 4 mse": 0.010055348424817596}
{"bot_id": "0000000000000b01", "x": 2.9202264945590746, "y": 2.266752402174361, "z": 0, "MSE": 1, "anchor 1 mse": 0.27745539873612507, "anchor 2 mse": 0.01646727364478124, "anchor 3 mse": 0.2637809861325103, "anchor 4 mse": 0.010796436057070846}
{"bot_id": "0000000000000b01", "x": 2.3698660080322256, "y": 1.8374347831985098, "z": 0.0, "MSE": 1, "anchor 1 mse": 0.00472495587305857, "anchor 2 mse": 0.15529926081892192, "anchor 3 mse": 0.0011894405122544866, "anchor 4 mse": 0.027441881684569083}
{"bot_id": "0000000000000b01", "x": 3.1084075977664893, "y": 2.0590781711557735, "z": 0, "MSE": 1, "anchor 1 mse": 0.7895009907477608, "anchor 2 mse": 0.17818060332080465, "anchor 3 mse": 0.08168420377808137, "anchor 4 mse": 0.0010097178042977194}
{"bot_id": "0000000000000b01", "x": 2.669572293127799, "y": 1.990906875623843, "z": 0.0, "MSE": 1, "anchor 1 mse": 0.24030993211154708, "anchor 2 mse": 0.0410793545352768, "anchor 3 mse": 0.03904712281344214, "anchor 4 mse": 0.019002025559703987}
{"bot_id": "0000000000000b01", "x": 2.2732633649785265, "y": 2.0039204364809415, "z": 0.0, "MSE": 1, "anchor 1 mse": 0.07863334673927436, "anchor 2 mse": 0.048636012565057514, "anchor 3 mse": 0.0003392010099047982, "anchor 4 mse": 0.012643461367930885}
{"bot_id": "0000000000000b01", "x": 1.849333044596795, "y": 1.9239020990823028, "z": 0.0, "MSE": 1, "anchor 1 mse": 0.005097798486012162, "anchor 2 mse": 0.2794204354574202, "anchor 3 mse": 0.01904850229483913, "anchor 4 mse": 0.0036081246086707365}
{"bot_id": "0000000000000b01", "x": 1.8425588346879402, "y": 1.8119768728235295, "z": 0.0, "MSE": 1, "anchor 1 mse": 0.01581621660026998, "anchor 2 mse": 0.19974812353583618, "anchor 3 mse": 0.0016793035599462606, "anchor 4 mse": 0.03166843519299114}
{"bot_id": "0000000000000b01", "x": 1.783917381644161, "y": 2.3012149427110034, "z": 0.0, "MSE": 1, "anchor 1 mse": 0.04067974143141858, "anchor 2 mse": 0.30571130916088723, "anchor 3 mse": 0.03921862583613814, "anchor 4 mse": 0.11691187961015259}
{"bot_id": "0000000000000b01", "x": 1.8575567267449624, "y": 1.8383098303911867, "z": 0.0, "MSE": 1, "anchor 1 mse": 0.0040205417368718655, "anchor 2 mse": 0.10572935166031708, "anchor 3 mse": 2.7101812654206815e-06, "anchor 4 mse": 0.012290090551870397}
{"bot_id": "0000000000000b01", "x": 1.8497656289969986, "y": 2.256057958902596, "z": 0.0, "MSE": 1, "anchor 1 mse": 0.20019860326446534, "anchor 2 mse": 0.09484969902598411, "anchor 3 mse": 0.12725592621181708, "anchor 4 mse": 0.03074705327505843}
{"bot_id": "0000000000000b01", "x": 1.581668617417744, "y": 2.629114430794101, "z": 0.0, "MSE": 1, "anchor 1 mse": 0.3946489714581425, "anchor 2 mse": 0.3299919248999297, "anchor 3 mse": 0.00018568817524015264, "anchor 4 mse": 0.4528927578969955}
{"bot_id": "0000000000000b01", "x": 2.081130070535125, "y": 2.103532203168291, "z": 0.0, "MSE": 1, "anchor 1 mse": 0.3014509293751575, "anchor 2 mse": 0.007009077312177653, "anchor 3 mse": 0.14739528976874117, "anchor 4 mse": 0.018413331203093602}
{"bot_id": "0000000000000b01", "x": 1.5045423937522766, "y": 2.044536018329821, "z": 0.0, "MSE": 1, "anchor 1 mse": 0.06680118196943745, "anchor 2 mse": 0.21390298129244484, "anchor 3 mse": 0.03321370193821296, "anchor 4 mse": 0.0008308582591992796}
{"bot_id": "0000000000000b01", "x": 2.1383025767694375, "y": 2.199815528048101, "z": 0.0, "MSE": 1, "anchor 1 mse": 0.6365184986734489, "anchor 2 mse": 0.021164110029352423, "anchor 3 mse": 0.6422369125077438, "anchor 4 mse": 0.02231434757843476}
{"bot_id": "0000000000000b01", "x": 0.871172647290178, "y": 2.007040216175544, "z": 0.0, "MSE": 1, "anchor 1 mse": 0.006731189707656702, "anchor 2 mse": 0.5498290390805814, "anchor 3 mse": 0.16599322044314646, "anchor 4 mse": 0.17006899956059993}
{"bot_id": "0000000000000b01", "x": 1.5347864802496096, "y": 2.051792872427134, "z": 0.0, "MSE": 1, "anchor 1 mse": 0.1539057573962226, "anchor 2 mse": 0.03919521999124088, "anchor 3 mse": 0.04500134681589043, "anchor 4 mse": 0.0100844868676537}
{"bot_id": "0000000000000b01", "x": 1.7619219327949573, "y": 1.8743336166101547, "z": 0.0, "MSE": 1, "anchor 1 mse": 0.03328774725122875, "anchor 2 mse": 0.02996233802536206, "anchor 3 mse": 0.14734459288690668, "anchor 4 mse": 0.3201506292818034}
{"bot_id": "0000000000000b01", "x": 1.3663448231244564, "y": 2.1151253400396013, "z": 0, "MSE": 1, "anchor 1 mse": 0.07185906092121581, "anchor 2 mse": 0.02482090001065855, "anchor 3 mse": 0.07338428329792838, "anchor 4 mse": 0.006077823811547356}
{"bot_id": "0000000000000b01", "x": 1.1818713633218132, "y": 2.0215969249358676, "z": 0.0, "MSE": 1, "anchor 1 mse": 0.010347891817086133, "anchor 2 mse": 0.08815877902746944, "anchor 3 mse": 0.0011716702805799914, "anchor 4 mse": 0.0022681250498767075}
{"bot_id": "0000000000000b01", "x": 1.0661458798502772, "y": 1.8891426076535334, "z": 0, "MSE": 1, "anchor 1 mse": 0.0009472463527345232, "anchor 2 mse": 0.018483106478074007, "anchor 3 mse": 0.0001513645045546211, "anchor 4 mse": 0.19008366516688907}
{"bot_id": "0000000000000b01", "x": 1.1982215698804766, "y": 2.368102382923845, "z": 0.0, "MSE": 1, "anchor 1 mse": 0.17976446980547556, "anchor 2 mse": 0.0029821004527348723, "anchor 3 mse": 0.22467822201849447, "anchor 4 mse": 0.3183527911930015}
{"bot_id": "0000000000000b01", "x": 1.1784195288641395, "y": 2.065208100058569, "z": 0.0, "MSE": 1, "anchor 1 mse": 6.0264816701920404e-05, "anchor 2 mse": 0.2097143215074588, "anchor 3 mse": 0.13605761797190796, "anchor 4 mse": 1.1043180534179957}
{"bot_id": "0000000000000b01", "x": 1.2449244135117656,