{"bot_id": "0000000000000b01", "x": 1.330922040649973, "y": 1.3700000000000012, "z": -3.943983320031751, "MSE": 19.310331515595635, "anchor 1 mse": 19.203257906976567, "anchor 2 mse": 19.203257906976557, "anchor 3 mse": 19.41740512421471, "anchor 4 mse": 19.41740512421471}
{"bot_id": "0000000000000b01", "x": 2.561230794708185, "y": 2.016437068537263, "z": 2.5560473984543766, "MSE": 1.0467185827127736, "anchor 1 mse": 0.612116174115649, "anchor 2 mse": 0.4625335758439433, "anchor 3 mse": 2.2275415619568584, "anchor 4 mse": 0.8846830189346438}
{"bot_id": "0000000000000b01", "x": 2.5635532542039097, "y": 2.039466006406544, "z": 2.4002700827979773, "MSE": 0.8549946720514631, "anchor 1 mse": 0.47761753186630534, "anchor 2 mse": 0.3612494428065554, "anchor 3 mse": 1.8676687484222902, "anchor 4 mse": 0.7134429651107014}
{"bot_id": "0000000000000b01", "x": 2.5810657123093943, "y": 2.0480387622696536, "z": 2.4209385572756554, "MSE": 0.8876746913364537, "anchor 1 mse": 0.5022277477645406, "anchor 2 mse": 0.35495457762213206, "anchor 3 mse": 1.996280557927324, "anchor 4 mse": 0.6972358820318185}
{"bot_id": "0000000000000b01", "x": 2.609133725827447, "y": 2.070645602372026, "z": 2.345881693579126, "MSE": 0.8036541596669488, "anchor 1 mse": 0.44103241570721435, "anchor 2 mse": 0.30464080234732654, "anchor 3 mse": 1.8578098463635149, "anchor 4 mse": 0.6111335742497396}
{"bot_id": "0000000000000b01", "x": 2.622670388111248, "y": 2.0739506943044597, "z": 2.4252671417772422, "MSE": 0.8646039905570446, "anchor 1 mse": 0.4631728279056681, "anchor 2 mse": 0.3890302967153969, "anchor 3 mse": 1.8436164095048047, "anchor 4 mse": 0.7625964281023085}
{"bot_id": "0000000000000b01", "x": 2.52237013803284, "y": 2.0692686186543527, "z": 2.583333737114388, "MSE": 1.0497544088519615, "anchor 1 mse": 0.6106961807409096, "anchor 2 mse": 0.5073824637260745, "anchor 3 mse": 2.1840273319060652, "anchor 4 mse": 0.8969116590347969}
{"bot_id": "0000000000000b01", "x": 2.6185126489939403, "y": 2.141837912212141, "z": 2.433239863216184, "MSE": 0.8583603574658518, "anchor 1 mse": 0.4584663528721548, "anchor 2 mse": 0.38966645417334433, "anchor 3 mse": 1.8731419745884559, "anchor 4 mse": 0.712166648229452}
{"bot_id": "0000000000000b01", "x": 2.5777557628042054, "y": 2.051232289585193, "z": 2.3759226311626347, "MSE": 0.845352277875712, "anchor 1 mse": 0.47844550750527476, "anchor 2 mse": 0.31663897459492013, "anchor 3 mse": 1.9573655071360265, "anchor 4 mse": 0.6289591222666265}
{"bot_id": "0000000000000b01", "x": 2.470457547149912, "y": 1.9036681735672947, "z": 2.2598330921684626, "MSE": 0.7674697491579294, "anchor 1 mse": 0.4644256813964236, "anchor 2 mse": 0.25100913286929194, "anchor 3 mse": 1.781302754303779, "anchor 4 mse": 0.5731414280622233}
{"bot_id": "0000000000000b01", "x": 2.4430400319992045, "y": 1.957640430943653, "z": 1.7815649129244486, "MSE": 0.3538833630684957, "anchor 1 mse": 0.1866684009115636, "anchor 2 mse": 0.08597810582803801, "anchor 3 mse": 0.899292338251557, "anchor 4 mse": 0.24359460728282428}
{"bot_id": "0000000000000b01", "x": 2.4021217344734596, "y": 1.719587540733479, "z": 1.7236319144647985, "MSE": 0.3743267209006058, "anchor 1 mse": 0.24034033977039837, "anchor 2 mse": 0.039074551467885535, "anchor 3 mse": 1.0431193517139632, "anchor 4 mse": 0.17477264065017614}
{"bot_id": "0000000000000b01", "x": 2.2660985322576437, "y": 1.7411815140450142, "z": 1.2915962130297969, "MSE": 0.1309637748230644, "anchor 1 mse": 0.0876764553844265, "anchor 2 mse": 0.0010915145759401918, "anchor 3 mse": 0.4097663150995115, "anchor 4 mse": 0.025320814232379436}
{"bot_id": "0000000000000b01", "x": 2.1918208399169585, "y": 1.85831372715873, "z": 0.7626136572799749, "MSE": 0.03550355043099775, "anchor 1 mse": 0.017700592592005876, "anchor 2 mse": 0.0076484055154317195, "anchor 3 mse": 0.11437698889520566, "anchor 4 mse": 0.0022882147213477704}
{"bot_id": "0000000000000b01", "x": 2.1590549442681786, "y": 1.8176484245655824, "z": 0.7976324927647448, "MSE": 0.06826387884614886, "anchor 1 mse": 0.03343240918573257, "anchor 2 mse": 0.017001419455468278, "anchor 3 mse": 0.2122638262514266, "anchor 4 mse": 0.010357860491968008}
{"bot_id": "0000000000000b01", "x": 2.1337955820640175, "y": 1.7673987726727933, "z": 0.7542581976945048, "MSE": 0.02950917913983827, "anchor 1 mse": 0.017300273531417578, "anchor 2 mse": 0.0075135371204588745, "anchor 3 mse": 0.09119483727779502, "anchor 4 mse": 0.002028068629681613}
{"bot_id": "0000000000000b01", "x": 1.9865571570711957, "y": 1.8041907284149343, "z": 1.4283804846987473, "MSE": 0.13749264126969182, "anchor 1 mse": 0.1089200105297586, "anchor 2 mse": 0.012016971053144582, "anchor 3 mse": 0.3800272212620364, "anchor 4 mse": 0.04900636223382772}
{"bot_id": "0000000000000b01", "x": 1.9558362522558062, "y": 1.835151816559909, "z": 1.136928794026552, "MSE": 0.0564618905656622, "anchor 1 mse": 0.04121706448786004, "anchor 2 mse": 0.002164550568365564, "anchor 3 mse": 0.16091495199412195, "anchor 4 mse": 0.02155099521230125}
{"bot_id": "0000000000000b01", "x": 1.9010825663115227, "y": 1.7322187821004806, "z": 0.8289681024218658, "MSE": 0.029518264996530687, "anchor 1 mse": 0.023164846073366538, "anchor 2 mse": 0.007081886730647719, "anchor 3 mse": 0.08486730787141475, "anchor 4 mse": 0.002959019310693742}
{"bot_id": "0000000000000b01", "x": 1.722548926611941, "y": 1.777703454525211, "z": 0.8489475577481691, "MSE": 0.024869147448009284, "anchor 1 mse": 0.021576843891351692, "anchor 2 mse": 0.005184087090503956, "anchor 3 mse": 0.07164236729153527, "anchor 4 mse": 0.0010732915186462179}
{"bot_id": "0000000000000b01", "x": 1.7574834714223049, "y": 1.8168243857249358, "z": 0.317472793230816, "MSE": 0.025341881225912036, "anchor 1 mse": 0.011582922416881827, "anchor 2 mse": 0.022374045068390195, "anchor 3 mse": 0.05525145805891507, "anchor 4 mse": 0.012159099359461047}
{"bot_id": "0000000000000b01", "x": 1.6861473141850376, "y": 1.790122053115375, "z": 0.925825598065417, "MSE": 0.05504602655358729, "anchor 1 mse": 0.04739125843636079, "anchor 2 mse": 0.013145301498224628, "anchor 3 mse": 0.15532686637115148, "anchor 4 mse": 0.004320679908612251}
{"bot_id": "0000000000000b01", "x": 1.4827587018632613, "y": 1.7243019839549678, "z": 1.0663655739500626, "MSE": 0.0421012839016886, "anchor 1 mse": 0.05371158478594778, "anchor 2 mse": 0.0009107784959156138, "anchor 3 mse": 0.11312825775942432, "anchor 4 mse": 0.0006545145654666895}
{"bot_id": "0000000000000b01", "x": 1.4167246780288396, "y": 1.7692386117027556, "z": 1.0926484900827382, "MSE": 0.0482977763115327, "anchor 1 mse": 0.06060782199503284, "anchor 2 mse": 0.0005989632994253494, "anchor 3 mse": 0.13077462756288735, "anchor 4 mse": 0.0012096923887852608}
{"bot_id": "0000000000000b01", "x": 1.41084354713316, "y": 1.7882176940422558, "z": 0.5854426694312876, "MSE": 0.008110460910373119, "anchor 1 mse": 0.006690610982909512, "anchor 2 mse": 0.006439521680486494, "anchor 3 mse": 0.018621034684530764, "anchor 4 mse": 0.0006906762935657072}
{"bot_id": "0000000000000b01", "x": 1.296540239217617, "y": 1.8106459372654902, "z": 0.6889213600808743, "MSE": 0.028188081302927676, "anchor 1 mse": 0.025956025048196447, "anchor 2 mse": 0.0202716594721553, "anchor 3 mse": 0.06241727980839243, "anchor 4 mse": 0.004107360882966523}
{"bot_id": "0000000000000b01", "x": 1.2464439642186744, "y": 2.025414435128513, "z": 1.1214724202146935, "MSE": 0.03999032975755873, "anchor 1 mse": 0.05730163682788449, "anchor 2 mse": 0.001064275784051897, "anchor 3 mse": 0.09595164380026183, "anchor 4 mse": 0.005643762618036703}
{"bot_id": "0000000000000b01", "x": 1.1598750040042896, "y": 1.9360908796013234, "z": 0.7840358838730719, "MSE": 0.011738939740554177, "anchor 1 mse": 0.019387917967917875, "anchor 2 mse": 0.002079224253734528, "anchor 3 mse": 0.02512183251588346, "anchor 4 mse": 0.0003667842246808451}
{"bot_id": "0000000000000b01", "x": 1.1694679697094807, "y": 1.9334276188844275, "z": 0.7587232564784685, "MSE": 0.013730589262716381,