{"bot_id": "0000000000000b01", "x": 1.915019053845471, "y": 1.4561394022138523, "z": 0.0, "MSE": 1, "anchor 1 mse": 5.787639935270917, "anchor 2 mse": 5.315596011139009, "anchor 3 mse": 2.3288915960658274, "anchor 4 mse": 2.8009355201977377}
{"bot_id": "0000000000000b01", "x": 1.2100049747316168, "y": 2.451924575244969, "z": 0.0, "MSE": 1, "anchor 1 mse": 0.39158066199683955, "anchor 2 mse": 3.119375751364427, "anchor 3 mse": 0.14967536239359447, "anchor 4 mse": 0.32504180239057473}
{"bot_id": "0000000000000b01", "x": 2.0865048539521025, "y": 2.841133948333688, "z": 0.0, "MSE": 1, "anchor 1 mse": 0.024021465593978927, "anchor 2 mse": 0.7939622204192357, "anchor 3 mse": 0.22917809199725575, "anchor 4 mse": 0.36641382142828244}
{"bot_id": "0000000000000b01", "x": 1.145223880011467, "y": 2.8183555900428785, "z": 0.0, "MSE": 1, "anchor 1 mse": 0.11414380583360109, "anchor 2 mse": 3.467411667011389, "anchor 3 mse": 0.23687676239683952, "anchor 4 mse": 0.8069018949667022}
{"bot_id": "0000000000000b01", "x": 1.6477495741230501, "y": 2.1659997254999404, "z": 0.0, "MSE": 1, "anchor 1 mse": 0.4740142326164175, "anchor 2 mse": 1.6259684600238562, "anchor 3 mse": 0.023682478303971924, "anchor 4 mse": 0.005747520109407386}
{"bot_id": "0000000000000b01", "x": 1.410182172499656, "y": 2.378032806171209, "z": 0.0, "MSE": 1, "anchor 1 mse": 0.4696143524545305, "anchor 2 mse": 2.415238339505405, "anchor 3 mse": 0.047611313421430546, "anchor 4 mse": 0.1637026927436025}
{"bot_id": "0000000000000b01", "x": 1.5260972195379616, "y": 2.6159437938013346, "z": 0.0, "MSE": 1, "anchor 1 mse": 0.1235148334354966, "anchor 2 mse": 2.0416661277161263, "anchor 3 mse": 0.0004090647482665024, "anchor 4 mse": 0.26406517727481127}
{"bot_id": "0000000000000b01", "x": 1.772548417392187, "y": 2.5900694103249067, "z": 0.0, "MSE": 1, "anchor 1 mse": 0.12352927043518348, "anchor 2 mse": 1.491138846325072, "anchor 3 mse": 0.02592087725030193, "anchor 4 mse": 0.13311903166899952}
{"bot_id": "0000000000000b01", "x": 1.9700244559265572, "y": 2.7553270231479194, "z": 0.0, "MSE": 1, "anchor 1 mse": 0.00029431614514775306, "anchor 2 mse": 1.081425124724492, "anchor 3 mse": 0.09602060821063438, "anchor 4 mse": 0.2610081904548538}
{"bot_id": "0000000000000b01", "x": 2.4283917047944885, "y": 2.452364934017553, "z": 0.0, "MSE": 1, "anchor 1 mse": 0.07910592067830163, "anchor 2 mse": 0.25465437421778375, "anchor 3 mse": 0.44346544087328077, "anchor 4 mse": 0.06868740775153659}
{"bot_id": "0000000000000b01", "x": 0.9344035784231185, "y": 2.245737779338194, "z": 0.0, "MSE": 1, "anchor 1 mse": 0.54409061627628, "anchor 2 mse": 3.1432670230113122, "anchor 3 mse": 0.7259447708716597, "anchor 4 mse": 0.5063493843625556}
{"bot_id": "0000000000000b01", "x": -0.14467346998792202, "y": 2.24726572674723, "z": 0.0, "MSE": 1, "anchor 1 mse": 0.45979550561639515, "anchor 2 mse": 5.839306480783248, "anchor 3 mse": 3.672792711079199, "anchor 4 mse": 2.61375840900325}
{"bot_id": "0000000000000b01", "x": 1.3659000059874928, "y": 2.0539681511114423, "z": 0.0, "MSE": 1, "anchor 1 mse": 0.13937421382895165, "anchor 2 mse": 1.5165839723051477, "anchor 3 mse": 0.2264193636284699, "anchor 4 mse": 0.169103164871895}
{"bot_id": "0000000000000b01", "x": 1.288243679096505, "y": 2.2295546302358566, "z": 0.0, "MSE": 1, "anchor 1 mse": 0.07023934415782825, "anchor 2 mse": 1.4025991705669316, "anchor 3 mse": 0.34677936219363437, "anchor 4 mse": 0.28148010430895887}
{"bot_id": "0000000000000b01", "x": 1.8659590411211218, "y": 2.304020338712834, "z": 0.0, "MSE": 1, "anchor 1 mse": 0.04615888057388204, "anchor 2 mse": 0.4813370896620051, "anchor 3 mse": 0.007524257003303867, "anchor 4 mse": 0.08657461537504031}
{"bot_id": "0000000000000b01", "x": 2.172757821014003, "y": 2.330621241575847, "z": 0.0, "MSE": 1, "anchor 1 mse": 0.19920669407212352, "anchor 2 mse": 0.11492920046887076, "anchor 3 mse": 0.13724143463290372, "anchor 4 mse": 0.11468908005968989}
{"bot_id": "0000000000000b01", "x": 1.2182148967595334, "y": 2.1781487581053582, "z": 0.0, "MSE": 1, "anchor 1 mse": 0.04593642154566239, "anchor 2 mse": 1.3653033171812645, "anchor 3 mse": 0.13852684668537374, "anchor 4 mse": 0.20893722795692132}
{"bot_id": "0000000000000b01", "x": 1.4542474259689848, "y": 2.5011967502862587, "z": 0.0, "MSE": 1, "anchor 1 mse": 0.03357582485817006, "anchor 2 mse": 0.839561621234559, "anchor 3 mse": 0.0033340297313738565, "anchor 4 mse": 0.4386680374230726}
{"bot_id": "0000000000000b01", "x": 2.0741161684165244, "y": 2.2586271872217476, "z": 0.0, "MSE": 1, "anchor 1 mse": 0.26676086418470835, "anchor 2 mse": 0.06799397890662501, "anchor 3 mse": 0.19214413944262468, "anchor 4 mse": 0.04191825722266261}
{"bot_id": "0000000000000b01", "x": 1.2047712832695774, "y": 2.3218465246170834, "z": 0.0, "MSE": 1, "anchor 1 mse": 0.021259618129266574, "anchor 2 mse": 0.8925054379742674, "anchor 3 mse": 0.04891027173521533, "anchor 4 mse": 0.284627280567461}
{"bot_id": "0000000000000b01", "x": 1.4053267514459227, "y": 2.264382516968443, "z": 0.0, "MSE": 1, "anchor 1 mse": 0.05063736610724191, "anchor 2 mse": 0.45747761163225054, "anchor 3 mse": 0.07122789845117136, "anchor 4 mse": 0.1835745308338841}
{"bot_id": "0000000000000b01", "x": 1.3303242402051427, "y": 2.1515207654866266, "z": 0.0, "MSE": 1, "anchor 1 mse": 0.014300757360877414, "anchor 2 mse": 0.6485533171593133, "anchor 3 mse": 0.051791598761511494, "anchor 4 mse": 0.053918150054450484}
{"bot_id": "0000000000000b01", "x": 1.4084059379694378, "y": 2.4207547108837044, "z": 0.0, "MSE": 1, "anchor 1 mse": 0.27108018405386924, "anchor 2 mse": 0.4567939931398048, "anchor 3 mse": 0.05320938138451095, "anchor 4 mse": 0.16226712559662218}
{"bot_id": "0000000000000b01", "x": 1.6887648601165597, "y": 2.3561999845670503, "z": 0.0, "MSE": 1, "anchor 1 mse": 0.3955117193796101, "anchor 2 mse": 0.10769667530584952, "anchor 3 mse": 0.24097712455152503, "anchor 4 mse": 0.022521730904668528}
{"bot_id": "0000000000000b01", "x": 1.5397285937023697, "y": 2.3491335780611413, "z": 0.0, "MSE": 1, "anchor 1 mse": 0.2902738412180437, "anchor 2 mse": 0.08493400279604021, "anchor 3 mse": 0.11403414218762438, "anchor 4 mse": 0.09486820513433993}
{"bot_id": "0000000000000b01", "x": 1.7544320911165228, "y": 2.1859459616167567, "z": 0.0, "MSE": 1, "anchor 1 mse": 0.40059476778610803, "anchor 2 mse": 0.0016128995063127997, "anchor 3 mse": 0.2203099473147584, "anchor 4 mse": 0.006747963780771303}
{"bot_id": "0000000000000b01", "x": 1.5109566496325306, "y": 2.4182052468027644, "z": 0.0, "MSE": 1, "anchor 1 mse": 0.2129263135385906, "anchor 2 mse": 0.06010164272014485, "anchor 3 mse": 0.17600363794634719, "anchor 4 mse": 0.0010635462733745357}
{"bot_id": "0000000000000b01", "x": 0.9370573910883145, "y": 2.3750289348942473, "z": 0.0, "MSE": 1, "anchor 1 mse": 0.09193127977696516, "anchor 2 mse": 0.42820742673280404, "anchor 3 mse": 0.0035417276832477615, "anchor 4 mse": 0.14580110780653738}
{"bot_id": "0000000000000b01", "x": 1.7103047737408825, "y": 2.105572837621972, "z": 0.0, "MSE": 1, "anchor 1 mse": 0.22341707957207427, "anchor 2 mse": 0.02078847080604693, "anchor 3 mse": 0.2921939535108213, "anchor 4 mse": 0.06560447214055991}
{"bot_id": "0000000000000b01", "x": 0.8970920818876442, "y": 2.603026931684081, "z": 0.0, "MSE": 1, "anchor 1 mse": 0.3061132627675163, "anchor 2 mse": 0.35106958565130003, "anchor 3 mse": 0.001764745169442432, "anchor 4 mse": 0.05260900069949394}
{"bot_id": "0000000000000b01", "x": 1.3967805525974901, "y": 2.5508590793119628, "z": 0.0, "MSE": 1, "anchor 1 mse": 0.4600137087437336, "anchor 2 mse": 0.04390213399346856, "anchor 3 mse": 0.4949534698381805, "anchor 4 mse": 0.2571489823355196}
{"bot_id": "0000000000000b01", "x": 0.9246540089508354, "y": 2.6379516039449338, "z": 0.0, "MSE": 1, "anchor 1 mse": 0.18089098563108647, "anchor 2 mse": 0.0009161635237140149, "anchor 3 mse": 0.06339718788571802, "anchor 4 mse": 0.19164356279293768}
{"bot_id": "0000000000000b01", "x": 1.7616372325263734, "y": 2.6274214657752353,