{"bot_id": "0000000000000b01", "x": 0, "y": 0, "z": 0, "MSE": 1, "anchor 1 mse": 0.0, "anchor 2 mse": 7.507600000000001, "anchor 3 mse": 15.015200000000002, "anchor 4 mse": 7.507600000000001}
{"bot_id": "0000000000000b01", "x": 0, "y": 0, "z": 0, "MSE": 1, "anchor 1 mse": 11.289599999999998, "anchor 2 mse": 0.07289999999999977, "anchor 3 mse": 7.3167283234886655, "anchor 4 mse": 0.1764000000000003}
{"bot_id": "0000000000000b01", "x": 0, "y": 0, "z": 0, "MSE": 1, "anchor 1 mse": 11.356900000000001, "anchor 2 mse": 0.05759999999999989, "anchor 3 mse": 7.479925033142801, "anchor 4 mse": 0.18490000000000015}
{"bot_id": "0000000000000b01", "x": 0, "y": 0, "z": 0, "MSE": 1, "anchor 1 mse": 11.424399999999999, "anchor 2 mse": 0.07289999999999977, "anchor 3 mse": 7.64492174279694, "anchor 4 mse": 0.16000000000000028}
{"bot_id": "0000000000000b01", "x": 0, "y": 0, "z": 0, "MSE": 1, "anchor 1 mse": 11.628100000000002, "anchor 2 mse": 0.07839999999999989, "anchor 3 mse": 7.811718452451076, "anchor 4 mse": 0.1521000000000001}
{"bot_id": "0000000000000b01", "x": 0, "y": 0, "z": 0, "MSE": 1, "anchor 1 mse": 11.902500000000002, "anchor 2 mse": 0.07289999999999977, "anchor 3 mse": 7.370927226706712, "anchor 4 mse": 0.1764000000000003}
