{"bot_id": "0000000000000b01", "x": 0.006817637735302557, "y": 1.3795883026921176, "z": 0, "MSE": 5.612158088338077, "anchor 1 mse": 1.9033103651092076, "anchor 2 mse": 1.8507664663564036, "anchor 3 mse": 9.321005811566947, "anchor 4 mse": 9.37354971031975}
{"bot_id": "0000000000000b01", "x": 1.3858584009868429, "y": 1.4335420656108724, "z": 0, "MSE": 0.9289246882780202, "anchor 1 mse": 1.866222939979373, "anchor 2 mse": 1.2219470700583794, "anchor 3 mse": 0.5064173883642212, "anchor 4 mse": 0.12111135471010685}
{"bot_id": "0000000000000b01", "x": 2.804990924409956, "y": 1.987496696416568, "z": 0.0, "MSE": 0.06541353047046707, "anchor 1 mse": 0.004589907634348364, "anchor 2 mse": 0.00574935550189891, "anchor 3 mse": 0.14799054906041614, "anchor 4 mse": 0.10332430968520484}
{"bot_id": "0000000000000b01", "x": 2.705917610320565, "y": 1.8690566107057607, "z": 0.0, "MSE": 0.07866979896531692, "anchor 1 mse": 0.008340825681489644, "anchor 2 mse": 0.028013471475618078, "anchor 3 mse": 0.056829790857848624, "anchor 4 mse": 0.22149510784631138}
{"bot_id": "0000000000000b01", "x": 2.773736959382361, "y": 2.1434793262525083, "z": 0.0, "MSE": 0.0794784153810359, "anchor 1 mse": 0.009109086238657773, "anchor 2 mse": 0.033431962768605994, "anchor 3 mse": 0.23283140854712955, "anchor 4 mse": 0.04254120396975025}
{"bot_id": "0000000000000b01", "x": 2.9056300719925847, "y": 2.087654394011622, "z": 0.0, "MSE": 0.07636918322038153, "anchor 1 mse": 0.01634477782196076, "anchor 2 mse": 0.0010266138539017904, "anchor 3 mse": 0.23712622952735274, "anchor 4 mse": 0.050979111678310804}
