{"bot_id": "0000000000000b01", "x": 1.350937528042372, "y": 1.3700000000000663, "z": -31.67565855720631, "MSE": 1007.1015084105545, "anchor 1 mse": 1007.0492772373908, "anchor 2 mse": 1007.0492772373906, "anchor 3 mse": 1007.1537395837183, "anchor 4 mse": 1007.1537395837186}
{"bot_id": "0000000000000b01", "x": 2.586583941979571, "y": 1.9770901994652708, "z": 17.241089639813683, "MSE": 223.66478550927826, "anchor 1 mse": 201.23641751840745, "anchor 2 mse": 208.5343869209698, "anchor 3 mse": 258.8444164449066, "anchor 4 mse": 226.04392115282923}
{"bot_id": "0000000000000b01", "x": 2.587866397813235, "y": 2.0009417710482054, "z": 16.109748354897743, "MSE": 191.89905851679805, "anchor 1 mse": 170.78611381297418, "anchor 2 mse": 178.30290545644206, "anchor 3 mse": 224.62244963197813, "anchor 4 mse": 193.88476516579777}
{"bot_id": "0000000000000b01", "x": 2.604596707015674, "y": 2.0095539039450934, "z": 16.239993423102895, "MSE": 195.27254403188698, "anchor 1 mse": 173.9718948719765, "anchor 2 mse": 181.0032238506318, "anchor 3 mse": 229.4308849902269, "anchor 4 mse": 196.68417241471272}
{"bot_id": "0000000000000b01", "x": 2.63150455359178, "y": 2.032545311491177, "z": 15.68500074429227, "MSE": 180.22328903808398, "anchor 1 mse": 159.3544707801042, "anchor 2 mse": 166.40850637212336, "anchor 3 mse": 213.7830562817329, "anchor 4 mse": 181.34712271837543}
{"bot_id": "0000000000000b01", "x": 2.6462860982285332, "y": 2.034877244249687, "z": 16.28785623300357, "MSE": 196.00673264888212, "anchor 1 mse": 173.61802354095096, "anchor 2 mse": 182.42514697145697, "anchor 3 mse": 229.3219965004281, "anchor 4 mse": 198.66176358269246}
{"bot_id": "0000000000000b01", "x": 2.5456956707907135, "y": 2.030747344755713, "z": 17.378346726467605, "MSE": 227.32300780600715, "anchor 1 mse": 204.51348526789474, "anchor 2 mse": 213.68963024748302, "anchor 3 mse": 262.242370431023, "anchor 4 mse": 228.84654527762783}
{"bot_id": "0000000000000b01", "x": 2.6389256909364094, "y": 2.103570891236703, "z": 16.271861777886695, "MSE": 195.02042319411987, "anchor 1 mse": 172.34793974642432, "anchor 2 mse": 182.16201182070014, "anchor 3 mse": 229.3594174815297, "anchor 4 mse": 196.21232372782532}
{"bot_id": "0000000000000b01", "x": 2.6007061955241633, "y": 2.0132193851372886, "z": 15.902287493928595, "MSE": 186.27185623753812, "anchor 1 mse": 165.60668474956157, "anchor 2 mse": 172.13255386086303, "anchor 3 mse": 220.21064849877675, "anchor 4 mse": 187.13753784095118}
{"bot_id": "0000000000000b01", "x": 2.499347205167334, "y": 1.8659731802954689, "z": 15.198525050141516, "MSE": 169.9086198667551, "anchor 1 mse": 152.40581302396603, "anchor 2 mse": 155.6864426979308, "anchor 3 mse": 199.8134280130297, "anchor 4 mse": 171.72879573209377}
{"bot_id": "0000000000000b01", "x": 2.4686488443103345, "y": 1.923430040472662, "z": 11.738792714036556, "MSE": 93.83667749925293, "anchor 1 mse": 80.6186448511531, "anchor 2 mse": 84.51716640046091, "anchor 3 mse": 115.56868544173963, "anchor 4 mse": 94.64221330365802}
{"bot_id": "0000000000000b01", "x": 2.4337153880458793, "y": 1.6873427254859958, "z": 11.447857261841023, "MSE": 89.47427828427425, "anchor 1 mse": 79.11568948967998, "anchor 2 mse": 77.80890961832299, "anchor 3 mse": 110.04496507388302, "anchor 4 mse": 90.927548955211}
{"bot_id": "0000000000000b01", "x": 2.2892201595205135, "y": 1.7178080282307002, "z": 8.043754827753093, "MSE": 38.14493612012089, "anchor 1 mse": 32.4644952261727, "anchor 2 mse": 32.09677863364231, "anchor 3 mse": 49.85722507010299, "anchor 4 mse": 38.161245550565546}
{"bot_id": "0000000000000b01", "x": 2.2022863977942273, "y": 1.8463118284005058, "z": 3.915052198917104, "MSE": 5.676945644535535, "anchor 1 mse": 4.066676766591195, "anchor 2 mse": 4.040090189716456, "anchor 3 mse": 9.619911556577607, "anchor 4 mse": 4.981104065256883}
{"bot_id": "0000000000000b01", "x": 2.16959593932981, "y": 1.8064779862398208, "z": 4.123966581523576, "MSE": 6.6631548456362895, "anchor 1 mse": 5.052427087657443, "anchor 2 mse": 4.590060109174555, "anchor 3 mse": 11.40146629770108, "anchor 4 mse": 5.608665888012079}
