{"bot_id": "0000000000000b01", "x": 0.0, "y": 0.0, "z": 0.0, "MSE": 15.015200000000002, "anchor 1 mse": 0.0, "anchor 2 mse": 7.507600000000001, "anchor 3 mse": 15.015200000000002, "anchor 4 mse": 7.507600000000001}
{"bot_id": "0000000000000b01", "x": -0.2655207530832143, "y": 3.009413125551972, "z": -0.00018352280189801222, "MSE": 9.814616731878111, "anchor 1 mse": 0.1148505789741091, "anchor 2 mse": 6.926026842166632, "anchor 3 mse": 3.4135208795706315, "anchor 4 mse": 3.737267763038335}
{"bot_id": "0000000000000b01", "x": -0.2380209340263413, "y": 2.9782143476841454, "z": -0.000195477568388261, "MSE": 10.15412666035199, "anchor 1 mse": 0.14614517580116132, "anchor 2 mse": 6.986774360080998, "anchor 3 mse": 3.41337903397466, "anchor 4 mse": 3.616441457100436}
{"bot_id": "0000000000000b01", "x": -0.2621903522662667, "y": 3.011868337150288, "z": -0.00016428048327865027, "MSE": 10.537923687613596, "anchor 1 mse": 0.12726417564792833, "anchor 2 mse": 6.929010882676158, "anchor 3 mse": 3.6270249026487806, "anchor 4 mse": 3.6579897638518455}
{"bot_id": "0000000000000b01", "x": -0.2412113804632248, "y": 3.026154073309243, "z": -0.00011042829510360305, "MSE": 11.100877792305953, "anchor 1 mse": 0.1400614160685772, "anchor 2 mse": 6.999964548506707, "anchor 3 mse": 3.666892809913082, "anchor 4 mse": 3.60228148065689}
{"bot_id": "0000000000000b01", "x": -0.13356172121532014, "y": 3.0112762667357376, "z": -0.00022127410768768075, "MSE": 10.70166114485284, "anchor 1 mse": 0.18988955917817812, "anchor 2 mse": 7.331242501669384, "anchor 3 mse": 2.9802433551201806, "anchor 4 mse": 3.394246549737004}
{"bot_id": "0000000000000b01", "x": 0.33712608090889806, "y": 2.4250677649602865, "z": -0.002038260602689219, "MSE": 9.648919874958032, "anchor 1 mse": 0.8678978688234925, "anchor 2 mse": 6.243270025049243, "anchor 3 mse": 1.4967691383264714, "anchor 4 mse": 1.0897417896539228}
{"bot_id": "0000000000000b01", "x": 0.2931484618819553, "y": 2.634735120883564, "z": -0.0016038699270930542, "MSE": 11.213245231179128, "anchor 1 mse": 0.7039315230550428, "anchor 2 mse": 7.228144127894144, "anchor 3 mse": 1.7137828494889484, "anchor 4 mse": 1.4296505017225944}
{"bot_id": "0000000000000b01", "x": -0.29183880170018794, "y": 3.0112720221212532, "z": -0.00011245807215262127, "MSE": 10.73450003462718, "anchor 1 mse": 0.11876238104517255, "anchor 2 mse": 6.820219578421052, "anchor 3 mse": 3.8571018217403257, "anchor 4 mse": 3.6985035826006616}
{"bot_id": "0000000000000b01", "x": -0.2911161947478033, "y": 2.595541457098228, "z": -0.003025265936399726, "MSE": 9.242239696264285, "anchor 1 mse": 0.3115671490841159, "anchor 2 mse": 6.890616424789475, "anchor 3 mse": 3.7813061700810593, "anchor 4 mse": 3.1703675347938964}
{"bot_id": "0000000000000b01", "x": -0.23712346824316805, "y": 2.4821084387019634, "z": -0.0018323065066073595, "MSE": 9.614730234629345, "anchor 1 mse": 0.4577740905340517, "anchor 2 mse": 6.14870778204054, "anchor 3 mse": 3.874098627144066, "anchor 4 mse": 2.910767787956589}
{"bot_id": "0000000000000b01", "x": 0.48664363053865833, "y": 1.0540616553161575, "z": -0.0555963674983132, "MSE": 8.867403932290424, "anchor 1 mse": 3.1247364279939913, "anchor 2 mse": 1.3791018296702804, "anchor 3 mse": 3.257299799430403, "anchor 4 mse": 0.20099360327016194}
{"bot_id": "0000000000000b01", "x": 0.40910391269245916, "y": 0.963443012786539, "z": -0.03547267801650246, "MSE": 7.273266694828268, "anchor 1 mse": 3.2137570779517066, "anchor 2 mse": 0.8772239306629206, "anchor 3 mse": 3.500467759023998, "anchor 4 mse": 0.21382394514438266}
{"bot_id": "0000000000000b01", "x": 0.49700386108770656, "y": 0.8101311754086438, "z": -0.01684064274877701, "MSE": 7.58472963374993, "anchor 1 mse": 3.569894758014537, "anchor 2 mse": 0.3330329094467898, "anchor 3 mse": 4.0360999877751755, "anchor 4 mse": 0.06496116326012288}
{"bot_id": "0000000000000b01", "x": 0.08748845854980981, "y": 1.1479859940049348, "z": -0.019904443525155698, "MSE": 7.395375265054945, "anchor 1 mse": 2.5552438826427517, "anchor 2 mse": 1.03115824680136, "anchor 3 mse": 4.856110318099359, "anchor 4 mse": 0.5188947477336247}
{"bot_id": "0000000000000b01", "x": 0.49979603227925995, "y": 0.6612806100565066, "z": -0.022314565251704804, "MSE": 6.119842922877966, "anchor 1 mse": 3.6511257177455465, "anchor 2 mse": 0.16968151007760285, "anchor 3 mse": 3.944813422417958, "anchor 4 mse": 0.07610604557591437}
{"bot_id": "0000000000000b01", "x": -0.9122985722218117, "y": 2.331922053755959, "z": -4.653780237382748e-06, "MSE": 4.369968195516926, "anchor 1 mse": 0.04242504675674448, "anchor 2 mse": 2.2818882741302846, "anchor 3 mse": 5.880748705499731, "anchor 4 mse": 4.550799752677964}
{"bot_id": "0000000000000b01", "x": -0.2930002766502352, "y": 1.68719439680294, "z": -0.0006425429542913719, "MSE": 4.291643763368985, "anchor 1 mse": 0.9951121160981184, "anchor 2 mse": 1.6826834771809245, "anchor 3 mse": 3.843670460357039, "anchor 4 mse": 1.7442323303604828}
{"bot_id": "0000000000000b01", "x": 0.017423477385972438, "y": 0.8794560846578227, "z": -0.006753653642314778, "MSE": 3.4626776243124677, "anchor 1 mse": 2.7900537952869913, "anchor 2 mse": 0.28022438785763976, "anchor 3 mse": 4.151768303477421, "anchor 4 mse": 0.5056677653047857}
{"bot_id": "0000000000000b01", "x": 1.9193900793728307, "y": -1.1485871596648014, "z": -2.22615566289945e-06, "MSE": 2.423683708239192, "anchor 1 mse": 0.05437843471129582, "anchor 2 mse": 4.479541074839211, "anchor 3 mse": 6.782018248702285, "anchor 4 mse": 0.7028916669265555}
{"bot_id": "0000000000000b01", "x": 1.3517804406089955, "y": -0.5066891997330834, "z": -0.0015772442699604047, "MSE": 3.362437325348926, "anchor 1 mse": 0.9927675220855112, "anchor 2 mse": 1.841068807807377, "anchor 3 mse": 5.66928628252407, "anchor 4 mse": 0.5215742387073189}
{"bot_id": "0000000000000b01", "x": 1.9854056327266, "y": -1.2339275305368191, "z": -2.6825176498568373e-05, "MSE": 2.4972462288586827, "anchor 1 mse": 0.005240554711826492, "anchor 2 mse": 4.762387237469751, "anchor 3 mse": 7.534677331463865, "anchor 4 mse": 0.7985723319337232}
{"bot_id": "0000000000000b01", "x": 0.3659312352551372, "y": 0.11552861875946085, "z": -0.012185007300284836, "MSE": 1.0579212307461723, "anchor 1 mse": 3.5950875678159253, "anchor 2 mse": 0.2807808449688008, "anchor 3 mse": 3.759545677349886, "anchor 4 mse": 0.0002859245365155418}
