{"bot_id": "0000000000000b01", "x": -0.0297618897322249, "y": 1.2805587560515899, "z": 0, "MSE": 5.7211330840657695, "anchor 1 mse": 1.6407164977808284, "anchor 2 mse": 2.1308545146181164, "anchor 3 mse": 9.801549670350711, "anchor 4 mse": 9.311411653513423}
{"bot_id": "0000000000000b01", "x": 1.3685011205137632, "y": 1.5509658508364956, "z": 0.0, "MSE": 0.8949543179114426, "anchor 1 mse": 1.6682231745213372, "anchor 2 mse": 1.4330542771639307, "anchor 3 mse": 0.4162334013263442, "anchor 4 mse": 0.06230641863415864}
{"bot_id": "0000000000000b01", "x": 2.620084111752988, "y": 2.338236442794705, "z": 0.0, "MSE": 0.16223475365989934, "anchor 1 mse": 0.020085085322260336, "anchor 2 mse": 0.10843299674762956, "anchor 3 mse": 0.5194406570349501, "anchor 4 mse": 0.000980275534757349}
{"bot_id": "0000000000000b01", "x": 2.865427218667602, "y": 3.1275742222506318, "z": 0.0, "MSE": 0.4686442001674127, "anchor 1 mse": 0.7426030261981413, "anchor 2 mse": 0.014037550849132562, "anchor 3 mse": 0.49369676819293734, "anchor 4 mse": 0.6242394554294394}
{"bot_id": "0000000000000b01", "x": 2.8173585744066716, "y": 3.8225532474436434, "z": 0, "MSE": 0.9906656229633188, "anchor 1 mse": 1.791912176090611, "anchor 2 mse": 3.3001352943338206e-06, "anchor 3 mse": 2.823567783901228e-05, "anchor 4 mse": 2.170718779949531}
{"bot_id": "0000000000000b01", "x": 1.3129955345871802, "y": 2.6226082219392475, "z": 0.0, "MSE": 0.9116233067353985, "anchor 1 mse": 0.26736971070197324, "anchor 2 mse": 2.862075760530793, "anchor 3 mse": 0.0738887818802564, "anchor 4 mse": 0.4431589738285714}
{"bot_id": "0000000000000b01", "x": 2.2542425449812495, "y": 2.431883687129962, "z": 0, "MSE": 0.21886532905579242, "anchor 1 mse": 0.004099634706560065, "anchor 2 mse": 0.46894800793031993, "anchor 3 mse": 0.39033058607508603, "anchor 4 mse": 0.012083087511203666}
{"bot_id": "0000000000000b01", "x": 1.8028608643742525, "y": 2.283006423109596, "z": 0.0, "MSE": 0.4128736025725406, "anchor 1 mse": 0.33753211566385444, "anchor 2 mse": 1.299875569151869, "anchor 3 mse": 0.009481330436247798, "anchor 4 mse": 0.004605395038190991}
{"bot_id": "0000000000000b01", "x": 2.1883932940265085, "y": 2.5671240293608686, "z": 0.0, "MSE": 0.24796349130579554, "anchor 1 mse": 1.0927305400900118e-05, "anchor 2 mse": 0.6638811234128096, "anchor 3 mse": 0.2519414228854391, "anchor 4 mse": 0.07602049161953259}
{"bot_id": "0000000000000b01", "x": 2.986341600432458, "y": 2.3740844268914394, "z": 0, "MSE": 0.21796084301510774, "anchor 1 mse": 0.41607369665213206, "anchor 2 mse": 0.0034428551927028887, "anchor 3 mse": 0.42105770451670815, "anchor 4 mse": 0.03126911569888789}
{"bot_id": "0000000000000b01", "x": 2.383227855023761, "y": 2.2570733170697648, "z": 0.0, "MSE": 0.09014982307935147, "anchor 1 mse": 0.012633938325326308, "anchor 2 mse": 0.15867101502307224, "anchor 3 mse": 0.1760471191560495, "anchor 4 mse": 0.013247219812957851}
{"bot_id": "0000000000000b01", "x": 2.745542384631303, "y": 2.3987655894459214, "z": 0, "MSE": 0.27874888428138717, "anchor 1 mse": 0.5124131681126872, "anchor 2 mse": 0.026677809402937475, "anchor 3 mse": 0.44718721713690435, "anchor 4 mse": 0.12871734247301958}
{"bot_id": "0000000000000b01", "x": 2.9342385717778887, "y": 2.29718967305445, "z": 0, "MSE": 0.3053634394918811, "anchor 1 mse": 0.7858903716304086, "anchor 2 mse": 0.043040919117841615, "anchor 3 mse": 0.33230770905929624, "anchor 4 mse": 0.06021475815997793}
{"bot_id": "0000000000000b01", "x": 2.074509238065584, "y": 1.9198605140170226, "z": 0.0, "MSE": 0.03404156522224824, "anchor 1 mse": 0.00018057873980809058, "anchor 2 mse": 0.11509485226776534, "anchor 3 mse": 0.011273241212257607, "anchor 4 mse": 0.009617588669161934}
{"bot_id": "0000000000000b01", "x": 2.1307969933099145, "y": 2.251665842980972, "z": 0.0, "MSE": 0.0851635023180022, "anchor 1 mse": 0.1225332966200896, "anchor 2 mse": 0.1797430136738184, "anchor 3 mse": 0.011931646269954632, "anchor 4 mse": 0.026446052708146147}
{"bot_id": "0000000000000b01", "x": 1.8254225504384138, "y": 1.870793913836292, "z": 0, "MSE": 0.08304430180800995, "anchor 1 mse": 0.015922243809239543, "anchor 2 mse": 0.2789922440013505, "anchor 3 mse": 0.03676169041404286, "anchor 4 mse": 0.0005010290074068846}
{"bot_id": "0000000000000b01", "x": 1.4815699201880221, "y": 2.2518368858307696, "z": 0.0, "MSE": 0.2642318679015097, "anchor 1 mse": 0.00020972026261957557, "anchor 2 mse": 0.9026506372158002, "anchor 3 mse": 0.009959260113957626, "anchor 4 mse": 0.14410785401366152}
