{"bot_id": "0000000000000b01", "x": 0.00041954473870124475, "y": 1.3706320777411023, "z": 0, "MSE": 5.629551022956019, "anchor 1 mse": 1.878632468550679, "anchor 2 mse": 1.8751686825294387, "anchor 3 mse": 9.380469577361358, "anchor 4 mse": 9.383933363382598}
{"bot_id": "0000000000000b01", "x": 1.2675516985968678, "y": 1.4262697173614298, "z": 0.0, "MSE": 1.0572874092663789, "anchor 1 mse": 2.107947407381304, "anchor 2 mse": 1.402959589027019, "anchor 3 mse": 0.6453227917533085, "anchor 4 mse": 0.0729198489038834}
{"bot_id": "0000000000000b01", "x": 3.044062640894749, "y": 2.339003572212083, "z": 0, "MSE": 0.15896900120070165, "anchor 1 mse": 0.2198796520862881, "anchor 2 mse": 0.00816507578390636, "anchor 3 mse": 0.40546111228825843, "anchor 4 mse": 0.0023701646443536617}
{"bot_id": "0000000000000b01", "x": 2.6541781928510475, "y": 2.199730628403743, "z": 0.0, "MSE": 0.1078720387506143, "anchor 1 mse": 0.00452147311225435, "anchor 2 mse": 0.09083762997319143, "anchor 3 mse": 0.3169202415546782, "anchor 4 mse": 0.019208810362333233}
{"bot_id": "0000000000000b01", "x": 2.6382271863968056, "y": 2.1469163445655295, "z": 0.0, "MSE": 0.09221914414560461, "anchor 1 mse": 7.403456125062165e-05, "anchor 2 mse": 0.0998121919923794, "anchor 3 mse": 0.22872078516416433, "anchor 4 mse": 0.04026956486462416}
{"bot_id": "0000000000000b01", "x": 2.662601335655685, "y": 2.11404304229033, "z": 0.0, "MSE": 0.10000261640051132, "anchor 1 mse": 0.0025202789527335166, "anchor 2 mse": 0.07552016943390813, "anchor 3 mse": 0.2801331664373004, "anchor 4 mse": 0.04183685077810325}
{"bot_id": "0000000000000b01", "x": 2.6669875682794633, "y": 2.120465308221407, "z": 0.0, "MSE": 0.1109120232054035, "anchor 1 mse": 0.0007413093947416425, "anchor 2 mse": 0.049283844026533394, "anchor 3 mse": 0.33198093822390623, "anchor 4 mse": 0.061642001176432704}
{"bot_id": "0000000000000b01", "x": 2.6396166377900294, "y": 2.716128072082273, "z": 0.0, "MSE": 0.3485973577059098, "anchor 1 mse": 0.08848829860498234, "anchor 2 mse": 0.12979837754861562, "anchor 3 mse": 1.0749899249535333, "anchor 4 mse": 0.10111282971650806}
{"bot_id": "0000000000000b01", "x": 2.5734500551557042, "y": 2.2397104694338865, "z": 0.0, "MSE": 0.11722380147547057, "anchor 1 mse": 0.001729750594196876, "anchor 2 mse": 0.15083259848377073, "anchor 3 mse": 0.3054948908417596, "anchor 4 mse": 0.010837965982155032}
{"bot_id": "0000000000000b01", "x": 2.0761563624526973, "y": 2.2130067919884366, "z": 0.0, "MSE": 0.18502384864875057, "anchor 1 mse": 0.018376594498121436, "anchor 2 mse": 0.6528703815454487, "anchor 3 mse": 0.05876220532764386, "anchor 4 mse": 0.010086213223788254}
{"bot_id": "0000000000000b01", "x": 2.3131584857879104, "y": 2.590055248890046, "z": 0.0, "MSE": 0.22072046147766705, "anchor 1 mse": 0.09157875183324664, "anchor 2 mse": 0.26213039206888034, "anchor 3 mse": 0.32215552438411355, "anchor 4 mse": 0.2070171776244276}
{"bot_id": "0000000000000b01", "x": 2.640015340371647, "y": 1.9500273075689611, "z": 0, "MSE": 0.051923659148208866, "anchor 1 mse": 0.1239858984816678, "anchor 2 mse": 0.03038963917778443, "anchor 3 mse": 0.04567839942651321, "anchor 4 mse": 0.00764069950687006}
{"bot_id": "0000000000000b01", "x": 2.7540898951938946, "y": 1.6723343238117911, "z": 0.0, "MSE": 0.0834578299054993, "anchor 1 mse": 0.14597489472961353, "anchor 2 mse": 0.037557567840402956, "anchor 3 mse": 6.019655250633665e-05, "anchor 4 mse": 0.15023866049947437}
{"bot_id": "0000000000000b01", "x": 2.471598919238078, "y": 1.983720241735128, "z": 0, "MSE": 0.036698916097211896, "anchor 1 mse": 0.10838495727245702, "anchor 2 mse": 0.00021658052486027267, "anchor 3 mse": 0.021757727250852163, "anchor 4 mse": 0.01643639934067812}
{"bot_id": "0000000000000b01", "x": 2.418578571576465, "y": 2.1514386818103466, "z": 0, "MSE": 0.07498447328148815, "anchor 1 mse": 0.23717527499019567, "anchor 2 mse": 0.01460185768652581, "anchor 3 mse": 0.04813249952679416, "anchor 4 mse": 2.8260922436974827e-05}
{"bot_id": "0000000000000b01", "x": 2.4644211342541142, "y": 1.9739890970893486, "z": 0, "MSE": 0.061311484089784936, "anchor 1 mse": 0.17433246210484352, "anchor 2 mse": 0.0009440578263991217, "anchor 3 mse": 0.06549813723528315, "anchor 4 mse": 0.004471279192613947}
{"bot_id": "0000000000000b01", "x": 2.0846883859102907, "y": 1.8566918254885318, "z": 0.0, "MSE": 0.035765691986438655, "anchor 1 mse": 0.006664396862611705, "anchor 2 mse": 0.06046570355791615, "anchor 3 mse": 0.02254548390562039, "anchor 4 mse": 0.05338718361960637}
{"bot_id": "0000000000000b01", "x": 2.124852630590511, "y": 1.8273013171831776, "z": 0.0, "MSE": 0.02152805485012038, "anchor 1 mse": 0.00855699448822969, "anchor 2 mse": 0.005994146624247794, "anchor 3 mse": 0.022306134999931962, "anchor 4 mse": 0.04925494328807208}
{"bot_id": "0000000000000b01", "x": 2.0790212434346196, "y": 1.7524251971375824, "z": 0.0, "MSE": 0.029571233730070357, "anchor 1 mse": 0.028583529348736883, "anchor 2 mse": 0.007804164152211982, "anchor 3 mse": 0.005132445239659877, "anchor 4 mse": 0.07676479617967269}
{"bot_id": "0000000000000b01", "x": 2.181221007498294, "y": 1.6122113200141146, "z": 0.0, "MSE": 0.1055579556645822, "anchor 1 mse": 0.05874316391414082, "anchor 2 mse": 0.0554748422056202, "anchor 3 mse": 0.012404003173768463, "anchor 4 mse": 0.29560981336479936}
{"bot_id": "0000000000000b01", "x": 2.200682743627635, "y": 1.755331555826718, "z": 0.0, "MSE": 0.08414966271968932, "anchor 1 mse": 0.1406207916322871, "anchor 2 mse": 0.06296513822986892, "anchor 3 mse": 0.0007457822961015276, "anchor 4 mse": 0.13226693872049977}
{"bot_id": "0000000000000b01", "x": 2.091015909661326, "y": 1.521106560652504, "z": 0.0, "MSE": 0.13351452251395418, "anchor 1 mse": 0.030888717776782683, "anchor 2 mse": 0.02570911668228137, "anchor 3 mse": 0.006544619951450332, "anchor 4 mse": 0.4709156356453023}
{"bot_id": "0000000000000b01", "x": 1.7313701408062487, "y": 1.7349953568553418, "z": 0.0, "MSE": 0.049735027141446446, "anchor 1 mse": 0.029272434793147888, "anchor 2 mse": 0.013943286851932682, "anchor 3 mse": 0.03102638500701452, "anchor 4 mse": 0.1246980019136907}
{"bot_id": "0000000000000b01", "x": 1.7456695766504262, "y": 1.748485913774762, "z": 0.0, "MSE": 0.06514642491020581, "anchor 1 mse": 0.040297288080319564, "anchor 2 mse": 0.0027456374834906173, "anchor 3 mse": 0.04235136336977759, "anchor 4 mse": 0.17519141070723546}
{"bot_id": "0000000000000b01", "x": 2.02100773051547, "y": 1.7730530139698595, "z": 0.0, "MSE": 0.15869234935115373, "anchor 1 mse": 0.17516668781201303, "anchor 2 mse": 0.12989886739763407, "anchor 3 mse": 0.15605405892363042, "anchor 4 mse": 0.17364978327133737}
{"bot_id": "0000000000000b01", "x": 1.7897452401654022, "y": 1.6389838560844776, "z": 0.0, "MSE": 0.1197260450890345, "anchor 1 mse": 0.0659565962986905, "anchor 2 mse": 0.04896978115512481, "anchor 3 mse": 0.02120523713084891, "anchor 4 mse": 0.3427725657714738}
{"bot_id": "0000000000000b01", "x": 1.6365193874075714, "y": 2.0100877303757647, "z": 0.0, "MSE": 0.08130069454143286, "anchor 1 mse": 0.04081837100139031, "anchor 2 mse": 3.676057125977163e-06, "anchor 3 mse": 0.13465782707865237, "anchor 4 mse": 0.1497229040285628}
{"bot_id": "0000000000000b01", "x": 1.5003733270367947, "y": 1.975358585168624, "z": 0.0, "MSE": 0.05754012692210282, "anchor 1 mse": 0.05315640293525425, "anchor 2 mse": 0.0005751539467449033, "anchor 3 mse": 0.10466146070308735, "anchor 4 mse": 0.07176749010332477}
{"bot_id": "0000000000000b01", "x": 1.4131916934711979, "y": 2.319290244171378, "z": 0.0, "MSE": 0.10053636835568146, "anchor 1 mse": 0.22649924233641563, "anchor 2 mse": 0.04223621369163672, "anchor 3 mse": 0.12822753922956734, "anchor 4 mse": 0.0051824781651061145}
{"bot_id": "0000000000000b01", "x": 1.482743798669911, "y": 2.256094251538921, "z": 0.0, "MSE": 0.17256576833373893, "anchor 1 mse": 0.2497205163337431, "anchor 2 mse": 0.003565232869721861, "anchor 3 mse": 0.2946680675085597,