{"bot_id": "0000000000000b01", "x": 1.369863457560599, "y": 1.3700000000000006, "z": 2.976707220832294, "MSE": 12.614585897198959, "anchor 1 mse": 12.614211770915, "anchor 2 mse": 12.614211770914997, "anchor 3 mse": 12.614960023482913, "anchor 4 mse": 12.61496002348292}
{"bot_id": "0000000000000b01", "x": 2.6105569719097255, "y": 1.9398852063407026, "z": 1.0883283754510462, "MSE": 0.013314543822077272, "anchor 1 mse": 0.004853597315513169, "anchor 2 mse": 0.004994508794384673, "anchor 3 mse": 0.03496194934061709, "anchor 4 mse": 0.00844811983779416}
{"bot_id": "0000000000000b01", "x": 2.610856037450546, "y": 1.964514630962019, "z": 1.0461842036374245, "MSE": 0.010629367675713569, "anchor 1 mse": 0.0036966352416283755, "anchor 2 mse": 0.0038925103524101792, "anchor 3 mse": 0.028441828391487692, "anchor 4 mse": 0.006486496717328034}
{"bot_id": "0000000000000b01", "x": 2.6268467746045605, "y": 1.9731639973747168, "z": 1.0603450241060666, "MSE": 0.015427963743733085, "anchor 1 mse": 0.005220096936295421, "anchor 2 mse": 0.005664218013337627, "anchor 3 mse": 0.04139527544698199, "anchor 4 mse": 0.009432264578317305}
{"bot_id": "0000000000000b01", "x": 2.652657608785081, "y": 1.9965190381509756, "z": 1.0438805481756515, "MSE": 0.015337071180654966, "anchor 1 mse": 0.004939649560469197, "anchor 2 mse": 0.005472812172503475, "anchor 3 mse": 0.04184237934395508, "anchor 4 mse": 0.009093443645692109}
{"bot_id": "0000000000000b01", "x": 2.6686162696823374, "y": 1.9979307863755686, "z": 1.0544744561952044, "MSE": 0.006281094991178115, "anchor 1 mse": 0.0021575227677762972, "anchor 2 mse": 0.002134666791242728, "anchor 3 mse": 0.017262375872551083, "anchor 4 mse": 0.003569814533142352}
{"bot_id": "0000000000000b01", "x": 2.5677514609044967, "y": 1.9943230049200005, "z": 1.1222967081066706, "MSE": 0.009473777744042849, "anchor 1 mse": 0.003541313345051429, "anchor 2 mse": 0.0036221384886384596, "anchor 3 mse": 0.025090919297573445, "anchor 4 mse": 0.00564073984490806}
{"bot_id": "0000000000000b01", "x": 2.658227533828495, "y": 2.0673869638780626, "z": 1.0880081083676305, "MSE": 0.007219079837621861, "anchor 1 mse": 0.0023941252528608733, "anchor 2 mse": 0.002502652209222171, "anchor 3 mse": 0.020090144535823962, "anchor 4 mse": 0.0038893973525804394}
{"bot_id": "0000000000000b01", "x": 2.6224073044482266, "y": 1.9772757412848423, "z": 1.0525532270484514, "MSE": 0.01881457069960115, "anchor 1 mse": 0.006215982834228915, "anchor 2 mse": 0.006908646818632003, "anchor 3 mse": 0.050697371847186354, "anchor 4 mse": 0.011436281298357326}
{"bot_id": "0000000000000b01", "x": 2.526664233262889, "y": 1.8303301418889384, "z": 0.9608108590660891, "MSE": 0.02462579912628702, "anchor 1 mse": 0.008940032108164086, "anchor 2 mse": 0.009577048785753712, "anchor 3 mse": 0.06260617601954813, "anchor 4 mse": 0.01737993959168216}
{"bot_id": "0000000000000b01", "x": 2.4928636219644824, "y": 1.8910819179337055, "z": 0.8232791761884046, "MSE": 0.013323386871001064, "anchor 1 mse": 0.00428798719695755, "anchor 2 mse": 0.0050220125641756205, "anchor 3 mse": 0.03538492510861542, "anchor 4 mse": 0.008598622614255667}
{"bot_id": "0000000000000b01", "x": 2.463589217696557, "y": 1.6568531806281572, "z": 0.7533545668213893, "MSE": 0.04747179938280244, "anchor 1 mse": 0.017689364701389865, "anchor 2 mse": 0.01832188207670114, "anchor 3 mse": 0.11425630069983526, "anchor 4 mse": 0.03961965005328349}
{"bot_id": "0000000000000b01", "x": 2.311083143885828, "y": 1.695706895420631, "z": 0.7226688943291325, "MSE": 0.03382616485305516, "anchor 1 mse": 0.013489041947110984, "anchor 2 mse": 0.015122716952186609, "anchor 3 mse": 0.07864422843179342, "anchor 4 mse": 0.02804867208112962}
{"bot_id": "0000000000000b01", "x": 2.212182255280543, "y": 1.8349632618864766, "z": 0.5908808920947864, "MSE": 0.025423699764838555, "anchor 1 mse": 0.008888127634710679, "anchor 2 mse": 0.011640409657790543, "anchor 3 mse": 0.06392790416846106, "anchor 4 mse": 0.017238357598391926}
{"bot_id": "0000000000000b01", "x": 2.1795631275215044, "y": 1.795915618994065, "z": 0.6158938585143464, "MSE": 0.05411495008739528, "anchor 1 mse": 0.019747217613285333, "anchor 2 mse": 0.024399614458097844, "anchor 3 mse": 0.13605229412411854, "anchor 4 mse": 0.03626067415407941}
{"bot_id": "0000000000000b01", "x": 2.156562506841505, "y": 1.744514546793589, "z": 0.5812154565524786, "MSE": 0.021551726110327372, "anchor 1 mse": 0.008847554864260476, "anchor 2 mse": 0.010958988132418529, "anchor 3 mse": 0.04927334772498211, "anchor 4 mse": 0.01712701371964837}
{"bot_id": "0000000000000b01", "x": 2.0305846749788468, "y": 1.7644368365207537, "z": 0.8198614795982998, "MSE": 0.02081897994719804, "anchor 1 mse": 0.010452672243523461, "anchor 2 mse": 0.012695500604365131, "anchor 3 mse": 0.043464271281342684, "anchor 4 mse": 0.01666347565956088}
{"bot_id": "0000000000000b01", "x": 1.9967907057088083, "y": 1.7982316450162348, "z": 0.6956050622200638, "MSE": 0.008922350514244268, "anchor 1 mse": 0.004320422036192726, "anchor 2 mse": 0.005665826979713738, "anchor 3 mse": 0.018708307178230164, "anchor 4 mse": 0.006994845862840448}
{"bot_id": "0000000000000b01", "x": 1.9177972318617098, "y": 1.7190698275328657, "z": 0.6568589385976751, "MSE": 0.02167428814457112, "anchor 1 mse": 0.011649659478143145, "anchor 2 mse": 0.014463069653361318, "anchor 3 mse": 0.04252364846662915, "anchor 4 mse": 0.018060774980150865}
{"bot_id": "0000000000000b01", "x": 1.7430940199992746, "y": 1.7676720350336943, "z": 0.6649507267242042, "MSE": 0.016650281421886987, "anchor 1 mse": 0.010011701925151585, "anchor 2 mse": 0.013503353411719477, "anchor 3 mse": 0.029991106021190497, "anchor 4 mse": 0.013094964329486388}
{"bot_id": "0000000000000b01", "x": 1.7765663005019945, "y": 1.808487262113748, "z": 0.28999434854849515, "MSE": 0.024032007756868905, "anchor 1 mse": 0.012465416078398213, "anchor 2 mse": 0.017736832845493735, "anchor 3 mse": 0.04890165721425151, "anchor 4 mse": 0.01702412488933217}
{"bot_id": "0000000000000b01", "x": 1.7120715093228824, "y": 1.7793534519711984, "z": 0.6953312061792871, "MSE": 0.03931052429318427, "anchor 1 mse": 0.024118632209732208, "anchor 2 mse": 0.031445775581957935, "anchor 3 mse": 0.07256741658633185, "anchor 4 mse": 0.02911027279471505}
{"bot_id": "0000000000000b01", "x": 1.5125233717215567, "y": 1.708886170107258, "z": 0.7543879066646342, "MSE": 0.019989843338466467, "anchor 1 mse": 0.015268067443202558, "anchor 2 mse": 0.019626610093673752, "anchor 3 mse": 0.029488142068701623, "anchor 4 mse": 0.015576553748287944}
{"bot_id": "0000000000000b01", "x": 1.4519476635849, "y": 1.755277056361851, "z": 0.7531076078048552, "MSE": 0.021742063297713762, "anchor 1 mse": 0.016701256789472735, "anchor 2 mse": 0.022743979465215794, "anchor 3 mse": 0.031583043195731214, "anchor 4 mse": 0.01593997374043531}
{"bot_id": "0000000000000b01", "x": 1.4336426858587634, "y": 1.779464996635347, "z": 0.4939142726210101, "MSE": 0.006371406260506921, "anchor 1 mse": 0.004610465869486316, "anchor 2 mse": 0.00723043955167412, "anchor 3 mse": 0.009031908145193774, "anchor 4 mse": 0.004612811475673474}
{"bot_id": "0000000000000b01", "x": 1.3272736246955497, "y": 1.8047742378986025, "z": 0.5427218120917516, "MSE": 0.023520244261218085, "anchor 1 mse": 0.01824768956765637, "anchor 2 mse": 0.02823327751537121, "anchor 3 mse": 0.032055993999406854, "anchor 4 mse": 0.015544015962437907}
{"bot_id": "0000000000000b01", "x": 1.2675264423069807, "y": 1.9936787946758747, "z": 0.767123229387561, "MSE": 0.012574208278122634, "anchor 1 mse": 0.008820887032706547, "anchor 2 mse": 0.01717555842261296, "anchor 3 mse": 0.016989521843129008, "anchor 4 mse": 0.007310865814042024}
{"bot_id": "0000000000000b01", "x": 1.1773929554021918, "y": 1.9082818150273204, "z": 0.5976557953169178, "MSE": 0.00663684271457619, "anchor 1 mse": 0.004978330275139317, "anchor 2 mse": 0.009897603423085164, "anchor 3 mse": 0.007803672337830066, "anchor 4 mse": 0.0038677648222502133}
{"bot_id": "0000000000000b01",