{"bot_id": "0000000000000b01", "x": 1.3699999519685204, "y": 1.37, "z": 0.0, "MSE": 3.7538000000000036, "anchor 1 mse": 3.7537998683937492, "anchor 2 mse": 3.7537998683937492, "anchor 3 mse": 3.753800131606258, "anchor 4 mse": 3.753800131606258}
{"bot_id": "0000000000000b01", "x": 2.7958214356054096, "y": 2.053822600182198, "z": 0.0, "MSE": 0.08286640653010653, "anchor 1 mse": 0.011907526644729764, "anchor 2 mse": 0.017214921943846384, "anchor 3 mse": 0.23189596040827837, "anchor 4 mse": 0.0704472171235716}
{"bot_id": "0000000000000b01", "x": 2.780601758426921, "y": 2.07241157141178, "z": 0.0, "MSE": 0.07558820746091466, "anchor 1 mse": 0.009593034850552786, "anchor 2 mse": 0.014491600998234107, "anchor 3 mse": 0.22200874636874962, "anchor 4 mse": 0.056259447626122124}
{"bot_id": "0000000000000b01", "x": 2.8013839521551254, "y": 2.0833807223690144, "z": 0.0, "MSE": 0.07458028373039899, "anchor 1 mse": 0.012357473323504042, "anchor 2 mse": 0.01760718548201993, "anchor 3 mse": 0.20296622443330786, "anchor 4 mse": 0.06539025168276413}
{"bot_id": "0000000000000b01", "x": 2.8211153837560685, "y": 2.103750504094304, "z": 0.0, "MSE": 0.07013698250671783, "anchor 1 mse": 0.011915008750371098, "anchor 2 mse": 0.016391019119353242, "anchor 3 mse": 0.19237052994674514, "anchor 4 mse": 0.05987137221040187}
{"bot_id": "0000000000000b01", "x": 2.840159439059309, "y": 2.1068536758647363, "z": 0.0, "MSE": 0.08280845023028494, "anchor 1 mse": 0.007445746605198126, "anchor 2 mse": 0.010024761297600842, "anchor 3 mse": 0.26934061233886314, "anchor 4 mse": 0.04442268067947762}
{"bot_id": "0000000000000b01", "x": 2.760571015553956, "y": 2.1245136405314855, "z": 0.0, "MSE": 0.10737472958551345, "anchor 1 mse": 0.01069853618753779, "anchor 2 mse": 0.01733116077567334, "anchor 3 mse": 0.3412545543023484, "anchor 4 mse": 0.06021466707649427}
{"bot_id": "0000000000000b01", "x": 2.8371252693776197, "y": 2.1898358815310446, "z": 0.0, "MSE": 0.10053561213819551, "anchor 1 mse": 0.008825642556977839, "anchor 2 mse": 0.012105315950911466, "anchor 3 mse": 0.33794279339368205, "anchor 4 mse": 0.04326869665121072}
{"bot_id": "0000000000000b01", "x": 2.7942493453320747, "y": 2.0864183015924533, "z": 0.0, "MSE": 0.0706168200762888, "anchor 1 mse": 0.01374951840746125, "anchor 2 mse": 0.019692874120469522, "anchor 3 mse": 0.1799208104048781, "anchor 4 mse": 0.06910407737234636}
