{"bot_id": "0000000000000b01", "x": 1.3348945035338022, "y": 1.3700000000000012, "z": -3.688132081202854, "MSE": 17.357350644279833, "anchor 1 mse": 17.26116158396246, "anchor 2 mse": 17.26116158396245, "anchor 3 mse": 17.453539704597212, "anchor 4 mse": 17.45353970459722}
{"bot_id": "0000000000000b01", "x": 2.566262620041712, "y": 2.0086279168579138, "z": 2.4473450630415097, "MSE": 0.8853985335269938, "anchor 1 mse": 0.5119556206604565, "anchor 2 mse": 0.3730621623984186, "anchor 3 mse": 1.9326362848629666, "anchor 4 mse": 0.7239400661861337}
{"bot_id": "0000000000000b01", "x": 2.5683786705769283, "y": 2.0318201223923937, "z": 2.299310439281849, "MSE": 0.7224987313198408, "anchor 1 mse": 0.3987430524210303, "anchor 2 mse": 0.29075925372555195, "anchor 3 mse": 1.6180141209164358, "anchor 4 mse": 0.5824784982163452}
{"bot_id": "0000000000000b01", "x": 2.58573589601553, "y": 2.0404006933939574, "z": 2.3193429319687895, "MSE": 0.7518915152120936, "anchor 1 mse": 0.42052077922755887, "anchor 2 mse": 0.2843857209549334, "anchor 3 mse": 1.7357150647065902, "anchor 4 mse": 0.5669444959592923}
{"bot_id": "0000000000000b01", "x": 2.6135736518323527, "y": 2.0630838583874724, "z": 2.2482083619699638, "MSE": 0.6811000032333424, "anchor 1 mse": 0.3692402703847, "anchor 2 mse": 0.24336548071886382, "anchor 3 mse": 1.6162189550883252, "anchor 4 mse": 0.4955753067414802}
{"bot_id": "0000000000000b01", "x": 2.6273573852388794, "y": 2.066195807948559, "z": 2.3231330488952726, "MSE": 0.7293110029857817, "anchor 1 mse": 0.38504294215708557, "anchor 2 mse": 0.3150234893861071, "anchor 3 mse": 1.5913746235717503, "anchor 4 mse": 0.6258029568281841}
{"bot_id": "0000000000000b01", "x": 2.5269995438179578, "y": 2.061623322399499, "z": 2.4744776496479988, "MSE": 0.8865121402579834, "anchor 1 mse": 0.5094857884497427, "anchor 2 mse": 0.41119438431421096, "anchor 3 mse": 1.8895457633578612, "anchor 4 mse": 0.7358226249101187}
{"bot_id": "0000000000000b01", "x": 2.622564014312847, "y": 2.1342430773965053, "z": 2.3321617367680156, "MSE": 0.7246265743248155, "anchor 1 mse": 0.3813449829355352, "anchor 2 mse": 0.31520020516457664, "anchor 3 mse": 1.6190214159083127, "anchor 4 mse": 0.5829396932908371}
{"bot_id": "0000000000000b01", "x": 2.582310722689043, "y": 2.0436878891384, "z": 2.2767748386603506, "MSE": 0.7172054826182952, "anchor 1 mse": 0.4014299000734687, "anchor 2 mse": 0.2523956231479753, "anchor 3 mse": 1.7058681551295172, "anchor 4 mse": 0.5091282521222193}
{"bot_id": "0000000000000b01", "x": 2.4761912618454835, "y": 1.896186868778514, "z": 2.1637086890351096, "MSE": 0.6516714573648699, "anchor 1 mse": 0.39172216726765774, "anchor 2 mse": 0.19791413137208963, "anchor 3 mse": 1.5559065278104152, "anchor 4 mse": 0.4611430030093173}
{"bot_id": "0000000000000b01", "x": 2.4481225990339497, "y": 1.950850713375294, "z": 1.708927322012108, "MSE": 0.30005338747693505, "anchor 1 mse": 0.1571714636797259, "anchor 2 mse": 0.06662662932601861, "anchor 3 mse": 0.7829261155535714, "anchor 4 mse": 0.1934893413484244}
{"bot_id": "0000000000000b01", "x": 2.408392109694437, "y": 1.7131879298094306, "z": 1.6513318724319268, "MSE": 0.32323522811260225, "anchor 1 mse": 0.20756799977238558, "anchor 2 mse": 0.02736204271957563, "anchor 3 mse": 0.9266246298144594, "anchor 4 mse": 0.13138624014398848}
{"bot_id": "0000000000000b01", "x": 2.270687469030196, "y": 1.736542591042899, "z": 1.245748465547835, "MSE": 0.11566333336927376, "anchor 1 mse": 0.07742377006639592, "anchor 2 mse": 0.0003083412051270013, "anchor 3 mse": 0.3685150045655795, "anchor 4 mse": 0.01640621763999263}
{"bot_id": "0000000000000b01", "x": 2.1938979334900996, "y": 1.8559317168475218, "z": 0.7469806058519562, "MSE": 0.034146165214952, "anchor 1 mse": 0.01667097990819807, "anchor 2 mse": 0.008015134488493995, "anchor 3 mse": 0.10874128764358583, "anchor 4 mse": 0.0031572588195301}
{"bot_id": "0000000000000b01", "x": 2.161147009818222, "y": 1.815431433753654, "z": 0.7811018424500075, "MSE": 0.06644998316211805, "anchor 1 mse": 0.03188392379188045, "anchor 2 mse": 0.017690368149751563, "anchor 3 mse": 0.2039854278846166, "anchor 4 mse": 0.012240212822223609}
{"bot_id": "0000000000000b01", "x": 2.136118064675913, "y": 1.7650643240280777, "z": 0.7385465115129978, "MSE": 0.028371959125790516, "anchor 1 mse": 0.016316202325362454, "anchor 2 mse": 0.007833376895765796, "anchor 3 mse": 0.08646357257942318, "anchor 4 mse": 0.0028746847026106435}
{"bot_id": "0000000000000b01", "x": 1.9910484595103615, "y": 1.8001353839368468, "z": 1.3788618573712732, "MSE": 0.1182591830926386, "anchor 1 mse": 0.09462913938020258, "anchor 2 mse": 0.007719477907327423, "anchor 3 mse": 0.33533373563036595, "anchor 4 mse": 0.03535437945265847}
{"bot_id": "0000000000000b01", "x": 1.9600140675274729, "y": 1.83138554345643, "z": 1.1002330402554354, "MSE": 0.04850466412886172, "anchor 1 mse": 0.035847575985630986, "anchor 2 mse": 0.0011838248566955483, "anchor 3 mse": 0.14151362146946483, "anchor 4 mse": 0.015473634203655518}
{"bot_id": "0000000000000b01", "x": 1.9027876503526642, "y": 1.7308774407183505, "z": 0.8131216570559456, "MSE": 0.028359288146694788, "anchor 1 mse": 0.02182181102359371, "anchor 2 mse": 0.007709939498704853, "anchor 3 mse": 0.08001027600292758, "anchor 4 mse": 0.0038951260615530106}
{"bot_id": "0000000000000b01", "x": 1.724644757411146, "y": 1.776680136814568, "z": 0.832088712531649, "MSE": 0.023610358367420252, "anchor 1 mse": 0.020208573503268285, "anchor 2 mse": 0.005846395846349578, "anchor 3 mse": 0.06670971548092698, "anchor 4 mse": 0.0016767486391361637}
{"bot_id": "0000000000000b01", "x": 1.7594301348015935, "y": 1.8159739052665755, "z": 0.3148442491613571, "MSE": 0.02518776983424899, "anchor 1 mse": 0.011671568172644491, "anchor 2 mse": 0.021874475109112005, "anchor 3 mse": 0.05458912474547982, "anchor 4 mse": 0.01261591130975965}
{"bot_id": "0000000000000b01", "x": 1.6887918739147103, "y": 1.7890235345777938, "z": 0.9050681638677841, "MSE": 0.05273018923222633, "anchor 1 mse": 0.04469267144164384, "anchor 2 mse": 0.014629597435649495, "anchor 3 mse": 0.14579210436057038, "anchor 4 mse": 0.005806383691041604}
{"bot_id": "0000000000000b01", "x": 1.485795033246192, "y": 1.7227293974085, "z": 1.0389247868668667, "MSE": 0.03829050037799244, "anchor 1 mse": 0.04881866111847054, "anchor 2 mse": 0.0016898849698839503, "anchor 3 mse": 0.10253908771378709, "anchor 4 mse": 0.00011436770982817565}
{"bot_id": "0000000000000b01", "x": 1.4203178190565593, "y": 1.7678143758943985, "z": 1.0630919434723451, "MSE": 0.043710198302757484, "anchor 1 mse": 0.05500098111060043, "anchor 2 mse": 0.0013674810128106358, "anchor 3 mse": 0.11811680161765525, "anchor 4 mse": 0.00035552946996361207}
{"bot_id": "0000000000000b01", "x": 1.413169315930392, "y": 1.787324820378667, "z": 0.5768252073846968, "MSE": 0.007851812835628743, "anchor 1 mse": 0.006461584085458418, "anchor 2 mse": 0.0065176783751752804, "anchor 3 mse": 0.01749822622834014, "anchor 4 mse": 0.0009297626535411317}
{"bot_id": "0000000000000b01", "x": 1.2996753904984684, "y": 1.8100469578330391, "z": 0.6755378365396831, "MSE": 0.02749534392922915, "anchor 1 mse": 0.02511307696418259, "anchor 2 mse": 0.021017048805817312, "anchor 3 mse": 0.0589238012566948, "anchor 4 mse": 0.004927448690221889}
{"bot_id": "0000000000000b01", "x": 1.2485946143066553, "y": 2.0221770425579755, "z": 1.0907133648319969, "MSE": 0.03494182404022344, "anchor 1 mse": 0.05059223542920975, "anchor 2 mse": 0.00027657527740415004, "anchor 3 mse": 0.08539537931724282, "anchor 4 mse": 0.0035031061370370256}
{"bot_id": "0000000000000b01", "x": 1.1616620322443918, "y": 1.9332540419714093, "z": 0.7671825866775878, "MSE": 0.01079376901269717, "anchor 1 mse": 0.017511382228449817, "anchor 2 mse": 0.0026014488689509287, "anchor 3 mse": 0.022941791798198902, "anchor 4 mse": 0.00012045315518902567}
{"bot_id": "0000000000000b01", "x": 1.1714651813071253, "y": 1.9308077191071837, "z": 0.7428625957285611, "MSE": 0.012897863176156652,