{"bot_id": "0000000000000b01", "x": 2.3998235831178234, "y": 6.399591062274198, "z": 0.0, "MSE": 5.631529183852121e+17, "anchor 1 mse": 2402348570.5109744, "anchor 2 mse": 8.317844796595965, "anchor 3 mse": 2.918479897371803, "anchor 4 mse": 41.314554095204116}
{"bot_id": "0000000000000b01", "x": 2.399822487827431, "y": 6.3995885234805066, "z": 0.0, "MSE": 5.493838188510522e+17, "anchor 1 mse": 2372793983.422976, "anchor 2 mse": 8.317831417532787, "anchor 3 mse": 2.918470461354036, "anchor 4 mse": 41.31452028676689}
{"bot_id": "0000000000000b01", "x": 2.399824686720628, "y": 6.399593620336762, "z": 0.0, "MSE": 5.774656168878806e+17, "anchor 1 mse": 2432689470.417926, "anchor 2 mse": 8.31785827721583, "anchor 3 mse": 2.9184894050215684, "anchor 4 mse": 41.31458816025448}
{"bot_id": "0000000000000b01", "x": 2.5152302245902005, "y": 6.676965008976835, "z": 0.0, "MSE": 1810226.405563219, "anchor 1 mse": 5283.228543256791, "anchor 2 mse": 9.849380727615483, "anchor 3 mse": 4.034551919090761, "anchor 4 mse": 45.093416005268374}
{"bot_id": "0000000000000b01", "x": 2.5502238839860683, "y": 6.767535096751638, "z": 0.0, "MSE": 465744.2520706976, "anchor 1 mse": 2900.161644123046, "anchor 2 mse": 10.374836215402466, "anchor 3 mse": 4.434030233052622, "anchor 4 mse": 46.36236716186834}
{"bot_id": "0000000000000b01", "x": 2.040137107399942, "y": 5.619683600662492, "z": 0.0, "MSE": 56913.436570161466, "anchor 1 mse": 462.19590983255273, "anchor 2 mse": 4.834040622185232, "anchor 3 mse": 0.7295470355454398, "anchor 4 mse": 31.63850960190537}
{"bot_id": "0000000000000b01", "x": 2.423062639928557, "y": 6.45377670693089, "z": 0.0, "MSE": 1782257762.397698, "anchor 1 mse": 140291.08262231684, "anchor 2 mse": 8.606209953404727, "anchor 3 mse": 3.1231844496619225, "anchor 4 mse": 42.03944083619846}
{"bot_id": "0000000000000b01", "x": 0.9407098967178112, "y": 2.634300333975333, "z": 0.0, "MSE": 42.77281271617321, "anchor 1 mse": 2.263570024238111, "anchor 2 mse": 5.575190153202189, "anchor 3 mse": 5.428634525018069, "anchor 4 mse": 7.677917731181266}
{"bot_id": "0000000000000b01", "x": 2.093395093233175, "y": 5.7293283828907695, "z": 0.0, "MSE": 104030.67682793409, "anchor 1 mse": 670.5790386055767, "anchor 2 mse": 5.245954259619106, "anchor 3 mse": 0.9497319239796763, "anchor 4 mse": 32.911284399731066}
{"bot_id": "0000000000000b01", "x": 2.399821715964732, "y": 6.3995867343666175, "z": 0.0, "MSE": 5.3993274378153485e+17, "anchor 1 mse": 2352292931.4555764, "anchor 2 mse": 8.31782198917757, "anchor 3 mse": 2.9184638117045356, "anchor 4 mse": 41.31449646162407}
{"bot_id": "0000000000000b01", "x": 2.428040610507206, "y": 6.4654710835909945, "z": 0.0, "MSE": 800836061.5004796, "anchor 1 mse": 94812.99325595621, "anchor 2 mse": 8.669175136549967, "anchor 3 mse": 3.1682289387240257, "anchor 4 mse": 42.19675134119758}
{"bot_id": "0000000000000b01", "x": 2.4462439430222966, "y": 6.508522824633202, "z": 0.0, "MSE": 100806419.8018085, "anchor 1 mse": 34681.01704288253, "anchor 2 mse": 8.903159671065888, "anchor 3 mse": 3.336681476185621, "anchor 4 mse": 42.77850059266435}
{"bot_id": "0000000000000b01", "x": 2.399824676570434, "y": 6.399593596809421, "z": 0.0, "MSE": 5.773319196893679e+17, "anchor 1 mse": 2432407801.990315, "anchor 2 mse": 8.31785815323009, "anchor 3 mse": 2.918489317576526, "anchor 4 mse": 41.31458784694697}
{"bot_id": "0000000000000b01", "x": 2.399823249182721, "y": 6.3995902882397555, "z": 0.0, "MSE": 5.589097009472944e+17, "anchor 1 mse": 2393279644.3094482, "anchor 2 mse": 8.317840717548858, "anchor 3 mse": 2.918477020491061, "anchor 4 mse": 41.31454378759272}
{"bot_id": "0000000000000b01", "x": 2.3998239397420953, "y": 6.399591888900434, "z": 0.0, "MSE": 5.677290039609196e+17, "anchor 1 mse": 2412090721.7090683, "anchor 2 mse": 8.31784915279533, "anchor 3 mse": 2.918482969723788, "anchor 4 mse": 41.31456510316796}
{"bot_id": "0000000000000b01", "x": 2.3998247318893173, "y": 6.3995937250341814, "z": 0.0, "MSE": 5.780610432319841e+17, "anchor 1 mse": 2433943497.3697042, "anchor 2 mse": 8.317858828956362, "anchor 3 mse": 2.9184897941548202, "anchor 4 mse": 41.314589554482964}
{"bot_id": "0000000000000b01", "x": 0.9300949692781292, "y": 2.608673321374725, "z": 0.0, "MSE": 43.23659271992451, "anchor 1 mse": 2.4905398386790703, "anchor 2 mse": 5.666989264331363, "anchor 3 mse": 5.558647374930097, "anchor 4 mse": 7.5619112601274585}
{"bot_id": "0000000000000b01", "x": 2.399823819737614, "y": 6.399591610739731, "z": 0.0, "MSE": 5.661839742985209e+17, "anchor 1 mse": 2408805871.5017214, "anchor 2 mse": 8.317847686928959, "anchor 3 mse": 2.918481935873548, "anchor 4 mse": 41.314561398974966}
{"bot_id": "0000000000000b01", "x": 2.4157885235387675, "y": 6.436745286341802, "z": 0.0, "MSE": 8325507820.704726, "anchor 1 mse": 299648.2234648448, "anchor 2 mse": 8.514969322823724, "anchor 3 mse": 3.058130638084163, "anchor 4 mse": 41.81088538696546}
{"bot_id": "0000000000000b01", "x": 2.429459722249246, "y": 6.468810874953529, "z": 0.0, "MSE": 653854779.9094195, "anchor 1 mse": 85872.57434510802, "anchor 2 mse": 8.687204278394546, "anchor 3 mse": 3.1811492782972595, "anchor 4 mse": 42.24173367785113}
{"bot_id": "0000000000000b01", "x": 2.3998672911547714, "y": 6.399692375047531, "z": 0.0, "MSE": 1.758438062579136e+18, "anchor 1 mse": 4245378285.1749363, "anchor 2 mse": 8.318378709939752, "anchor 3 mse": 2.9188564617825734, "anchor 4 mse": 41.31590326223886}
{"bot_id": "0000000000000b01", "x": 0.9234898500807163, "y": 2.593366919123572, "z": 0.0, "MSE": 43.555760284755536, "anchor 1 mse": 2.639458517573106, "anchor 2 mse": 5.722063056820299, "anchor 3 mse": 5.63749959652972, "anchor 4 mse": 7.4938220201160135}
{"bot_id": "0000000000000b01", "x": 2.570130601497107, "y": 6.9094458948436985, "z": 0.0, "MSE": 10476.073913370545, "anchor 1 mse": 629.0647554077067, "anchor 2 mse": 11.055333292024816, "anchor 3 mse": 5.042863126635229, "anchor 4 mse": 48.33354371713473}
{"bot_id": "0000000000000b01", "x": 2.4693092483192696, "y": 6.563797088046071, "z": 0.0, "MSE": 18024003.467459798, "anchor 1 mse": 15267.529765655097, "anchor 2 mse": 9.208468331634878, "anchor 3 mse": 3.558955037685506, "anchor 4 mse": 43.531407082927785}
{"bot_id": "0000000000000b01", "x": 2.3998214930629542, "y": 6.399586217698859, "z": 0.0, "MSE": 5.372413135553164e+17, "anchor 1 mse": 2346421983.217682, "anchor 2 mse": 8.317819266419052, "anchor 3 mse": 2.9184618913924143, "anchor 4 mse": 41.31448958130146}
{"bot_id": "0000000000000b01", "x": 0.9266066012431343, "y": 2.600532634145389, "z": 0.0, "MSE": 43.402216901401815, "anchor 1 mse": 2.568408537142214, "anchor 2 mse": 5.696256486926773, "anchor 3 mse": 5.60047272245149, "anchor 4 mse": 7.525586010247225}
{"bot_id": "0000000000000b01", "x": 2.399825668192246, "y": 6.399595895310217, "z": 0.0, "MSE": 5.905783140579524e+17, "anchor 1 mse": 2460158178.970135, "anchor 2 mse": 8.317870266007656, "anchor 3 mse": 2.9184978605155685, "anchor 4 mse": 41.31461845549366}
{"bot_id": "0000000000000b01", "x": 2.3998217551564496, "y": 6.399586825209759, "z": 0.0, "MSE": 5.4040770554812506e+17, "anchor 1 mse": 2353327468.6703396, "anchor 2 mse": 8.317822467906819, "anchor 3 mse": 2.9184641493436017, "anchor 4 mse": 41.31449767135729}
{"bot_id": "0000000000000b01", "x": 2.3998217551564496, "y": 6.399586825209759, "z": 0.0, "MSE": 5.4040770554812506e+17, "anchor 1 mse": 2353327468.6703396, "anchor 2 mse": 8.317822467906819, "anchor 3 mse": 2.9184641493436017, "anchor 4 mse": 41.31449767135729}
{"bot_id": "0000000000000b01", "x": 2.3998217551564496, "y": 6.399586825209759, "z": 0.0, "MSE": 5.4040770554812506e+17, "anchor 1 mse": 2353327468.6703396, "anchor 2 mse": 8.317822467906819, "anchor 3 mse": 2.9184641493436017, "anchor 4 mse": 41.31449767135729}
{"bot_id": "0000000000000b01", "x": 2.3998217551564496, "y": 6.399586825209759, "z": 0.0, "MSE": 5.4040770554812506e+17, "anchor 1 mse": 2353327468.6703396, "anchor 2 mse": 8.317822467906819,