{"bot_id": "0000000000000b01", "x": 0.3998235831178224, "y": 4.399591062274205, "z": 0, "MSE": 600640972.4779698, "anchor 1 mse": 2402585512.4883943, "anchor 2 mse": 0.32018621502787337, "anchor 3 mse": 2.120821315803713, "anchor 4 mse": 21.31689551363608}
{"bot_id": "0000000000000b01", "x": 0.3998224878274298, "y": 4.399588523480514, "z": 0, "MSE": 593251993.6065332, "anchor 1 mse": 2373029463.4387426, "anchor 2 mse": 0.32018737230103017, "anchor 3 mse": 2.1208264161222834, "anchor 4 mse": 21.316876241535212}
{"bot_id": "0000000000000b01", "x": 0.3998246867206271, "y": 4.399593620336769, "z": 0, "MSE": 608226536.2715431, "anchor 1 mse": 2432927903.9282007, "anchor 2 mse": 0.32018504898626293, "anchor 3 mse": 2.1208161767920064, "anchor 4 mse": 21.31691493202499}
{"bot_id": "0000000000000b01", "x": 0.5152302245901993, "y": 4.676965008976842, "z": 0, "MSE": 1248.5212961881828, "anchor 1 mse": 4935.916575946919, "anchor 2 mse": 0.28059979334733565, "anchor 3 mse": 1.6657709848226179, "anchor 4 mse": 23.524635071000304}
{"bot_id": "0000000000000b01", "x": 0.550223883986067, "y": 4.767535096751645, "z": 0, "MSE": 673.6743698550098, "anchor 1 mse": 2644.0407210666426, "anchor 2 mse": 0.303800292451638, "anchor 3 mse": 1.5629943101017962, "anchor 4 mse": 24.29133123891759}
{"bot_id": "0000000000000b01", "x": 4.040137107399944, "y": 7.619683600662485, "z": 0, "MSE": 113.93672744251636, "anchor 1 mse": 355.42696401368033, "anchor 2 mse": 24.273323454434944, "anchor 3 mse": 12.968829867795145, "anchor 4 mse": 63.07779243415499}
{"bot_id": "0000000000000b01", "x": 0.423062639928556, "y": 4.453776706930897, "z": 0, "MSE": 34668.49192300257, "anchor 1 mse": 138484.22230835227, "anchor 2 mse": 0.29885256596693266, "anchor 3 mse": 2.015827062224131, "anchor 4 mse": 21.73208344876075}
{"bot_id": "0000000000000b01", "x": 1.0107098967178112, "y": 2.7043003339753326, "z": 0, "MSE": 5.24606302600254, "anchor 1 mse": 2.5417654930358635, "anchor 2 mse": 5.41349158549923, "anchor 3 mse": 5.014935957315109, "anchor 4 mse": 7.936219163478305}
{"bot_id": "0000000000000b01", "x": 4.093395093233177, "y": 7.729328382890762, "z": 0, "MSE": 161.17391472072586, "anchor 1 mse": 540.5160065860865, "anchor 2 mse": 25.33684816411486, "anchor 3 mse": 13.840625828475421, "anchor 4 mse": 65.00217830422676}
{"bot_id": "0000000000000b01", "x": 0.39982171596473115, "y": 4.399586734366625, "z": 0, "MSE": 588126499.0317224, "anchor 1 mse": 2352527392.0013576, "anchor 2 mse": 0.320188187852166, "anchor 3 mse": 2.120830010379134, "anchor 4 mse": 21.316862660298735}
{"bot_id": "0000000000000b01", "x": 0.42804061050720477, "y": 4.465471083591002, "z": 0, "MSE": 23372.169058167634, "anchor 1 mse": 93328.27829436732, "anchor 2 mse": 0.29512836015715904, "anchor 3 mse": 1.9941821623312221, "anchor 4 mse": 21.82270456480484}
{"bot_id": "0000000000000b01", "x": 0.44624394302229553, "y": 4.508522824633209, "z": 0, "MSE": 8472.893757567499, "anchor 1 mse": 33784.608133888694, "anchor 2 mse": 0.28409260044388873, "anchor 3 mse": 1.9176144055636248, "anchor 4 mse": 22.159433522042427}
{"bot_id": "0000000000000b01", "x": 0.3998246765704331, "y": 4.399593596809428, "z": 0, "MSE": 608156116.0289966, "anchor 1 mse": 2432646221.6969194, "anchor 2 mse": 0.32018505971066225, "anchor 3 mse": 2.1208162240571036, "anchor 4 mse": 21.31691475342761}
{"bot_id": "0000000000000b01", "x": 0.39982324918272016, "y": 4.399590288239763, "z": 0, "MSE": 598373639.2400712, "anchor 1 mse": 2393516138.6400676, "anchor 2 mse": 0.32018656785894384, "anchor 3 mse": 2.1208228708011516, "anchor 4 mse": 21.31688963790287}
{"bot_id": "0000000000000b01", "x": 0.3998239397420943, "y": 4.399591888900441, "z": 0, "MSE": 603076619.3001007, "anchor 1 mse": 2412328143.623681, "anchor 2 mse": 0.32018583822520624, "anchor 3 mse": 2.120819655153667, "anchor 4 mse": 21.316901788597907}
{"bot_id": "0000000000000b01", "x": 0.39982473188931633, "y": 4.3995937250341886, "z": 0, "MSE": 608540056.9676071, "anchor 1 mse": 2434181992.32614, "anchor 2 mse": 0.3201850012623606, "anchor 3 mse": 2.120815966460822, "anchor 4 mse": 21.316915726789034}
{"bot_id": "0000000000000b01", "x": 1.0000949692781291, "y": 2.678673321374725, "z": 0, "MSE": 5.328050328398206, "anchor 1 mse": 2.78189706416744, "anchor 2 mse": 5.500216825022763, "anchor 3 mse": 5.139874935621497, "anchor 4 mse": 7.815138820818858}
{"bot_id": "0000000000000b01", "x": 0.39982381973761283, "y": 4.399591610739738, "z": 0, "MSE": 602255370.0127584, "anchor 1 mse": 2409043131.7000093, "anchor 2 mse": 0.3201859650195725, "anchor 3 mse": 2.120820213964167, "anchor 4 mse": 21.316899677065656}
{"bot_id": "0000000000000b01", "x": 0.4157885235387664, "y": 4.436745286341809, "z": 0, "MSE": 74317.93666980744, "anchor 1 mse": 297005.7831089893, "anchor 2 mse": 0.30483408330144146, "anchor 3 mse": 2.047995398561882, "anchor 4 mse": 21.600750147443247}
{"bot_id": "0000000000000b01", "x": 0.42945972224924467, "y": 4.468810874953536, "z": 0, "MSE": 21153.407841721604, "anchor 1 mse": 84459.78000551091, "anchor 2 mse": 0.29412188958344077, "anchor 3 mse": 1.98806688948616, "anchor 4 mse": 21.8486512890401}
{"bot_id": "0000000000000b01", "x": 0.3998672911547704, "y": 4.399692375047538, "z": 0, "MSE": 1061416127.8655888, "anchor 1 mse": 4245693263.3802648, "anchor 2 mse": 0.3201400451305349, "anchor 3 mse": 2.1206177969733617, "anchor 4 mse": 21.317664597429726}
{"bot_id": "0000000000000b01", "x": 1.0034898500807163, "y": 2.663366919123572, "z": 0, "MSE": 5.383103534027935, "anchor 1 mse": 2.9511621906973633, "anchor 2 mse": 5.572192801510515, "anchor 3 mse": 5.199629341219937, "anchor 4 mse": 7.727951764806227}
{"bot_id": "0000000000000b01", "x": 0.5701306014971058, "y": 4.909445894843706, "z": 0, "MSE": 138.08490383063128, "anchor 1 mse": 513.0962478582312, "anchor 2 mse": 0.3370273066615912, "anchor 3 mse": 1.5245571412720098, "anchor 4 mse": 25.61523773177159}
{"bot_id": "0000000000000b01", "x": 0.46930924831926846, "y": 4.563797088046078, "z": 0, "MSE": 3688.458650375987, "anchor 1 mse": 14674.124028835253, "anchor 2 mse": 0.2760429861735089, "anchor 3 mse": 1.8265296922241427, "anchor 4 mse": 22.598981737466488}
{"bot_id": "0000000000000b01", "x": 0.3998214930629532, "y": 4.399586217698866, "z": 0, "MSE": 586658695.4674289, "anchor 1 mse": 2346656150.9972434, "anchor 2 mse": 0.32018842337178877, "anchor 3 mse": 2.120831048345158, "anchor 4 mse": 21.316858738254272}
{"bot_id": "0000000000000b01", "x": 1.0066066012431343, "y": 2.6705326341453888, "z": 0, "MSE": 5.357804697343178, "anchor 1 mse": 2.876034588178852, "anchor 2 mse": 5.547888111906029, "anchor 3 mse": 5.1641043474307455, "anchor 4 mse": 7.761217635226479}
{"bot_id": "0000000000000b01", "x": 0.39982566819224485, "y": 4.399595895310224, "z": 0, "MSE": 615094018.3348815, "anchor 1 mse": 2460397954.816548, "anchor 2 mse": 0.3201840119977961, "anchor 3 mse": 2.120811606505715, "anchor 4 mse": 21.31693220148387}
{"bot_id": "0000000000000b01", "x": 0.3998217551564486, "y": 4.3995868252097665, "z": 0, "MSE": 588385145.0458208, "anchor 1 mse": 2353561980.7674475, "anchor 2 mse": 0.3201881464419771, "anchor 3 mse": 2.1208298278787625, "anchor 4 mse": 21.316863349892518}
{"bot_id": "0000000000000b01", "x": 0.3998217551564486, "y": 4.3995868252097665, "z": 0, "MSE": 588385145.0458208, "anchor 1 mse": 2353561980.7674475, "anchor 2 mse": 0.3201881464419771, "anchor 3 mse": 2.1208298278787625, "anchor 4 mse": 21.316863349892518}
{"bot_id": "0000000000000b01", "x": 0.3998217551564486, "y": 4.3995868252097665, "z": 0, "MSE": 588385145.0458208, "anchor 1 mse": 2353561980.7674475, "anchor 2 mse": 0.3201881464419771, "anchor 3 mse": 2.1208298278787625, "anchor 4 mse": 21.316863349892518}
{"bot_id": "0000000000000b01", "x": 0.3998217551564486, "y": 4.3995868252097665, "z": 0, "MSE": 588385145.0458208, "anchor 1 mse": 2353561980.7674475, "anchor 2 mse": 0.3201881464419771, "anchor 3 mse": 2.1208298278787625,