{"bot_id": "0001020300010203", "x": 0.9329955003128835, "y": 2.094523638385379, "z": 0.0}
{"bot_id": "0001020300010203", "x": 0.927056539992031, "y": 2.0941359745397374, "z": 0.0}
