{"bot_id": "0001020300010203", "x": 3.289793438181559, "y": 2.093596965137678, "z": 0.0}
{"bot_id": "0001020300010203", "x": 3.289129530781654, "y": 2.087306693768734, "z": 0.0}
{"bot_id": "0001020300010203", "x": 3.2893467157429805, "y": 2.087710345655995, "z": 0.0}
{"bot_id": "0001020300010203", "x": 3.2893467157429805, "y": 2.087710345655995, "z": 0.0}
