{"bot_id": "0001020300010203", "x": 1.136577900410563, "y": 2.158388398357749, "z": 0.0}
{"bot_id": "0001020300010203", "x": 1.134205917258256, "y": 2.1571607059669766, "z": 0.0}
{"bot_id": "0001020300010203", "x": 1.1350090812902716, "y": 2.157576174838913, "z": 0.0}
{"bot_id": "0001020300010203", "x": 1.1350090812902716, "y": 2.157576174838913, "z": 0.0}
