{"bot_id": "0000000000000b01", "x": 0.9024635345757216, "y": 1.25, "z": 0.0, "MSE": 25.0, "anchor 1 mse": 2.3769404312389044, "anchor 2 mse": 2.3769404312389044, "anchor 3 mse": 4.114622758360298, "anchor 4 mse": 4.114622758360298}
{"bot_id": "0000000000000b01", "x": 0.9024635345757216, "y": 1.25, "z": 0.0, "MSE": 25.0, "anchor 1 mse": 2.3769404312389044, "anchor 2 mse": 2.3769404312389044, "anchor 3 mse": 4.114622758360298, "anchor 4 mse": 4.114622758360298}
{"bot_id": "0000000000000b01", "x": 1.7682433087369693, "y": 2.1619927224637894, "z": 0.0, "MSE": 103.11346102622376, "anchor 1 mse": 4.609572155304521, "anchor 2 mse": 3.240933318560506, "anchor 3 mse": 0.6497167748756593, "anchor 4 mse": 5.209680387194607}
