{"bot_id": "0000000000000b01", "x": 0.9024635345757216, "y": 1.25, "z": 0.0, "MSE": 25.0, "anchor 1 mse": 2.3769404312389044, "anchor 2 mse": 2.3769404312389044, "anchor 3 mse": 4.114622758360298, "anchor 4 mse": 4.114622758360298}
{"bot_id": "0000000000000b01", "x": 0.9024635345757216, "y": 1.25, "z": 0.0, "MSE": 25.0, "anchor 1 mse": 2.3769404312389044, "anchor 2 mse": 2.3769404312389044, "anchor 3 mse": 4.114622758360298, "anchor 4 mse": 4.114622758360298}
{"bot_id": "0000000000000b01", "x": 1.7682433087369693, "y": 2.1619927224637894, "z": 0.0, "MSE": 103.11346102622376, "anchor 1 mse": 4.609572155304521, "anchor 2 mse": 3.240933318560506, "anchor 3 mse": 0.6497167748756593, "anchor 4 mse": 5.209680387194607}
{"bot_id": "0000000000000b01", "x": 1.7682433087369693, "y": 2.1619927224637894, "z": 0.0, "MSE": 103.11346102622376, "anchor 1 mse": 4.609572155304521, "anchor 2 mse": 3.240933318560506, "anchor 3 mse": 0.6497167748756593, "anchor 4 mse": 5.209680387194607}
{"bot_id": "0000000000000b01", "x": 1.7682433087369693, "y": 2.1619927224637894, "z": 0.0, "MSE": 103.11346102622376, "anchor 1 mse": 4.609572155304521, "anchor 2 mse": 3.240933318560506, "anchor 3 mse": 0.6497167748756593, "anchor 4 mse": 5.209680387194607}
{"bot_id": "0000000000000b01", "x": 1.770192444888988, "y": 2.162491128613888, "z": 0.0, "MSE": 103.7460879862566, "anchor 1 mse": 4.645625747505323, "anchor 2 mse": 3.24749353020638, "anchor 3 mse": 0.6465313057614397, "anchor 4 mse": 5.208986948830881}
{"bot_id": "0000000000000b01", "x": 1.770192444888988, "y": 2.162491128613888, "z": 0.0, "MSE": 103.7460879862566, "anchor 1 mse": 4.645625747505323, "anchor 2 mse": 3.24749353020638, "anchor 3 mse": 0.6465313057614397, "anchor 4 mse": 5.208986948830881}
{"bot_id": "0000000000000b01", "x": 1.770192444888988, "y": 2.162491128613888, "z": 0.0, "MSE": 103.7460879862566, "anchor 1 mse": 4.645625747505323, "anchor 2 mse": 3.24749353020638, "anchor 3 mse": 0.6465313057614397, "anchor 4 mse": 5.208986948830881}
{"bot_id": "0000000000000b01", "x": 1.7721385731368668, "y": 2.1629927725002855, "z": 0.0, "MSE": 104.38210524828942, "anchor 1 mse": 4.681814995871964, "anchor 2 mse": 3.254048993786615, "anchor 3 mse": 0.6433561281022805, "anchor 4 mse": 5.208319990603709}
{"bot_id": "0000000000000b01", "x": 1.7721385731368668, "y": 2.1629927725002855, "z": 0.0, "MSE": 104.38210524828942, "anchor 1 mse": 4.681814995871964, "anchor 2 mse": 3.254048993786615, "anchor 3 mse": 0.6433561281022805, "anchor 4 mse": 5.208319990603709}
{"bot_id": "0000000000000b01", "x": 1.7721385731368668, "y": 2.1629927725002855, "z": 0.0, "MSE": 104.38210524828942, "anchor 1 mse": 4.681814995871964, "anchor 2 mse": 3.254048993786615, "anchor 3 mse": 0.6433561281022805, "anchor 4 mse": 5.208319990603709}
{"bot_id": "0000000000000b01", "x": 1.760416979367866, "y": 2.1600318024236067, "z": 0.0, "MSE": 100.6166192060924, "anchor 1 mse": 4.466713052425735, "anchor 2 mse": 3.214646316610023, "anchor 3 mse": 0.6625614197706933, "anchor 4 mse": 5.212720431888727}
{"bot_id": "0000000000000b01", "x": 1.760416979367866, "y": 2.1600318024236067, "z": 0.0, "MSE": 100.6166192060924, "anchor 1 mse": 4.466713052425735, "anchor 2 mse": 3.214646316610023, "anchor 3 mse": 0.6625614197706933, "anchor 4 mse": 5.212720431888727}
{"bot_id": "0000000000000b01", "x": 1.760416979367866, "y": 2.1600318024236067, "z": 0.0, "MSE": 100.6166192060924, "anchor 1 mse": 4.466713052425735, "anchor 2 mse": 3.214646316610023, "anchor 3 mse": 0.6625614197706933, "anchor 4 mse": 5.212720431888727}
{"bot_id": "0000000000000b01", "x": 1.425109965708352, "y": 2.100147105030103, "z": 0.0, "MSE": 35.18269524254214, "anchor 1 mse": 0.451554272395892, "anchor 2 mse": 2.1908207519770673, "anchor 3 mse": 1.3152709234353077, "anchor 4 mse": 5.5660064485858225}
{"bot_id": "0000000000000b01", "x": 1.425109965708352, "y": 2.100147105030103, "z": 0.0, "MSE": 35.18269524254214, "anchor 1 mse": 0.451554272395892, "anchor 2 mse": 2.1908207519770673, "anchor 3 mse": 1.3152709234353077, "anchor 4 mse": 5.5660064485858225}
{"bot_id": "0000000000000b01", "x": 1.425109965708352, "y": 2.100147105030103, "z": 0.0, "MSE": 35.18269524254214, "anchor 1 mse": 0.451554272395892, "anchor 2 mse": 2.1908207519770673, "anchor 3 mse": 1.3152709234353077, "anchor 4 mse": 5.5660064485858225}
{"bot_id": "0000000000000b01", "x": 1.3663933478371026, "y": 2.052479311804198, "z": 0.0, "MSE": 28.756449549327005, "anchor 1 mse": 0.1400966013918828, "anchor 2 mse": 2.0673055473767294, "anchor 3 mse": 1.4853388081912167, "anchor 4 mse": 5.497735367212207}
{"bot_id": "0000000000000b01", "x": 1.3663933478371026, "y": 2.052479311804198, "z": 0.0, "MSE": 28.756449549327005, "anchor 1 mse": 0.1400966013918828, "anchor 2 mse": 2.0673055473767294, "anchor 3 mse": 1.4853388081912167, "anchor 4 mse": 5.497735367212207}
{"bot_id": "0000000000000b01", "x": 1.3663933478371026, "y": 2.052479311804198, "z": 0.0, "MSE": 28.756449549327005, "anchor 1 mse": 0.1400966013918828, "anchor 2 mse": 2.0673055473767294, "anchor 3 mse": 1.4853388081912167, "anchor 4 mse": 5.497735367212207}
{"bot_id": "0000000000000b01", "x": 1.3648608211618283, "y": 2.050637311016289, "z": 0.0, "MSE": 28.61131150329417, "anchor 1 mse": 0.1344522842915895, "anchor 2 mse": 2.0647718873932113, "anchor 3 mse": 1.49046778158407, "anchor 4 mse": 5.493654336665516}
{"bot_id": "0000000000000b01", "x": 1.3648608211618283, "y": 2.050637311016289, "z": 0.0, "MSE": 28.61131150329417, "anchor 1 mse": 0.1344522842915895, "anchor 2 mse": 2.0647718873932113, "anchor 3 mse": 1.49046778158407, "anchor 4 mse": 5.493654336665516}
{"bot_id": "0000000000000b01", "x": 1.3648608211618283, "y": 2.050637311016289, "z": 0.0, "MSE": 28.61131150329417, "anchor 1 mse": 0.1344522842915895, "anchor 2 mse": 2.0647718873932113, "anchor 3 mse": 1.49046778158407, "anchor 4 mse": 5.493654336665516}
{"bot_id": "0000000000000b01", "x": 1.3725308151477456, "y": 2.059526576229777, "z": 0.0, "MSE": 29.35124887345837, "anchor 1 mse": 0.16404700066672828, "anchor 2 mse": 2.077857675577997, "anchor 3 mse": 1.4652035998392694, "anchor 4 mse": 5.512836480988155}
{"bot_id": "0000000000000b01", "x": 1.3725308151477456, "y": 2.059526576229777, "z": 0.0, "MSE": 29.35124887345837, "anchor 1 mse": 0.16404700066672828, "anchor 2 mse": 2.077857675577997, "anchor 3 mse": 1.4652035998392694, "anchor 4 mse": 5.512836480988155}
{"bot_id": "0000000000000b01", "x": 1.3725308151477456, "y": 2.059526576229777, "z": 0.0, "MSE": 29.35124887345837, "anchor 1 mse": 0.16404700066672828, "anchor 2 mse": 2.077857675577997, "anchor 3 mse": 1.4652035998392694, "anchor 4 mse": 5.512836480988155}
{"bot_id": "0000000000000b01", "x": 1.456349305036047, "y": 2.112075616055455, "z": 0.0, "MSE": 39.12065516113329, "anchor 1 mse": 0.6797917475407731, "anchor 2 mse": 2.2714386259377317, "anchor 3 mse": 1.2396921007574968, "anchor 4 mse": 5.550070181034772}
{"bot_id": "0000000000000b01", "x": 1.456349305036047, "y": 2.112075616055455, "z": 0.0, "MSE": 39.12065516113329, "anchor 1 mse": 0.6797917475407731, "anchor 2 mse": 2.2714386259377317, "anchor 3 mse": 1.2396921007574968, "anchor 4 mse": 5.550070181034772}
{"bot_id": "0000000000000b01", "x": 1.456349305036047, "y": 2.112075616055455, "z": 0.0, "MSE": 39.12065516113329, "anchor 1 mse": 0.6797917475407731, "anchor 2 mse": 2.2714386259377317, "anchor 3 mse": 1.2396921007574968, "anchor 4 mse": 5.550070181034772}
{"bot_id": "0000000000000b01", "x": 1.4617641486645572, "y": 2.11357842927393, "z": 0.0, "MSE": 39.83333310923181, "anchor 1 mse": 0.7228082256189294, "anchor 2 mse": 2.2860760566434206, "anchor 3 mse": 1.2272553133206348, "anchor 4 mse": 5.545147459690285}
{"bot_id": "0000000000000b01", "x": 1.4617641486645572, "y": 2.11357842927393, "z": 0.0, "MSE": 39.83333310923181, "anchor 1 mse": 0.7228082256189294, "anchor 2 mse": 2.2860760566434206, "anchor 3 mse": 1.2272553133206348, "anchor 4 mse": 5.545147459690285}
{"bot_id": "0000000000000b01",