{"bot_id": "0000000000000b01", "x": 0.011598112266998284, "y": 1.033922351810755, "z": 0, "MSE": 1.4896871298935324, "anchor 1 mse": 1.0691299457820405, "anchor 2 mse": 0.9334405385390205, "anchor 3 mse": 1.910244314005024, "anchor 4 mse": 2.045933721248044}
{"bot_id": "0000000000000b01", "x": 0.5065343218060488, "y": 1.0077364629315888, "z": 0, "MSE": 1.250102550220157, "anchor 1 mse": 1.2721097978893836, "anchor 2 mse": 1.2411639461630284, "anchor 3 mse": 1.2280953025509302, "anchor 4 mse": 1.2590411542772857}
{"bot_id": "0000000000000b01", "x": 0.5011659109327221, "y": 0.9901442024938828, "z": 0.0, "MSE": 1.2500984960927846, "anchor 1 mse": 1.2315528120132724, "anchor 2 mse": 1.2709760020377405, "anchor 3 mse": 1.2686441801722967, "anchor 4 mse": 1.2292209901478284}
{"bot_id": "0000000000000b01", "x": 0.5011659109327221, "y": 0.9901442024938828, "z": 0.0, "MSE": 1.2500984960927846, "anchor 1 mse": 1.2315528120132724, "anchor 2 mse": 1.2709760020377405, "anchor 3 mse": 1.2686441801722967, "anchor 4 mse": 1.2292209901478284}
{"bot_id": "0000000000000b01", "x": 0.5158760665697212, "y": 1.0186224926943903, "z": 0.0, "MSE": 1.2505988467238789, "anchor 1 mse": 1.3037198986823806, "anchor 2 mse": 1.229229927904819, "anchor 3 mse": 1.1974777947653772, "anchor 4 mse": 1.2719677655429382}
{"bot_id": "0000000000000b01", "x": 0.5262446752165754, "y": 1.0427365486287168, "z": 0.0, "MSE": 1.2525151955659182, "anchor 1 mse": 1.3642329680399272, "anchor 2 mse": 1.19328677352506, "anchor 3 mse": 1.1407974230919091, "anchor 4 mse": 1.3117436176067763}
{"bot_id": "0000000000000b01", "x": 0.46329808382180204, "y": 1.074774233032633, "z": 0.0, "MSE": 1.25693821657677, "anchor 1 mse": 1.369784766463838, "anchor 2 mse": 1.0706878343333057, "anchor 3 mse": 1.1440916666897016, "anchor 4 mse": 1.4431885988202342}
{"bot_id": "0000000000000b01", "x": 0.45527846951811113, "y": 1.036435813068862, "z": 0.0, "MSE": 1.2533275837626316, "anchor 1 mse": 1.2814776794184668, "anchor 2 mse": 1.1357344271430185, "anchor 3 mse": 1.2251774881067967, "anchor 4 mse": 1.3709207403822448}
{"bot_id": "0000000000000b01", "x": 0.45527846951811113, "y": 1.036435813068862, "z": 0.0, "MSE": 1.2533275837626316, "anchor 1 mse": 1.2814776794184668, "anchor 2 mse": 1.1357344271430185, "anchor 3 mse": 1.2251774881067967, "anchor 4 mse": 1.3709207403822448}
{"bot_id": "0000000000000b01", "x": 0.44743270431418697, "y": 1.0561341040953225, "z": 0.0, "MSE": 1.255914358218304, "anchor 1 mse": 1.3156152707231363, "anchor 2 mse": 1.091078854341846, "anchor 3 mse": 1.1962134457134723, "anchor 4 mse": 1.4207498620947618}
{"bot_id": "0000000000000b01", "x": 0.44278369563568054, "y": 0.7675850193840146, "z": 0.0, "MSE": 1.3072904286998392, "anchor 1 mse": 0.7852441631035489, "anchor 2 mse": 1.7149040855674909, "anchor 3 mse": 1.8293366942961293, "anchor 4 mse": 0.8996767718321879}
{"bot_id": "0000000000000b01", "x": 0.45536831510423714, "y": 0.7331774375764721, "z": 0.0, "MSE": 1.3231862671148924, "anchor 1 mse": 0.7449094573720735, "anchor 2 mse": 1.812199707066185, "anchor 3 mse": 1.901463076857711, "anchor 4 mse": 0.8341728271635992}
{"bot_id": "0000000000000b01", "x": 0.49580570665357315, "y": 1.2192723297735142, "z": 0.0, "MSE": 1.2980979467009806, "anchor 1 mse": 1.7324483129015824, "anchor 2 mse": 0.8553589938075254, "anchor 3 mse": 0.863747580500379, "anchor 4 mse": 1.7408368995944357}
{"bot_id": "0000000000000b01", "x": 0.4925074355268103, "y": 1.231945133098982, "z": 0.0, "MSE": 1.3038546832906892, "anchor 1 mse": 1.7602523850154637, "anchor 2 mse": 0.8324718526195357, "anchor 3 mse": 0.8474569815659151, "anchor 4 mse": 1.775237513961843}
