{"bot_id": "0000000000000b01", "x": -0.1929479685474526, "y": 1.0390519636222966, "z": 0.0, "MSE": 0.04915425611148821, "anchor 1 mse": 0.02662935079539819, "anchor 2 mse": 0.1559242385079503, "anchor 3 mse": 0.01738283551129735, "anchor 4 mse": 0.002808000436576807}
{"bot_id": "0000000000000b01", "x": -0.17781616942401357, "y": 1.0225488104578218, "z": 0.0, "MSE": 0.06116119731819132, "anchor 1 mse": 0.05621909426142872, "anchor 2 mse": 0.10989653167890741, "anchor 3 mse": 0.01453848237218792, "anchor 4 mse": 0.00040958310454824114}
{"bot_id": "0000000000000b01", "x": -0.15841470171137512, "y": 1.0573955700815614, "z": 0.0, "MSE": 0.04643650067767394, "anchor 1 mse": 0.042355185759904435, "anchor 2 mse": 0.13629137858325757, "anchor 3 mse": 0.00873508204972147, "anchor 4 mse": 0.0001335895349065782}
{"bot_id": "0000000000000b01", "x": -0.210947682227773, "y": 1.0815723072554038, "z": 0.0, "MSE": 0.04421826789649268, "anchor 1 mse": 0.013935397777026633, "anchor 2 mse": 0.08860031450628321, "anchor 3 mse": 0.00899400723131086, "anchor 4 mse": 0.0021496466411144778}
{"bot_id": "0000000000000b01", "x": -0.2139151927369875, "y": 1.1008565554431, "z": 0.0, "MSE": 0.02943235755003415, "anchor 1 mse": 0.009712562732915483, "anchor 2 mse": 0.09970469670388182, "anchor 3 mse": 0.0073351064493726486, "anchor 4 mse": 0.008787557315894692}
{"bot_id": "0000000000000b01", "x": -0.12384578011029274, "y": 1.0463197278225496, "z": 0.0, "MSE": 0.02690622548754202, "anchor 1 mse": 0.027681097064837266, "anchor 2 mse": 0.11109687913774545, "anchor 3 mse": 0.0023963282178637614, "anchor 4 mse": 8.991584558174766e-05}
{"bot_id": "0000000000000b01", "x": -0.14853949413625087, "y": 1.0410824797532547, "z": 0.0, "MSE": 0.03961952671279897, "anchor 1 mse": 0.049896057070233216, "anchor 2 mse": 0.10539505655147312, "anchor 3 mse": 0.0031603687158295087, "anchor 4 mse": 2.6624513660020603e-05}
{"bot_id": "0000000000000b01", "x": -0.1805340326613518, "y": 1.0572138933040967, "z": 0.0, "MSE": 0.03859273683037636, "anchor 1 mse": 0.03704951902698117, "anchor 2 mse": 0.11228147804564333, "anchor 3 mse": 0.005012152886402439, "anchor 4 mse": 2.779736247850776e-05}
{"bot_id": "0000000000000b01", "x": -0.18143035075873823, "y": 1.055371230941786, "z": 0.0, "MSE": 0.039330082730789626, "anchor 1 mse": 0.03769319183244465, "anchor 2 mse": 0.1143155209160354, "anchor 3 mse": 0.0045761272712547, "anchor 4 mse": 3.4020115343848475e-05}
{"bot_id": "0000000000000b01", "x": -0.18249540410779452, "y": 1.0439695592252547, "z": 0.0, "MSE": 0.0362717621435262, "anchor 1 mse": 0.03247187454042301, "anchor 2 mse": 0.10673762753626799, "anchor 3 mse": 0.005718603213931382, "anchor 4 mse": 0.00015894328348240903}
{"bot_id": "0000000000000b01", "x": -0.18249540410779452, "y": 1.0439695592252547, "z": 0.0, "MSE": 0.0362717621435262, "anchor 1 mse": 0.03247187454042301, "anchor 2 mse": 0.1736449326281959, "anchor 3 mse": 0.005718603213931382, "anchor 4 mse": 0.00015894328348240903}
{"bot_id": "0000000000000b01", "x": -0.19856327305061203, "y": 1.008631391003626, "z": 0.0, "MSE": 0.05032311214911781, "anchor 1 mse": 0.053828365607702426, "anchor 2 mse": 0.14359673467486034, "anchor 3 mse": 0.013324318925990791, "anchor 4 mse": 0.0005527158628727877}
{"bot_id": "0000000000000b01", "x": -0.14554959947245172, "y": 0.9860774156306367, "z": 0.0, "MSE": 0.05278937828786549, "anchor 1 mse": 0.06929454283740653, "anchor 2 mse": 0.13372463607802731, "anchor 3 mse": 0.00806608594821141, "anchor 4 mse": 7.224828781671034e-05}
{"bot_id": "0000000000000b01", "x": -0.13513576250528334, "y": 1.0088979262893025, "z": 0.0, "MSE": 0.04378286423793386, "anchor 1 mse": 0.058608535628079404, "anchor 2 mse": 0.11204252583799414, "anchor 3 mse": 0.0051728984512115755, "anchor 4 mse": 1.7256803767299427e-06}
{"bot_id": "0000000000000b01", "x": -0.13150964789217517, "y": 1.0109068245020691, "z": 0.0, "MSE": 0.04404883828465313, "anchor 1 mse": 0.05787631535908629, "anchor 2 mse": 0.1137054427702862, "anchor 3 mse": 0.004606389113966734, "anchor 4 mse": 0.011595925667458132}
{"bot_id": "0000000000000b01", "x": -0.2152120355936507, "y": 1.0819701640916732, "z": 0.0, "MSE": 0.052123172744893156, "anchor 1 mse": 0.04701689850761474, "anchor 2 mse": 0.15372802645594935, "anchor 3 mse": 0.007743426309498611, "anchor 4 mse": 4.339706509888708e-06}
{"bot_id": "0000000000000b01", "x": -0.22227294853772814, "y": 1.0701016653624729, "z": 0.0, "MSE": 0.057229680015076334, "anchor 1 mse": 0.05155520604028953, "anchor 2 mse": 0.16720392883594556, "anchor 3 mse": 0.010159355818399118, "anchor 4 mse": 2.2936567113371174e-07}
{"bot_id": "0000000000000b01", "x": -0.2153240910151796, "y": 1.0742565061057523, "z": 0.0, "MSE": 0.05818943659978534, "anchor 1 mse": 0.05034468036428908, "anchor 2 mse": 0.1718472196014523, "anchor 3 mse": 0.010557132079913349, "anchor 4 mse": 8.714353486627703e-06}
{"bot_id": "0000000000000b01", "x": -0.16232090910237593, "y": 1.0394570997774033, "z": 0.0, "MSE": 0.057875346948439606, "anchor 1 mse": 0.09177584096520468, "anchor 2 mse": 0.1527546878995027, "anchor 3 mse": 0.006865272912709302, "anchor 4 mse": 8.675541888829294e-05}
{"bot_id": "0000000000000b01", "x": -0.16720777465641765, "y": 1.0540342832569702, "z": 0.0, "MSE": 0.06321062606040688, "anchor 1 mse": 0.08282051526587329, "anchor 2 mse": 0.10848474081623391, "anchor 3 mse": 0.0059917577529898635, "anchor 4 mse": 0.0005149576357439436}
{"bot_id": "0000000000000b01", "x": -0.13687729640656993, "y": 1.068642071013407, "z": 0.0, "MSE": 0.05026800111079355, "anchor 1 mse": 0.024846462925588803, "anchor 2 mse": 0.27419643735884136, "anchor 3 mse": 0.0012017180500875242, "anchor 4 mse": 0.0012449539254210037}
{"bot_id": "0000000000000b01", "x": -0.15429577249024704, "y": 0.9477759282243227, "z": 0.0, "MSE": 0.06345079429817237, "anchor 1 mse": 0.07548575048592172, "anchor 2 mse": 0.16122096376929812, "anchor 3 mse": 0.016107072732688646, "anchor 4 mse": 0.0009893902047810159}
{"bot_id": "0000000000000b01", "x": -0.15429577249024704, "y": 0.9477759282243227, "z": 0.0, "MSE": 0.06345079429817237, "anchor 1 mse": 0.07548575048592172, "anchor 2 mse": 0.16122096376929812, "anchor 3 mse": 0.013668799876379615, "anchor 4 mse": 0.0009893902047810159}
{"bot_id": "0000000000000b01", "x": -0.16071058602829882, "y": 0.9438117752475444, "z": 0.0, "MSE": 0.0626740408142761, "anchor 1 mse": 0.061307363553585924, "anchor 2 mse": 0.1573350332574384, "anchor 3 mse": 0.015456838321955635, "anchor 4 mse": 0.0024005502563184114}
{"bot_id": "0000000000000b01", "x": -0.17030675683185348, "y": 0.942692846249141, "z": 0.0, "MSE": 0.05889410214146006, "anchor 1 mse": 0.06103215739130137, "anchor 2 mse": 0.1552868435411919, "anchor 3 mse": 0.026304364806091184, "anchor 4 mse": 0.0017842150743145513}
{"bot_id": "0000000000000b01", "x": -0.13148996685048164, "y": 1.0040984417235839, "z": 0.0, "MSE": 0.041474009309995376, "anchor 1 mse": 0.036990304113860895, "anchor 2 mse": 0.11933954626484863, "anchor 3 mse": 0.00852763025926822, "anchor 4 mse": 0.0010385566020037532}
{"bot_id": "0000000000000b01", "x": -0.13148996685048164, "y": 1.0040984417235839, "z": 0.0, "MSE": 0.041474009309995376, "anchor 1 mse": 0.024752299614198885, "anchor 2 mse": 0.11933954626484863, "anchor 3 mse": 0.00852763025926822, "anchor 4 mse": 0.0010385566020037532}
{"bot_id": "0000000000000b01", "x": -0.1267809364373785, "y": 0.9921737344101719, "z": 0.0, "MSE": 0.03794797788125627, "anchor 1 mse": 0.028818106707111293, "anchor 2 mse": 0.17158710681906905, "anchor 3 mse": 0.009358066568563948, "anchor 4 mse": 0.0019055499960089017}
{"bot_id": "0000000000000b01", "x": -0.13835196339447678, "y": 0.9585820801294231, "z": 0.0, "MSE": 0.051034604273298874, "anchor 1 mse": 0.04059629574204693, "anchor 2 mse": 0.14396884958131947, "anchor 3 mse": 0.01900354760599134, "anchor 4 mse": 0.0032267912726323526}
{"bot_id": "0000000000000b01", "x": -0.17940789219689862, "y": 0.9899912956078699, "z": 0.0,