{"bot_id": "0000000000000b01", "x": 0.9415540784686995, "y": 0.006989519265427804, "z": 0.0, "MSE": 11.812136493055046, "anchor 1 mse": 0.039370488042285816, "anchor 2 mse": 0.004125054832021365, "anchor 3 mse": 0.05113601025209502, "anchor 4 mse": 0.0034647791232047176}
{"bot_id": "0000000000000b01", "x": 0.4032604647654881, "y": 0.8199175474642617, "z": 0.0, "MSE": 9.160573419340093, "anchor 1 mse": 0.05120275016744626, "anchor 2 mse": 0.7973024956523455, "anchor 3 mse": 0.8057190827602556, "anchor 4 mse": 0.1567508461082113}
{"bot_id": "0000000000000b01", "x": 0.4032604647654881, "y": 0.8199175474642617, "z": 0.0, "MSE": 9.160573419340093, "anchor 1 mse": 0.05120275016744626, "anchor 2 mse": 0.7973024956523455, "anchor 3 mse": 0.8057190827602556, "anchor 4 mse": 0.1567508461082113}
{"bot_id": "0000000000000b02", "x": 0.929475073182292, "y": 0.5512875421627522, "z": 0.0, "MSE": 11.772548633283037, "anchor 1 mse": 0.0009404847797597877, "anchor 2 mse": 0.5606308539704782, "anchor 3 mse": 0.6473360102076522, "anchor 4 mse": 0.4150190478575614}
{"bot_id": "0000000000000b02", "x": 0.929475073182292, "y": 0.5512875421627522, "z": 0.0, "MSE": 11.772548633283037, "anchor 1 mse": 0.0009404847797597877, "anchor 2 mse": 0.5606308539704782, "anchor 3 mse": 0.6473360102076522, "anchor 4 mse": 0.4150190478575614}
{"bot_id": "0000000000000b02", "x": 0.929475073182292, "y": 0.5512875421627522, "z": 0.0, "MSE": 11.772548633283037, "anchor 1 mse": 0.0009404847797597877, "anchor 2 mse": 0.5606308539704782, "anchor 3 mse": 0.6473360102076522, "anchor 4 mse": 0.4150190478575614}
{"bot_id": "0000000000000b02", "x": 0.929475073182292, "y": 0.5512875421627522, "z": 0.0, "MSE": 11.772548633283037, "anchor 1 mse": 0.0009404847797597877, "anchor 2 mse": 0.5606308539704782, "anchor 3 mse": 0.6473360102076522, "anchor 4 mse": 0.4150190478575614}
{"bot_id": "0000000000000b01", "x": 0.4032604647654881, "y": 0.8199175474642617, "z": 0.0, "MSE": 9.160573419340093, "anchor 1 mse": 0.05120275016744626, "anchor 2 mse": 0.7973024956523455, "anchor 3 mse": 0.8057190827602556, "anchor 4 mse": 0.1567508461082113}
{"bot_id": "0000000000000b01", "x": 0.4032604647654881, "y": 0.8199175474642617, "z": 0.0, "MSE": 9.160573419340093, "anchor 1 mse": 0.05120275016744626, "anchor 2 mse": 0.7973024956523455, "anchor 3 mse": 0.8057190827602556, "anchor 4 mse": 0.1567508461082113}
{"bot_id": "0000000000000b01", "x": 0.4032604647654881, "y": 0.8199175474642617, "z": 0.0, "MSE": 9.160573419340093, "anchor 1 mse": 0.05120275016744626, "anchor 2 mse": 0.7973024956523455, "anchor 3 mse": 0.8057190827602556, "anchor 4 mse": 0.1567508461082113}
{"bot_id": "0000000000000b01", "x": 0.4032604647654881, "y": 0.8199175474642617, "z": 0.0, "MSE": 9.160573419340093, "anchor 1 mse": 0.05120275016744626, "anchor 2 mse": 0.7973024956523455, "anchor 3 mse": 0.8057190827602556, "anchor 4 mse": 0.1567508461082113}
{"bot_id": "0000000000000b01", "x": 0.4032604647654881, "y": 0.8199175474642617, "z": 0.0, "MSE": 9.160573419340093, "anchor 1 mse": 0.05120275016744626, "anchor 2 mse": 0.7973024956523455, "anchor 3 mse": 0.8057190827602556, "anchor 4 mse": 0.1567508461082113}
{"bot_id": "0000000000000b01", "x": 0.4032604647654881, "y": 0.8199175474642617, "z": 0.0, "MSE": 9.160573419340093, "anchor 1 mse": 0.05120275016744626, "anchor 2 mse": 0.7973024956523455, "anchor 3 mse": 0.8057190827602556, "anchor 4 mse": 0.1567508461082113}
{"bot_id": "0000000000000b01", "x": 0.4032604647654881, "y": 0.8199175474642617, "z": 0.0, "MSE": 9.160573419340093, "anchor 1 mse": 0.05120275016744626, "anchor 2 mse": 0.7973024956523455, "anchor 3 mse": 0.8057190827602556, "anchor 4 mse": 0.1567508461082113}
{"bot_id": "0000000000000b01", "x": 0.4032604647654881, "y": 0.8199175474642617, "z": 0.0, "MSE": 9.160573419340093, "anchor 1 mse": 0.05120275016744626, "anchor 2 mse": 0.7973024956523455, "anchor 3 mse": 0.8057190827602556, "anchor 4 mse": 0.1567508461082113}
{"bot_id": "0000000000000b01", "x": 0.4032604647654881, "y": 0.8199175474642617, "z": 0.0, "MSE": 9.160573419340093, "anchor 1 mse": 0.05120275016744626, "anchor 2 mse": 0.7973024956523455, "anchor 3 mse": 0.8057190827602556, "anchor 4 mse": 0.1567508461082113}
{"bot_id": "0000000000000b01", "x": 0.4032604647654881, "y": 0.8199175474642617, "z": 0.0, "MSE": 9.160573419340093, "anchor 1 mse": 0.05120275016744626, "anchor 2 mse": 0.7973024956523455, "anchor 3 mse": 0.8057190827602556, "anchor 4 mse": 0.1567508461082113}
{"bot_id": "0000000000000b01", "x": 0.4032604647654881, "y": 0.8199175474642617, "z": 0.0, "MSE": 9.160573419340093, "anchor 1 mse": 0.05120275016744626, "anchor 2 mse": 0.7973024956523455, "anchor 3 mse": 0.8057190827602556, "anchor 4 mse": 0.1567508461082113}
{"bot_id": "0000000000000b01", "x": 0.4032604647654881, "y": 0.8199175474642617, "z": 0.0, "MSE": 9.160573419340093, "anchor 1 mse": 0.05120275016744626, "anchor 2 mse": 0.7973024956523455, "anchor 3 mse": 0.8057190827602556, "anchor 4 mse": 0.1567508461082113}
{"bot_id": "0000000000000b01", "x": 0.301980726255485, "y": 0.8424224342014184, "z": 0.0, "MSE": 4.903457594484386, "anchor 1 mse": 0.060068010273309325, "anchor 2 mse": 0.8905345948312684, "anchor 3 mse": 0.05844103531240896, "anchor 4 mse": 0.09983564788510622}
{"bot_id": "0000000000000b01", "x": 0.301980726255485, "y": 0.8424224342014184, "z": 0.0, "MSE": 4.903457594484386, "anchor 1 mse": 0.060068010273309325, "anchor 2 mse": 0.8905345948312684, "anchor 3 mse": 0.05844103531240896, "anchor 4 mse": 0.09983564788510622}
{"bot_id": "0000000000000b01", "x": 0.301980726255485, "y": 0.8424224342014184, "z": 0.0, "MSE": 4.903457594484386, "anchor 1 mse": 0.060068010273309325, "anchor 2 mse": 0.8905345948312684, "anchor 3 mse": 0.05844103531240896, "anchor 4 mse": 0.09983564788510622}
{"bot_id": "0000000000000b01", "x": 0.301980726255485, "y": 0.8424224342014184, "z": 0.0, "MSE": 4.903457594484386, "anchor 1 mse": 0.060068010273309325, "anchor 2 mse": 0.8905345948312684, "anchor 3 mse": 0.05844103531240896, "anchor 4 mse": 0.09983564788510622}
{"bot_id": "0000000000000b01", "x": 0.301980726255485, "y": 0.8424224342014184, "z": 0.0, "MSE": 4.903457594484386, "anchor 1 mse": 0.060068010273309325, "anchor 2 mse": 0.8905345948312684, "anchor 3 mse": 0.05844103531240896, "anchor 4 mse": 0.09983564788510622}
{"bot_id": "0000000000000b01", "x": 0.301980726255485, "y": 0.8424224342014184, "z": 0.0, "MSE": 4.903457594484386, "anchor 1 mse": 0.060068010273309325, "anchor 2 mse": 0.8905345948312684, "anchor 3 mse": 0.05844103531240896, "anchor 4 mse": 0.09983564788510622}
{"bot_id": "0000000000000b01", "x": 0.301980726255485, "y": 0.8424224342014184, "z": 0.0, "MSE": 4.903457594484386, "anchor 1 mse": 0.060068010273309325, "anchor 2 mse": 0.8905345948312684, "anchor 3 mse": 0.05844103531240896, "anchor 4 mse": 0.09983564788510622}
{"bot_id": "0000000000000b01", "x": 0.301980726255485, "y": 0.8424224342014184, "z": 0.0, "MSE": 4.903457594484386, "anchor 1 mse": 0.060068010273309325, "anchor 2 mse": 0.8905345948312684, "anchor 3 mse": 0.05844103531240896, "anchor 4 mse": 0.09983564788510622}
{"bot_id": "0000000000000b01", "x": 0.301980726255485, "y": 0.8424224342014184, "z": 0.0, "MSE": 4.903457594484386, "anchor 1 mse": 0.060068010273309325, "anchor 2 mse": 0.8905345948312684, "anchor 3 mse": 0.05844103531240896, "anchor 4 mse": 0.09983564788510622}
{"bot_id": "0000000000000b01", "x": 0.301980726255485, "y": 0.8424224342014184, "z": 0.0, "MSE": 4.903457594484386, "anchor 1 mse": 0.060068010273309325, "anchor 2 mse": 0.8905345948312684, "anchor 3 mse": 0.05844103531240896, "anchor 4 mse": 0.09983564788510622}
{"bot_id": "0000000000000b01", "x": 0.301980726255485, "y": 0.8424224342014184, "z": 0.0, "MSE": 4.903457594484386, "anchor 1 mse": 0.060068010273309325, "anchor 2 mse": 0.8905345948312684, "anchor 3 mse": 0.05844103531240896, "anchor 4 mse": 0.09983564788510622}
{"bot_id": "0000000000000b01", "x": 0.301980726255485, "y": 0.8424224342014184, "z": 0.0,