{"bot_id": "0000000000000b01", "x": 1.7504870597642455, "y": -2.2658872931962097, "z": 0.0, "MSE": 2.76589788419027, "anchor 1 mse": 1.8314035356944471, "anchor 2 mse": 3.614080667718875, "anchor 3 mse": 4.542865598382641, "anchor 4 mse": 1.0752417349651178}
{"bot_id": "0000000000000b01", "x": 0.7221541763791036, "y": -0.27584660687337154, "z": 1.2806251185725213, "MSE": 0.0454810410858319, "anchor 1 mse": 0.00019992485677053546, "anchor 2 mse": 3.3034998066878664e-07, "anchor 3 mse": 0.1816059241742889, "anchor 4 mse": 0.00011798496228749936}
{"bot_id": "0000000000000b01", "x": 0.7379366584906975, "y": -0.2481953762269489, "z": 1.3229405783449681, "MSE": 0.04472475911284133, "anchor 1 mse": 0.0006266008533060663, "anchor 2 mse": 8.523456334318068e-07, "anchor 3 mse": 0.177818107212745, "anchor 4 mse": 0.0004534760396808159}
{"bot_id": "0000000000000b01", "x": 0.7094914776277944, "y": -0.258989450072576, "z": 1.322027978191511, "MSE": 0.04721307915704207, "anchor 1 mse": 0.00015794102564061106, "anchor 2 mse": 3.449187932940832e-06, "anchor 3 mse": 0.18789990678314258, "anchor 4 mse": 0.0007910196314521447}
{"bot_id": "0000000000000b01", "x": 0.734523737068445, "y": -0.26574015963453207, "z": 1.2770752802531955, "MSE": 0.04307194845362871, "anchor 1 mse": 0.0001685207743531643, "anchor 2 mse": 5.481997345632521e-05, "anchor 3 mse": 0.17170992916415034, "anchor 4 mse": 0.0003545239025549847}
{"bot_id": "0000000000000b01", "x": 0.7341979703928806, "y": -0.26529282498604206, "z": 1.2781579733648651, "MSE": 0.04309432202202138, "anchor 1 mse": 0.00015121233868166622, "anchor 2 mse": 5.4106770978353317e-05, "anchor 3 mse": 0.17185462059688203, "anchor 4 mse": 0.00031734838154349906}
{"bot_id": "0000000000000b01", "x": 0.7237271774399512, "y": -0.21175005774590927, "z": 1.2720928574198052, "MSE": 0.03488425370785326, "anchor 1 mse": 0.0009736528457745703, "anchor 2 mse": 0.0033479322375913924, "anchor 3 mse": 0.13424557189234282, "anchor 4 mse": 0.0009698578557042465}
{"bot_id": "0000000000000b01", "x": 0.7029542478160461, "y": -0.28005870228355034, "z": 1.3386670240410752, "MSE": 0.05401680476604644, "anchor 1 mse": 0.000768833879059006, "anchor 2 mse": 0.0006679063781455585, "anchor 3 mse": 0.21217675406459993, "anchor 4 mse": 0.0024537247423812906}
{"bot_id": "0000000000000b01", "x": 0.7341979703928806, "y": -0.26529282498604206, "z": 1.2781579733648651, "MSE": 0.04309432202202138, "anchor 1 mse": 0.00015121233868166622, "anchor 2 mse": 5.4106770978353317e-05, "anchor 3 mse": 0.17185462059688203, "anchor 4 mse": 0.00031734838154349906}
{"bot_id": "0000000000000b01", "x": 0.7341979703928806, "y": -0.26529282498604206, "z": 1.2781579733648651, "MSE": 0.04301617927545462, "anchor 1 mse": 0.00015121233868166622, "anchor 2 mse": 5.4106770978353317e-05, "anchor 3 mse": 0.17185462059688203, "anchor 4 mse": 4.777395276447638e-06}
{"bot_id": "0000000000000b01", "x": 0.7393923997964351, "y": -0.2681829876098067, "z": 1.2949859925997982, "MSE": 0.04520476092561915, "anchor 1 mse": 2.6293339246418762e-05, "anchor 2 mse": 1.9975180143515737e-05, "anchor 3 mse": 0.18045246149309854, "anchor 4 mse": 0.00032031368998811815}
{"bot_id": "0000000000000b01", "x": 0.725306898345253, "y": -0.2487576141310743, "z": 1.2764921451250653, "MSE": 0.04032763715105277, "anchor 1 mse": 0.0004373177518648285, "anchor 2 mse": 0.0004798894138937065, "anchor 3 mse": 0.16027691726177098, "anchor 4 mse": 6.42284762633069e-07}
{"bot_id": "0000000000000b01", "x": 0.7185152068381934, "y": -0.25065129596126523, "z": 1.2578832780986196, "MSE": 0.0394441568314599, "anchor 1 mse": 0.001587494154313769, "anchor 2 mse": 0.0009573730019686413, "anchor 3 mse": 0.15494741637069048, "anchor 4 mse": 0.0002843437988667063}
{"bot_id": "0000000000000b01", "x": 0.7185152068381934, "y": -0.25065129596126523, "z": 1.2578832780986196, "MSE": 0.03153100518781519, "anchor 1 mse": 0.001587494154313769, "anchor 2 mse": 0.0009573730019686413, "anchor 3 mse": 0.12329480979611163, "anchor 4 mse": 0.0002843437988667063}
{"bot_id": "0000000000000b01", "x": 0.7185152068381934, "y": -0.25065129596126523, "z": 1.2578832780986196, "MSE": 0.03153100518781519, "anchor 1 mse": 0.001587494154313769, "anchor 2 mse": 0.0009573730019686413, "anchor 3 mse": 0.12329480979611163, "anchor 4 mse": 0.0002843437988667063}
{"bot_id": "0000000000000b01", "x": 0.7185152068381934, "y": -0.25065129596126523, "z": 1.2578832780986196, "MSE": 0.03153100518781519, "anchor 1 mse": 0.001587494154313769, "anchor 2 mse": 0.0009573730019686413, "anchor 3 mse": 0.12329480979611163, "anchor 4 mse": 0.0002843437988667063}
{"bot_id": "0000000000000b01", "x": 0.7185152068381934, "y": -0.25065129596126523, "z": 1.2578832780986196, "MSE": 0.03153100518781519, "anchor 1 mse": 0.001587494154313769, "anchor 2 mse": 0.0009573730019686413, "anchor 3 mse": 0.12329480979611163, "anchor 4 mse": 0.0002843437988667063}
{"bot_id": "0000000000000b01", "x": 0.7186842343182208, "y": -0.25101931251531573, "z": 1.2574521879410374, "MSE": 0.031552501604273996, "anchor 1 mse": 0.001605345289224135, "anchor 2 mse": 0.0009479717068295779, "anchor 3 mse": 0.12335942510159391, "anchor 4 mse": 0.00029726431944835513}
{"bot_id": "0000000000000b01", "x": 0.6864527868971046, "y": -0.2640066986637045, "z": 1.3538605149317953, "MSE": 0.044727293925683156, "anchor 1 mse": 3.2856432814712244e-05, "anchor 2 mse": 0.00033419492185506554, "anchor 3 mse": 0.17139354239654372, "anchor 4 mse": 0.007148581951519118}
{"bot_id": "0000000000000b01", "x": 0.7117203027531553, "y": -0.22440787376185117, "z": 1.2886471323038466, "MSE": 0.030591093903812868, "anchor 1 mse": 0.0021038117798793453, "anchor 2 mse": 0.0016061336432128194, "anchor 3 mse": 0.11856548568843284, "anchor 4 mse": 8.894450372647172e-05}
{"bot_id": "0000000000000b01", "x": 0.7635324421174015, "y": -0.22871553583693816, "z": 1.3249150773694962, "MSE": 0.033200249348912914, "anchor 1 mse": 0.00012513674012102195, "anchor 2 mse": 0.0010810262500413168, "anchor 3 mse": 0.1303594884795856, "anchor 4 mse": 0.0012353459259037208}
{"bot_id": "0000000000000b01", "x": 0.7574527979570735, "y": -0.18688625434580114, "z": 1.3100858165480118, "MSE": 0.015524754753762245, "anchor 1 mse": 0.00010423395033414493, "anchor 2 mse": 0.00011187140029364468, "anchor 3 mse": 0.06164599050081271, "anchor 4 mse": 0.0002369231636084793}
{"bot_id": "0000000000000b01", "x": 0.7574527979570735, "y": -0.18688625434580114, "z": 1.3100858165480118, "MSE": 0.015524754753762245, "anchor 1 mse": 0.00010423395033414493, "anchor 2 mse": 0.00011187140029364468, "anchor 3 mse": 0.06164599050081271, "anchor 4 mse": 0.0002369231636084793}
{"bot_id": "0000000000000b01", "x": 0.759271573827568, "y": -0.1878424908347951, "z": 1.3150411457636522, "MSE": 0.015828459454472473, "anchor 1 mse": 2.4314134260347548e-05, "anchor 2 mse": 4.6631324634004135e-05, "anchor 3 mse": 0.0632367680006607, "anchor 4 mse": 6.124358334831419e-06}
{"bot_id": "0000000000000b01", "x": 0.759271573827568, "y": -0.1878424908347951, "z": 1.3150411457636522, "MSE": 0.016509631695127244, "anchor 1 mse": 0.0027490030968794345, "anchor 2 mse": 4.6631324634004135e-05, "anchor 3 mse": 0.0632367680006607, "anchor 4 mse": 6.124358334831419e-06}
{"bot_id": "0000000000000b01", "x": 0.759271573827568, "y": -0.1878424908347951, "z": 1.3150411457636522, "MSE": 0.016509631695127244, "anchor 1 mse": 0.0027490030968794345, "anchor 2 mse": 4.6631324634004135e-05, "anchor 3 mse": 0.0632367680006607, "anchor 4 mse": 6.124358334831419e-06}
{"bot_id": "0000000000000b01", "x": 0.7468102087072769, "y": -0.2025799125558191, "z": 1.3255485229031994, "MSE": 0.018935905989365336, "anchor 1 mse": 0.0022680869537440073, "anchor 2 mse": 8.966061203243719e-05, "anchor 3 mse": 0.07323867245274772, "anchor 4 mse": 0.00014720393893717857}
{"bot_id": "0000000000000b01", "x": 0.7454231178529019, "y": -0.19993024738726067, "z": 1.3285385029572594, "MSE": 0.018834050495374576, "anchor 1 mse": 0.002121691221897195,