{"bot_id": "0000000000000b01", "x": 0.02754239671392486, "y": 0.7911799854203442, "z": 0.0, "MSE": 0.1974077596267899, "anchor 1 mse": 0.6267243529464831, "anchor 2 mse": 0.058016553202634, "anchor 3 mse": 0.049029043072250166, "anchor 4 mse": 0.05586108928579241}
{"bot_id": "0000000000000b01", "x": 0.02754239671392486, "y": 0.7911799854203442, "z": 0.0, "MSE": 0.1974077596267899, "anchor 1 mse": 0.6267243529464831, "anchor 2 mse": 0.058016553202634, "anchor 3 mse": 0.049029043072250166, "anchor 4 mse": 0.05586108928579241}
{"bot_id": "0000000000000b01", "x": 0.02754239671392486, "y": 0.7911799854203442, "z": 0.0, "MSE": 0.1974077596267899, "anchor 1 mse": 0.6267243529464831, "anchor 2 mse": 0.01712597691771813, "anchor 3 mse": 0.049029043072250166, "anchor 4 mse": 0.05586108928579241}
{"bot_id": "0000000000000b01", "x": 0.016626422658148125, "y": 0.8354246967131369, "z": 0.0, "MSE": 0.20163329495319476, "anchor 1 mse": 0.6982108618086443, "anchor 2 mse": 0.03073219945797513, "anchor 3 mse": 0.037723016645523674, "anchor 4 mse": 0.039867101900635915}
{"bot_id": "0000000000000b01", "x": 0.016626422658148125, "y": 0.8354246967131369, "z": 0.0, "MSE": 0.20163329495319476, "anchor 1 mse": 0.6982108618086443, "anchor 2 mse": 0.03073219945797513, "anchor 3 mse": 0.037723016645523674, "anchor 4 mse": 0.039867101900635915}
{"bot_id": "0000000000000b01", "x": 0.016626422658148125, "y": 0.8354246967131369, "z": 0.0, "MSE": 0.20163329495319476, "anchor 1 mse": 0.6982108618086443, "anchor 2 mse": 0.03073219945797513, "anchor 3 mse": 0.037723016645523674, "anchor 4 mse": 0.039867101900635915}
{"bot_id": "0000000000000b01", "x": 0.016626422658148125, "y": 0.8354246967131369, "z": 0.0, "MSE": 0.20163329495319476, "anchor 1 mse": 0.6982108618086443, "anchor 2 mse": 0.03073219945797513, "anchor 3 mse": 0.037723016645523674, "anchor 4 mse": 0.039867101900635915}
{"bot_id": "0000000000000b01", "x": 0.016626422658148125, "y": 0.8354246967131369, "z": 0.0, "MSE": 0.20163329495319476, "anchor 1 mse": 0.6982108618086443, "anchor 2 mse": 0.03073219945797513, "anchor 3 mse": 0.037723016645523674, "anchor 4 mse": 0.039867101900635915}
{"bot_id": "0000000000000b01", "x": 0.016626422658148125, "y": 0.8354246967131369, "z": 0.0, "MSE": 0.20163329495319476, "anchor 1 mse": 0.6982108618086443, "anchor 2 mse": 0.03073219945797513, "anchor 3 mse": 0.037723016645523674, "anchor 4 mse": 0.039867101900635915}
{"bot_id": "0000000000000b01", "x": 0.016626422658148125, "y": 0.8354246967131369, "z": 0.0, "MSE": 0.20163329495319476, "anchor 1 mse": 0.6982108618086443, "anchor 2 mse": 0.03073219945797513, "anchor 3 mse": 0.037723016645523674, "anchor 4 mse": 0.039867101900635915}
{"bot_id": "0000000000000b01", "x": 0.016626422658148125, "y": 0.8354246967131369, "z": 0.0, "MSE": 0.20163329495319476, "anchor 1 mse": 0.6982108618086443, "anchor 2 mse": 0.03073219945797513, "anchor 3 mse": 0.037723016645523674, "anchor 4 mse": 0.039867101900635915}
{"bot_id": "0000000000000b01", "x": 0.016626422658148125, "y": 0.8354246967131369, "z": 0.0, "MSE": 0.20163329495319476, "anchor 1 mse": 0.6982108618086443, "anchor 2 mse": 0.03073219945797513, "anchor 3 mse": 0.037723016645523674, "anchor 4 mse": 0.039867101900635915}
{"bot_id": "0000000000000b01", "x": 0.016626422658148125, "y": 0.8354246967131369, "z": 0.0, "MSE": 0.20163329495319476, "anchor 1 mse": 0.6982108618086443, "anchor 2 mse": 0.03073219945797513, "anchor 3 mse": 0.037723016645523674, "anchor 4 mse": 0.039867101900635915}
{"bot_id": "0000000000000b01", "x": 0.016626422658148125, "y": 0.8354246967131369, "z": 0.0, "MSE": 0.20163329495319476, "anchor 1 mse": 0.6982108618086443, "anchor 2 mse": 0.03073219945797513, "anchor 3 mse": 0.037723016645523674, "anchor 4 mse": 0.039867101900635915}
{"bot_id": "0000000000000b01", "x": 0.016626422658148125, "y": 0.8354246967131369, "z": 0.0, "MSE": 0.20163329495319476, "anchor 1 mse": 0.6982108618086443, "anchor 2 mse": 0.03073219945797513, "anchor 3 mse": 0.037723016645523674, "anchor 4 mse": 0.039867101900635915}
{"bot_id": "0000000000000b01", "x": 0.016626422658148125, "y": 0.8354246967131369, "z": 0.0, "MSE": 0.20163329495319476, "anchor 1 mse": 0.6982108618086443, "anchor 2 mse": 0.03073219945797513, "anchor 3 mse": 0.037723016645523674, "anchor 4 mse": 0.039867101900635915}
{"bot_id": "0000000000000b01", "x": 0.016626422658148125, "y": 0.8354246967131369, "z": 0.0, "MSE": 0.20163329495319476, "anchor 1 mse": 0.6982108618086443, "anchor 2 mse": 0.03073219945797513, "anchor 3 mse": 0.037723016645523674, "anchor 4 mse": 0.039867101900635915}
{"bot_id": "0000000000000b01", "x": 0.016626422658148125, "y": 0.8354246967131369, "z": 0.0, "MSE": 0.20163329495319476, "anchor 1 mse": 0.6982108618086443, "anchor 2 mse": 0.03073219945797513, "anchor 3 mse": 0.037723016645523674, "anchor 4 mse": 0.039867101900635915}
{"bot_id": "0000000000000b01", "x": 0.016626422658148125, "y": 0.8354246967131369, "z": 0.0, "MSE": 0.20163329495319476, "anchor 1 mse": 0.6982108618086443, "anchor 2 mse": 0.03073219945797513, "anchor 3 mse": 0.037723016645523674, "anchor 4 mse": 0.039867101900635915}
{"bot_id": "0000000000000b01", "x": 0.016626422658148125, "y": 0.8354246967131369, "z": 0.0, "MSE": 0.20163329495319476, "anchor 1 mse": 0.6982108618086443, "anchor 2 mse": 0.03073219945797513, "anchor 3 mse": 0.037723016645523674, "anchor 4 mse": 0.039867101900635915}
{"bot_id": "0000000000000b01", "x": 0.016626422658148125, "y": 0.8354246967131369, "z": 0.0, "MSE": 0.20163329495319476, "anchor 1 mse": 0.6982108618086443, "anchor 2 mse": 0.03073219945797513, "anchor 3 mse": 0.037723016645523674, "anchor 4 mse": 0.039867101900635915}
{"bot_id": "0000000000000b01", "x": 0.016626422658148125, "y": 0.8354246967131369, "z": 0.0, "MSE": 0.20163329495319476, "anchor 1 mse": 0.6982108618086443, "anchor 2 mse": 0.03073219945797513, "anchor 3 mse": 0.06719715487456723, "anchor 4 mse": 0.039867101900635915}
{"bot_id": "0000000000000b01", "x": 0.054187206754335304, "y": 0.8558397602163156, "z": 0.0, "MSE": 0.21685226820168832, "anchor 1 mse": 0.7353979485429576, "anchor 2 mse": 0.03785255509478649, "anchor 3 mse": 0.04816904920423595, "anchor 4 mse": 0.04598951996477331}
{"bot_id": "0000000000000b01", "x": 0.054187206754335304, "y": 0.8558397602163156, "z": 0.0, "MSE": 0.21685226820168832, "anchor 1 mse": 0.7353979485429576, "anchor 2 mse": 0.03785255509478649, "anchor 3 mse": 0.04816904920423595, "anchor 4 mse": 0.0957603377959117}
{"bot_id": "0000000000000b01", "x": -0.019228795873214813, "y": 0.890189894523159, "z": 0.0, "MSE": 0.23947671065545162, "anchor 1 mse": 0.7928077949018866, "anchor 2 mse": 0.05291073050717997, "anchor 3 mse": 0.05847679944452785, "anchor 4 mse": 0.05371151776821206}
{"bot_id": "0000000000000b01", "x": -0.019228795873214813, "y": 0.890189894523159, "z": 0.0, "MSE": 0.23947671065545162, "anchor 1 mse": 0.7928077949018866, "anchor 2 mse": 0.05291073050717997, "anchor 3 mse": 0.05847679944452785, "anchor 4 mse": 0.05371151776821206}
{"bot_id": "0000000000000b01", "x": -0.019228795873214813, "y": 0.890189894523159, "z": 0.0, "MSE": 0.23947671065545162, "anchor 1 mse": 0.7928077949018866, "anchor 2 mse": 0.05291073050717997, "anchor 3 mse": 0.05847679944452785, "anchor 4 mse": 0.05371151776821206}
{"bot_id": "0000000000000b01", "x": -0.019228795873214813, "y": 0.890189894523159, "z": 0.0, "MSE": 0.23947671065545162, "anchor 1 mse": 0.7928077949018866, "anchor 2 mse": 0.05291073050717997, "anchor 3 mse": 0.05847679944452785, "anchor 4 mse": 0.05371151776821206}
{"bot_id": "0000000000000b01", "x": -0.019228795873214813, "y": 0.890189894523159, "z": 0.0, "MSE": 0.23947671065545162, "anchor 1 mse": 0.7928077949018866, "anchor 2 mse": 0.05291073050717997, "anchor 3 mse": 0.05847679944452785, "anchor 4 mse": 0.05371151776821206}
{"bot_id": "0000000000000b01", "x": -0.019228795873214813, "y": 0.890189894523159, "z": 0.0, "MSE": 0.23947671065545162, "anchor 1 mse": 0.7928077949018866, "anchor 2 mse": 0.05291073050717997,