{"bot_id": "0000000000000b01", "x": 0.27847426356617555, "y": -0.7315234568523972, "z": 0.0, "MSE": 0.03472772237842699, "anchor 1 mse": 0.1240904487814026, "anchor 2 mse": 0.0073413634851343, "anchor 3 mse": 0.003574669727889625, "anchor 4 mse": 0.051749542796474625}
{"bot_id": "0000000000000b01", "x": 0.4345034280023114, "y": -0.7134141048965974, "z": 0.0, "MSE": 0.02595890209272686, "anchor 1 mse": 0.062342071712115796, "anchor 2 mse": 0.006081313250643625, "anchor 3 mse": 0.004662879747301553, "anchor 4 mse": 0.030749343660846466}
{"bot_id": "0000000000000b01", "x": 0.4345034280023114, "y": -0.7134141048965974, "z": 0.0, "MSE": 0.02595890209272686, "anchor 1 mse": 0.062342071712115796, "anchor 2 mse": 0.006081313250643625, "anchor 3 mse": 0.0103458838436955, "anchor 4 mse": 0.030749343660846466}
{"bot_id": "0000000000000b01", "x": 0.700301510075265, "y": -0.6224871141403232, "z": 0.0, "MSE": 0.007767502155609505, "anchor 1 mse": 0.002812201762697031, "anchor 2 mse": 0.001969618480746069, "anchor 3 mse": 0.0009268143966543833, "anchor 4 mse": 0.006260636608164756}
{"bot_id": "0000000000000b01", "x": 0.6541374812131595, "y": -0.6315002003905369, "z": 0.0, "MSE": 0.0024353787829088725, "anchor 1 mse": 0.012271314226804548, "anchor 2 mse": 0.00033913981997776626, "anchor 3 mse": 0.0043386551411835105, "anchor 4 mse": 0.09301933009045041}
{"bot_id": "0000000000000b01", "x": 0.5695228988925067, "y": -0.6885209396867024, "z": 0.0, "MSE": 0.015422895354536857, "anchor 1 mse": 0.01599161005677904, "anchor 2 mse": 0.00033056441867670955, "anchor 3 mse": 0.0007416838848586884, "anchor 4 mse": 0.04536175548881203}
{"bot_id": "0000000000000b01", "x": 0.5160394090975419, "y": -0.7042413876137684, "z": 0.0, "MSE": 0.012799073535084204, "anchor 1 mse": 0.02158819284905419, "anchor 2 mse": 0.0005307488145516231, "anchor 3 mse": 7.807931523673517e-06, "anchor 4 mse": 0.029069544545207326}
{"bot_id": "0000000000000b01", "x": 0.5160394090975419, "y": -0.7042413876137684, "z": 0.0, "MSE": 0.012799073535084204, "anchor 1 mse": 0.02158819284905419, "anchor 2 mse": 0.0005307488145516231, "anchor 3 mse": 7.807931523673517e-06, "anchor 4 mse": 0.029069544545207326}
{"bot_id": "0000000000000b01", "x": 0.5432800147607707, "y": -0.7015019352666507, "z": 0.0, "MSE": 0.008370954886241608, "anchor 1 mse": 0.000516394532452067, "anchor 2 mse": 0.00296065281145377, "anchor 3 mse": 0.00010329003876004687, "anchor 4 mse": 0.015110033653271498}
{"bot_id": "0000000000000b01", "x": 0.5838612336802879, "y": -0.7337332685051963, "z": 0.0, "MSE": 0.003694537316013695, "anchor 1 mse": 0.000766615427424606, "anchor 2 mse": 0.00021352385792955804, "anchor 3 mse": 0.03231906651795163, "anchor 4 mse": 0.01356621069965978}
{"bot_id": "0000000000000b01", "x": 0.3053294383883923, "y": -0.8210884906721685, "z": 0.0, "MSE": 0.004207939380950433, "anchor 1 mse": 0.0011545886148352793, "anchor 2 mse": 0.0007597438281008431, "anchor 3 mse": 0.0015714560559366795, "anchor 4 mse": 0.01334596902492893}
{"bot_id": "0000000000000b01", "x": 0.3053294383883923, "y": -0.8210884906721685, "z": 0.0, "MSE": 0.004207939380950433, "anchor 1 mse": 0.012991266694304676, "anchor 2 mse": 0.008567992451194639, "anchor 3 mse": 0.0015714560559366795, "anchor 4 mse": 0.01334596902492893}
{"bot_id": "0000000000000b01", "x": 0.46227701316151903, "y": -0.7317270703242233, "z": 0.0, "MSE": 0.004774526458680612, "anchor 1 mse": 0.015495317581572972, "anchor 2 mse": 0.000653591411585972, "anchor 3 mse": 0.00025129324083570645, "anchor 4 mse": 0.002697903600727799}
{"bot_id": "0000000000000b01", "x": 0.46227701316151903, "y": -0.7317270703242233, "z": 0.0, "MSE": 0.004774526458680612, "anchor 1 mse": 0.015495317581572972, "anchor 2 mse": 0.000653591411585972, "anchor 3 mse": 0.00025129324083570645, "anchor 4 mse": 0.0001705283999336502}
{"bot_id": "0000000000000b01", "x": 0.4888701160674525, "y": -0.7298507388785838, "z": 0.0, "MSE": 0.0034436057782435336, "anchor 1 mse": 0.005859755324454114, "anchor 2 mse": 0.0007997287112057176, "anchor 3 mse": 0.0005157516989079977, "anchor 4 mse": 1.5754670064717357e-05}
{"bot_id": "0000000000000b01", "x": 0.46748377212098413, "y": -0.7300099374049457, "z": 0.0, "MSE": 0.002372748134185799, "anchor 1 mse": 0.007767711358053003, "anchor 2 mse": 0.0006123862357921895, "anchor 3 mse": 0.0005540633915485569, "anchor 4 mse": 0.0005568315513494468}
{"bot_id": "0000000000000b01", "x": 0.46748377212098413, "y": -0.7300099374049457, "z": 0.0, "MSE": 0.002372748134185799, "anchor 1 mse": 0.007767711358053003, "anchor 2 mse": 0.0006123862357921895, "anchor 3 mse": 0.0005540633915485569, "anchor 4 mse": 0.0005568315513494468}
{"bot_id": "0000000000000b01", "x": 0.46748377212098413, "y": -0.7300099374049457, "z": 0.0, "MSE": 0.002372748134185799, "anchor 1 mse": 0.06157078996774782, "anchor 2 mse": 0.0006123862357921895, "anchor 3 mse": 0.0005540633915485569, "anchor 4 mse": 0.0005568315513494468}
{"bot_id": "0000000000000b01", "x": 0.5710224464938628, "y": -0.737044239190743, "z": 0.0, "MSE": 0.009472041071487749, "anchor 1 mse": 0.03335625787184248, "anchor 2 mse": 0.0025984798149476965, "anchor 3 mse": 0.0019840640598095087, "anchor 4 mse": 0.0007402192191398298}
{"bot_id": "0000000000000b01", "x": 0.5535378113888481, "y": -0.7424298109753877, "z": 0.0, "MSE": 0.009998029420390587, "anchor 1 mse": 0.03569444534963847, "anchor 2 mse": 0.002781060269320534, "anchor 3 mse": 0.0013297879915076534, "anchor 4 mse": 0.011808812512840178}
{"bot_id": "0000000000000b01", "x": 0.519665606193544, "y": -0.7460352954103147, "z": 0.0, "MSE": 0.01331815082827308, "anchor 1 mse": 0.02427769040526505, "anchor 2 mse": 0.0024774595324603614, "anchor 3 mse": 0.000743727044589234, "anchor 4 mse": 0.007692426511678787}
{"bot_id": "0000000000000b01", "x": 0.49168718676790873, "y": -0.6431246313898034, "z": 0.0, "MSE": 0.026630591786831928, "anchor 1 mse": 0.06024740687587562, "anchor 2 mse": 0.0018895303989408512, "anchor 3 mse": 0.00018066106689634682, "anchor 4 mse": 0.044204768805614886}
{"bot_id": "0000000000000b01", "x": 0.49168718676790873, "y": -0.6431246313898034, "z": 0.0, "MSE": 0.026630591786831928, "anchor 1 mse": 0.06024740687587562, "anchor 2 mse": 0.0018895303989408512, "anchor 3 mse": 0.012868865425916219, "anchor 4 mse": 0.034317303727716256}
{"bot_id": "0000000000000b01", "x": 0.31924346701203615, "y": -0.6852627368157793, "z": 0.0, "MSE": 0.023913295005284718, "anchor 1 mse": 0.0835342237356848, "anchor 2 mse": 0.0005843405710930865, "anchor 3 mse": 0.0012103192486756927, "anchor 4 mse": 0.0015267192980511584}
{"bot_id": "0000000000000b01", "x": 0.3684308171015486, "y": -0.7045122294328954, "z": 0.0, "MSE": 0.017290851015925066, "anchor 1 mse": 0.06248309948607297, "anchor 2 mse": 0.002449477793412311, "anchor 3 mse": 0.026333736920673947, "anchor 4 mse": 0.006215881538683162}
{"bot_id": "0000000000000b01", "x": 0.622853553703803, "y": -0.607316072432913, "z": 0.0, "MSE": 0.025739044218383952, "anchor 1 mse": 0.006411098472741685, "anchor 2 mse": 0.0073410108941701, "anchor 3 mse": 0.0020746340798974824, "anchor 4 mse": 0.16411153845593368}
{"bot_id": "0000000000000b01", "x": 0.3130559984082262, "y": -0.5978335800794676, "z": 0.0, "MSE": 0.030013956959484528, "anchor 1 mse": 0.075713016625617, "anchor 2 mse": 0.0014723916492943834, "anchor 3 mse": 0.033443904981353176, "anchor 4 mse": 0.04382428955040856}
{"bot_id": "0000000000000b01", "x": 0.10787147538038015, "y": -0.6959809319781066, "z": 0.0, "MSE": 0.015820195377118287, "anchor 1 mse": 0.14877148733877232, "anchor 2 mse": 0.0046428065839858226, "anchor 3 mse": 0.0009147810066898058, "anchor 4 mse": 0.0009919858824784106}
{"bot_id": "0000000000000b01", "x": 0.14646642715658076, "y": -0.6967492762139833, "z": 0.0, "MSE": 0.037405028636937246, "anchor 1 mse": 0.024971108801134817, "anchor 2 mse": 0.005001856650005698, "anchor 3 mse": 0.0006969762517708569, "anchor 4 mse": 3.2659848038112447e-06}
{"bot_id": "0000000000000b01",