{"bot_id": "0000000000000b01", "x": 1.0808879442899686, "y": -0.3904976460110077, "z": 0.0, "MSE": 0.059058941578741454, "anchor 1 mse": 0.03773840331109873, "anchor 2 mse": 0.0058509235030548765, "anchor 3 mse": 0.006702004072410167, "anchor 4 mse": 0.18594443542840206}
{"bot_id": "0000000000000b01", "x": 1.0515521101645937, "y": -0.36183718340778737, "z": 0.0, "MSE": 0.0769699209666897, "anchor 1 mse": 0.024669332796571325, "anchor 2 mse": 0.003558074075557722, "anchor 3 mse": 0.004542724080127139, "anchor 4 mse": 0.2751095529145026}
{"bot_id": "0000000000000b01", "x": 0.8683787056163812, "y": -0.44833943197852094, "z": 0.0, "MSE": 0.08077246768799301, "anchor 1 mse": 0.011510494030915175, "anchor 2 mse": 0.0022299715767376887, "anchor 3 mse": 0.003828493510685351, "anchor 4 mse": 0.3055209116336338}
{"bot_id": "0000000000000b01", "x": 0.8683787056163812, "y": -0.44833943197852094, "z": 0.0, "MSE": 0.08077246768799301, "anchor 1 mse": 0.011510494030915175, "anchor 2 mse": 0.0022299715767376887, "anchor 3 mse": 0.003828493510685351, "anchor 4 mse": 0.3055209116336338}
{"bot_id": "0000000000000b01", "x": 0.8852043614289535, "y": -0.4533519275908112, "z": 0.0, "MSE": 0.08190945861722938, "anchor 1 mse": 0.015510827723987443, "anchor 2 mse": 0.0026869114474733185, "anchor 3 mse": 0.018505842367555765, "anchor 4 mse": 0.3050793181806186}
{"bot_id": "0000000000000b01", "x": 0.9731404887005601, "y": -0.4016264574567172, "z": 0.0, "MSE": 0.10652162934442333, "anchor 1 mse": 0.03340166974071279, "anchor 2 mse": 0.004720316709566494, "anchor 3 mse": 0.0066874204177427956, "anchor 4 mse": 0.36902758241326733}
{"bot_id": "0000000000000b01", "x": 1.0917197258754041, "y": -0.44615957085858754, "z": 0.0, "MSE": 0.1082660545261571, "anchor 1 mse": 0.0698907629129333, "anchor 2 mse": 0.013520701221424304, "anchor 3 mse": 0.01635291094276621, "anchor 4 mse": 0.3074816679641643}
{"bot_id": "0000000000000b01", "x": 1.1199808463607477, "y": -0.4395373866633424, "z": 0.0, "MSE": 0.10440297158675263, "anchor 1 mse": 0.08302570159708415, "anchor 2 mse": 0.012244872075000031, "anchor 3 mse": 0.01500283043752743, "anchor 4 mse": 0.3073384822373989}
{"bot_id": "0000000000000b01", "x": 1.1199808463607477, "y": -0.4395373866633424, "z": 0.0, "MSE": 0.10440297158675263, "anchor 1 mse": 0.08302570159708415, "anchor 2 mse": 0.012244872075000031, "anchor 3 mse": 0.01500283043752743, "anchor 4 mse": 0.3073384822373989}
{"bot_id": "0000000000000b01", "x": 1.0651752922571425, "y": -0.4803667215518062, "z": 0.0, "MSE": 0.09013562715234277, "anchor 1 mse": 0.06425321241726732, "anchor 2 mse": 0.009137337315059137, "anchor 3 mse": 0.011283296462458134, "anchor 4 mse": 0.2758686624145865}
{"bot_id": "0000000000000b01", "x": 1.1445475491226602, "y": -0.46350997300446095, "z": 0.0, "MSE": 0.10010539757625495, "anchor 1 mse": 0.04403295503414441, "anchor 2 mse": 0.006176758684525599, "anchor 3 mse": 0.008602010708493688, "anchor 4 mse": 0.3416098658778561}
{"bot_id": "0000000000000b01", "x": 1.1445475491226602, "y": -0.46350997300446095, "z": 0.0, "MSE": 0.10010539757625495, "anchor 1 mse": 0.04403295503414441, "anchor 2 mse": 0.006176758684525599, "anchor 3 mse": 0.008602010708493688, "anchor 4 mse": 0.3416098658778561}
{"bot_id": "0000000000000b01", "x": 1.081637712950847, "y": -0.3528162862679752, "z": 0.0, "MSE": 0.1293642764037129, "anchor 1 mse": 0.012707054260791075, "anchor 2 mse": 0.001257860687731688, "anchor 3 mse": 0.0024238082952917094, "anchor 4 mse": 0.5010683823710371}
{"bot_id": "0000000000000b01", "x": 1.0804200180508556, "y": -0.3521593480250574, "z": 0.0, "MSE": 0.11251983629834887, "anchor 1 mse": 0.08489310390414584, "anchor 2 mse": 0.0013374899520582609, "anchor 3 mse": 0.002355522113717111, "anchor 4 mse": 0.4339843454630172}
{"bot_id": "0000000000000b01", "x": 0.9381044558315794, "y": -0.38215072838159636, "z": 0.0, "MSE": 0.10975176593373098, "anchor 1 mse": 0.028209100431044565, "anchor 2 mse": 0.004197571544770443, "anchor 3 mse": 0.0060769368506264215, "anchor 4 mse": 0.4005234549084825}
{"bot_id": "0000000000000b01", "x": 0.9381044558315794, "y": -0.38215072838159636, "z": 0.0, "MSE": 0.10975176593373098, "anchor 1 mse": 0.028209100431044565, "anchor 2 mse": 0.004197571544770443, "anchor 3 mse": 0.0060769368506264215, "anchor 4 mse": 0.4005234549084825}
