{"bot_id": "0000000000000b01", "x": 0.5124723882872627, "y": -1.5116295642653756, "z": 1.808225892952061, "MSE": 1.5578275420661156, "anchor 1 mse": 0.2519184177227292, "anchor 2 mse": 2.6015916346995405, "anchor 3 mse": 2.5914957648108192, "anchor 4 mse": 0.7863043510313737}
{"bot_id": "0000000000000b01", "x": 1.1659676134712236, "y": 0.5108555913337375, "z": 1.3765316731878858, "MSE": 0.029103285489142955, "anchor 1 mse": 0.0012311986154852532, "anchor 2 mse": 0.0009484510275297963, "anchor 3 mse": 0.11243734952128465, "anchor 4 mse": 0.0017961427922721267}
{"bot_id": "0000000000000b01", "x": 1.1692600572002665, "y": 0.5081992750756665, "z": 1.4906989064010059, "MSE": 0.0182804230750803, "anchor 1 mse": 0.0026558367272490756, "anchor 2 mse": 0.0017134750901399358, "anchor 3 mse": 0.06465465506836204, "anchor 4 mse": 0.0040977254145701586}
{"bot_id": "0000000000000b01", "x": 1.1831788280935915, "y": 0.5245100466118297, "z": 1.4494133758203682, "MSE": 0.022126335101357482, "anchor 1 mse": 0.0010987542912132655, "anchor 2 mse": 0.00016408738940176714, "anchor 3 mse": 0.08620276148257267, "anchor 4 mse": 0.0010397372422422276}
{"bot_id": "0000000000000b01", "x": 1.2016265692116965, "y": 0.5018791944610422, "z": 1.411376511243947, "MSE": 0.022876624492376724, "anchor 1 mse": 0.00010727708542369891, "anchor 2 mse": 0.00017765605605614754, "anchor 3 mse": 0.09114868025315269, "anchor 4 mse": 7.288457487435973e-05}
{"bot_id": "0000000000000b01", "x": 1.186603507816633, "y": 0.5261886090494571, "z": 1.435721437366078, "MSE": 0.023382324648403594, "anchor 1 mse": 0.0006507524908013714, "anchor 2 mse": 2.6753758452138354e-05, "anchor 3 mse": 0.09243352127928887, "anchor 4 mse": 0.00041827106507198465}
{"bot_id": "0000000000000b01", "x": 1.186603507816633, "y": 0.5261886090494571, "z": 1.435721437366078, "MSE": 0.023382324648403594, "anchor 1 mse": 0.0006507524908013714, "anchor 2 mse": 2.6753758452138354e-05, "anchor 3 mse": 0.09243352127928887, "anchor 4 mse": 0.00041827106507198465}
{"bot_id": "0000000000000b01", "x": 0.5986665710061655, "y": 0.28418529851515445, "z": 1.5667900629791216, "MSE": 0.014885084541824986, "anchor 1 mse": 0.043608166891646524, "anchor 2 mse": 0.0008659842167184161, "anchor 3 mse": 0.00014524589026087398, "anchor 4 mse": 0.014920941168674129}
{"bot_id": "0000000000000b01", "x": 1.1664135085439387, "y": 0.48989819295207865, "z": 1.3938695366401896, "MSE": 0.024226938013713006, "anchor 1 mse": 0.0007622991127701327, "anchor 2 mse": 4.8907542660180244e-05, "anchor 3 mse": 0.09499412095729792, "anchor 4 mse": 0.001102424442123791}
{"bot_id": "0000000000000b01", "x": 1.164310957969503, "y": 0.5204296149274977, "z": 1.4359732302756567, "MSE": 0.02283990345451556, "anchor 1 mse": 0.00011115865969268909, "anchor 2 mse": 4.573574113122902e-06, "anchor 3 mse": 0.09098192905714922, "anchor 4 mse": 0.00026195252710719695}
{"bot_id": "0000000000000b01", "x": 1.1800850760666914, "y": 0.5249867371772401, "z": 1.4057289883076587, "MSE": 0.026399168727172666, "anchor 1 mse": 9.974612601822847e-07, "anchor 2 mse": 0.00023586847275362599, "anchor 3 mse": 0.10528462474839383, "anchor 4 mse": 7.51842262830196e-05}
{"bot_id": "0000000000000b01", "x": 1.1800850760666914, "y": 0.5249867371772401, "z": 1.4057289883076587, "MSE": 0.026399168727172666, "anchor 1 mse": 9.974612601822847e-07, "anchor 2 mse": 0.00023586847275362599, "anchor 3 mse": 0.10528462474839383, "anchor 4 mse": 7.51842262830196e-05}
{"bot_id": "0000000000000b01", "x": 1.1814119986915526, "y": 0.5158844383332798, "z": 1.420476681275446, "MSE": 0.0236811009389796, "anchor 1 mse": 6.781329826449432e-05, "anchor 2 mse": 2.939823622938629e-08, "anchor 3 mse": 0.09465213357682818, "anchor 4 mse": 4.427482589487418e-06}
{"bot_id": "0000000000000b01", "x": 1.192682390202027, "y": 0.4916995730941299, "z": 1.4636269278834158, "MSE": 0.01747569749155239, "anchor 1 mse": 0.001682314481240608, "anchor 2 mse": 0.0021659653240529734, "anchor 3 mse": 0.06475937166804702, "anchor 4 mse": 0.001295138492868971}
{"bot_id": "0000000000000b01", "x": 1.195546295748804, "y": 0.5118678468652045, "z": 1.450046750711388, "MSE": 0.020095342162365123, "anchor 1 mse": 0.0014298178092624198, "anchor 2 mse": 0.0007391138790530055, "anchor 3 mse": 0.0773050163644083, "anchor 4 mse": 0.0009074205967367642}
{"bot_id": "0000000000000b01", "x": 1.195546295748804, "y": 0.5118678468652045, "z": 1.450046750711388, "MSE": 0.020095342162365123, "anchor 1 mse": 0.0014298178092624198, "anchor 2 mse": 0.0007391138790530055, "anchor 3 mse": 0.0773050163644083, "anchor 4 mse": 0.0009074205967367642}
{"bot_id": "0000000000000b01", "x": 1.1822097540250025, "y": 0.41583428627127533, "z": 1.4349570126653677, "MSE": 0.013408024372048516, "anchor 1 mse": 2.3412750174138902e-05, "anchor 2 mse": 0.005270991221036813, "anchor 3 mse": 0.04831204090032686, "anchor 4 mse": 2.5652616656248516e-05}
{"bot_id": "0000000000000b01", "x": 1.1822097540250025, "y": 0.41583428627127533, "z": 1.4349570126653677, "MSE": 0.013408024372048516, "anchor 1 mse": 2.3412750174138902e-05, "anchor 2 mse": 0.005270991221036813, "anchor 3 mse": 0.04831204090032686, "anchor 4 mse": 2.5652616656248516e-05}
{"bot_id": "0000000000000b01", "x": 1.1825753177162739, "y": 0.41333771963694144, "z": 1.4408221993576478, "MSE": 0.015973948429914783, "anchor 1 mse": 0.011939310792456784, "anchor 2 mse": 0.006060004309599899, "anchor 3 mse": 0.045796144385168304, "anchor 4 mse": 0.00010033423243415434}
{"bot_id": "0000000000000b01", "x": 1.1539903978295343, "y": 0.46042828816200687, "z": 1.429368576548286, "MSE": 0.019010914864232297, "anchor 1 mse": 0.008813509920992892, "anchor 2 mse": 0.0002851857831248144, "anchor 3 mse": 0.06685337762364929, "anchor 4 mse": 9.158612916219678e-05}
{"bot_id": "0000000000000b01", "x": 1.1378275237897049, "y": 0.42775275666162177, "z": 1.445911594048718, "MSE": 0.015036703758045463, "anchor 1 mse": 0.007919267795452777, "anchor 2 mse": 0.0016144651640689629, "anchor 3 mse": 0.050413056124480986, "anchor 4 mse": 0.0002000259481791352}
{"bot_id": "0000000000000b01", "x": 0.8128049139950372, "y": 0.2307209905064437, "z": 1.488491871579828, "MSE": 0.003801985705673895, "anchor 1 mse": 0.007818821772170791, "anchor 2 mse": 0.005018056672970861, "anchor 3 mse": 0.002052281862811834, "anchor 4 mse": 0.00031878251474209393}
{"bot_id": "0000000000000b01", "x": 0.8242190788923056, "y": 0.2194451912373015, "z": 1.519323466869485, "MSE": 0.003954727927601701, "anchor 1 mse": 0.003321750695234335, "anchor 2 mse": 0.010311007575430681, "anchor 3 mse": 0.00015024831626355684, "anchor 4 mse": 0.002035905123478229}
{"bot_id": "0000000000000b01", "x": 0.8147192056618926, "y": 0.23874265199255926, "z": 1.475349710111978, "MSE": 0.003458834872461142, "anchor 1 mse": 0.009568439050787097, "anchor 2 mse": 0.003330954362023565, "anchor 3 mse": 0.0009001537707971991, "anchor 4 mse": 3.579230623670721e-05}
{"bot_id": "0000000000000b01", "x": 0.8079065133659836, "y": 0.20960029496144897, "z": 1.4292917067774062, "MSE": 0.0016476506514905636, "anchor 1 mse": 0.001046552237045688, "anchor 2 mse": 0.0024227910176313127, "anchor 3 mse": 0.001297491257114767, "anchor 4 mse": 0.0018237680941704866}
{"bot_id": "0000000000000b01", "x": 0.8113845342301037, "y": 0.2336006397602917, "z": 1.4640243813795915, "MSE": 0.0009971211877740846, "anchor 1 mse": 6.521386220085664e-06, "anchor 2 mse": 0.0028612981691071454, "anchor 3 mse": 0.0010903496242033548, "anchor 4 mse": 3.0315571565752596e-05}
{"bot_id": "0000000000000b01", "x": 0.8012740551509113, "y": 0.2448522461731853, "z": 1.4181566041333886, "MSE": 0.002233955729223557, "anchor 1 mse": 0.0016267077475892388, "anchor 2 mse": 0.00021098731688108451, "anchor 3 mse": 0.004869798457993442, "anchor 4 mse": 0.0022283293944304634}
{"bot_id": "0000000000000b01", "x": 0.7883289272556881, "y": 0.19542113292291433, "z": 1.4981252239920493, "MSE": 0.0009404038073871265, "anchor 1 mse": 0.0002762841793206851,