{"bot_id": "0000000000000b01", "x": 0.43780266486618524, "y": 0.9999999999999999, "z": 0.0, "MSE": 10.0, "anchor 1 mse": 1.191671173363933, "anchor 2 mse": 1.1916711733639334, "anchor 3 mse": 1.3160658436315626, "anchor 4 mse": 1.3160658436315626}
{"bot_id": "0000000000000b01", "x": 0.43780266486618524, "y": 0.9999999999999999, "z": 0.0, "MSE": 10.0, "anchor 1 mse": 1.191671173363933, "anchor 2 mse": 1.1916711733639334, "anchor 3 mse": 1.3160658436315626, "anchor 4 mse": 1.3160658436315626}
{"bot_id": "0000000000000b01", "x": 0.43780266486618524, "y": 0.9999999999999999, "z": 0.0, "MSE": 10.0, "anchor 1 mse": 1.191671173363933, "anchor 2 mse": 1.1916711733639334, "anchor 3 mse": 1.3160658436315626, "anchor 4 mse": 1.3160658436315626}
{"bot_id": "0000000000000b01", "x": 0.43780266486618524, "y": 0.9999999999999999, "z": 0.0, "MSE": 10.0, "anchor 1 mse": 1.191671173363933, "anchor 2 mse": 1.1916711733639334, "anchor 3 mse": 1.3160658436315626, "anchor 4 mse": 1.3160658436315626}
{"bot_id": "0000000000000b01", "x": 0.43780266486618524, "y": 0.9999999999999999, "z": 0.0, "MSE": 10.0, "anchor 1 mse": 1.191671173363933, "anchor 2 mse": 1.1916711733639334, "anchor 3 mse": 1.3160658436315626, "anchor 4 mse": 1.3160658436315626}
{"bot_id": "0000000000000b01", "x": 0.43780266486618524, "y": 0.9999999999999999, "z": 0.0, "MSE": 10.0, "anchor 1 mse": 1.191671173363933, "anchor 2 mse": 1.1916711733639334, "anchor 3 mse": 1.3160658436315626, "anchor 4 mse": 1.3160658436315626}
{"bot_id": "0000000000000b01", "x": 0.43780266486618524, "y": 0.9999999999999999, "z": 0.0, "MSE": 10.0, "anchor 1 mse": 1.191671173363933, "anchor 2 mse": 1.1916711733639334, "anchor 3 mse": 1.3160658436315626, "anchor 4 mse": 1.3160658436315626}
{"bot_id": "0000000000000b01", "x": 0.43780266486618524, "y": 0.9999999999999999, "z": 0.0, "MSE": 10.0, "anchor 1 mse": 1.191671173363933, "anchor 2 mse": 1.1916711733639334, "anchor 3 mse": 1.3160658436315626, "anchor 4 mse": 1.3160658436315626}
{"bot_id": "0000000000000b01", "x": 0.43780266486618524, "y": 0.9999999999999999, "z": 0.0, "MSE": 10.0, "anchor 1 mse": 1.191671173363933, "anchor 2 mse": 1.1916711733639334, "anchor 3 mse": 1.3160658436315626, "anchor 4 mse": 1.3160658436315626}
{"bot_id": "0000000000000b01", "x": 0.43780266486618524, "y": 0.9999999999999999, "z": 0.0, "MSE": 10.0, "anchor 1 mse": 1.191671173363933, "anchor 2 mse": 1.1916711733639334, "anchor 3 mse": 1.3160658436315626, "anchor 4 mse": 1.3160658436315626}
{"bot_id": "0000000000000b01", "x": 0.43780266486618524, "y": 0.9999999999999999, "z": 0.0, "MSE": 10.0, "anchor 1 mse": 1.191671173363933, "anchor 2 mse": 1.1916711733639334, "anchor 3 mse": 1.3160658436315626, "anchor 4 mse": 1.3160658436315626}
{"bot_id": "0000000000000b01", "x": 0.43780266486618524, "y": 0.9999999999999999, "z": 0.0, "MSE": 10.0, "anchor 1 mse": 1.191671173363933, "anchor 2 mse": 1.1916711733639334, "anchor 3 mse": 1.3160658436315626, "anchor 4 mse": 1.3160658436315626}
{"bot_id": "0000000000000b01", "x": 0.43780266486618524, "y": 0.9999999999999999, "z": 0.0, "MSE": 10.0, "anchor 1 mse": 1.191671173363933, "anchor 2 mse": 1.1916711733639334, "anchor 3 mse": 1.3160658436315626, "anchor 4 mse": 1.3160658436315626}
{"bot_id": "0000000000000b01", "x": 0.43780266486618524, "y": 0.9999999999999999, "z": 0.0, "MSE": 10.0, "anchor 1 mse": 1.191671173363933, "anchor 2 mse": 1.1916711733639334, "anchor 3 mse": 1.3160658436315626, "anchor 4 mse": 1.3160658436315626}
{"bot_id": "0000000000000b01", "x": 0.43780266486618524, "y": 0.9999999999999999, "z": 0.0, "MSE": 10.0, "anchor 1 mse": 1.191671173363933, "anchor 2 mse": 1.1916711733639334, "anchor 3 mse": 1.3160658436315626, "anchor 4 mse": 1.3160658436315626}
{"bot_id": "0000000000000b01", "x": 0.43780266486618524, "y": 0.9999999999999999, "z": 0.0, "MSE": 10.0, "anchor 1 mse": 1.191671173363933, "anchor 2 mse": 1.1916711733639334, "anchor 3 mse": 1.3160658436315626, "anchor 4 mse": 1.3160658436315626}
{"bot_id": "0000000000000b01", "x": 0.43780266486618524, "y": 0.9999999999999999, "z": 0.0, "MSE": 10.0, "anchor 1 mse": 1.191671173363933, "anchor 2 mse": 1.1916711733639334, "anchor 3 mse": 1.3160658436315626, "anchor 4 mse": 1.3160658436315626}
{"bot_id": "0000000000000b01", "x": 0.43780266486618524, "y": 0.9999999999999999, "z": 0.0, "MSE": 10.0, "anchor 1 mse": 1.191671173363933, "anchor 2 mse": 1.1916711733639334, "anchor 3 mse": 1.3160658436315626, "anchor 4 mse": 1.3160658436315626}
{"bot_id": "0000000000000b01", "x": 0.43780266486618524, "y": 0.9999999999999999, "z": 0.0, "MSE": 10.0, "anchor 1 mse": 1.191671173363933, "anchor 2 mse": 1.1916711733639334, "anchor 3 mse": 1.3160658436315626, "anchor 4 mse": 1.3160658436315626}
{"bot_id": "0000000000000b01", "x": 0.43780266486618524, "y": 0.9999999999999999, "z": 0.0, "MSE": 10.0, "anchor 1 mse": 1.191671173363933, "anchor 2 mse": 1.1916711733639334, "anchor 3 mse": 1.3160658436315626, "anchor 4 mse": 1.3160658436315626}
{"bot_id": "0000000000000b01", "x": 0.43780266486618524, "y": 0.9999999999999999, "z": 0.0, "MSE": 10.0, "anchor 1 mse": 1.191671173363933, "anchor 2 mse": 1.1916711733639334, "anchor 3 mse": 1.3160658436315626, "anchor 4 mse": 1.3160658436315626}
{"bot_id": "0000000000000b01", "x": 0.43780266486618524, "y": 0.9999999999999999, "z": 0.0, "MSE": 10.0, "anchor 1 mse": 1.191671173363933, "anchor 2 mse": 1.1916711733639334, "anchor 3 mse": 1.3160658436315626, "anchor 4 mse": 1.3160658436315626}
{"bot_id": "0000000000000b01", "x": 0.43780266486618524, "y": 0.9999999999999999, "z": 0.0, "MSE": 10.0, "anchor 1 mse": 1.191671173363933, "anchor 2 mse": 1.1916711733639334, "anchor 3 mse": 1.3160658436315626, "anchor 4 mse": 1.3160658436315626}
{"bot_id": "0000000000000b01", "x": 0.43780266486618524, "y": 0.9999999999999999, "z": 0.0, "MSE": 10.0, "anchor 1 mse": 1.191671173363933, "anchor 2 mse": 1.1916711733639334, "anchor 3 mse": 1.3160658436315626, "anchor 4 mse": 1.3160658436315626}
{"bot_id": "0000000000000b01", "x": 0.43780266486618524, "y": 0.9999999999999999, "z": 0.0, "MSE": 10.0, "anchor 1 mse": 1.191671173363933, "anchor 2 mse": 1.1916711733639334, "anchor 3 mse": 1.3160658436315626, "anchor 4 mse": 1.3160658436315626}
{"bot_id": "0000000000000b01", "x": 0.43780266486618524, "y": 0.9999999999999999, "z": 0.0, "MSE": 10.0, "anchor 1 mse": 1.191671173363933, "anchor 2 mse": 1.1916711733639334, "anchor 3 mse": 1.3160658436315626, "anchor 4 mse": 1.3160658436315626}
{"bot_id": "0000000000000b01", "x": 0.43780266486618524, "y": 0.9999999999999999, "z": 0.0, "MSE": 10.0, "anchor 1 mse": 1.191671173363933, "anchor 2 mse": 1.1916711733639334, "anchor 3 mse": 1.3160658436315626, "anchor 4 mse": 1.3160658436315626}
{"bot_id": "0000000000000b01", "x": 0.43780266486618524, "y": 0.9999999999999999, "z": 0.0, "MSE": 10.0, "anchor 1 mse": 1.191671173363933, "anchor 2 mse": 1.1916711733639334, "anchor 3 mse": 1.3160658436315626, "anchor 4 mse": 1.3160658436315626}
{"bot_id": "0000000000000b01", "x": 0.43780266486618524, "y": 0.9999999999999999, "z": 0.0, "MSE": 10.0, "anchor 1 mse": 1.191671173363933, "anchor 2 mse": 1.1916711733639334, "anchor 3 mse": 1.3160658436315626, "anchor 4 mse": 1.3160658436315626}
{"bot_id": "0000000000000b01", "x": 0.43780266486618524, "y": 0.9999999999999999, "z": 0.0, "MSE": 10.0, "anchor 1 mse": 1.191671173363933, "anchor 2 mse": 1.1916711733639334, "anchor 3 mse": 1.3160658436315626, "anchor 4 mse": 1.3160658436315626}
{"bot_id": "0000000000000b01", "x": 0.43780266486618524, "y": 0.9999999999999999, "z": 0.0, "MSE": 10.0, "anchor 1 mse": 1.191671173363933, "anchor 2 mse": 1.1916711733639334, "anchor 3 mse": 1.3160658436315626, "anchor 4 mse": 1.3160658436315626}
