{"bot_id": "0000000000000b01", "x": 1.1815566281840717, "y": -0.41772345954510853, "z": 0.0, "MSE": 0.057347894820569706, "anchor 1 mse": 0.064122103229651, "anchor 2 mse": 0.011881737516177469, "anchor 3 mse": 0.013117301121782284, "anchor 4 mse": 0.14027043741466808}
{"bot_id": "0000000000000b01", "x": 1.1476602569127234, "y": -0.426345834684133, "z": 0.0, "MSE": 0.06238478396140757, "anchor 1 mse": 0.07800491889017816, "anchor 2 mse": 0.013437760448251262, "anchor 3 mse": 0.014601040742192341, "anchor 4 mse": 0.14349541576500852}
{"bot_id": "0000000000000b01", "x": 1.1336206363987746, "y": -0.4194217618211121, "z": 0.0, "MSE": 0.06149831810086641, "anchor 1 mse": 0.05940071337413804, "anchor 2 mse": 0.011699863909756138, "anchor 3 mse": 0.02660447251991099, "anchor 4 mse": 0.24980793252154207}
{"bot_id": "0000000000000b01", "x": 1.1910225913256982, "y": -0.38112465902338266, "z": 0.0, "MSE": 0.09395169729391503, "anchor 1 mse": 0.08151951240383366, "anchor 2 mse": 0.013833484076635828, "anchor 3 mse": 0.01658290744884901, "anchor 4 mse": 0.2638708852463416}
{"bot_id": "0000000000000b01", "x": 1.1910225913256982, "y": -0.38112465902338266, "z": 0.0, "MSE": 0.09395169729391503, "anchor 1 mse": 0.08151951240383366, "anchor 2 mse": 0.0060242174691647965, "anchor 3 mse": 0.012944668302230681, "anchor 4 mse": 0.2638708852463416}
{"bot_id": "0000000000000b01", "x": 1.1508167810278882, "y": -0.3782344349478909, "z": 0.0, "MSE": 0.09146191910772275, "anchor 1 mse": 0.06070291054620869, "anchor 2 mse": 0.009596052983258775, "anchor 3 mse": 0.011666525826394323, "anchor 4 mse": 0.2838821870750292}
{"bot_id": "0000000000000b01", "x": 1.1508167810278882, "y": -0.3782344349478909, "z": 0.0, "MSE": 0.09146191910772275, "anchor 1 mse": 0.06070291054620869, "anchor 2 mse": 0.009596052983258775, "anchor 3 mse": 0.011666525826394323, "anchor 4 mse": 0.39414031877314776}
{"bot_id": "0000000000000b01", "x": 1.1548205318718852, "y": -0.37905075152774076, "z": 0.0, "MSE": 0.11876200659111577, "anchor 1 mse": 0.10268061762232415, "anchor 2 mse": 0.009116180961384543, "anchor 3 mse": 0.01189910658751055, "anchor 4 mse": 0.3913134643006181}
{"bot_id": "0000000000000b01", "x": 1.1074310704606845, "y": -0.39126351634938267, "z": 0.0, "MSE": 0.12478719091951472, "anchor 1 mse": 0.0781298798394587, "anchor 2 mse": 0.010972474337857514, "anchor 3 mse": 0.014083886210248872, "anchor 4 mse": 0.3959625232904938}
{"bot_id": "0000000000000b01", "x": 1.0274780281132316, "y": -0.35957529648944453, "z": 0.0, "MSE": 0.12613439171839017, "anchor 1 mse": 0.03747305203389615, "anchor 2 mse": 0.00510102005005621, "anchor 3 mse": 0.00718006875952878, "anchor 4 mse": 0.4547834260300795}
{"bot_id": "0000000000000b01", "x": 1.0274780281132316, "y": -0.35957529648944453, "z": 0.0, "MSE": 0.12613439171839017, "anchor 1 mse": 0.03747305203389615, "anchor 2 mse": 0.00510102005005621, "anchor 3 mse": 0.00718006875952878, "anchor 4 mse": 0.4547834260300795}
{"bot_id": "0000000000000b01", "x": 1.026707809029303, "y": -0.3606619169044754, "z": 0.0, "MSE": 0.13964173276742547, "anchor 1 mse": 0.03733098107408778, "anchor 2 mse": 0.005003074205772392, "anchor 3 mse": 0.012279519655532386, "anchor 4 mse": 0.5088690058379841}
{"bot_id": "0000000000000b01", "x": 1.1227532702909442, "y": -0.3240593631798117, "z": 0.0, "MSE": 0.14360917966985237, "anchor 1 mse": 0.033703212582827706, "anchor 2 mse": 0.004089411051628726, "anchor 3 mse": 0.005975123893997326, "anchor 4 mse": 0.5306689711509557}
{"bot_id": "0000000000000b01", "x": 1.2208960987598145, "y": -0.37007425939336946, "z": 0.0, "MSE": 0.13231571385898885, "anchor 1 mse": 0.08453651490232213, "anchor 2 mse": 0.012983889737425607, "anchor 3 mse": 0.016990079812942246, "anchor 4 mse": 0.41475237098326545}
{"bot_id": "0000000000000b01", "x": 1.1285598605964375, "y": -0.44680066851245176, "z": 0.0, "MSE": 0.11046782331091569, "anchor 1 mse": 0.05234336224639543, "anchor 2 mse": 0.007305471424739388, "anchor 3 mse": 0.010035178569936866, "anchor 4 mse": 0.3721872810025911}
{"bot_id": "0000000000000b01", "x": 1.1276652618349299, "y": -0.4461063286803521, "z": 0.0, "MSE": 0.10024306677285141, "anchor 1 mse": 0.10093289945429203, "anchor 2 mse": 0.00747830484076943, "anchor 3 mse": 0.009887431716878975, "anchor 4 mse": 0.3317595204431803}
{"bot_id": "0000000000000b01", "x": 1.0649986584896487, "y": -0.46065777464851987, "z": 0.0, "MSE": 0.10574356862711462, "anchor 1 mse": 0.07041419119998087, "anchor 2 mse": 0.009753136524912095, "anchor 3 mse": 0.012435840513201707, "anchor 4 mse": 0.3303711062703638}
{"bot_id": "0000000000000b01", "x": 0.9885667280330399, "y": -0.43291580772547333, "z": 0.0, "MSE": 0.10348177871437184, "anchor 1 mse": 0.03393094271546581, "anchor 2 mse": 0.004748724154108444, "anchor 3 mse": 0.006879486904973391, "anchor 4 mse": 0.3683679610829397}
{"bot_id": "0000000000000b01", "x": 1.1004157723771248, "y": -0.3537241864273199, "z": 0.0, "MSE": 0.13542238198021847, "anchor 1 mse": 0.0680532054823557, "anchor 2 mse": 0.009359469438910124, "anchor 3 mse": 0.012291094102535753, "anchor 4 mse": 0.45198575889707227}
{"bot_id": "0000000000000b01", "x": 1.1004157723771248, "y": -0.3537241864273199, "z": 0.0, "MSE": 0.13542238198021847, "anchor 1 mse": 0.0680532054823557, "anchor 2 mse": 0.009359469438910124, "anchor 3 mse": 0.012291094102535753, "anchor 4 mse": 0.5073696678005841}
{"bot_id": "0000000000000b01", "x": 1.1439582319800023, "y": -0.34313303639176856, "z": 0.0, "MSE": 0.14413981009670715, "anchor 1 mse": 0.05727014594668111, "anchor 2 mse": 0.0076610624342021115, "anchor 3 mse": 0.01051673823173092, "anchor 4 mse": 0.5011112937742145}
{"bot_id": "0000000000000b01", "x": 1.1439582319800023, "y": -0.34313303639176856, "z": 0.0, "MSE": 0.14413981009670715, "anchor 1 mse": 0.05727014594668111, "anchor 2 mse": 0.028065461682851612, "anchor 3 mse": 0.01051673823173092, "anchor 4 mse": 0.5011112937742145}
{"bot_id": "0000000000000b01", "x": 1.2018670277024137, "y": -0.37053728084531873, "z": 0.0, "MSE": 0.139090621393919, "anchor 1 mse": 0.09162077706175252, "anchor 2 mse": 0.013734494551425551, "anchor 3 mse": 0.04166371511882319, "anchor 4 mse": 0.4330198669881563}
{"bot_id": "0000000000000b01", "x": 1.2568010694367044, "y": -0.31866325928522043, "z": 0.0, "MSE": 0.15260449902050954, "anchor 1 mse": 0.11667044321646418, "anchor 2 mse": 0.018940570310550547, "anchor 3 mse": 0.02491371145156844, "anchor 4 mse": 0.4299960459781584}
{"bot_id": "0000000000000b01", "x": 1.2553723456211203, "y": -0.31886139705300376, "z": 0.0, "MSE": 0.14768339732966615, "anchor 1 mse": 0.13339621367856314, "anchor 2 mse": 0.019080184594862742, "anchor 3 mse": 0.024926373175156297, "anchor 4 mse": 0.43096754106906915}
{"bot_id": "0000000000000b01", "x": 1.2399315665165747, "y": -0.3237691440326356, "z": 0.0, "MSE": 0.15192510874444612, "anchor 1 mse": 0.12355622672440274, "anchor 2 mse": 0.019914347012506082, "anchor 3 mse": 0.02596058803985845, "anchor 4 mse": 0.43826927320101716}
{"bot_id": "0000000000000b01", "x": 1.2138070451350726, "y": -0.3093505387981821, "z": 0.0, "MSE": 0.15385783261572036, "anchor 1 mse": 0.10407553457068858, "anchor 2 mse": 0.015897911642923566, "anchor 3 mse": 0.02080139556884006, "anchor 4 mse": 0.47465648868042926}
{"bot_id": "0000000000000b01", "x": 1.2703267745710096, "y": -0.2517724554259637, "z": 0.0, "MSE": 0.16734662930830063, "anchor 1 mse": 0.13325163144114086, "anchor 2 mse": 0.022385012400521393, "anchor 3 mse": 0.0299085419426644, "anchor 4 mse": 0.45641784981342626}
{"bot_id": "0000000000000b01", "x": 1.2682252461663885, "y": -0.2522302148916941, "z": 0.0, "MSE": 0.16061000289955701, "anchor 1 mse": 0.13181570625823413, "anchor 2 mse": 0.02257485013141006, "anchor 3 mse": 0.029979495042719545, "anchor 4 mse": 0.45806996016586427}
{"bot_id": "0000000000000b01", "x": 1.2623572340145706, "y": -0.2542065375342243, "z": 0.0, "MSE": 0.16263094378848042, "anchor 1 mse": 0.13520199361316576, "anchor 2 mse": 0.022921729107355553,