{"bot_id": "0000000000000b01", "x": -0.30427492717926125, "y": -1.6564096069701135, "z": 1.5210956868306058, "MSE": 1.763116074033034, "anchor 1 mse": 0.46153399000237627, "anchor 2 mse": 2.89631660800113, "anchor 3 mse": 2.463129294109486, "anchor 4 mse": 1.2314844040191435}
{"bot_id": "0000000000000b01", "x": 0.6407593207869088, "y": 0.34982033236090937, "z": 1.4262528598471773, "MSE": 0.0380853060083894, "anchor 1 mse": 0.00014959594853143648, "anchor 2 mse": 1.084616542509663e-05, "anchor 3 mse": 0.15170429941199942, "anchor 4 mse": 0.00047648250760165566}
{"bot_id": "0000000000000b01", "x": 0.638137387521647, "y": 0.3462865319405444, "z": 1.4182660804390148, "MSE": 0.03838298905430175, "anchor 1 mse": 1.0905482287012586e-05, "anchor 2 mse": 1.5554548947864842e-08, "anchor 3 mse": 0.15332203035759218, "anchor 4 mse": 0.00019900482277886982}
{"bot_id": "0000000000000b01", "x": 0.638137387521647, "y": 0.3462865319405444, "z": 1.4182660804390148, "MSE": 0.03838298905430175, "anchor 1 mse": 1.0905482287012586e-05, "anchor 2 mse": 1.5554548947864842e-08, "anchor 3 mse": 0.15332203035759218, "anchor 4 mse": 0.00019900482277886982}
{"bot_id": "0000000000000b01", "x": 0.638137387521647, "y": 0.3462865319405444, "z": 1.4182660804390148, "MSE": 0.03838298905430175, "anchor 1 mse": 1.0905482287012586e-05, "anchor 2 mse": 1.5554548947864842e-08, "anchor 3 mse": 0.15332203035759218, "anchor 4 mse": 0.00019900482277886982}
{"bot_id": "0000000000000b01", "x": 0.638137387521647, "y": 0.3462865319405444, "z": 1.4182660804390148, "MSE": 0.03838298905430175, "anchor 1 mse": 1.0905482287012586e-05, "anchor 2 mse": 1.5554548947864842e-08, "anchor 3 mse": 0.15332203035759218, "anchor 4 mse": 0.00019900482277886982}
{"bot_id": "0000000000000b01", "x": 0.6370252529344149, "y": 0.3171856921014935, "z": 1.3631441557826875, "MSE": 0.042043570905709045, "anchor 1 mse": 0.0027336360727397784, "anchor 2 mse": 0.00015891410661593656, "anchor 3 mse": 0.1633336466152101, "anchor 4 mse": 0.001948086828270366}
{"bot_id": "0000000000000b01", "x": 0.638137387521647, "y": 0.3462865319405444, "z": 1.4182660804390148, "MSE": 0.03838298905430175, "anchor 1 mse": 1.0905482287012586e-05, "anchor 2 mse": 1.5554548947864842e-08, "anchor 3 mse": 0.15332203035759218, "anchor 4 mse": 0.00019900482277886982}
{"bot_id": "0000000000000b01", "x": 0.638137387521647, "y": 0.3462865319405444, "z": 1.4182660804390148, "MSE": 0.03838298905430175, "anchor 1 mse": 1.0905482287012586e-05, "anchor 2 mse": 1.5554548947864842e-08, "anchor 3 mse": 0.15332203035759218, "anchor 4 mse": 0.00019900482277886982}
{"bot_id": "0000000000000b01", "x": 0.638137387521647, "y": 0.3462865319405444, "z": 1.4182660804390148, "MSE": 0.03838298905430175, "anchor 1 mse": 1.0905482287012586e-05, "anchor 2 mse": 1.5554548947864842e-08, "anchor 3 mse": 0.15332203035759218, "anchor 4 mse": 0.00019900482277886982}
{"bot_id": "0000000000000b01", "x": 0.6384517375597473, "y": 0.3451343586157392, "z": 1.413103065806739, "MSE": 0.03903537450753993, "anchor 1 mse": 2.0055050685803593e-06, "anchor 2 mse": 0.0007746104869636865, "anchor 3 mse": 0.15528570803922975, "anchor 4 mse": 7.917399889769387e-05}
{"bot_id": "0000000000000b01", "x": 0.6384517375597473, "y": 0.3451343586157392, "z": 1.413103065806739, "MSE": 0.03903537450753993, "anchor 1 mse": 2.0055050685803593e-06, "anchor 2 mse": 0.0007746104869636865, "anchor 3 mse": 0.15528570803922975, "anchor 4 mse": 7.917399889769387e-05}
{"bot_id": "0000000000000b01", "x": 0.6384517375597473, "y": 0.3451343586157392, "z": 1.413103065806739, "MSE": 0.031998254328432514, "anchor 1 mse": 2.0055050685803593e-06, "anchor 2 mse": 0.0007746104869636865, "anchor 3 mse": 0.12713722732280008, "anchor 4 mse": 7.917399889769387e-05}
