{"bot_id": "0000000000000b01", "x": 1.380169641960494, "y": -0.3318193908231033, "z": 0.0, "MSE": 0.11258642544572627, "anchor 1 mse": 0.14401813761579135, "anchor 2 mse": 0.02570935369824851, "anchor 3 mse": 0.03334522305419597, "anchor 4 mse": 0.2760327647646609}
{"bot_id": "0000000000000b01", "x": 1.2670551148360865, "y": -0.28539434608189646, "z": 0.0, "MSE": 0.116020456113217, "anchor 1 mse": 0.06697687346404757, "anchor 2 mse": 0.011420886727330408, "anchor 3 mse": 0.014627580457894742, "anchor 4 mse": 0.3710564838035953}
{"bot_id": "0000000000000b01", "x": 1.2670551148360865, "y": -0.28539434608189646, "z": 0.0, "MSE": 0.116020456113217, "anchor 1 mse": 0.06697687346404757, "anchor 2 mse": 0.011420886727330408, "anchor 3 mse": 0.0004386735310451978, "anchor 4 mse": 0.3710564838035953}
{"bot_id": "0000000000000b01", "x": 1.1881377497720165, "y": -0.3608891833392492, "z": 0.0, "MSE": 0.10152578273846397, "anchor 1 mse": 0.040698067024544635, "anchor 2 mse": 0.0059284159323213575, "anchor 3 mse": 0.007809894659095774, "anchor 4 mse": 0.3516667533378941}
{"bot_id": "0000000000000b01", "x": 1.1561785266267064, "y": -0.38800595835877183, "z": 0.0, "MSE": 0.09530680273976266, "anchor 1 mse": 0.03223749679613537, "anchor 2 mse": 0.004465992137619678, "anchor 3 mse": 0.00610080384120318, "anchor 4 mse": 0.3384229181840924}
{"bot_id": "0000000000000b01", "x": 1.1561785266267064, "y": -0.38800595835877183, "z": 0.0, "MSE": 0.09530680273976266, "anchor 1 mse": 0.03223749679613537, "anchor 2 mse": 0.004465992137619678, "anchor 3 mse": 0.00610080384120318, "anchor 4 mse": 0.2178474235215596}
{"bot_id": "0000000000000b01", "x": 1.151279462226075, "y": -0.38725257285030656, "z": 0.0, "MSE": 0.06537141474202732, "anchor 1 mse": 0.030507559259737468, "anchor 2 mse": 0.004849437494569446, "anchor 3 mse": 0.005935321368501333, "anchor 4 mse": 0.22019334084530104}
{"bot_id": "0000000000000b01", "x": 1.151279462226075, "y": -0.38725257285030656, "z": 0.0, "MSE": 0.06537141474202732, "anchor 1 mse": 0.030507559259737468, "anchor 2 mse": 0.004849437494569446, "anchor 3 mse": 0.005935321368501333, "anchor 4 mse": 0.22019334084530104}
{"bot_id": "0000000000000b01", "x": 1.1070350373148565, "y": -0.3670494260457729, "z": 0.0, "MSE": 0.0684461660614185, "anchor 1 mse": 0.015951274706096186, "anchor 2 mse": 0.0021967760528822816, "anchor 3 mse": 0.002966783288210661, "anchor 4 mse": 0.2526698301984849}
