{"bot_id": "0000000000000b01", "x": 0.5649574100187602, "y": 1.4761393241559622, "z": 0.0, "MSE": 9.185120981216816, "anchor 1 mse": 0.02577893110411708, "anchor 2 mse": 0.5936068828308776, "anchor 3 mse": 0.4636920627933571, "anchor 4 mse": 2.3682493594172063}
{"bot_id": "0000000000000b01", "x": 0.5649574100187602, "y": 1.4761393241559622, "z": 0.0, "MSE": 9.185120981216816, "anchor 1 mse": 0.02577893110411708, "anchor 2 mse": 0.5936068828308776, "anchor 3 mse": 0.4636920627933571, "anchor 4 mse": 2.3682493594172063}
{"bot_id": "0000000000000b01", "x": 0.5649574100187602, "y": 1.4761393241559622, "z": 0.0, "MSE": 9.185120981216816, "anchor 1 mse": 0.02577893110411708, "anchor 2 mse": 0.5936068828308776, "anchor 3 mse": 0.4636920627933571, "anchor 4 mse": 2.3682493594172063}
{"bot_id": "0000000000000b01", "x": 0.5649574100187602, "y": 1.4761393241559622, "z": 0.0, "MSE": 9.185120981216816, "anchor 1 mse": 0.02577893110411708, "anchor 2 mse": 0.5936068828308776, "anchor 3 mse": 0.4636920627933571, "anchor 4 mse": 2.3682493594172063}
{"bot_id": "0000000000000b01", "x": 0.5649574100187602, "y": 1.4761393241559622, "z": 0.0, "MSE": 9.185120981216816, "anchor 1 mse": 0.02577893110411708, "anchor 2 mse": 0.5936068828308776, "anchor 3 mse": 0.4636920627933571, "anchor 4 mse": 2.3682493594172063}
{"bot_id": "0000000000000b01", "x": 0.5649574100187602, "y": 1.4761393241559622, "z": 0.0, "MSE": 9.185120981216816, "anchor 1 mse": 0.02577893110411708, "anchor 2 mse": 0.5936068828308776, "anchor 3 mse": 0.4636920627933571, "anchor 4 mse": 2.3682493594172063}
{"bot_id": "0000000000000b01", "x": 0.5649574100187602, "y": 1.4761393241559622, "z": 0.0, "MSE": 9.185120981216816, "anchor 1 mse": 0.02577893110411708, "anchor 2 mse": 0.5936068828308776, "anchor 3 mse": 0.4636920627933571, "anchor 4 mse": 2.3682493594172063}
{"bot_id": "0000000000000b01", "x": 0.5649574100187602, "y": 1.4761393241559622, "z": 0.0, "MSE": 9.185120981216816, "anchor 1 mse": 0.02577893110411708, "anchor 2 mse": 0.5936068828308776, "anchor 3 mse": 0.4636920627933571, "anchor 4 mse": 2.3682493594172063}
{"bot_id": "0000000000000b01", "x": 0.5649574100187602, "y": 1.4761393241559622, "z": 0.0, "MSE": 9.185120981216816, "anchor 1 mse": 0.02577893110411708, "anchor 2 mse": 0.5936068828308776, "anchor 3 mse": 0.4636920627933571, "anchor 4 mse": 2.3682493594172063}
{"bot_id": "0000000000000b01", "x": 0.5649574100187602, "y": 1.4761393241559622, "z": 0.0, "MSE": 9.185120981216816, "anchor 1 mse": 0.02577893110411708, "anchor 2 mse": 0.5936068828308776, "anchor 3 mse": 0.4636920627933571, "anchor 4 mse": 2.3682493594172063}
