{"bot_id": "0000000000000b01", "x": 1.1702992828908578, "y": -0.37538019549140733, "z": 0.0, "MSE": 0.26650015121020937, "anchor 1 mse": 0.02529001838082934, "anchor 2 mse": 0.001022459986239156, "anchor 3 mse": 0.003779427139995724, "anchor 4 mse": 0.8423494991649995}
{"bot_id": "0000000000000b01", "x": 1.1619954780543778, "y": -0.3749923511546175, "z": 0.0, "MSE": 0.21961992539612157, "anchor 1 mse": 0.02433750181640329, "anchor 2 mse": 0.0012948271502412122, "anchor 3 mse": 0.003661545072203053, "anchor 4 mse": 0.5133905824416715}
{"bot_id": "0000000000000b01", "x": 1.1483184750432736, "y": -0.3739138859877931, "z": 0.0, "MSE": 0.13699548732100592, "anchor 1 mse": 0.06383796239166957, "anchor 2 mse": 0.001843566556807783, "anchor 3 mse": 0.0034272509820691467, "anchor 4 mse": 0.5223587554325752}
{"bot_id": "0000000000000b01", "x": 1.0541073996916839, "y": -0.3978543159374575, "z": 0.0, "MSE": 0.1406860187938881, "anchor 1 mse": 0.029477472968168668, "anchor 2 mse": 0.010136060035285829, "anchor 3 mse": 0.001889180400071802, "anchor 4 mse": 0.3887314144585755}
{"bot_id": "0000000000000b01", "x": 1.0508589011755312, "y": -0.4351937134527493, "z": 0.0, "MSE": 0.0971912071821771, "anchor 1 mse": 0.018881084097828727, "anchor 2 mse": 0.0045889695311954635, "anchor 3 mse": 0.006516485000940067, "anchor 4 mse": 0.3443865289547577}
{"bot_id": "0000000000000b01", "x": 1.085420318030849, "y": -0.4273932595030856, "z": 0.0, "MSE": 0.0960039184525052, "anchor 1 mse": 0.02773367193246529, "anchor 2 mse": 0.0037188369190363254, "anchor 3 mse": 0.005460584990906745, "anchor 4 mse": 0.3471025799676124}
{"bot_id": "0000000000000b01", "x": 1.085420318030849, "y": -0.4273932595030856, "z": 0.0, "MSE": 0.0960039184525052, "anchor 1 mse": 0.02773367193246529, "anchor 2 mse": 0.0037188369190363254, "anchor 3 mse": 0.005460584990906745, "anchor 4 mse": 0.3471025799676124}
