{"bot_id": "0000000000000b01", "x": 0.15933836785347005, "y": 1.2972659676791207, "z": 0.0, "MSE": 0.8707227782724196, "anchor 1 mse": 1.708287706368653, "anchor 2 mse": 0.5192238356521705, "anchor 3 mse": 1.2005470999452301, "anchor 4 mse": 0.0548324711236246}
{"bot_id": "0000000000000b01", "x": 0.2347757267424934, "y": 1.1368882177768782, "z": 0.0, "MSE": 0.7805224098517795, "anchor 1 mse": 1.3476344615873523, "anchor 2 mse": 0.2761788376225755, "anchor 3 mse": 1.330530136994853, "anchor 4 mse": 0.16774620320233685}
{"bot_id": "0000000000000b01", "x": -0.3182093149703537, "y": 0.8402945382939212, "z": 0.0, "MSE": 0.23497913385958968, "anchor 1 mse": 0.8073520792204959, "anchor 2 mse": 0.04727592764012887, "anchor 3 mse": 0.03831075943446197, "anchor 4 mse": 0.04697776914327198}
{"bot_id": "0000000000000b01", "x": -0.3182093149703537, "y": 0.8402945382939212, "z": 0.0, "MSE": 0.23497913385958968, "anchor 1 mse": 0.8073520792204959, "anchor 2 mse": 0.04727592764012887, "anchor 3 mse": 0.03831075943446197, "anchor 4 mse": 0.018698800155313874}
{"bot_id": "0000000000000b01", "x": -0.2630127115848065, "y": 0.8060648381562089, "z": 0.0, "MSE": 0.2075659320627898, "anchor 1 mse": 0.7189162097669879, "anchor 2 mse": 0.03898192319188635, "anchor 3 mse": 0.03168792064711778, "anchor 4 mse": 0.040677674645167264}
{"bot_id": "0000000000000b01", "x": -0.2630127115848065, "y": 0.8060648381562089, "z": 0.0, "MSE": 0.2075659320627898, "anchor 1 mse": 0.7189162097669879, "anchor 2 mse": 0.03898192319188635, "anchor 3 mse": 0.03168792064711778, "anchor 4 mse": 0.040677674645167264}
{"bot_id": "0000000000000b01", "x": -0.2630127115848065, "y": 0.8060648381562089, "z": 0.0, "MSE": 0.2075659320627898, "anchor 1 mse": 0.7189162097669879, "anchor 2 mse": 0.03898192319188635, "anchor 3 mse": 0.03168792064711778, "anchor 4 mse": 0.040677674645167264}
{"bot_id": "0000000000000b01", "x": -0.2630127115848065, "y": 0.8060648381562089, "z": 0.0, "MSE": 0.2075659320627898, "anchor 1 mse": 0.7189162097669879, "anchor 2 mse": 0.03898192319188635, "anchor 3 mse": 0.03168792064711778, "anchor 4 mse": 0.040677674645167264}
{"bot_id": "0000000000000b01", "x": -0.2630127115848065, "y": 0.8060648381562089, "z": 0.0, "MSE": 0.2075659320627898, "anchor 1 mse": 0.7189162097669879, "anchor 2 mse": 0.03898192319188635, "anchor 3 mse": 0.03168792064711778, "anchor 4 mse": 0.040677674645167264}
{"bot_id": "0000000000000b01", "x": -0.2630127115848065, "y": 0.8060648381562089, "z": 0.0, "MSE": 0.2075659320627898, "anchor 1 mse": 0.7189162097669879, "anchor 2 mse": 0.03898192319188635, "anchor 3 mse": 0.03168792064711778, "anchor 4 mse": 0.040677674645167264}
{"bot_id": "0000000000000b01", "x": -0.2630127115848065, "y": 0.8060648381562089, "z": 0.0, "MSE": 0.2075659320627898, "anchor 1 mse": 0.7189162097669879, "anchor 2 mse": 0.03898192319188635, "anchor 3 mse": 0.03168792064711778, "anchor 4 mse": 0.040677674645167264}
{"bot_id": "0000000000000b01", "x": -0.2630127115848065, "y": 0.8060648381562089, "z": 0.0, "MSE": 0.2075659320627898, "anchor 1 mse": 0.7189162097669879, "anchor 2 mse": 0.03898192319188635, "anchor 3 mse": 0.03168792064711778, "anchor 4 mse": 0.040677674645167264}
{"bot_id": "0000000000000b01", "x": -0.25879599779679996, "y": 0.8486610887923417, "z": 0.0, "MSE": 0.21429215809988378, "anchor 1 mse": 0.787201012105844, "anchor 2 mse": 0.015608409858350976, "anchor 3 mse": 0.0212914152017411, "anchor 4 mse": 0.03306779523359902}
{"bot_id": "0000000000000b01", "x": -0.25879599779679996, "y": 0.8486610887923417, "z": 0.0, "MSE": 0.21429215809988378, "anchor 1 mse": 0.787201012105844, "anchor 2 mse": 0.015608409858350976, "anchor 3 mse": 0.0212914152017411, "anchor 4 mse": 0.03306779523359902}
{"bot_id": "0000000000000b01", "x": -0.25879599779679996, "y": 0.8486610887923417, "z": 0.0, "MSE": 0.21429215809988378, "anchor 1 mse": 0.787201012105844, "anchor 2 mse": 0.015608409858350976, "anchor 3 mse": 0.0817478339363354, "anchor 4 mse": 0.03306779523359902}
{"bot_id": "0000000000000b01", "x": -0.18636992498431548, "y": 0.8977093086491582, "z": 0.0, "MSE": 0.24010837293621623, "anchor 1 mse": 0.8406157517740089, "anchor 2 mse": 0.03499333883060705, "anchor 3 mse": 0.03976799538680201, "anchor 4 mse": 0.04505640575344696}
{"bot_id": "0000000000000b01", "x": -0.18636992498431548, "y": 0.8977093086491582, "z": 0.0, "MSE": 0.24010837293621623, "anchor 1 mse": 0.8406157517740089, "anchor 2 mse": 0.03499333883060705, "anchor 3 mse": 0.03976799538680201, "anchor 4 mse": 0.04505640575344696}
{"bot_id": "0000000000000b01", "x": -0.18636992498431548, "y": 0.8977093086491582, "z": 0.0, "MSE": 0.24010837293621623, "anchor 1 mse": 0.8406157517740089, "anchor 2 mse": 0.03499333883060705, "anchor 3 mse": 0.03976799538680201, "anchor 4 mse": 0.04505640575344696}
{"bot_id": "0000000000000b01", "x": -0.18636992498431548, "y": 0.8977093086491582, "z": 0.0, "MSE": 0.24010837293621623, "anchor 1 mse": 0.8406157517740089, "anchor 2 mse": 0.03499333883060705, "anchor 3 mse": 0.03976799538680201, "anchor 4 mse": 0.04505640575344696}
{"bot_id": "0000000000000b01", "x": -0.18636992498431548, "y": 0.8977093086491582, "z": 0.0, "MSE": 0.24010837293621623, "anchor 1 mse": 0.8406157517740089, "anchor 2 mse": 0.03499333883060705, "anchor 3 mse": 0.03976799538680201, "anchor 4 mse": 0.04505640575344696}
{"bot_id": "0000000000000b01", "x": -0.18636992498431548, "y": 0.8977093086491582, "z": 0.0, "MSE": 0.24010837293621623, "anchor 1 mse": 0.8406157517740089, "anchor 2 mse": 0.03499333883060705, "anchor 3 mse": 0.03976799538680201, "anchor 4 mse": 0.04505640575344696}
{"bot_id": "0000000000000b01", "x": -0.18636992498431548, "y": 0.8977093086491582, "z": 0.0, "MSE": 0.24010837293621623, "anchor 1 mse": 0.8406157517740089, "anchor 2 mse": 0.03499333883060705, "anchor 3 mse": 0.03976799538680201, "anchor 4 mse": 0.04505640575344696}
{"bot_id": "0000000000000b01", "x": -0.18636992498431548, "y": 0.8977093086491582, "z": 0.0, "MSE": 0.24010837293621623, "anchor 1 mse": 0.8406157517740089, "anchor 2 mse": 0.03499333883060705, "anchor 3 mse": 0.03976799538680201, "anchor 4 mse": 0.04505640575344696}
