{"bot_id": "0000000000000b01", "x": 1.2494342175682327, "y": -0.45029706441459166, "z": 0.0, "MSE": 0.10144469097112341, "anchor 1 mse": 0.10765052412861133, "anchor 2 mse": 0.01947083546107927, "anchor 3 mse": 0.02339683433471671, "anchor 4 mse": 0.25526056996008634}
{"bot_id": "0000000000000b01", "x": 1.2471274988522796, "y": -0.44845902030793966, "z": 0.0, "MSE": 0.10374611516858825, "anchor 1 mse": 0.11243175756428472, "anchor 2 mse": 0.020227374959306342, "anchor 3 mse": 0.02430447834794955, "anchor 4 mse": 0.25802084980281237}
{"bot_id": "0000000000000b01", "x": 1.2471274988522796, "y": -0.44845902030793966, "z": 0.0, "MSE": 0.10374611516858825, "anchor 1 mse": 0.11243175756428472, "anchor 2 mse": 0.0002966309092003681, "anchor 3 mse": 0.02430447834794955, "anchor 4 mse": 0.25802084980281237}
{"bot_id": "0000000000000b01", "x": 1.1613872896704573, "y": -0.4052171007602023, "z": 0.0, "MSE": 0.09747914147584269, "anchor 1 mse": 0.05762367714955096, "anchor 2 mse": 0.00884836635938403, "anchor 3 mse": 0.011156740019798647, "anchor 4 mse": 0.3122877823746371}
{"bot_id": "0000000000000b01", "x": 1.1613872896704573, "y": -0.4052171007602023, "z": 0.0, "MSE": 0.09747914147584269, "anchor 1 mse": 0.05762367714955096, "anchor 2 mse": 0.00884836635938403, "anchor 3 mse": 0.011156740019798647, "anchor 4 mse": 0.3122877823746371}
{"bot_id": "0000000000000b01", "x": 1.1613872896704573, "y": -0.4052171007602023, "z": 0.0, "MSE": 0.09747914147584269, "anchor 1 mse": 0.05762367714955096, "anchor 2 mse": 0.00884836635938403, "anchor 3 mse": 0.0016504288539049105, "anchor 4 mse": 0.3122877823746371}
{"bot_id": "0000000000000b01", "x": 1.098427196126999, "y": -0.4546877751420753, "z": 0.0, "MSE": 0.08336110966007991, "anchor 1 mse": 0.03952776777261101, "anchor 2 mse": 0.005738940912792203, "anchor 3 mse": 0.0075100131263711525, "anchor 4 mse": 0.2806677168285453}
{"bot_id": "0000000000000b01", "x": 1.098427196126999, "y": -0.4546877751420753, "z": 0.0, "MSE": 0.08336110966007991, "anchor 1 mse": 0.03952776777261101, "anchor 2 mse": 0.005738940912792203, "anchor 3 mse": 0.0075100131263711525, "anchor 4 mse": 0.2806677168285453}
{"bot_id": "0000000000000b01", "x": 1.0985425478366067, "y": -0.45504047262509834, "z": 0.0, "MSE": 0.08731578539452854, "anchor 1 mse": 0.039623858646274226, "anchor 2 mse": 0.005683161597417146, "anchor 3 mse": 0.007572022663289273, "anchor 4 mse": 0.2963840986711335}
{"bot_id": "0000000000000b01", "x": 1.0985425478366067, "y": -0.45504047262509834, "z": 0.0, "MSE": 0.08731578539452854, "anchor 1 mse": 0.0320615616263158, "anchor 2 mse": 0.005683161597417146, "anchor 3 mse": 0.007572022663289273, "anchor 4 mse": 0.2963840986711335}
{"bot_id": "0000000000000b01", "x": 1.11346176008579, "y": -0.4515085748861226, "z": 0.0, "MSE": 0.08636038049351794, "anchor 1 mse": 0.03668099016444568, "anchor 2 mse": 0.005252611943349189, "anchor 3 mse": 0.0070783302198188704, "anchor 4 mse": 0.296429589646458}
{"bot_id": "0000000000000b01", "x": 1.11346176008579, "y": -0.4515085748861226, "z": 0.0, "MSE": 0.08636038049351794, "anchor 1 mse": 0.03668099016444568, "anchor 2 mse": 0.000307128933337124, "anchor 3 mse": 0.0070783302198188704, "anchor 4 mse": 0.296429589646458}
{"bot_id": "0000000000000b01", "x": 1.0379055595838884, "y": -0.42253163711003044, "z": 0.0, "MSE": 0.0899286461471339, "anchor 1 mse": 0.012235970084872863, "anchor 2 mse": 0.0015595421627552471, "anchor 3 mse": 0.0027908160448862503, "anchor 4 mse": 0.34312825629602123}
