{"bot_id": "0000000000000b01", "x": 0.3626377243579852, "y": 1.110513320615287, "z": 0.0, "MSE": 0.029788100409867128, "anchor 1 mse": 0.023036130839974422, "anchor 2 mse": 0.08377034348315814, "anchor 3 mse": 0.005003354058875932, "anchor 4 mse": 1.7480593421503497e-07}
{"bot_id": "0000000000000b01", "x": 0.13672110346037794, "y": 1.0576506602901163, "z": 0.0, "MSE": 0.01240292986782662, "anchor 1 mse": 0.0008150495786792489, "anchor 2 mse": 0.04112142997791164, "anchor 3 mse": 0.002808532692263995, "anchor 4 mse": 0.004866707222451598}
{"bot_id": "0000000000000b01", "x": 0.11993157539025803, "y": 1.0512029026998708, "z": 0.0, "MSE": 0.011835777992641792, "anchor 1 mse": 0.0013673524598838682, "anchor 2 mse": 0.039463028905462855, "anchor 3 mse": 0.0024123868599570573, "anchor 4 mse": 0.004100343745263385}
{"bot_id": "0000000000000b01", "x": 0.2470937269990681, "y": 1.0699258972124872, "z": 0.0, "MSE": 0.0035454630349871976, "anchor 1 mse": 0.008447859293780221, "anchor 2 mse": 0.003324982919120373, "anchor 3 mse": 0.0028491447891383424, "anchor 4 mse": 6.863894666579467e-05}
{"bot_id": "0000000000000b01", "x": 0.24250382447290916, "y": 1.0683464180044364, "z": 0.0, "MSE": 0.0036821962790815708, "anchor 1 mse": 0.023862927757299656, "anchor 2 mse": 0.003283575004911153, "anchor 3 mse": 0.002426453031501212, "anchor 4 mse": 0.018321544594755847}
{"bot_id": "0000000000000b01", "x": 0.12536132741079475, "y": 1.1445646272373065, "z": 0.0, "MSE": 0.008651142820954904, "anchor 1 mse": 0.009720102818514395, "anchor 2 mse": 0.09636540092694822, "anchor 3 mse": 0.0007063663074184309, "anchor 4 mse": 2.031020045433524e-05}
{"bot_id": "0000000000000b01", "x": 0.12177855499591084, "y": 1.103131622723009, "z": 0.0, "MSE": 0.023436112941717685, "anchor 1 mse": 0.019646774549740488, "anchor 2 mse": 0.07284693662281314, "anchor 3 mse": 0.014459413968415562, "anchor 4 mse": 0.0012232064016315662}
{"bot_id": "0000000000000b01", "x": 0.1850591592412834, "y": 1.164613388750719, "z": 0.0, "MSE": 0.028550392494892975, "anchor 1 mse": 0.012271134719975912, "anchor 2 mse": 0.10199160345841583, "anchor 3 mse": 0.0010270284419637192, "anchor 4 mse": 0.0061738156706413055}
{"bot_id": "0000000000000b01", "x": 0.20111634760819305, "y": 1.1826485384126824, "z": 0.0, "MSE": 0.031149866410894036, "anchor 1 mse": 0.008167248124775681, "anchor 2 mse": 0.11106817858252299, "anchor 3 mse": 0.00014579562864841704, "anchor 4 mse": 0.005301226750241191}
{"bot_id": "0000000000000b01", "x": 0.17784373741022888, "y": 1.1760395038104072, "z": 0.0, "MSE": 0.031175218044973047, "anchor 1 mse": 0.01011824988259734, "anchor 2 mse": 0.07956070438236852, "anchor 3 mse": 8.065875477885384e-05, "anchor 4 mse": 0.004234752041688328}
{"bot_id": "0000000000000b01", "x": 0.17836529809324755, "y": 1.1893235764190648, "z": 0.0, "MSE": 0.02439680081597164, "anchor 1 mse": 0.007634546223270173, "anchor 2 mse": 0.08698575205041859, "anchor 3 mse": 5.711197799259267e-07, "anchor 4 mse": 0.0029663338704178743}
{"bot_id": "0000000000000b01", "x": 0.20107368130121586, "y": 1.1810931230699022, "z": 0.0, "MSE": 0.022721293614094935, "anchor 1 mse": 0.008448066227615217, "anchor 2 mse": 0.10677775497365714, "anchor 3 mse": 0.00011950721774905698, "anchor 4 mse": 0.002924025136520892}
{"bot_id": "0000000000000b01", "x": 0.20151091636487437, "y": 1.1690796947555284, "z": 0.0, "MSE": 0.028526614378457264, "anchor 1 mse": 0.010749643805867801, "anchor 2 mse": 0.09922124101858922, "anchor 3 mse": 6.787982003484801e-06, "anchor 4 mse": 0.004128784707368542}
{"bot_id": "0000000000000b01", "x": 0.24753373066179385, "y": 1.2111496114198896, "z": 0.0, "MSE": 0.036753562568663745, "anchor 1 mse": 0.02068240814120595, "anchor 2 mse": 0.11780299264810089, "anchor 3 mse": 0.005598170372648637, "anchor 4 mse": 0.0029306791126995167}
{"bot_id": "0000000000000b01", "x": 0.24753373066179385, "y": 1.2111496114198896, "z": 0.0, "MSE": 0.036753562568663745, "anchor 1 mse": 0.02068240814120595, "anchor 2 mse": 0.11780299264810089, "anchor 3 mse": 0.005598170372648637, "anchor 4 mse": 0.0029306791126995167}
{"bot_id": "0000000000000b01", "x": 0.17684263712919102, "y": 1.1501652558627535, "z": 0.0, "MSE": 0.026038581845425693, "anchor 1 mse": 0.008339162559420434, "anchor 2 mse": 0.0911802002311547, "anchor 3 mse": 0.0003288584241675093, "anchor 4 mse": 0.0043061061669601285}
{"bot_id": "0000000000000b01", "x": 0.1826935707245459, "y": 1.1550522796943934, "z": 0.0, "MSE": 0.022433998724164416, "anchor 1 mse": 0.007325431346474764, "anchor 2 mse": 0.07869539023136925, "anchor 3 mse": 0.00011138011506606464, "anchor 4 mse": 0.0036037932037476005}
{"bot_id": "0000000000000b01", "x": 0.17741624031314915, "y": 1.153433003763487, "z": 0.0, "MSE": 0.022418558520071054, "anchor 1 mse": 0.00774436071420112, "anchor 2 mse": 0.07842356719460673, "anchor 3 mse": 0.0001079447830281126, "anchor 4 mse": 0.0033983613884482487}
{"bot_id": "0000000000000b01", "x": 0.17741624031314915, "y": 1.153433003763487, "z": 0.0, "MSE": 0.022418558520071054, "anchor 1 mse": 0.00774436071420112, "anchor 2 mse": 0.07842356719460673, "anchor 3 mse": 0.0001079447830281126, "anchor 4 mse": 0.0033983613884482487}
{"bot_id": "0000000000000b01", "x": 0.17741624031314915, "y": 1.153433003763487, "z": 0.0, "MSE": 0.022418558520071054, "anchor 1 mse": 0.00774436071420112, "anchor 2 mse": 0.07842356719460673, "anchor 3 mse": 0.0001079447830281126, "anchor 4 mse": 0.0033983613884482487}
{"bot_id": "0000000000000b01", "x": 0.17003580894639828, "y": 1.1429499363055704, "z": 0.0, "MSE": 0.020889230221171153, "anchor 1 mse": 0.005545964424640193, "anchor 2 mse": 0.07357410210623666, "anchor 3 mse": 0.0005314390564500358, "anchor 4 mse": 0.0039054152973577233}
{"bot_id": "0000000000000b01", "x": 0.16957265522077003, "y": 1.1509082751093913, "z": 0.0, "MSE": 0.017484723164526688, "anchor 1 mse": 0.0044444273287339514, "anchor 2 mse": 0.06207128541676104, "anchor 3 mse": 0.0003123226871334269, "anchor 4 mse": 0.003110857225478345}
{"bot_id": "0000000000000b01", "x": 0.16957265522077003, "y": 1.1509082751093913, "z": 0.0, "MSE": 0.017484723164526688, "anchor 1 mse": 0.0044444273287339514, "anchor 2 mse": 0.06207128541676104, "anchor 3 mse": 0.0003123226871334269, "anchor 4 mse": 0.003110857225478345}
{"bot_id": "0000000000000b01", "x": 0.16957265522077003, "y": 1.1509082751093913, "z": 0.0, "MSE": 0.017484723164526688, "anchor 1 mse": 0.0044444273287339514, "anchor 2 mse": 0.06207128541676104, "anchor 3 mse": 0.0003123226871334269, "anchor 4 mse": 0.003110857225478345}
{"bot_id": "0000000000000b01", "x": 0.16957265522077003, "y": 1.1509082751093913, "z": 0.0, "MSE": 0.017484723164526688, "anchor 1 mse": 0.0044444273287339514, "anchor 2 mse": 0.06207128541676104, "anchor 3 mse": 0.0003123226871334269, "anchor 4 mse": 8.509953330685409e-05}
{"bot_id": "0000000000000b01", "x": 0.17091655963027724, "y": 1.1040098914994958, "z": 0.0, "MSE": 0.01373668716742741, "anchor 1 mse": 0.012732477205975182, "anchor 2 mse": 0.04114965200690848, "anchor 3 mse": 0.00020368091577303835, "anchor 4 mse": 0.0008609385410529392}
{"bot_id": "0000000000000b01", "x": 0.17091655963027724, "y": 1.1040098914994958, "z": 0.0, "MSE": 0.01373668716742741, "anchor 1 mse": 0.012732477205975182, "anchor 2 mse": 0.04114965200690848, "anchor 3 mse": 0.00020368091577303835, "anchor 4 mse": 0.0008609385410529392}
{"bot_id": "0000000000000b01", "x": 0.45008533951521407, "y": 1.109802641906274, "z": 0.0, "MSE": 0.018112093284841976, "anchor 1 mse": 0.008538303420328264, "anchor 2 mse": 0.05405114582293405, "anchor 3 mse": 7.474689698549767e-05, "anchor 4 mse": 0.01727252986384834}
{"bot_id": "0000000000000b01", "x": 0.5166258421609938, "y": 1.1348089556099563, "z": 0.0, "MSE": 0.018501642809409777, "anchor 1 mse": 0.0018598914909465556, "anchor 2 mse": 0.04941761779636564, "anchor 3 mse": 0.004087923854155809, "anchor 4 mse": 0.018641138096171107}
{"bot_id": "0000000000000b01", "x": 0.5166258421609938,