{"bot_id": "0000000000000b01", "x": -0.2808491718096457, "y": 1.275753558994647, "z": 0.0, "MSE": 0.09599411476355146, "anchor 1 mse": 0.05938899776349133, "anchor 2 mse": 0.3172008199465886, "anchor 3 mse": 0.0017164804709797535, "anchor 4 mse": 0.0022843351158721393}
{"bot_id": "0000000000000b01", "x": -0.34143381825912783, "y": 1.123206796011764, "z": 0.0, "MSE": 0.048337053730912426, "anchor 1 mse": 0.011245522438178834, "anchor 2 mse": 0.1756222882332295, "anchor 3 mse": 0.01757318408796499, "anchor 4 mse": 0.0012544140623160069}
{"bot_id": "0000000000000b01", "x": -0.3655136770058185, "y": 1.0710085685975188, "z": 0.0, "MSE": 0.04569710990508442, "anchor 1 mse": 0.0034032851356436745, "anchor 2 mse": 0.13081876063663486, "anchor 3 mse": 0.038636101158559595, "anchor 4 mse": 0.013128287234843966}
{"bot_id": "0000000000000b01", "x": -0.36818653224503045, "y": 1.1215493874221922, "z": 0.0, "MSE": 0.05047739808090426, "anchor 1 mse": 9.142796306928585e-05, "anchor 2 mse": 0.17431477492355016, "anchor 3 mse": 0.029213017705525125, "anchor 4 mse": 0.006540575918761754}
{"bot_id": "0000000000000b01", "x": -0.3700194070532992, "y": 1.1180243801005199, "z": 0.0, "MSE": 0.05206315235425053, "anchor 1 mse": 0.00015217292392407907, "anchor 2 mse": 0.17102414159514978, "anchor 3 mse": 0.030403567004204685, "anchor 4 mse": 0.006672727893723578}
{"bot_id": "0000000000000b01", "x": -0.3700194070532992, "y": 1.1180243801005199, "z": 0.0, "MSE": 0.05206315235425053, "anchor 1 mse": 0.013767699114691482, "anchor 2 mse": 0.17102414159514978, "anchor 3 mse": 0.030403567004204685, "anchor 4 mse": 0.0007121835299103622}
{"bot_id": "0000000000000b01", "x": -0.3447037981605197, "y": 1.1312008800896576, "z": 0.0, "MSE": 0.056218211599349935, "anchor 1 mse": 0.012643895943398849, "anchor 2 mse": 0.18950074669988604, "anchor 3 mse": 0.032742824855747414, "anchor 4 mse": 0.0014268638801279037}
{"bot_id": "0000000000000b01", "x": -0.32610108891804174, "y": 1.1401110524491749, "z": 0.0, "MSE": 0.06409013202242142, "anchor 1 mse": 0.011917873180205344, "anchor 2 mse": 0.21655325384650465, "anchor 3 mse": 0.025757492995115056, "anchor 4 mse": 0.0037420857680401137}
