{"bot_id": "0000000000000b01", "x": 1.0760059784111198, "y": -0.2989089954594419, "z": 0.0, "MSE": 0.10751149812338354, "anchor 1 mse": 0.009360986206832391, "anchor 2 mse": 0.0010073324747977945, "anchor 3 mse": 0.0016132350991171778, "anchor 4 mse": 0.41806443871278676}
{"bot_id": "0000000000000b01", "x": 1.118169240427752, "y": -0.25821713237649324, "z": 0.0, "MSE": 0.1434699782979708, "anchor 1 mse": 0.051800327629573456, "anchor 2 mse": 0.007243662953755531, "anchor 3 mse": 0.009275005800103136, "anchor 4 mse": 0.5055609168084512}
{"bot_id": "0000000000000b01", "x": 1.114347515239336, "y": -0.25647231345656035, "z": 0.0, "MSE": 0.14396716909824708, "anchor 1 mse": 0.0499436860118094, "anchor 2 mse": 0.006950188220443132, "anchor 3 mse": 0.018054693780214, "anchor 4 mse": 0.6307401722181334}
{"bot_id": "0000000000000b01", "x": 1.1527997023113477, "y": -0.22617103457297116, "z": 0.0, "MSE": 0.18204471649372464, "anchor 1 mse": 0.0649112092974709, "anchor 2 mse": 0.008658810031137242, "anchor 3 mse": 0.011322832311181131, "anchor 4 mse": 0.6432860143351092}
{"bot_id": "0000000000000b01", "x": 1.1527997023113477, "y": -0.22617103457297116, "z": 0.0, "MSE": 0.18204471649372464, "anchor 1 mse": 0.01434647781241836, "anchor 2 mse": 0.008658810031137242, "anchor 3 mse": 0.011322832311181131, "anchor 4 mse": 0.6432860143351092}
{"bot_id": "0000000000000b01", "x": 1.251002574242676, "y": -0.1943401330968336, "z": 0.0, "MSE": 0.15772627498413144, "anchor 1 mse": 0.04452425473188505, "anchor 2 mse": 0.00549182946330498, "anchor 3 mse": 0.006997174395047031, "anchor 4 mse": 0.5738918413462887}
{"bot_id": "0000000000000b01", "x": 1.2183362153157293, "y": -0.17617020428385144, "z": 0.0, "MSE": 0.16728135483416176, "anchor 1 mse": 0.03097858420475943, "anchor 2 mse": 0.0031354635649530026, "anchor 3 mse": 0.0017720452633432735, "anchor 4 mse": 0.6311554995840774}
{"bot_id": "0000000000000b01", "x": 1.099954040383222, "y": -0.22297734531195532, "z": 0.0, "MSE": 0.18505297809977486, "anchor 1 mse": 0.038937926036972645, "anchor 2 mse": 0.004868237849886235, "anchor 3 mse": 0.00643579059264988, "anchor 4 mse": 0.6490627427752116}
{"bot_id": "0000000000000b01", "x": 1.098797120628561, "y": -0.22303342070357418, "z": 0.0, "MSE": 0.17490119086089512, "anchor 1 mse": 0.038496116263781036, "anchor 2 mse": 0.004933004885932512, "anchor 3 mse": 0.006436489030452233, "anchor 4 mse": 0.6497391532634147}
{"bot_id": "0000000000000b01", "x": 1.098797120628561, "y": -0.22303342070357418, "z": 0.0, "MSE": 0.17490119086089512, "anchor 1 mse": 0.038496116263781036, "anchor 2 mse": 0.004933004885932512, "anchor 3 mse": 0.006436489030452233, "anchor 4 mse": 0.6497391532634147}
{"bot_id": "0000000000000b01", "x": 1.098797120628561, "y": -0.22303342070357418, "z": 0.0, "MSE": 0.17490119086089512, "anchor 1 mse": 0.038496116263781036, "anchor 2 mse": 0.004933004885932512, "anchor 3 mse": 0.006436489030452233, "anchor 4 mse": 0.6497391532634147}
{"bot_id": "0000000000000b01", "x": 1.098797120628561, "y": -0.22303342070357418, "z": 0.0, "MSE": 0.17490119086089512, "anchor 1 mse": 0.038496116263781036, "anchor 2 mse": 0.004933004885932512, "anchor 3 mse": 0.0009137158001706623, "anchor 4 mse": 0.6497391532634147}
{"bot_id": "0000000000000b01", "x": 1.0502400493994253, "y": -0.26155171631590746, "z": 0.0, "MSE": 0.16164425105616004, "anchor 1 mse": 0.024749128789909484, "anchor 2 mse": 0.0031904811121986985, "anchor 3 mse": 0.004503709855339903, "anchor 4 mse": 0.6458803572594919}
{"bot_id": "0000000000000b01", "x": 1.0504847965233588, "y": -0.2617734060573963, "z": 0.0, "MSE": 0.16949685493050906, "anchor 1 mse": 0.024840797343392017, "anchor 2 mse": 0.0031562136734915596, "anchor 3 mse": 0.0045342404194491145, "anchor 4 mse": 0.6454561682857035}
{"bot_id": "0000000000000b01", "x": 1.0504847965233588, "y": -0.2617734060573963, "z": 0.0, "MSE": 0.16949685493050906, "anchor 1 mse": 0.008576544670262998, "anchor 2 mse": 0.0031562136734915596, "anchor 3 mse": 0.0045342404194491145, "anchor 4 mse": 0.6454561682857035}
{"bot_id": "0000000000000b01", "x": 1.1039673353685313, "y": -0.24775082220383216, "z": 0.0, "MSE": 0.16681260027079808, "anchor 1 mse": 0.02000125772534225, "anchor 2 mse": 0.002095628739080371, "anchor 3 mse": 0.0030419622900760357, "anchor 4 mse": 0.6421115523286937}
{"bot_id": "0000000000000b01", "x": 1.1512010156832233, "y": -0.26802656958479454, "z": 0.0, "MSE": 0.15710775560648851, "anchor 1 mse": 0.03686042980048137, "anchor 2 mse": 0.004427060758496161, "anchor 3 mse": 0.009615957898969848, "anchor 4 mse": 0.5810500135963951}
{"bot_id": "0000000000000b01", "x": 1.1687768090825694, "y": -0.2524949901407587, "z": 0.0, "MSE": 0.1604464271284215, "anchor 1 mse": 0.040296346463243954, "anchor 2 mse": 0.005231518277789688, "anchor 3 mse": 0.007023992760460652, "anchor 4 mse": 0.5872014560220803}
{"bot_id": "0000000000000b01", "x": 1.1725791715054021, "y": -0.25134223201616007, "z": 0.0, "MSE": 0.15977672032277604, "anchor 1 mse": 0.041703462225835417, "anchor 2 mse": 0.12362128581278944, "anchor 3 mse": 0.006880232775386053, "anchor 4 mse": 0.5257878989323226}
{"bot_id": "0000000000000b01", "x": 1.342799896348972, "y": -0.35421475452922824, "z": 0.0, "MSE": 0.12935355044310146, "anchor 1 mse": 0.15502576280356864, "anchor 2 mse": 0.03231114956015747, "anchor 3 mse": 0.04163296980049889, "anchor 4 mse": 0.28844431960818084}
{"bot_id": "0000000000000b01", "x": 1.342799896348972, "y": -0.35421475452922824, "z": 0.0, "MSE": 0.12935355044310146, "anchor 1 mse": 0.15502576280356864, "anchor 2 mse": 0.03231114956015747, "anchor 3 mse": 0.04163296980049889, "anchor 4 mse": 0.28844431960818084}
{"bot_id": "0000000000000b01", "x": 1.342799896348972, "y": -0.35421475452922824, "z": 0.0, "MSE": 0.12935355044310146, "anchor 1 mse": 0.15502576280356864, "anchor 2 mse": 0.03231114956015747, "anchor 3 mse": 0.04163296980049889, "anchor 4 mse": 0.28844431960818084}
{"bot_id": "0000000000000b01", "x": 1.342799896348972, "y": -0.35421475452922824, "z": 0.0, "MSE": 0.12935355044310146, "anchor 1 mse": 0.15502576280356864, "anchor 2 mse": 0.03231114956015747, "anchor 3 mse": 0.08354503983004183, "anchor 4 mse": 0.28844431960818084}
{"bot_id": "0000000000000b01", "x": 1.3916037171686217, "y": -0.296156977251205, "z": 0.0, "MSE": 0.1432117451857852, "anchor 1 mse": 0.1829857862315795, "anchor 2 mse": 0.04204998805183069, "anchor 3 mse": 0.05726981644233891, "anchor 4 mse": 0.13617495914143868}
{"bot_id": "0000000000000b01", "x": 1.3736107524869121, "y": -0.3005794508730862, "z": 0.0, "MSE": 0.10401489692164106, "anchor 1 mse": 0.16901411421056775, "anchor 2 mse": 0.04432973040308795, "anchor 3 mse": 0.05794561085077438, "anchor 4 mse": 0.14477013222213417}
