{"bot_id": "0000000000000b01", "x": 0.49027824598753506, "y": 0.7915570741584248, "z": 0.0, "MSE": 0.06575035806799873, "anchor 1 mse": 0.0954231413417647, "anchor 2 mse": 0.07611440962465035, "anchor 3 mse": 0.002347876513978138, "anchor 4 mse": 0.08911600479160176}
{"bot_id": "0000000000000b01", "x": 0.5031722285315263, "y": 0.7939516105860054, "z": 0.0, "MSE": 0.06481924840451889, "anchor 1 mse": 0.10564524413164511, "anchor 2 mse": 0.07463640672757421, "anchor 3 mse": 0.0025630299032861708, "anchor 4 mse": 0.09205887002185767}
{"bot_id": "0000000000000b01", "x": 0.11347029600429034, "y": 0.8114207286769102, "z": 0.0, "MSE": 0.0980407134986323, "anchor 1 mse": 0.19863401073238418, "anchor 2 mse": 0.16893470302603364, "anchor 3 mse": 0.006853593176026649, "anchor 4 mse": 0.01774054706008475}
{"bot_id": "0000000000000b01", "x": 0.11347029600429034, "y": 0.8114207286769102, "z": 0.0, "MSE": 0.0980407134986323, "anchor 1 mse": 0.19863401073238418, "anchor 2 mse": 0.16893470302603364, "anchor 3 mse": 0.006853593176026649, "anchor 4 mse": 0.01774054706008475}
{"bot_id": "0000000000000b01", "x": 0.07859905852820316, "y": 0.8325361591928933, "z": 0.0, "MSE": 0.13507593103014548, "anchor 1 mse": 0.31221478841118955, "anchor 2 mse": 0.216125803345859, "anchor 3 mse": 0.003279062079327163, "anchor 4 mse": 0.008684070284206253}
{"bot_id": "0000000000000b01", "x": 0.07859905852820316, "y": 0.8325361591928933, "z": 0.0, "MSE": 0.13507593103014548, "anchor 1 mse": 0.31221478841118955, "anchor 2 mse": 0.216125803345859, "anchor 3 mse": 0.003279062079327163, "anchor 4 mse": 0.043342392892577325}
{"bot_id": "0000000000000b01", "x": -0.13419610335088714, "y": 0.8900535031998601, "z": 0.0, "MSE": 0.1342175784432231, "anchor 1 mse": 0.24491291188165185, "anchor 2 mse": 0.26725856397266223, "anchor 3 mse": 0.024630506075023637, "anchor 4 mse": 6.833184355475481e-05}
{"bot_id": "0000000000000b01", "x": -0.13419610335088714, "y": 0.8900535031998601, "z": 0.0, "MSE": 0.1342175784432231, "anchor 1 mse": 0.3479663975598102, "anchor 2 mse": 0.26725856397266223, "anchor 3 mse": 0.024630506075023637, "anchor 4 mse": 6.833184355475481e-05}
{"bot_id": "0000000000000b01", "x": -0.14855917450106298, "y": 0.9365666178910734, "z": 0.0, "MSE": 0.15694469332148794, "anchor 1 mse": 0.2934651858671006, "anchor 2 mse": 0.32062781727519646, "anchor 3 mse": 0.01829871288448834, "anchor 4 mse": 0.0010244579627126725}
{"bot_id": "0000000000000b01", "x": -0.16256976876642926, "y": 0.9265901435671675, "z": 0.0, "MSE": 0.15729739276509755, "anchor 1 mse": 0.30168276638539077, "anchor 2 mse": 0.3073030406144724, "anchor 3 mse": 0.018860306390306083, "anchor 4 mse": 0.00013579726099275708}
{"bot_id": "0000000000000b01", "x": -0.19492426349808908, "y": 0.938353993858731, "z": 0.0, "MSE": 0.15559900013059172, "anchor 1 mse": 0.2826134664656078, "anchor 2 mse": 0.3142810070332434, "anchor 3 mse": 0.023536711770472046, "anchor 4 mse": 0.0019648152530436164}
{"bot_id": "0000000000000b01", "x": -0.19492426349808908, "y": 0.938353993858731, "z": 0.0, "MSE": 0.15559900013059172, "anchor 1 mse": 0.3324837282829648, "anchor 2 mse": 0.3142810070332434, "anchor 3 mse": 0.023536711770472046, "anchor 4 mse": 0.0019648152530436164}
{"bot_id": "0000000000000b01", "x": -0.197208286345734, "y": 0.9629130804196996, "z": 0.0, "MSE": 0.16733199415440364, "anchor 1 mse": 0.30481424224860176, "anchor 2 mse": 0.34144086361037596, "anchor 3 mse": 0.02071790901227978, "anchor 4 mse": 0.003769333449992967}
{"bot_id": "0000000000000b01", "x": -0.19225444717386234, "y": 0.9654093655879872, "z": 0.0, "MSE": 0.1678196673196268, "anchor 1 mse": 0.30319746987101825, "anchor 2 mse": 0.44582058489773996, "anchor 3 mse": 0.01919859043658699, "anchor 4 mse": 0.03767773274317043}
{"bot_id": "0000000000000b01", "x": 1.0946547082987308, "y": 0.8585064584358927, "z": 0.0, "MSE": 0.08837468808712963, "anchor 1 mse": 0.02069241436004623, "anchor 2 mse": 0.01917050062131879, "anchor 3 mse": 0.08678250909434078, "anchor 4 mse": 0.2268533282728127}
{"bot_id": "0000000000000b01", "x": 1.0946547082987308, "y": 0.8585064584358927, "z": 0.0, "MSE": 0.08837468808712963, "anchor 1 mse": 0.02069241436004623, "anchor 2 mse": 0.01917050062131879, "anchor 3 mse": 0.08678250909434078, "anchor 4 mse": 0.2268533282728127}
{"bot_id": "0000000000000b01", "x": 1.0946547082987308, "y": 0.8585064584358927, "z": 0.0, "MSE": 0.08837468808712963, "anchor 1 mse": 0.02069241436004623, "anchor 2 mse": 0.01917050062131879, "anchor 3 mse": 0.08678250909434078, "anchor 4 mse": 0.2268533282728127}
{"bot_id": "0000000000000b01", "x": 1.0946547082987308, "y": 0.8585064584358927, "z": 0.0, "MSE": 0.08837468808712963, "anchor 1 mse": 0.0047401271556490755, "anchor 2 mse": 0.01917050062131879, "anchor 3 mse": 0.03594387962548059, "anchor 4 mse": 0.2268533282728127}
{"bot_id": "0000000000000b01", "x": 1.0632679905598719, "y": 0.8715876619249231, "z": 0.0, "MSE": 0.07380479464615004, "anchor 1 mse": 0.007251058260363332, "anchor 2 mse": 0.02388988710260445, "anchor 3 mse": 0.041949345671899015, "anchor 4 mse": 0.24119793460554675}
{"bot_id": "0000000000000b01", "x": 0.4596816126259991, "y": 0.8731092720603645, "z": 0.0, "MSE": 0.1459401133705232, "anchor 1 mse": 0.2239888609439982, "anchor 2 mse": 0.23810354383796675, "anchor 3 mse": 0.007270863761908729, "anchor 4 mse": 0.11439718493821917}
{"bot_id": "0000000000000b01", "x": 0.4596816126259991, "y": 0.8731092720603645, "z": 0.0, "MSE": 0.1459401133705232, "anchor 1 mse": 0.2239888609439982, "anchor 2 mse": 0.23810354383796675, "anchor 3 mse": 0.007270863761908729, "anchor 4 mse": 0.11439718493821917}
{"bot_id": "0000000000000b01", "x": 0.4596816126259991, "y": 0.8731092720603645, "z": 0.0, "MSE": 0.1459401133705232, "anchor 1 mse": 0.2239888609439982, "anchor 2 mse": 0.23810354383796675, "anchor 3 mse": 0.007270863761908729, "anchor 4 mse": 0.11439718493821917}
{"bot_id": "0000000000000b01", "x": 0.4596816126259991, "y": 0.8731092720603645, "z": 0.0, "MSE": 0.1459401133705232, "anchor 1 mse": 0.2239888609439982, "anchor 2 mse": 0.24300812931050392, "anchor 3 mse": 0.007270863761908729, "anchor 4 mse": 0.11439718493821917}
{"bot_id": "0000000000000b01", "x": 0.4920961410536056, "y": 0.8692342535823553, "z": 0.0, "MSE": 0.14435796404729784, "anchor 1 mse": 0.1731702082115957, "anchor 2 mse": 0.22733532272103, "anchor 3 mse": 0.009101980170213289, "anchor 4 mse": 0.1283469928703176}
{"bot_id": "0000000000000b01", "x": 0.2502424149683917, "y": 0.8416764341670491, "z": 0.0, "MSE": 0.15540367815803285, "anchor 1 mse": 0.2882733032008908, "anchor 2 mse": 0.27557637993660755, "anchor 3 mse": 0.0012110874028136804, "anchor 4 mse": 0.023351118424775632}
{"bot_id": "0000000000000b01", "x": 1.1575744618056076, "y": 0.8419982640530226, "z": 0.0, "MSE": 0.05397277637655967, "anchor 1 mse": 0.0002693468365787359, "anchor 2 mse": 0.00527661904476229, "anchor 3 mse": 0.031091037338067458, "anchor 4 mse": 0.1792541022868302}
{"bot_id": "0000000000000b01", "x": 1.1575744618056076, "y": 0.8419982640530226, "z": 0.0, "MSE": 0.05397277637655967, "anchor 1 mse": 0.0002693468365787359, "anchor 2 mse": 0.00527661904476229, "anchor 3 mse": 0.031091037338067458, "anchor 4 mse": 0.1792541022868302}
{"bot_id": "0000000000000b01", "x": 1.1575744618056076, "y": 0.8419982640530226, "z": 0.0, "MSE": 0.05397277637655967, "anchor 1 mse": 0.0002693468365787359, "anchor 2 mse": 0.009478903329042315, "anchor 3 mse": 0.031091037338067458, "anchor 4 mse": 0.1792541022868302}
{"bot_id": "0000000000000b01", "x": 0.5133404837174822, "y": 0.9124739736972945, "z": 0.0, "MSE": 0.08333019449015748, "anchor 1 mse": 0.07730572021019053, "anchor 2 mse": 0.11384309465553763, "anchor 3 mse": 0.05690665506904584, "anchor 4 mse": 0.06044697368772835}
{"bot_id": "0000000000000b01", "x": 0.1620926360997964, "y": 0.8349591126573812, "z": 0.0, "MSE": 0.091716171381567, "anchor 1 mse": 0.22510534615705433, "anchor 2 mse": 0.13230471442379224,