{"bot_id": "0000000000000b01", "x": 1.004064825457317, "y": -0.37823352639410707, "z": 0.0, "MSE": 0.06904000375697476, "anchor 1 mse": 0.0028029658360016877, "anchor 2 mse": 0.0003422598195428311, "anchor 3 mse": 0.0007973281773342834, "anchor 4 mse": 0.27221746119502027}
{"bot_id": "0000000000000b01", "x": 1.014646824535967, "y": -0.37156839283286436, "z": 0.0, "MSE": 0.08483354885938574, "anchor 1 mse": 0.0036653469493456337, "anchor 2 mse": 0.00042005475490092123, "anchor 3 mse": 0.0009994210865863567, "anchor 4 mse": 0.33424937264671006}
{"bot_id": "0000000000000b01", "x": 1.014646824535967, "y": -0.37156839283286436, "z": 0.0, "MSE": 0.08483354885938574, "anchor 1 mse": 0.0036653469493456337, "anchor 2 mse": 0.00042005475490092123, "anchor 3 mse": 0.0009994210865863567, "anchor 4 mse": 0.33424937264671006}
{"bot_id": "0000000000000b01", "x": 1.014646824535967, "y": -0.37156839283286436, "z": 0.0, "MSE": 0.08483354885938574, "anchor 1 mse": 0.0036653469493456337, "anchor 2 mse": 0.0009299595023244904, "anchor 3 mse": 0.0009994210865863567, "anchor 4 mse": 0.33424937264671006}
{"bot_id": "0000000000000b01", "x": 1.1613104651614876, "y": -0.26949281318828955, "z": 0.0, "MSE": 0.13063803109531788, "anchor 1 mse": 0.042919246238169735, "anchor 2 mse": 0.0036771331033031013, "anchor 3 mse": 0.0049306214636799526, "anchor 4 mse": 0.4843019960954533}
{"bot_id": "0000000000000b01", "x": 1.1345781481208246, "y": -0.2771612255523735, "z": 0.0, "MSE": 0.13406342521209075, "anchor 1 mse": 0.03346736870283853, "anchor 2 mse": 0.004335404669376969, "anchor 3 mse": 0.0057964593541280085, "anchor 4 mse": 0.49265446812201946}
{"bot_id": "0000000000000b01", "x": 1.1567764419124815, "y": -0.2875086328062921, "z": 0.0, "MSE": 0.13056797797766997, "anchor 1 mse": 0.04283666244025009, "anchor 2 mse": 0.005873301164641809, "anchor 3 mse": 0.00772197087179219, "anchor 4 mse": 0.4658399774339958}
{"bot_id": "0000000000000b01", "x": 1.1567764419124815, "y": -0.2875086328062921, "z": 0.0, "MSE": 0.13056797797766997, "anchor 1 mse": 0.04283666244025009, "anchor 2 mse": 0.005873301164641809, "anchor 3 mse": 0.00772197087179219, "anchor 4 mse": 0.4658399774339958}
{"bot_id": "0000000000000b01", "x": 1.1567764419124815, "y": -0.2875086328062921, "z": 0.0, "MSE": 0.13056797797766997, "anchor 1 mse": 0.04283666244025009, "anchor 2 mse": 0.005873301164641809, "anchor 3 mse": 0.009579465778958846, "anchor 4 mse": 0.4658399774339958}
{"bot_id": "0000000000000b01", "x": 1.166323828445667, "y": -0.2798110576637956, "z": 0.0, "MSE": 0.13744616006086122, "anchor 1 mse": 0.04597542948008352, "anchor 2 mse": 0.006267906134116681, "anchor 3 mse": 0.008257373503009993, "anchor 4 mse": 0.4892839311262347}
{"bot_id": "0000000000000b01", "x": 1.1995883682613744, "y": -0.26977059259373953, "z": 0.0, "MSE": 0.13184771010529903, "anchor 1 mse": 0.03981942728356363, "anchor 2 mse": 0.005289779155747389, "anchor 3 mse": 0.01919026292102597, "anchor 4 mse": 0.4753045527550251}
{"bot_id": "0000000000000b01", "x": 1.2416191312910376, "y": -0.22815178292906407, "z": 0.0, "MSE": 0.13800935971133999, "anchor 1 mse": 0.05401298964122373, "anchor 2 mse": 0.007967211567307, "anchor 3 mse": 0.010244272828656538, "anchor 4 mse": 0.3939888720572842}
