{"bot_id": "0000000000000b01", "x": 0.06313671080910116, "y": -0.708608082214103, "z": 0.0, "MSE": 0.06399652946862672, "anchor 1 mse": 0.022077427828472183, "anchor 2 mse": 0.0154613879731676, "anchor 3 mse": 0.020720198049077387, "anchor 4 mse": 0.1977271040237897}
{"bot_id": "0000000000000b01", "x": 0.11627198077768032, "y": -0.6965514696057127, "z": 0.0, "MSE": 0.060902468407787916, "anchor 1 mse": 0.02365777589058613, "anchor 2 mse": 0.01300901245455963, "anchor 3 mse": 0.017511508174589553, "anchor 4 mse": 0.18943157711141634}
{"bot_id": "0000000000000b01", "x": 0.11627198077768032, "y": -0.6965514696057127, "z": 0.0, "MSE": 0.060902468407787916, "anchor 1 mse": 0.02365777589058613, "anchor 2 mse": 0.01300901245455963, "anchor 3 mse": 0.0032868498921841418, "anchor 4 mse": 0.18943157711141634}
{"bot_id": "0000000000000b01", "x": 0.38543801065160554, "y": -0.7631566015280402, "z": 0.0, "MSE": 0.022441354558114027, "anchor 1 mse": 2.5319979393897006e-05, "anchor 2 mse": 0.0015927946034763837, "anchor 3 mse": 0.004137708177052069, "anchor 4 mse": 0.028847014301203223}
{"bot_id": "0000000000000b01", "x": 0.366601365354299, "y": -0.7695069650994015, "z": 0.0, "MSE": 0.011622793128917642, "anchor 1 mse": 0.006827434462670468, "anchor 2 mse": 0.0019066518967990795, "anchor 3 mse": 0.0029144480648613156, "anchor 4 mse": 0.0348426380913397}
{"bot_id": "0000000000000b01", "x": 0.366601365354299, "y": -0.7695069650994015, "z": 0.0, "MSE": 0.011622793128917642, "anchor 1 mse": 0.006827434462670468, "anchor 2 mse": 0.0019066518967990795, "anchor 3 mse": 0.00019559779944201993, "anchor 4 mse": 0.0348426380913397}
{"bot_id": "0000000000000b01", "x": 0.43607341925487475, "y": -0.7517311542745602, "z": 0.0, "MSE": 0.009576792270334162, "anchor 1 mse": 0.004348503072048531, "anchor 2 mse": 0.001301023246797489, "anchor 3 mse": 0.002123268505408191, "anchor 4 mse": 0.030534374257082438}
{"bot_id": "0000000000000b01", "x": 0.43607341925487475, "y": -0.7517311542745602, "z": 0.0, "MSE": 0.009576792270334162, "anchor 1 mse": 0.024318275586059545, "anchor 2 mse": 0.001301023246797489, "anchor 3 mse": 0.002123268505408191, "anchor 4 mse": 0.030534374257082438}
{"bot_id": "0000000000000b01", "x": 0.47802072180644894, "y": -0.7567877201500461, "z": 0.0, "MSE": 0.011352993154524666, "anchor 1 mse": 0.016870026072424767, "anchor 2 mse": 0.0022967720325540977, "anchor 3 mse": 0.005510209097997953, "anchor 4 mse": 0.02382150454936182}
{"bot_id": "0000000000000b01", "x": 0.37860099271569925, "y": -0.7708670321301084, "z": 0.0, "MSE": 0.008913943938715045, "anchor 1 mse": 0.02761523116028209, "anchor 2 mse": 0.056828485397821864, "anchor 3 mse": 0.001624874240876563, "anchor 4 mse": 0.004242922758381759}
{"bot_id": "0000000000000b01", "x": 0.7542946641515292, "y": -0.8941628973494725, "z": 0.0, "MSE": 0.005883253638925518, "anchor 1 mse": 0.028840123673203332, "anchor 2 mse": 0.0019498780596576078, "anchor 3 mse": 0.0006038803506144843, "anchor 4 mse": 5.322564493334427e-06}
{"bot_id": "0000000000000b01", "x": 0.6440953529995773, "y": -0.8640613265232895, "z": 0.0, "MSE": 0.0016356877295413167, "anchor 1 mse": 0.006038985115945248, "anchor 2 mse": 0.00037663267902991537, "anchor 3 mse": 3.7087913766919484e-05, "anchor 4 mse": 9.00452094231835e-05}
{"bot_id": "0000000000000b01", "x": 0.6440953529995773, "y": -0.8640613265232895, "z": 0.0, "MSE": 0.0016356877295413167, "anchor 1 mse": 0.006038985115945248, "anchor 2 mse": 0.00037663267902991537, "anchor 3 mse": 0.0129754915833889, "anchor 4 mse": 9.00452094231835e-05}
{"bot_id": "0000000000000b01", "x": 0.5251480658034093, "y": -0.9187743046737683, "z": 0.0, "MSE": 0.01624810257229273, "anchor 1 mse": 0.013986822973512171, "anchor 2 mse": 0.00011322152258087975, "anchor 3 mse": 0.0018362430825722314, "anchor 4 mse": 0.059648030644908805}
{"bot_id": "0000000000000b01", "x": 0.5003163314201093, "y": -0.9159256764728425, "z": 0.0, "MSE": 0.019169784836753946, "anchor 1 mse": 0.010746396872547139, "anchor 2 mse": 0.002355804306526541, "anchor 3 mse": 0.0017280894273330439, "anchor 4 mse": 0.06419214530596093}
{"bot_id": "0000000000000b01", "x": 0.4463161341024879, "y": -0.8947786929864552, "z": 0.0, "MSE": 0.018874580393873085, "anchor 1 mse": 0.0035896270928078722, "anchor 2 mse": 0.000360356613378698, "anchor 3 mse": 0.006044351771460971, "anchor 4 mse": 0.06876625756105037}
{"bot_id": "0000000000000b01", "x": 0.4161860526943706, "y": -0.9055314436243064, "z": 0.0, "MSE": 0.022553682770699655, "anchor 1 mse": 0.003202791397180363, "anchor 2 mse": 0.0006343941969095038, "anchor 3 mse": 0.003769406124684462, "anchor 4 mse": 0.09450479205002116}
{"bot_id": "0000000000000b01", "x": 0.43960400716301906, "y": -0.9076979547055689, "z": 0.0, "MSE": 0.023407633626205737, "anchor 1 mse": 0.0005544660858597015, "anchor 2 mse": 0.018425686003513828, "anchor 3 mse": 0.004069457064330185, "anchor 4 mse": 0.08806158711777466}
{"bot_id": "0000000000000b01", "x": 0.352687268268675, "y": -0.8399341365836108, "z": 0.0, "MSE": 0.024752877872888112, "anchor 1 mse": 0.005479520851235236, "anchor 2 mse": 0.0032205852423124984, "anchor 3 mse": 0.0059641918548289695, "anchor 4 mse": 0.1125105461162326}
{"bot_id": "0000000000000b01", "x": 0.4609056464214791, "y": -0.8766762719916446, "z": 0.0, "MSE": 0.02441510300995132, "anchor 1 mse": 2.972505522472585e-05, "anchor 2 mse": 0.0011132778022441368, "anchor 3 mse": 0.0040000539361595075, "anchor 4 mse": 0.09251735524617692}
{"bot_id": "0000000000000b01", "x": 0.4609056464214791, "y": -0.8766762719916446, "z": 0.0, "MSE": 0.02441510300995132, "anchor 1 mse": 0.01834726296766007, "anchor 2 mse": 0.0011132778022441368, "anchor 3 mse": 0.0040000539361595075, "anchor 4 mse": 0.06208402297335223}
{"bot_id": "0000000000000b01", "x": 0.39716752238558867, "y": -0.8706786252030235, "z": 0.0, "MSE": 0.02294619728078036, "anchor 1 mse": 0.010401261959063114, "anchor 2 mse": 0.0003248316479096455, "anchor 3 mse": 4.4995416243314676e-05, "anchor 4 mse": 0.0778429138728306}
{"bot_id": "0000000000000b01", "x": 0.45572397767333983, "y": -0.8491678428794892, "z": 0.0, "MSE": 0.016416239543870212, "anchor 1 mse": 0.0118216325843004, "anchor 2 mse": 2.8989160144854547e-05, "anchor 3 mse": 0.0015453938784830666, "anchor 4 mse": 0.05226894255255253}
{"bot_id": "0000000000000b01", "x": 0.45572397767333983, "y": -0.8491678428794892, "z": 0.0, "MSE": 0.016416239543870212, "anchor 1 mse": 0.0118216325843004, "anchor 2 mse": 2.8989160144854547e-05, "anchor 3 mse": 0.0015453938784830666, "anchor 4 mse": 0.05226894255255253}
{"bot_id": "0000000000000b01", "x": 0.45572397767333983, "y": -0.8491678428794892, "z": 0.0, "MSE": 0.016416239543870212, "anchor 1 mse": 0.01293390589788353, "anchor 2 mse": 2.8989160144854547e-05, "anchor 3 mse": 0.0015453938784830666, "anchor 4 mse": 0.05226894255255253}
{"bot_id": "0000000000000b01", "x": 0.3279256884201905, "y": -0.7951152012204371, "z": 0.0, "MSE": 0.01851819533650517, "anchor 1 mse": 0.00010167478418365577, "anchor 2 mse": 0.001543369630511249, "anchor 3 mse": 0.0004088989028344786, "anchor 4 mse": 0.06817392563692976}
{"bot_id": "0000000000000b01", "x": 0.38634235246930804, "y": -0.7767043108719556, "z": 0.0, "MSE": 0.013578375397636082, "anchor 1 mse": 0.010503148597781722, "anchor 2 mse": 0.0031975930590169266, "anchor 3 mse": 0.002631097453063619, "anchor 4 mse": 0.05056712526600346}
