{"bot_id": "0000000000000b01", "x": -0.01411714384705312, "y": 0.9540550868110014, "z": 0, "MSE": 1.516427372645396, "anchor 1 mse": 0.9104204024203456, "anchor 2 mse": 1.0942000551763404, "anchor 3 mse": 2.1224343428704464, "anchor 4 mse": 1.938654690114452}
{"bot_id": "0000000000000b01", "x": 0.4888686813226821, "y": 1.0358836829789067, "z": 0, "MSE": 1.2514115449596266, "anchor 1 mse": 1.3120475922401218, "anchor 2 mse": 1.1685128603244952, "anchor 3 mse": 1.1907754976791312, "anchor 4 mse": 1.334310229594758}
{"bot_id": "0000000000000b01", "x": 0.5, "y": 1.0, "z": 0, "MSE": 1.2500000000000002, "anchor 1 mse": 1.2500000000000002, "anchor 2 mse": 1.2500000000000002, "anchor 3 mse": 1.2500000000000002, "anchor 4 mse": 1.2500000000000002}
{"bot_id": "0000000000000b01", "x": 0.52946047893595, "y": 0.9918165399484234, "z": 0, "MSE": 1.2509348888375516, "anchor 1 mse": 1.2640284476703485, "anchor 2 mse": 1.2967622878766547, "anchor 3 mse": 1.2378413300047546, "anchor 4 mse": 1.2051074897984484}
{"bot_id": "0000000000000b01", "x": 0.47280669140490095, "y": 0.9604083854329355, "z": 0.0, "MSE": 1.252306971976375, "anchor 1 mse": 1.145930434247147, "anchor 2 mse": 1.3042968925154053, "anchor 3 mse": 1.3586835097056034, "anchor 4 mse": 1.2003170514373454}
{"bot_id": "0000000000000b01", "x": 0.47280669140490095, "y": 0.9604083854329355, "z": 0.0, "MSE": 1.252306971976375, "anchor 1 mse": 1.145930434247147, "anchor 2 mse": 1.3042968925154053, "anchor 3 mse": 1.3586835097056034, "anchor 4 mse": 1.2003170514373454}
{"bot_id": "0000000000000b01", "x": 0.41610024127898826, "y": 1.0716688538854917, "z": 0.0, "MSE": 1.262175594130704, "anchor 1 mse": 1.3216135431806755, "anchor 2 mse": 1.0349381276387088, "anchor 3 mse": 1.2027376450807323, "anchor 4 mse": 1.4894130606226994}
{"bot_id": "0000000000000b01", "x": 0.41610024127898826, "y": 1.0716688538854917, "z": 0.0, "MSE": 1.262175594130704, "anchor 1 mse": 1.3216135431806755, "anchor 2 mse": 1.0349381276387088, "anchor 3 mse": 1.2027376450807323, "anchor 4 mse": 1.4894130606226994}
{"bot_id": "0000000000000b01", "x": 0.4548649527647574, "y": 0.9043127431433713, "z": 0.0, "MSE": 1.2611932236136743, "anchor 1 mse": 1.0246836626651743, "anchor 2 mse": 1.407432690091689, "anchor 3 mse": 1.4977027845621742, "anchor 4 mse": 1.1149537571356591}
{"bot_id": "0000000000000b01", "x": 0.4653199461194752, "y": 0.8800413949307333, "z": 0.0, "MSE": 1.2655927730673202, "anchor 1 mse": 0.9909955090482623, "anchor 2 mse": 1.4708299293253289, "anchor 3 mse": 1.5401900370863784, "anchor 4 mse": 1.0603556168093118}
{"bot_id": "0000000000000b01", "x": 0.4676084837938152, "y": 1.0806230448042622, "z": 0.0, "MSE": 1.2575492856756456, "anchor 1 mse": 1.3864038590779852, "anchor 2 mse": 1.0639116798609365, "anchor 3 mse": 1.128694712273306, "anchor 4 mse": 1.4511868914903547}
{"bot_id": "0000000000000b01", "x": 0.4676084837938152, "y": 1.0806230448042622, "z": 0.0, "MSE": 1.2575492856756456, "anchor 1 mse": 1.3864038590779852, "anchor 2 mse": 1.0639116798609365, "anchor 3 mse": 1.128694712273306, "anchor 4 mse": 1.4511868914903547}
{"bot_id": "0000000000000b01", "x": 0.416369936871457, "y": 1.0702411800634244, "z": 0.0, "MSE": 1.2619278108355862, "anchor 1 mse": 1.318780107833892, "anchor 2 mse": 1.0378153875801945, "anchor 3 mse": 1.2050755138372808, "anchor 4 mse": 1.486040234090978}
{"bot_id": "0000000000000b01", "x": 0.4582277590470577, "y": 1.0999331935501142, "z": 0.0, "MSE": 1.2617315632873551, "anchor 1 mse": 1.4198257094346416, "anchor 2 mse": 1.0200929352341843, "anchor 3 mse": 1.1036374171400691, "anchor 4 mse": 1.503370191340526}
{"bot_id": "0000000000000b01", "x": 0.5591147898913019, "y": 0.9548653459348068, "z": 0.0, "MSE": 1.2555316953814775, "anchor 1 mse": 1.2243771771423928, "anchor 2 mse": 1.4049157934031657, "anchor 3 mse": 1.286686213620562, "anchor 4 mse": 1.1061475973597892}
{"bot_id": "0000000000000b01", "x": 0.6666362539368992, "y": 1.0862582896173165, "z": 0.0, "MSE": 1.285208133653828, "anchor 1 mse": 1.62436096682536, "anchor 2 mse": 1.279327808356094, "anchor 3 mse": 0.9460553004822955, "anchor 4 mse": 1.2910884589515619}
{"bot_id": "0000000000000b01", "x": 0.6624150787742757, "y": 1.0951772951010907, "z": 0.0, "MSE": 1.285437375316014, "anchor 1 mse": 1.6382070442924712, "anchor 2 mse": 1.2574978638881082, "anchor 3 mse": 0.9326677063395571, "anchor 4 mse": 1.3133768867439197}
{"bot_id": "0000000000000b01", "x": 0.5372677595112716, "y": 0.7455391692139169, "z": 0.0, "MSE": 1.3161392003033336, "anchor 1 mse": 0.8444852982424391, "anchor 2 mse": 1.8623286213867714, "anchor 3 mse": 1.7877931023642277, "anchor 4 mse": 0.769949779219896}
{"bot_id": "0000000000000b01", "x": 0.5170822117309833, "y": 1.0559719776679577, "z": 0.0, "MSE": 1.2534246642416844, "anchor 1 mse": 1.382450831308583, "anchor 2 mse": 1.1585629206367525, "anchor 3 mse": 1.1243984971747856, "anchor 4 mse": 1.3482864078466166}
