{"bot_id": "0000000000000b01", "x": -0.584085434140418, "y": 1.468075, "z": 0, "MSE": 0.7052724810233258, "anchor 1 mse": 0.0, "anchor 2 mse": 1.1093356479670479e-31, "anchor 3 mse": 2.792270868280837, "anchor 4 mse": 0.02881905581246647}
{"bot_id": "0000000000000b01", "x": 0.7802959772133755, "y": 1.9618257111961506, "z": 0, "MSE": 0.2629386778935263, "anchor 1 mse": 0.28228830720163894, "anchor 2 mse": 7.692664693286054e-05, "anchor 3 mse": 0.7691363387503619, "anchor 4 mse": 0.00025313897517156224}
{"bot_id": "0000000000000b01", "x": 0.03499677825389192, "y": 1.5099580585524137, "z": 0, "MSE": 0.03340019040695291, "anchor 1 mse": 0.004849232406549038, "anchor 2 mse": 0.08922765512217971, "anchor 3 mse": 0.0003133058250777676, "anchor 4 mse": 0.03921056827400511}
{"bot_id": "0000000000000b01", "x": -0.021124576861926696, "y": 1.5784526916254304, "z": 0, "MSE": 0.036875826303727384, "anchor 1 mse": 1.976719670792861e-06, "anchor 2 mse": 0.13536786826554753, "anchor 3 mse": 2.2241057341774466e-05, "anchor 4 mse": 0.012111219172349448}
{"bot_id": "0000000000000b01", "x": 0.0027895289160651503, "y": 1.5355253712556358, "z": 0, "MSE": 0.033206478172569324, "anchor 1 mse": 0.0015580462783514077, "anchor 2 mse": 0.10596131383412666, "anchor 3 mse": 5.652219288005587e-09, "anchor 4 mse": 0.025306546925579935}
{"bot_id": "0000000000000b01", "x": 0.001852405689839992, "y": 1.5459933279479505, "z": 0, "MSE": 0.034044382219426496, "anchor 1 mse": 0.0008413226430806543, "anchor 2 mse": 0.11288897699474944, "anchor 3 mse": 1.1906351944940479e-05, "anchor 4 mse": 0.02243532288793096}
{"bot_id": "0000000000000b01", "x": -0.005206173563923238, "y": 1.5198528641286804, "z": 0, "MSE": 0.025381715945492475, "anchor 1 mse": 0.0030402232126733285, "anchor 2 mse": 0.07013208996354997, "anchor 3 mse": 0.00019580806113574426, "anchor 4 mse": 0.028158742544610857}
{"bot_id": "0000000000000b01", "x": -0.02804587426681232, "y": 1.5487991350247925, "z": 0, "MSE": 0.03472230098864704, "anchor 1 mse": 0.0006732445492624735, "anchor 2 mse": 0.08580700858932676, "anchor 3 mse": 0.03523216775766244, "anchor 4 mse": 0.01717678305833647}
{"bot_id": "0000000000000b01", "x": -7.53706934371887e-05, "y": 1.5558528303586359, "z": 0, "MSE": 0.03399282355014978, "anchor 1 mse": 0.0003666140353649003, "anchor 2 mse": 0.09051242168682734, "anchor 3 mse": 0.02536556802446912, "anchor 4 mse": 0.01972669045393773}
{"bot_id": "0000000000000b01", "x": -0.0059091039272204035, "y": 1.5665661503567339, "z": 0, "MSE": 0.03481942742555738, "anchor 1 mse": 7.094196089759387e-05, "anchor 2 mse": 0.09704836901128217, "anchor 3 mse": 0.025701349758685876, "anchor 4 mse": 0.016457048971363887}
{"bot_id": "0000000000000b01", "x": 0.030437087945259796, "y": 1.6242603390106827, "z": 0, "MSE": 0.04123106491563833, "anchor 1 mse": 0.0024547560711623757, "anchor 2 mse": 0.13544576042231227, "anchor 3 mse": 0.010987928058617836, "anchor 4 mse": 0.016035815110460802}
{"bot_id": "0000000000000b01", "x": -0.0059091039272204035, "y": 1.5665661503567339, "z": 0, "MSE": 0.0330436115289567, "anchor 1 mse": 7.094196089759387e-05, "anchor 2 mse": 0.09704836901128217, "anchor 3 mse": 0.025701349758685876, "anchor 4 mse": 0.009353785384961167}
{"bot_id": "0000000000000b01", "x": -0.006996246001273892, "y": 1.538350285070759, "z": 0, "MSE": 0.029217878908947413, "anchor 1 mse": 0.0013420357374413067, "anchor 2 mse": 0.08025734572794173, "anchor 3 mse": 0.029850646656953906, "anchor 4 mse": 0.005421487513452719}
{"bot_id": "0000000000000b01", "x": -0.006996246001273892, "y": 1.538350285070759, "z": 0, "MSE": 0.029217878908947413, "anchor 1 mse": 0.0013420357374413067, "anchor 2 mse": 0.08025734572794173, "anchor 3 mse": 0.029850646656953906, "anchor 4 mse": 0.005421487513452719}
{"bot_id": "0000000000000b01", "x": 0.004249329990512433, "y": 1.616601117365403, "z": 0, "MSE": 0.041940543789719516, "anchor 1 mse": 0.0017311176647289103, "anchor 2 mse": 0.13073833895385117, "anchor 3 mse": 0.01742710527955363, "anchor 4 mse": 0.01786561326074434}
{"bot_id": "0000000000000b01", "x": 0.16376086595358647, "y": 1.5072147650128909, "z": 0, "MSE": 0.014349564368081262, "anchor 1 mse": 0.0034709678261143277, "anchor 2 mse": 0.050948131510380266, "anchor 3 mse": 0.0012698853090122963, "anchor 4 mse": 0.0017092728268181595}
{"bot_id": "0000000000000b01", "x": 0.17241455789360227, "y": 1.4583884753881917, "z": 0, "MSE": 0.019296570160343203, "anchor 1 mse": 0.011332717195923847, "anchor 2 mse": 0.03119027452071083, "anchor 3 mse": 0.0029225395688419406, "anchor 4 mse": 0.031740749355896186}
{"bot_id": "0000000000000b01", "x": 0.18399738935169788, "y": 1.5298151801653757, "z": 0, "MSE": 0.018384662332387707, "anchor 1 mse": 0.0003670854664791112, "anchor 2 mse": 0.0576457302525342, "anchor 3 mse": 4.585657138382859e-05, "anchor 4 mse": 0.014680192801520811}
{"bot_id": "0000000000000b01", "x": 0.18399738935169788, "y": 1.5298151801653757, "z": 0, "MSE": 0.018184716272979486, "anchor 1 mse": 0.0003670854664791112, "anchor 2 mse": 0.0576457302525342, "anchor 3 mse": 4.585657138382859e-05, "anchor 4 mse": 0.014680192801520811}
{"bot_id": "0000000000000b01", "x": 0.19580484250014343, "y": 1.5337127724614492, "z": 0, "MSE": 0.0181644586147935, "anchor 1 mse": 0.0001915128475287955, "anchor 2 mse": 0.05724990485170431, "anchor 3 mse": 2.917469901869096e-05, "anchor 4 mse": 0.015187242060922201}
{"bot_id": "0000000000000b01", "x": 0.25905702562565003, "y": 1.6473430619278222, "z": 0.0, "MSE": 0.030385732095938797, "anchor 1 mse": 0.011575175709370996, "anchor 2 mse": 0.094506211875374, "anchor 3 mse": 0.013090281213200076, "anchor 4 mse": 0.002371259585810116}
{"bot_id": "0000000000000b01", "x": 0.20388353563440098, "y": 1.504120099816566, "z": 0.0, "MSE": 0.018838380442674003, "anchor 1 mse": 0.0017744807914819264, "anchor 2 mse": 0.050105253261364134, "anchor 3 mse": 8.54002237273719e-06, "anchor 4 mse": 0.023465247695477226}
{"bot_id": "0000000000000b01", "x": 0.1916199341108586, "y": 1.5448889327915523, "z": 0.0, "MSE": 0.02274196562981614, "anchor 1 mse": 1.0710297784768458e-05, "anchor 2 mse": 0.07085929037403085, "anchor 3 mse": 0.007689127597872513, "anchor 4 mse": 0.012408734249576423}
{"bot_id": "0000000000000b01", "x": 0.1916199341108586, "y": 1.5448889327915523, "z": 0.0, "MSE": 0.02274196562981614, "anchor 1 mse": 1.0710297784768458e-05, "anchor 2 mse": 0.07085929037403085, "anchor 3 mse": 0.007689127597872513, "anchor 4 mse": 0.012408734249576423}
{"bot_id": "0000000000000b01", "x": 0.1916199341108586, "y": 1.5448889327915523, "z": 0.0, "MSE": 0.02274196562981614, "anchor 1 mse": 1.0710297784768458e-05, "anchor 2 mse": 0.07085929037403085, "anchor 3 mse": 0.007689127597872513, "anchor 4 mse": 0.000557219710918171}
{"bot_id": "0000000000000b01", "x": 0.16780394786893985, "y": 1.501979602483975, "z": 0.0, "MSE": 0.01855248007845009, "anchor 1 mse": 0.0023693317763394746, "anchor 2 mse": 0.05497586842756365, "anchor 3 mse": 0.016856412120566388, "anchor 4 mse": 8.30798933084887e-06}
{"bot_id": "0000000000000b01", "x": 0.28331148650290233, "y": 1.5499217658247169, "z": 0.0, "MSE": 0.021565132271438164, "anchor 1 mse": 0.03400248007314233, "anchor 2 mse": 0.05206469530415711, "anchor 3 mse": 3.96092883397099e-05, "anchor 4 mse": 0.0001537444201135133}
{"bot_id": "0000000000000b01", "x": 0.29272704851535386, "y": 1.5734054993095494, "z": 0.0, "MSE": 0.021140645266146972, "anchor 1 mse": 0.025470780803878948, "anchor 2 mse": 0.05886918744060903, "anchor 3 mse": 0.00019698607298359406, "anchor 4 mse": 2.5626747116324998e-05}
{"bot_id": "0000000000000b01", "x": 0.28173690874975565, "y": 1.5929076287209403, "z": 0.0, "MSE": 0.022852350237814536, "anchor 1 mse": 0.020268901601177274, "anchor 2 mse": 0.07018491909850703, "anchor 3 mse": 0.00020717329267617928, "anchor 4 mse": 0.0007484069588976606}
{"bot_id": "0000000000000b01", "x": 0.288174472719315, "y": 1.6062062717699463, "z": 0.0, "MSE": 0.023120583761410064,