{"bot_id": "0000000000000b01", "x": 1.0008823282537984, "y": -0.3906710904880733, "z": 0.0, "MSE": 0.07855230399195019, "anchor 1 mse": 0.0008658376176399628, "anchor 2 mse": 6.836321171357593e-05, "anchor 3 mse": 0.00042730071336963965, "anchor 4 mse": 0.3128477144250776}
{"bot_id": "0000000000000b01", "x": 1.0879750911770947, "y": -0.4228533707074312, "z": 0.0, "MSE": 0.07337011161832857, "anchor 1 mse": 0.014947388671022618, "anchor 2 mse": 0.001943092729321904, "anchor 3 mse": 0.0012637985392602417, "anchor 4 mse": 0.43308497483869535}
{"bot_id": "0000000000000b01", "x": 0.97413973649935, "y": -0.4987663730638928, "z": 0.0, "MSE": 0.08826138731115234, "anchor 1 mse": 0.027028075217077476, "anchor 2 mse": 0.01640034486810251, "anchor 3 mse": 0.07901710534170109, "anchor 4 mse": 0.5784570955089985}
{"bot_id": "0000000000000b01", "x": 0.4369272794149973, "y": -0.7655849988725896, "z": 0.0, "MSE": 0.027122217507397635, "anchor 1 mse": 0.010714177087694303, "anchor 2 mse": 0.00010227775093623176, "anchor 3 mse": 0.0017912986869889774, "anchor 4 mse": 0.09588111650397102}
{"bot_id": "0000000000000b01", "x": 0.4369272794149973, "y": -0.7655849988725896, "z": 0.0, "MSE": 0.027122217507397635, "anchor 1 mse": 0.010714177087694303, "anchor 2 mse": 0.00010227775093623176, "anchor 3 mse": 0.0017912986869889774, "anchor 4 mse": 0.09588111650397102}
{"bot_id": "0000000000000b01", "x": 0.337279519001245, "y": -0.7346712494073284, "z": 0.0, "MSE": 0.026387798510772432, "anchor 1 mse": 0.0311900158030511, "anchor 2 mse": 1.5355626747742662e-07, "anchor 3 mse": 0.012956702932369963, "anchor 4 mse": 0.07321672398363487}
{"bot_id": "0000000000000b01", "x": 0.5009950094747664, "y": -0.7009138518955156, "z": 0.0, "MSE": 0.044289460095604874, "anchor 1 mse": 0.008732053788207478, "anchor 2 mse": 6.42255068327857e-05, "anchor 3 mse": 0.0021737671360228658, "anchor 4 mse": 0.1293129756852551}
{"bot_id": "0000000000000b01", "x": 0.49730795126190985, "y": -0.6976241385464137, "z": 0.0, "MSE": 0.03535804958440948, "anchor 1 mse": 0.009656035820136803, "anchor 2 mse": 0.00014207203917533827, "anchor 3 mse": 0.0019414442506868145, "anchor 4 mse": 0.12969264622763896}
{"bot_id": "0000000000000b01", "x": 0.49730795126190985, "y": -0.6976241385464137, "z": 0.0, "MSE": 0.03535804958440948, "anchor 1 mse": 0.009656035820136803, "anchor 2 mse": 0.00014207203917533827, "anchor 3 mse": 0.0019414442506868145, "anchor 4 mse": 0.12969264622763896}
{"bot_id": "0000000000000b01", "x": 0.6679990543140385, "y": -0.7425400391205371, "z": 0.0, "MSE": 0.04313996837198714, "anchor 1 mse": 0.0019178702309413345, "anchor 2 mse": 0.0013897930597893166, "anchor 3 mse": 0.003914042122607865, "anchor 4 mse": 0.16533816807461005}
{"bot_id": "0000000000000b01", "x": 0.5491786146810579, "y": -0.7790752384040155, "z": 0.0, "MSE": 0.02640307450096699, "anchor 1 mse": 0.0017487691311388488, "anchor 2 mse": 0.0007388754172765033, "anchor 3 mse": 0.0025405528136025757, "anchor 4 mse": 0.10232956360522126}
{"bot_id": "0000000000000b01", "x": 0.5812132988948632, "y": -0.7799371519484743, "z": 0.0, "MSE": 0.02877290176988288, "anchor 1 mse": 0.0004980796628858147, "anchor 2 mse": 0.0003981748648185092, "anchor 3 mse": 0.002144104712221071, "anchor 4 mse": 0.0839495967230149}
{"bot_id": "0000000000000b01", "x": 0.6020533467058156, "y": -0.7768777792271796, "z": 0.0, "MSE": 0.02334912848044065, "anchor 1 mse": 0.00014745944575916595, "anchor 2 mse": 0.012408567166871694, "anchor 3 mse": 0.0016198354798142632, "anchor 4 mse": 0.09128302639495912}
{"bot_id": "0000000000000b01", "x": 1.067533611035457, "y": -0.45149283488339, "z": 0.0, "MSE": 0.1380726813253938, "anchor 1 mse": 0.026923286063459586, "anchor 2 mse": 0.0031534250590954907, "anchor 3 mse": 0.005994300003633657, "anchor 4 mse": 0.31751457581900094}
{"bot_id": "0000000000000b01", "x": 1.0487054255794388, "y": -0.4511930260743208, "z": 0.0, "MSE": 0.08999765626284215, "anchor 1 mse": 0.029462744300793087, "anchor 2 mse": 0.004082224735973974, "anchor 3 mse": 0.005879342226089002, "anchor 4 mse": 0.3205663137885125}
{"bot_id": "0000000000000b01", "x": 1.0487054255794388, "y": -0.4511930260743208, "z": 0.0, "MSE": 0.08999765626284215, "anchor 1 mse": 0.029462744300793087, "anchor 2 mse": 0.022168914055303985, "anchor 3 mse": 0.005879342226089002, "anchor 4 mse": 0.3205663137885125}
{"bot_id": "0000000000000b01", "x": 1.1187543388489367, "y": -0.4788022029705564, "z": 0.0, "MSE": 0.08971145634903771, "anchor 1 mse": 0.06096310187475052, "anchor 2 mse": 0.009106511291008854, "anchor 3 mse": 0.01137320107942323, "anchor 4 mse": 0.1863567929983448}
{"bot_id": "0000000000000b01", "x": 1.1178658233601095, "y": -0.4765708072938615, "z": 0.0, "MSE": 0.06725267142973648, "anchor 1 mse": 0.032476888204573534, "anchor 2 mse": 0.009570199312782081, "anchor 3 mse": 0.01089392699193844, "anchor 4 mse": 0.18841692247749037}
{"bot_id": "0000000000000b01", "x": 1.1620730058081878, "y": -0.46588280031219875, "z": 0.0, "MSE": 0.0626629536268351, "anchor 1 mse": 0.04708145281925661, "anchor 2 mse": 0.007923753967755232, "anchor 3 mse": 0.0037458413095030367, "anchor 4 mse": 0.18639153690990412}
{"bot_id": "0000000000000b01", "x": 1.1271086751717523, "y": -0.4892120220638629, "z": 0.0, "MSE": 0.028979449563499605, "anchor 1 mse": 0.03751948162010047, "anchor 2 mse": 0.00030628710539197903, "anchor 3 mse": 0.006798866030734086, "anchor 4 mse": 0.06479302568191887}
{"bot_id": "0000000000000b01", "x": 1.0787073539531808, "y": -0.46758023472508936, "z": 0.0, "MSE": 0.027050589980751494, "anchor 1 mse": 0.03636167946800916, "anchor 2 mse": 0.004481221945232314, "anchor 3 mse": 0.0034615764125527815, "anchor 4 mse": 0.08170545936585315}
{"bot_id": "0000000000000b01", "x": 1.0523792681178177, "y": -0.4778914683998255, "z": 0.0, "MSE": 0.029111640727392855, "anchor 1 mse": 0.0291739315092639, "anchor 2 mse": 0.004609253821316065, "anchor 3 mse": 0.02057647374742842, "anchor 4 mse": 0.07797865682352584}
{"bot_id": "0000000000000b01", "x": 1.1218784755808684, "y": -0.4235975479613471, "z": 0.0, "MSE": 0.04103952667753692, "anchor 1 mse": 0.04587548792288184, "anchor 2 mse": 0.007981249134019708, "anchor 3 mse": 0.008401581349026957, "anchor 4 mse": 0.21549785240163813}
{"bot_id": "0000000000000b01", "x": 1.1240754084855995, "y": -0.42572388571971637, "z": 0.0, "MSE": 0.06910576015177186, "anchor 1 mse": 0.047085813797127396, "anchor 2 mse": 0.007479673389242948, "anchor 3 mse": 0.00881627704463146, "anchor 4 mse": 0.21304127637608564}
{"bot_id": "0000000000000b01", "x": 1.217181195474159, "y": -0.4300681786967687, "z": 0.0, "MSE": 0.06263863091264538, "anchor 1 mse": 0.051042341069632305, "anchor 2 mse": 0.00943623549489998, "anchor 3 mse": 0.010973376654862177, "anchor 4 mse": 0.17910257043118705}
{"bot_id": "0000000000000b01", "x": 1.211377609195964, "y": -0.4295739008640291, "z": 0.0, "MSE": 0.04001772989276636, "anchor 1 mse": 0.04852752372144654, "anchor 2 mse": 0.010035389613877633, "anchor 3 mse": 0.015314482196208172, "anchor 4 mse": 0.09074359186875858}
{"bot_id": "0000000000000b01", "x": 1.2269321064391736, "y": -0.4150139570999302, "z": 0.0, "MSE": 0.04269185800098542, "anchor 1 mse": 0.028975391173653265, "anchor 2 mse": 0.011276191019495374, "anchor 3 mse": 0.012244000534118336, "anchor 4 mse": 0.09424525795798896}
{"bot_id": "0000000000000b01", "x": 1.2668841582306611, "y": -0.4033894203543122, "z": 0.0, "MSE": 0.03748050101609944, "anchor 1 mse": 0.04184305523831509, "anchor 2 mse": 0.002318382557627351, "anchor 3 mse": 0.010642415374300895, "anchor 4 mse": 0.0878031923713555}
{"bot_id": "0000000000000b01", "x": 1.2368097012257164, "y": -0.38579497515147537, "z": 0.0, "MSE": 0.037270414164981364, "anchor 1 mse": 0.029098650739153634, "anchor 2 mse": 0.00603339854696645, "anchor 3 mse": 0.01626104976259943, "anchor 4 mse": 0.10714025152003946}
{"bot_id": "0000000000000b01", "x": 1.273270022969045, "y": -0.3520151790345784, "z": 0.0, "MSE": 0.050025198777189264,