{"bot_id": "0000000000000b01", "x": -0.23164132069745322, "y": 1.0605495483690661, "z": 0.0, "MSE": 0.04509402830884251, "anchor 1 mse": 0.016756796474049047, "anchor 2 mse": 0.14623960378095432, "anchor 3 mse": 0.015384526100551046, "anchor 4 mse": 0.0019951868798156066}
{"bot_id": "0000000000000b01", "x": -0.24727342628304091, "y": 1.0352284858966718, "z": 0.0, "MSE": 0.039772826095911276, "anchor 1 mse": 0.011161799131264114, "anchor 2 mse": 0.24904498015997525, "anchor 3 mse": 0.016092463207109872, "anchor 4 mse": 0.002924400463529379}
{"bot_id": "0000000000000b01", "x": -0.2708937489845176, "y": 0.9769188314113357, "z": 0.0, "MSE": 0.06330390443131469, "anchor 1 mse": 0.02440408157137454, "anchor 2 mse": 0.1906740411822519, "anchor 3 mse": 0.03295045480229495, "anchor 4 mse": 0.005187040169337396}
{"bot_id": "0000000000000b01", "x": -0.2971103598920269, "y": 1.004136244842505, "z": 0.0, "MSE": 0.07134324495921833, "anchor 1 mse": 0.04745008462082523, "anchor 2 mse": 0.2077174375770004, "anchor 3 mse": 0.029005611542729282, "anchor 4 mse": 0.0011998460963183874}
{"bot_id": "0000000000000b01", "x": -0.28411607528823063, "y": 0.9793255367101674, "z": 0.0, "MSE": 0.06368958563978545, "anchor 1 mse": 0.030727965007209063, "anchor 2 mse": 0.11938392891218694, "anchor 3 mse": 0.030745733888294182, "anchor 4 mse": 0.0036071516057782217}
{"bot_id": "0000000000000b01", "x": -0.23975787727463088, "y": 1.0361163020679505, "z": 0.0, "MSE": 0.0532385616225468, "anchor 1 mse": 0.01729366195707183, "anchor 2 mse": 0.16953389203446867, "anchor 3 mse": 0.022612040878912738, "anchor 4 mse": 1.8356917086262957e-05}
{"bot_id": "0000000000000b01", "x": -0.2029936089975759, "y": 1.0172818078207222, "z": 0.0, "MSE": 0.05314098738143242, "anchor 1 mse": 0.0315640336275952, "anchor 2 mse": 0.16123057858403197, "anchor 3 mse": 0.017785007984835007, "anchor 4 mse": 0.001984329329267483}
{"bot_id": "0000000000000b01", "x": -0.21395649858165536, "y": 0.9934035494532762, "z": 0.0, "MSE": 0.06312660114938966, "anchor 1 mse": 0.03952817877688501, "anchor 2 mse": 0.18568863319039594, "anchor 3 mse": 0.02310378744158838, "anchor 4 mse": 0.0009852588515515742}
