{"bot_id": "0000000000000b01", "x": 1.0583213770903224, "y": -0.3026833718543333, "z": 0.0, "MSE": 0.09462236273954114, "anchor 1 mse": 0.02584213947015416, "anchor 2 mse": 0.04030279752073558, "anchor 3 mse": 0.005390764072482535, "anchor 4 mse": 0.3442745267713137}
{"bot_id": "0000000000000b01", "x": 0.9738404848221002, "y": -0.33279275093067606, "z": 0.0, "MSE": 0.07629487835308418, "anchor 1 mse": 0.03768791846548306, "anchor 2 mse": 0.004502173798830459, "anchor 3 mse": 0.015114101076313448, "anchor 4 mse": 0.25621888550424077}
{"bot_id": "0000000000000b01", "x": 1.0128141740952512, "y": -0.2991876085464649, "z": 0.0, "MSE": 0.08896118596451802, "anchor 1 mse": 0.04887653595646818, "anchor 2 mse": 0.006825967516030025, "anchor 3 mse": 0.007960800331984971, "anchor 4 mse": 0.2921814400535889}
{"bot_id": "0000000000000b01", "x": 1.0100943095034536, "y": -0.299546811365026, "z": 0.0, "MSE": 0.08522091164078831, "anchor 1 mse": 0.04998546776260892, "anchor 2 mse": 0.00695318625961946, "anchor 3 mse": 0.0008743237934249504, "anchor 4 mse": 0.2759223927400113}
{"bot_id": "0000000000000b01", "x": 0.9517493657276824, "y": -0.3418159162564182, "z": 0.0, "MSE": 0.06820072361823816, "anchor 1 mse": 0.03285844774544474, "anchor 2 mse": 0.004511699107154183, "anchor 3 mse": 0.005229161305278274, "anchor 4 mse": 0.23020358631507545}
{"bot_id": "0000000000000b01", "x": 0.9357824956762192, "y": -0.33371760317463456, "z": 0.0, "MSE": 0.058188567994912774, "anchor 1 mse": 0.01918421119235268, "anchor 2 mse": 0.07325456481776872, "anchor 3 mse": 0.004173286711368011, "anchor 4 mse": 0.1981672933905206}
{"bot_id": "0000000000000b01", "x": 1.118522764103186, "y": -0.40498157222410947, "z": 0.0, "MSE": 0.07478044135048756, "anchor 1 mse": 0.11194452771611782, "anchor 2 mse": 0.01759257112934602, "anchor 3 mse": 0.0018404384768464681, "anchor 4 mse": 0.15056816501926806}
{"bot_id": "0000000000000b01", "x": 1.0853951273449882, "y": -0.46090454760735494, "z": 0.0, "MSE": 0.04806206413896052, "anchor 1 mse": 0.057217237285059216, "anchor 2 mse": 0.009094577480152874, "anchor 3 mse": 0.012630553991840156, "anchor 4 mse": 0.09378986788031245}
{"bot_id": "0000000000000b01", "x": 1.0651093841802879, "y": -0.4341258918461779, "z": 0.0, "MSE": 0.04280157189351989, "anchor 1 mse": 0.07572624734603019, "anchor 2 mse": 0.006895941138648684, "anchor 3 mse": 0.007224409698480656, "anchor 4 mse": 0.11290861257734043}
{"bot_id": "0000000000000b01", "x": 0.9623952566519901, "y": -0.416184224203974, "z": 0.0, "MSE": 0.04154710886106489, "anchor 1 mse": 0.03011245859549898, "anchor 2 mse": 0.004121882029385876, "anchor 3 mse": 0.004419170359768754, "anchor 4 mse": 0.12753492445960596}
{"bot_id": "0000000000000b01", "x": 0.9675771794320177, "y": -0.4126662023376611, "z": 0.0, "MSE": 0.04264119175766504, "anchor 1 mse": 0.031294515225802774, "anchor 2 mse": 0.004296209935529882, "anchor 3 mse": 0.004608244369644149, "anchor 4 mse": 0.11975893626766447}
{"bot_id": "0000000000000b01", "x": 0.9683369979954314, "y": -0.41224439855359024, "z": 0.0, "MSE": 0.04010870490685158, "anchor 1 mse": 0.031483610255629936, "anchor 2 mse": 0.004310448920195933, "anchor 3 mse": 0.004549798355568698, "anchor 4 mse": 0.12009096209601175}
{"bot_id": "0000000000000b01", "x": 0.9683369979954314, "y": -0.41224439855359024, "z": 0.0, "MSE": 0.04010870490685158, "anchor 1 mse": 0.031483610255629936, "anchor 2 mse": 0.004310448920195933, "anchor 3 mse": 0.01264549573561543, "anchor 4 mse": 0.12009096209601175}
{"bot_id": "0000000000000b01", "x": 1.0278715415006991, "y": -0.3775824270083407, "z": 0.0, "MSE": 0.04878153719428497, "anchor 1 mse": 0.038036290211493705, "anchor 2 mse": 0.005586897611247897, "anchor 3 mse": 0.0060444071493277254, "anchor 4 mse": 0.14545855380507056}
{"bot_id": "0000000000000b01", "x": 1.070820611081368, "y": -0.39662174847971104, "z": 0.0, "MSE": 0.051154052974830846, "anchor 1 mse": 0.051489567774998156, "anchor 2 mse": 0.009031240847747136, "anchor 3 mse": 0.009539018916465412, "anchor 4 mse": 0.12752399051242777}
{"bot_id": "0000000000000b01", "x": 1.0797471308711342, "y": -0.394673063011417, "z": 0.0, "MSE": 0.05015975025656308, "anchor 1 mse": 0.05504543191588398, "anchor 2 mse": 0.008677914619791472, "anchor 3 mse": 0.009216107523292485, "anchor 4 mse": 0.11380551761417143}
{"bot_id": "0000000000000b01", "x": 1.0797626464737786, "y": -0.3943505557640549, "z": 0.0, "MSE": 0.04672579371030554, "anchor 1 mse": 0.05500034509936052, "anchor 2 mse": 0.008731584203744558, "anchor 3 mse": 0.00915442282049664, "anchor 4 mse": 0.11401682271762043}
{"bot_id": "0000000000000b01", "x": 0.979605649261322, "y": -0.35114974351499606, "z": 0.0, "MSE": 0.04286339001381097, "anchor 1 mse": 0.015785622192258125, "anchor 2 mse": 0.0022979104513541158, "anchor 3 mse": 0.0006884428360799613, "anchor 4 mse": 0.15074467486440535}
{"bot_id": "0000000000000b01", "x": 0.9538154172066872, "y": -0.3690311895676418, "z": 0.0, "MSE": 0.03769153456539144, "anchor 1 mse": 0.011602721101715877, "anchor 2 mse": 0.0016945665736430727, "anchor 3 mse": 0.0019785890867653182, "anchor 4 mse": 0.1354902614994415}
{"bot_id": "0000000000000b01", "x": 0.9538154172066872, "y": -0.3690311895676418, "z": 0.0, "MSE": 0.03769153456539144, "anchor 1 mse": 0.0004965798738352758, "anchor 2 mse": 0.0016945665736430727, "anchor 3 mse": 0.0019785890867653182, "anchor 4 mse": 0.1354902614994415}
{"bot_id": "0000000000000b01", "x": 1.1655705767470856, "y": -0.40481031262261946, "z": 0.0, "MSE": 0.03534896722209155, "anchor 1 mse": 0.03567049646660184, "anchor 2 mse": 0.006824440014714518, "anchor 3 mse": 0.007310817725681906, "anchor 4 mse": 0.12435397343754245}
{"bot_id": "0000000000000b01", "x": 1.0846178294039515, "y": -0.4720172723792535, "z": 0.0, "MSE": 0.030473297109583648, "anchor 1 mse": 0.019009850811056418, "anchor 2 mse": 0.003080970015328305, "anchor 3 mse": 0.003418167234344917, "anchor 4 mse": 0.09638420037760495}
{"bot_id": "0000000000000b01", "x": 1.0846178294039515, "y": -0.4720172723792535, "z": 0.0, "MSE": 0.030473297109583648, "anchor 1 mse": 0.0828727154724296, "anchor 2 mse": 0.003080970015328305, "anchor 3 mse": 0.003418167234344917, "anchor 4 mse": 0.09638420037760495}
{"bot_id": "0000000000000b01", "x": 0.9849332690254062, "y": -0.491005788282246, "z": 0.0, "MSE": 0.035779159203505655, "anchor 1 mse": 0.04224518573443926, "anchor 2 mse": 0.0028790748116117072, "anchor 3 mse": 0.005783808303962134, "anchor 4 mse": 0.089259390780781}
{"bot_id": "0000000000000b01", "x": 0.8624045645616502, "y": -0.44653854815036337, "z": 0.0, "MSE": 0.028042832983953398, "anchor 1 mse": 0.005799291841867649, "anchor 2 mse": 0.0009555523538960936, "anchor 3 mse": 0.0008758796363991601, "anchor 4 mse": 0.10416299239107843}
{"bot_id": "0000000000000b01", "x": 0.7689973201203236, "y": -0.49309483025463774, "z": 0.0, "MSE": 0.022862635622480747, "anchor 1 mse": 0.00034259720123464325, "anchor 2 mse": 0.0002560140377887801, "anchor 3 mse": 0.0005652014397578936, "anchor 4 mse": 0.09028672981114166}
