{"bot_id": "0000000000000b01", "x": -0.21464499064773904, "y": 1.0928943960272248, "z": 0.0, "MSE": 0.07441461135670574, "anchor 1 mse": 0.04252951306526872, "anchor 2 mse": 0.23313923976889123, "anchor 3 mse": 0.021310898949574646, "anchor 4 mse": 0.0006787936430883982}
{"bot_id": "0000000000000b01", "x": -0.27047912072411806, "y": 1.0831363408414496, "z": 0.0, "MSE": 0.046907269037793194, "anchor 1 mse": 0.004706308561761075, "anchor 2 mse": 0.1552929130679297, "anchor 3 mse": 0.01736231802474967, "anchor 4 mse": 0.0020683078525805536}
{"bot_id": "0000000000000b01", "x": -0.2629385238064855, "y": 1.0688249584096223, "z": 0.0, "MSE": 0.04408953242547308, "anchor 1 mse": 0.007107794426698173, "anchor 2 mse": 0.12774441352831534, "anchor 3 mse": 0.01935110280465076, "anchor 4 mse": 0.0036591436941914826}
{"bot_id": "0000000000000b01", "x": -0.25874238206957456, "y": 1.077877738703667, "z": 0.0, "MSE": 0.04026850189059224, "anchor 1 mse": 0.00585254055396289, "anchor 2 mse": 0.1348832907678132, "anchor 3 mse": 0.016995276848681923, "anchor 4 mse": 0.003342899391910935}
{"bot_id": "0000000000000b01", "x": -0.31447625825754677, "y": 1.1520039204509551, "z": 0.0, "MSE": 0.05135822227264046, "anchor 1 mse": 0.005018884355012421, "anchor 2 mse": 0.18111027518868805, "anchor 3 mse": 0.020814252684053763, "anchor 4 mse": 0.00272018215322285}
{"bot_id": "0000000000000b01", "x": -0.21216744145087688, "y": 1.0772820655169735, "z": 0.0, "MSE": 0.04649437301860609, "anchor 1 mse": 0.027896959482342693, "anchor 2 mse": 0.17910129296412222, "anchor 3 mse": 0.010692288490168064, "anchor 4 mse": 0.0005432396964976196}
{"bot_id": "0000000000000b01", "x": -0.20952085836812562, "y": 1.0291212091117592, "z": 0.0, "MSE": 0.04447949264798812, "anchor 1 mse": 0.015566792546165761, "anchor 2 mse": 0.14195609425611666, "anchor 3 mse": 0.017156383055823756, "anchor 4 mse": 0.0032387007338462847}
{"bot_id": "0000000000000b01", "x": -0.20952085836812562, "y": 1.0291212091117592, "z": 0.0, "MSE": 0.04447949264798812, "anchor 1 mse": 0.025525479252031334, "anchor 2 mse": 0.14195609425611666, "anchor 3 mse": 0.017156383055823756, "anchor 4 mse": 0.0032387007338462847}
{"bot_id": "0000000000000b01", "x": -0.21375199881695314, "y": 1.041380431809721, "z": 0.0, "MSE": 0.04753343663610565, "anchor 1 mse": 0.021582164944663484, "anchor 2 mse": 0.15041863043740245, "anchor 3 mse": 0.016041792191904197, "anchor 4 mse": 0.008231786220418832}
{"bot_id": "0000000000000b01", "x": -0.24546285025645045, "y": 1.0624335137559842, "z": 0.0, "MSE": 0.0492667906439693, "anchor 1 mse": 0.014299244188353252, "anchor 2 mse": 0.1606678163839842, "anchor 3 mse": 0.019296722295390607, "anchor 4 mse": 0.0028033797081491313}
{"bot_id": "0000000000000b01", "x": -0.24546285025645045, "y": 1.0624335137559842, "z": 0.0, "MSE": 0.0492667906439693, "anchor 1 mse": 0.014299244188353252, "anchor 2 mse": 0.1606678163839842, "anchor 3 mse": 0.026867354429219472, "anchor 4 mse": 0.0028033797081491313}
{"bot_id": "0000000000000b01", "x": -0.22925233599145053, "y": 1.0722995204799726, "z": 0.0, "MSE": 0.05227116484449691, "anchor 1 mse": 0.01287493857984189, "anchor 2 mse": 0.17172152600801566, "anchor 3 mse": 0.02103342632313374, "anchor 4 mse": 0.005443086821774309}
{"bot_id": "0000000000000b01", "x": -0.24459464591347924, "y": 1.098335542753706, "z": 0.0, "MSE": 0.05754995949590553, "anchor 1 mse": 0.01815996446375933, "anchor 2 mse": 0.18987700290984924, "anchor 3 mse": 0.02013127224881384, "anchor 4 mse": 0.0020315983611996977}
{"bot_id": "0000000000000b01", "x": -0.2502136781508666, "y": 1.088509927996191, "z": 0.0, "MSE": 0.06204904451113529, "anchor 1 mse": 0.020478232926593773, "anchor 2 mse": 0.20231147618573578, "anchor 3 mse": 0.023166861804786557, "anchor 4 mse": 0.0022396071274250755}
