{"bot_id": "0000000000000b01", "x": -0.05301120333472159, "y": 0.9104873098932055, "z": 0.0, "MSE": 0.05914430890081923, "anchor 1 mse": 0.00607943988171139, "anchor 2 mse": 0.167443345935546, "anchor 3 mse": 0.03810812321290658, "anchor 4 mse": 0.024946326573112965}
{"bot_id": "0000000000000b01", "x": -0.05301120333472159, "y": 0.9104873098932055, "z": 0.0, "MSE": 0.05914430890081923, "anchor 1 mse": 0.00607943988171139, "anchor 2 mse": 0.167443345935546, "anchor 3 mse": 0.03810812321290658, "anchor 4 mse": 0.024946326573112965}
{"bot_id": "0000000000000b01", "x": -0.05301120333472159, "y": 0.9104873098932055, "z": 0.0, "MSE": 0.05914430890081923, "anchor 1 mse": 0.00607943988171139, "anchor 2 mse": 0.167443345935546, "anchor 3 mse": 0.03810812321290658, "anchor 4 mse": 0.024946326573112965}
{"bot_id": "0000000000000b01", "x": -0.05301120333472159, "y": 0.9104873098932055, "z": 0.0, "MSE": 0.05914430890081923, "anchor 1 mse": 0.00607943988171139, "anchor 2 mse": 0.167443345935546, "anchor 3 mse": 0.03810812321290658, "anchor 4 mse": 0.024946326573112965}
{"bot_id": "0000000000000b01", "x": -0.05301120333472159, "y": 0.9104873098932055, "z": 0.0, "MSE": 0.05914430890081923, "anchor 1 mse": 0.00607943988171139, "anchor 2 mse": 0.167443345935546, "anchor 3 mse": 0.03810812321290658, "anchor 4 mse": 0.024946326573112965}
{"bot_id": "0000000000000b01", "x": -0.05301120333472159, "y": 0.9104873098932055, "z": 0.0, "MSE": 0.05914430890081923, "anchor 1 mse": 0.00607943988171139, "anchor 2 mse": 0.167443345935546, "anchor 3 mse": 0.03810812321290658, "anchor 4 mse": 0.024946326573112965}
{"bot_id": "0000000000000b01", "x": -0.05301120333472159, "y": 0.9104873098932055, "z": 0.0, "MSE": 0.05914430890081923, "anchor 1 mse": 0.00607943988171139, "anchor 2 mse": 0.167443345935546, "anchor 3 mse": 0.03810812321290658, "anchor 4 mse": 0.024946326573112965}
{"bot_id": "0000000000000b01", "x": -0.05301120333472159, "y": 0.9104873098932055, "z": 0.0, "MSE": 0.05914430890081923, "anchor 1 mse": 0.00607943988171139, "anchor 2 mse": 0.167443345935546, "anchor 3 mse": 0.03810812321290658, "anchor 4 mse": 0.024946326573112965}
{"bot_id": "0000000000000b01", "x": -0.05301120333472159, "y": 0.9104873098932055, "z": 0.0, "MSE": 0.05914430890081923, "anchor 1 mse": 0.00607943988171139, "anchor 2 mse": 0.167443345935546, "anchor 3 mse": 0.03810812321290658, "anchor 4 mse": 0.024946326573112965}
{"bot_id": "0000000000000b01", "x": -0.05301120333472159, "y": 0.9104873098932055, "z": 0.0, "MSE": 0.05914430890081923, "anchor 1 mse": 0.00607943988171139, "anchor 2 mse": 0.167443345935546, "anchor 3 mse": 0.03810812321290658, "anchor 4 mse": 0.024946326573112965}
{"bot_id": "0000000000000b01", "x": -0.05301120333472159, "y": 0.9104873098932055, "z": 0.0, "MSE": 0.05914430890081923, "anchor 1 mse": 0.00607943988171139, "anchor 2 mse": 0.167443345935546, "anchor 3 mse": 0.03810812321290658, "anchor 4 mse": 0.024946326573112965}
{"bot_id": "0000000000000b01", "x": -0.05301120333472159, "y": 0.9104873098932055, "z": 0.0, "MSE": 0.05914430890081923, "anchor 1 mse": 0.00607943988171139, "anchor 2 mse": 0.167443345935546, "anchor 3 mse": 0.03810812321290658, "anchor 4 mse": 0.024946326573112965}
{"bot_id": "0000000000000b01", "x": -0.05301120333472159, "y": 0.9104873098932055, "z": 0.0, "MSE": 0.05914430890081923, "anchor 1 mse": 0.00607943988171139, "anchor 2 mse": 0.167443345935546, "anchor 3 mse": 0.03810812321290658, "anchor 4 mse": 0.024946326573112965}
{"bot_id": "0000000000000b01", "x": -0.05301120333472159, "y": 0.9104873098932055, "z": 0.0, "MSE": 0.05914430890081923, "anchor 1 mse": 0.00607943988171139, "anchor 2 mse": 0.167443345935546, "anchor 3 mse": 0.03810812321290658, "anchor 4 mse": 0.024946326573112965}
{"bot_id": "0000000000000b01", "x": -0.05301120333472159, "y": 0.9104873098932055, "z": 0.0, "MSE": 0.05914430890081923, "anchor 1 mse": 0.00607943988171139, "anchor 2 mse": 0.167443345935546, "anchor 3 mse": 0.03810812321290658, "anchor 4 mse": 0.024946326573112965}
{"bot_id": "0000000000000b01", "x": -0.05301120333472159, "y": 0.9104873098932055, "z": 0.0, "MSE": 0.05914430890081923, "anchor 1 mse": 0.00607943988171139, "anchor 2 mse": 0.167443345935546, "anchor 3 mse": 0.03810812321290658, "anchor 4 mse": 0.024946326573112965}
{"bot_id": "0000000000000b01", "x": -0.05301120333472159, "y": 0.9104873098932055, "z": 0.0, "MSE": 0.05914430890081923, "anchor 1 mse": 0.00607943988171139, "anchor 2 mse": 0.167443345935546, "anchor 3 mse": 0.03810812321290658, "anchor 4 mse": 0.024946326573112965}
{"bot_id": "0000000000000b01", "x": -0.05301120333472159, "y": 0.9104873098932055, "z": 0.0, "MSE": 0.05914430890081923, "anchor 1 mse": 0.00607943988171139, "anchor 2 mse": 0.167443345935546, "anchor 3 mse": 0.03810812321290658, "anchor 4 mse": 0.024946326573112965}
{"bot_id": "0000000000000b01", "x": -0.05301120333472159, "y": 0.9104873098932055, "z": 0.0, "MSE": 0.05914430890081923, "anchor 1 mse": 0.00607943988171139, "anchor 2 mse": 0.167443345935546, "anchor 3 mse": 0.03810812321290658, "anchor 4 mse": 0.024946326573112965}
{"bot_id": "0000000000000b01", "x": -0.05301120333472159, "y": 0.9104873098932055, "z": 0.0, "MSE": 0.05914430890081923, "anchor 1 mse": 0.00607943988171139, "anchor 2 mse": 0.167443345935546, "anchor 3 mse": 0.03810812321290658, "anchor 4 mse": 0.024946326573112965}
{"bot_id": "0000000000000b01", "x": -0.05301120333472159, "y": 0.9104873098932055, "z": 0.0, "MSE": 0.05914430890081923, "anchor 1 mse": 0.00607943988171139, "anchor 2 mse": 0.167443345935546, "anchor 3 mse": 0.03810812321290658, "anchor 4 mse": 0.024946326573112965}
{"bot_id": "0000000000000b01", "x": -0.05301120333472159, "y": 0.9104873098932055, "z": 0.0, "MSE": 0.05914430890081923, "anchor 1 mse": 0.00607943988171139, "anchor 2 mse": 0.167443345935546, "anchor 3 mse": 0.03810812321290658, "anchor 4 mse": 0.024946326573112965}
{"bot_id": "0000000000000b01", "x": -0.05301120333472159, "y": 0.9104873098932055, "z": 0.0, "MSE": 0.05914430890081923, "anchor 1 mse": 0.00607943988171139, "anchor 2 mse": 0.167443345935546, "anchor 3 mse": 0.03810812321290658, "anchor 4 mse": 0.024946326573112965}
{"bot_id": "0000000000000b01", "x": -0.05301120333472159, "y": 0.9104873098932055, "z": 0.0, "MSE": 0.05914430890081923, "anchor 1 mse": 0.00607943988171139, "anchor 2 mse": 0.167443345935546, "anchor 3 mse": 0.03810812321290658, "anchor 4 mse": 0.024946326573112965}
{"bot_id": "0000000000000b01", "x": -0.05301120333472159, "y": 0.9104873098932055, "z": 0.0, "MSE": 0.05914430890081923, "anchor 1 mse": 0.00607943988171139, "anchor 2 mse": 0.167443345935546, "anchor 3 mse": 0.03810812321290658, "anchor 4 mse": 0.024946326573112965}
{"bot_id": "0000000000000b01", "x": -0.05301120333472159, "y": 0.9104873098932055, "z": 0.0, "MSE": 0.05914430890081923, "anchor 1 mse": 0.00607943988171139, "anchor 2 mse": 0.167443345935546, "anchor 3 mse": 0.03810812321290658, "anchor 4 mse": 0.024946326573112965}
{"bot_id": "0000000000000b01", "x": -0.05301120333472159, "y": 0.9104873098932055, "z": 0.0, "MSE": 0.05914430890081923, "anchor 1 mse": 0.00607943988171139, "anchor 2 mse": 0.167443345935546, "anchor 3 mse": 0.03810812321290658, "anchor 4 mse": 0.024946326573112965}
{"bot_id": "0000000000000b01", "x": -0.05301120333472159, "y": 0.9104873098932055, "z": 0.0, "MSE": 0.05914430890081923, "anchor 1 mse": 0.00607943988171139, "anchor 2 mse": 0.167443345935546, "anchor 3 mse": 0.03810812321290658, "anchor 4 mse": 0.024946326573112965}
{"bot_id": "0000000000000b01", "x": -0.05301120333472159, "y": 0.9104873098932055, "z": 0.0, "MSE": 0.05914430890081923, "anchor 1 mse": 0.00607943988171139, "anchor 2 mse": 0.167443345935546, "anchor 3 mse": 0.03810812321290658, "anchor 4 mse": 0.024946326573112965}
{"bot_id": "0000000000000b01", "x": -0.05301120333472159, "y": 0.9104873098932055, "z": 0.0, "MSE": 0.05914430890081923, "anchor 1 mse": 0.00607943988171139, "anchor 2 mse": 0.167443345935546,