{"bot_id": "0000000000000b01", "x": 1.2904083601376184, "y": -0.26197373202289465, "z": 0.0, "MSE": 0.025966562661915008, "anchor 1 mse": 0.013626431842005262, "anchor 2 mse": 0.003117471045768389, "anchor 3 mse": 0.0036650780188866253, "anchor 4 mse": 0.08345726974099976}
{"bot_id": "0000000000000b01", "x": 1.1565652354630056, "y": -0.3392067468710861, "z": 0.0, "MSE": 0.039441804308964316, "anchor 1 mse": 0.03432936748509395, "anchor 2 mse": 0.0064789822239752545, "anchor 3 mse": 0.007130184336472316, "anchor 4 mse": 0.19927662816600994}
{"bot_id": "0000000000000b01", "x": 1.1607518391734777, "y": -0.3393968097598107, "z": 0.0, "MSE": 0.06169121739570235, "anchor 1 mse": 0.0358546130983842, "anchor 2 mse": 0.006156539615568058, "anchor 3 mse": 0.0072102758604490795, "anchor 4 mse": 0.19754344100840807}
{"bot_id": "0000000000000b01", "x": 1.1607518391734777, "y": -0.3393968097598107, "z": 0.0, "MSE": 0.06169121739570235, "anchor 1 mse": 0.0358546130983842, "anchor 2 mse": 0.006156539615568058, "anchor 3 mse": 0.0072102758604490795, "anchor 4 mse": 0.19754344100840807}
{"bot_id": "0000000000000b01", "x": 1.1607518391734777, "y": -0.3393968097598107, "z": 0.0, "MSE": 0.06169121739570235, "anchor 1 mse": 0.0358546130983842, "anchor 2 mse": 0.0018890862369508469, "anchor 3 mse": 0.0072102758604490795, "anchor 4 mse": 0.19754344100840807}
{"bot_id": "0000000000000b01", "x": 1.1363791962164447, "y": -0.32723242062588004, "z": 0.0, "MSE": 0.06310445974608031, "anchor 1 mse": 0.026424458849756013, "anchor 2 mse": 0.004243380634194733, "anchor 3 mse": 0.0050730013627793835, "anchor 4 mse": 0.21667699813759114}
{"bot_id": "0000000000000b01", "x": 1.1363791962164447, "y": -0.32723242062588004, "z": 0.0, "MSE": 0.06310445974608031, "anchor 1 mse": 0.026424458849756013, "anchor 2 mse": 0.004243380634194733, "anchor 3 mse": 0.0050730013627793835, "anchor 4 mse": 0.21667699813759114}
{"bot_id": "0000000000000b01", "x": 1.047221305828706, "y": -0.39846776247831744, "z": 0.0, "MSE": 0.04720132205084905, "anchor 1 mse": 0.055445280336392226, "anchor 2 mse": 0.001434851316816868, "anchor 3 mse": 0.001930070413151843, "anchor 4 mse": 0.1753465042220689}
{"bot_id": "0000000000000b01", "x": 0.9517734794334781, "y": -0.41660529854126455, "z": 0.0, "MSE": 0.04784498242857772, "anchor 1 mse": 0.023702918344053418, "anchor 2 mse": 0.0033318089311123464, "anchor 3 mse": 0.0038547288006657242, "anchor 4 mse": 0.16860272609677052}
{"bot_id": "0000000000000b01", "x": 0.9511403975332959, "y": -0.41692667266162003, "z": 0.0, "MSE": 0.049766308180341653, "anchor 1 mse": 0.02356426855023494, "anchor 2 mse": 5.859446329747915e-05, "anchor 3 mse": 0.03897484793673176, "anchor 4 mse": 0.16828058254399228}
{"bot_id": "0000000000000b01", "x": 1.0430436353425374, "y": -0.30288599154295714, "z": 0.0, "MSE": 0.0819890757780459, "anchor 1 mse": 0.04045356804135381, "anchor 2 mse": 0.005915608482752006, "anchor 3 mse": 0.00693692832112236, "anchor 4 mse": 0.36490152548146076}
{"bot_id": "0000000000000b01", "x": 1.042855755873047, "y": -0.30406439861096113, "z": 0.0, "MSE": 0.10423395874433798, "anchor 1 mse": 0.04051346193832616, "anchor 2 mse": 0.005763389099500031, "anchor 3 mse": 0.0071339855550879225, "anchor 4 mse": 0.3635249983844378}
{"bot_id": "0000000000000b01", "x": 1.1498834237890452, "y": -0.2767255619254321, "z": 0.0, "MSE": 0.0957367744599932, "anchor 1 mse": 0.021818991057991146, "anchor 2 mse": 0.002956144313416654, "anchor 3 mse": 0.003801198134004703, "anchor 4 mse": 0.35437076433456033}
{"bot_id": "0000000000000b01", "x": 1.1498834237890452, "y": -0.2767255619254321, "z": 0.0, "MSE": 0.0957367744599932, "anchor 1 mse": 0.021818991057991146, "anchor 2 mse": 0.002956144313416654, "anchor 3 mse": 0.003801198134004703, "anchor 4 mse": 0.35437076433456033}
{"bot_id": "0000000000000b01", "x": 1.1498834237890452, "y": -0.2767255619254321, "z": 0.0, "MSE": 0.0957367744599932, "anchor 1 mse": 0.021818991057991146, "anchor 2 mse": 0.002956144313416654, "anchor 3 mse": 0.014799661023664035, "anchor 4 mse": 0.35437076433456033}
{"bot_id": "0000000000000b01", "x": 1.139012221135933, "y": -0.20139020586092313, "z": 0.0, "MSE": 0.11530683002818563, "anchor 1 mse": 0.014805836465146183, "anchor 2 mse": 0.0017137976784025524, "anchor 3 mse": 0.0020953482480385185, "anchor 4 mse": 0.44261233772115527}
{"bot_id": "0000000000000b01", "x": 1.137737922569242, "y": -0.2016765311920355, "z": 0.0, "MSE": 0.10884919909733613, "anchor 1 mse": 0.014514072154390944, "anchor 2 mse": 0.0017413097943785678, "anchor 3 mse": 0.002114233829963644, "anchor 4 mse": 0.4170271806106114}
{"bot_id": "0000000000000b01", "x": 1.137737922569242, "y": -0.2016765311920355, "z": 0.0, "MSE": 0.10884919909733613, "anchor 1 mse": 0.060257662919057056, "anchor 2 mse": 0.0017413097943785678, "anchor 3 mse": 0.002114233829963644, "anchor 4 mse": 0.4170271806106114}
{"bot_id": "0000000000000b01", "x": 1.0452289413736935, "y": -0.22635829951231454, "z": 0.0, "MSE": 0.11701313984929043, "anchor 1 mse": 0.025427033562914238, "anchor 2 mse": 0.0036593997373649614, "anchor 3 mse": 0.00446460100985367, "anchor 4 mse": 0.43450152508702883}
