{"bot_id": "0000000000000b01", "x": 1.0202842133808476, "y": 2.1064874865091023, "z": 0.0, "MSE": 5.710554967102415, "anchor 1 mse": 0.01453720124216966, "anchor 2 mse": 3.394499407263631e-05, "anchor 3 mse": 0.3382560163593472, "anchor 4 mse": 0.00027506708976033446}
{"bot_id": "0000000000000b01", "x": 0.9890382304030043, "y": 2.104422770276831, "z": 0.0, "MSE": 5.871770169058893, "anchor 1 mse": 0.011077755087967317, "anchor 2 mse": 9.092456551366938e-05, "anchor 3 mse": 0.34222903744190514, "anchor 4 mse": 0.00020884063739937648}
{"bot_id": "0000000000000b01", "x": 1.0045187976825671, "y": 2.1052537724600566, "z": 0.0, "MSE": 5.844166221457446, "anchor 1 mse": 0.01268497343656211, "anchor 2 mse": 0.0006259006011921435, "anchor 3 mse": 0.27525685731811533, "anchor 4 mse": 0.00023282554885016134}
{"bot_id": "0000000000000b01", "x": 1.0045187976825671, "y": 2.1052537724600566, "z": 0.0, "MSE": 5.844166221457446, "anchor 1 mse": 0.01268497343656211, "anchor 2 mse": 0.0006259006011921435, "anchor 3 mse": 0.27525685731811533, "anchor 4 mse": 0.00023282554885016134}
{"bot_id": "0000000000000b01", "x": 1.0045187976825671, "y": 2.1052537724600566, "z": 0.0, "MSE": 5.844166221457446, "anchor 1 mse": 0.01268497343656211, "anchor 2 mse": 0.0006259006011921435, "anchor 3 mse": 0.27525685731811533, "anchor 4 mse": 0.00023282554885016134}
{"bot_id": "0000000000000b01", "x": 1.035482232484136, "y": 1.8995504377534849, "z": 0.0, "MSE": 5.096097185547563, "anchor 1 mse": 0.0031979177426076423, "anchor 2 mse": 0.0030628482180388773, "anchor 3 mse": 0.27401856839302746, "anchor 4 mse": 0.00420964798559257}
{"bot_id": "0000000000000b01", "x": 1.035482232484136, "y": 1.8995504377534849, "z": 0.0, "MSE": 5.096097185547563, "anchor 1 mse": 0.0031979177426076423, "anchor 2 mse": 0.0030628482180388773, "anchor 3 mse": 0.27401856839302746, "anchor 4 mse": 0.00420964798559257}
{"bot_id": "0000000000000b01", "x": 1.035482232484136, "y": 1.8995504377534849, "z": 0.0, "MSE": 5.096097185547563, "anchor 1 mse": 0.0031979177426076423, "anchor 2 mse": 0.0030628482180388773, "anchor 3 mse": 0.27401856839302746, "anchor 4 mse": 0.00420964798559257}
{"bot_id": "0000000000000b01", "x": 1.035482232484136, "y": 1.8995504377534849, "z": 0.0, "MSE": 5.096097185547563, "anchor 1 mse": 0.0031979177426076423, "anchor 2 mse": 0.0030628482180388773, "anchor 3 mse": 0.27401856839302746, "anchor 4 mse": 0.00420964798559257}
{"bot_id": "0000000000000b01", "x": 1.0422910269522712, "y": 1.9005422326184336, "z": 0.0, "MSE": 5.1040453510979376, "anchor 1 mse": 0.00274717189078229, "anchor 2 mse": 0.003847164706312689, "anchor 3 mse": 0.25697214497920884, "anchor 4 mse": 0.004357677372662574}
{"bot_id": "0000000000000b01", "x": 1.0422910269522712, "y": 1.9005422326184336, "z": 0.0, "MSE": 5.1040453510979376, "anchor 1 mse": 0.00274717189078229, "anchor 2 mse": 0.003847164706312689, "anchor 3 mse": 0.25697214497920884, "anchor 4 mse": 0.004357677372662574}
{"bot_id": "0000000000000b01", "x": 1.0422910269522712, "y": 1.9005422326184336, "z": 0.0, "MSE": 5.1040453510979376, "anchor 1 mse": 0.00274717189078229, "anchor 2 mse": 0.003847164706312689, "anchor 3 mse": 0.25697214497920884, "anchor 4 mse": 0.004357677372662574}
{"bot_id": "0000000000000b01", "x": 1.012430686680286, "y": 1.887012189139378, "z": 0.0, "MSE": 4.70265505288182, "anchor 1 mse": 0.0006998840765824212, "anchor 2 mse": 0.0011367637603278548, "anchor 3 mse": 0.2513322166693509, "anchor 4 mse": 0.0027095285769641415}
{"bot_id": "0000000000000b01", "x": 1.012430686680286, "y": 1.887012189139378, "z": 0.0, "MSE": 4.70265505288182, "anchor 1 mse": 0.0006998840765824212, "anchor 2 mse": 0.0011367637603278548, "anchor 3 mse": 0.2513322166693509, "anchor 4 mse": 0.0027095285769641415}
{"bot_id": "0000000000000b01", "x": 1.0175305261183736, "y": 1.8876229733303003, "z": 0.0, "MSE": 4.683523414819386, "anchor 1 mse": 0.0008648742193156214, "anchor 2 mse": 0.00113685162215818, "anchor 3 mse": 0.25126543122027595, "anchor 4 mse": 0.0027777511831214357}
{"bot_id": "0000000000000b01", "x": 1.0175305261183736, "y": 1.8876229733303003, "z": 0.0, "MSE": 4.683523414819386, "anchor 1 mse": 0.0008648742193156214, "anchor 2 mse": 0.00113685162215818, "anchor 3 mse": 0.25126543122027595, "anchor 4 mse": 0.0027777511831214357}
{"bot_id": "0000000000000b01", "x": 1.0175305261183736, "y": 1.8876229733303003, "z": 0.0, "MSE": 4.683523414819386, "anchor 1 mse": 0.0008648742193156214, "anchor 2 mse": 0.00113685162215818, "anchor 3 mse": 0.25126543122027595, "anchor 4 mse": 0.0027777511831214357}
{"bot_id": "0000000000000b01", "x": 0.9642295556604803, "y": 1.6618137956328785, "z": 0.0, "MSE": 4.394502714696695, "anchor 1 mse": 0.037522710814553314, "anchor 2 mse": 0.0010122767553730912, "anchor 3 mse": 0.04619374919773251, "anchor 4 mse": 0.03319637699771769}
{"bot_id": "0000000000000b01", "x": 0.9642295556604803, "y": 1.6618137956328785, "z": 0.0, "MSE": 4.394502714696695, "anchor 1 mse": 0.037522710814553314, "anchor 2 mse": 0.0010122767553730912, "anchor 3 mse": 0.04619374919773251, "anchor 4 mse": 0.03319637699771769}
{"bot_id": "0000000000000b01", "x": 0.9642295556604803, "y": 1.6618137956328785, "z": 0.0, "MSE": 4.394502714696695, "anchor 1 mse": 0.037522710814553314, "anchor 2 mse": 0.0010122767553730912, "anchor 3 mse": 0.04619374919773251, "anchor 4 mse": 0.03319637699771769}
{"bot_id": "0000000000000b01", "x": 0.8933266246127196, "y": 1.96806942665579, "z": 0.0, "MSE": 7.546470648549983, "anchor 1 mse": 0.07765924364837949, "anchor 2 mse": 0.009235767993945734, "anchor 3 mse": 0.19682552956108704, "anchor 4 mse": 0.24104001667201497}
{"bot_id": "0000000000000b01", "x": 0.8933266246127196, "y": 1.96806942665579, "z": 0.0, "MSE": 7.546470648549983, "anchor 1 mse": 0.07765924364837949, "anchor 2 mse": 0.009235767993945734, "anchor 3 mse": 0.19682552956108704, "anchor 4 mse": 0.24104001667201497}
{"bot_id": "0000000000000b01", "x": 0.9348099861376191, "y": 1.9963802606157426, "z": 0.0, "MSE": 7.291548077376743, "anchor 1 mse": 0.05550474206128995, "anchor 2 mse": 0.014443954876604373, "anchor 3 mse": 0.23981546166698436, "anchor 4 mse": 0.2677486427923329}
{"bot_id": "0000000000000b01", "x": 0.8963657946968668, "y": 2.0220050354930232, "z": 0.0, "MSE": 7.51759211291636, "anchor 1 mse": 0.05208382843403412, "anchor 2 mse": 0.02507920188853839, "anchor 3 mse": 0.15924516772222327, "anchor 4 mse": 0.29665351930209033}
{"bot_id": "0000000000000b01", "x": 0.8963657946968668, "y": 2.0220050354930232, "z": 0.0, "MSE": 7.51759211291636, "anchor 1 mse": 0.05208382843403412, "anchor 2 mse": 0.02507920188853839, "anchor 3 mse": 0.15924516772222327, "anchor 4 mse": 0.29665351930209033}
{"bot_id": "0000000000000b01", "x": 0.8963657946968668, "y": 2.0220050354930232, "z": 0.0, "MSE": 7.51759211291636, "anchor 1 mse": 0.05208382843403412, "anchor 2 mse": 0.02507920188853839, "anchor 3 mse": 0.15924516772222327, "anchor 4 mse": 0.29665351930209033}
{"bot_id": "0000000000000b01", "x": 1.1538589839836795, "y": 1.8340024518374196, "z": 0.0, "MSE": 4.575285621374793, "anchor 1 mse": 3.184834608607685e-06, "anchor 2 mse": 0.012262966985893518, "anchor 3 mse": 0.07765388584545074, "anchor 4 mse": 0.006471388508263699}
{"bot_id": "0000000000000b01", "x": 1.1538589839836795, "y": 1.8340024518374196, "z": 0.0, "MSE": 4.575285621374793, "anchor 1 mse": 3.184834608607685e-06, "anchor 2 mse": 0.012262966985893518, "anchor 3 mse": 0.07765388584545074, "anchor 4 mse": 0.006471388508263699}
{"bot_id": "0000000000000b01", "x": 1.1538589839836795, "y": 1.8340024518374196, "z": 0.0, "MSE": 4.575285621374793, "anchor 1 mse": 3.184834608607685e-06, "anchor 2 mse": 0.012262966985893518, "anchor 3 mse": 0.07765388584545074, "anchor 4 mse": 0.006471388508263699}
{"bot_id": "0000000000000b01", "x": 1.113127127715087, "y": 1.8380007861949434, "z": 0.0, "MSE": 4.711109811741138, "anchor 1 mse": 0.0002627608681905711, "anchor 2 mse": 0.012067825767049014, "anchor 3 mse": 0.09450139942473736,