{"bot_id": "0000000000000b01", "x": 1.2257634968868294, "y": -0.36340141076885374, "z": 0.0, "MSE": 0.13576143010450956, "anchor 1 mse": 0.0775610487938235, "anchor 2 mse": 0.011586304542719457, "anchor 3 mse": 0.015415688831207164, "anchor 4 mse": 0.43848267825028814}
{"bot_id": "0000000000000b01", "x": 1.1471401265470313, "y": -0.3258377187744512, "z": 0.0, "MSE": 0.14612784278552948, "anchor 1 mse": 0.06891603242085477, "anchor 2 mse": 0.004442547833764043, "anchor 3 mse": 0.006478214283789657, "anchor 4 mse": 0.5365271851566918}
{"bot_id": "0000000000000b01", "x": 1.0930888445128737, "y": -0.34029070679187323, "z": 0.0, "MSE": 0.15101195382345095, "anchor 1 mse": 0.04615291562283008, "anchor 2 mse": 0.005931539691280456, "anchor 3 mse": 0.008490029240962751, "anchor 4 mse": 0.5434733307387305}
{"bot_id": "0000000000000b01", "x": 1.0930888445128737, "y": -0.34029070679187323, "z": 0.0, "MSE": 0.15101195382345095, "anchor 1 mse": 0.04615291562283008, "anchor 2 mse": 0.005931539691280456, "anchor 3 mse": 0.008490029240962751, "anchor 4 mse": 0.5434733307387305}
{"bot_id": "0000000000000b01", "x": 1.0930888445128737, "y": -0.34029070679187323, "z": 0.0, "MSE": 0.15101195382345095, "anchor 1 mse": 0.04615291562283008, "anchor 2 mse": 0.005931539691280456, "anchor 3 mse": 0.008490029240962751, "anchor 4 mse": 0.5434733307387305}
{"bot_id": "0000000000000b01", "x": 1.1859571771889685, "y": -0.31430073562605604, "z": 0.0, "MSE": 0.13595328286885566, "anchor 1 mse": 0.03129299989163271, "anchor 2 mse": 0.0035429487657690846, "anchor 3 mse": 0.005149450282672052, "anchor 4 mse": 0.5038277325353488}
{"bot_id": "0000000000000b01", "x": 1.1859571771889685, "y": -0.31430073562605604, "z": 0.0, "MSE": 0.13595328286885566, "anchor 1 mse": 0.03129299989163271, "anchor 2 mse": 9.068132741494874e-05, "anchor 3 mse": 0.005149450282672052, "anchor 4 mse": 0.5038277325353488}
{"bot_id": "0000000000000b01", "x": 1.1313797308277318, "y": -0.31370022894669786, "z": 0.0, "MSE": 0.15482505911473135, "anchor 1 mse": 0.015392050756462529, "anchor 2 mse": 0.0011898669914019698, "anchor 3 mse": 0.0022493506745643417, "anchor 4 mse": 0.6004689680364965}
{"bot_id": "0000000000000b01", "x": 1.0693950885760268, "y": -0.33011688314223075, "z": 0.0, "MSE": 0.15750379826581387, "anchor 1 mse": 0.01937345264448691, "anchor 2 mse": 0.0021347985333991116, "anchor 3 mse": 0.0037393236784046334, "anchor 4 mse": 0.6047676182069648}
{"bot_id": "0000000000000b01", "x": 1.0693950885760268, "y": -0.33011688314223075, "z": 0.0, "MSE": 0.15750379826581387, "anchor 1 mse": 0.01937345264448691, "anchor 2 mse": 0.0021347985333991116, "anchor 3 mse": 0.0037393236784046334, "anchor 4 mse": 0.6047676182069648}
{"bot_id": "0000000000000b01", "x": 1.150660012188811, "y": -0.4527812432415333, "z": 0.0, "MSE": 0.12360346058187816, "anchor 1 mse": 0.06581238701693665, "anchor 2 mse": 0.009163866913554617, "anchor 3 mse": 0.012634652229263297, "anchor 4 mse": 0.4068029361677581}
{"bot_id": "0000000000000b01", "x": 1.1512432136367567, "y": -0.4530567974836931, "z": 0.0, "MSE": 0.12837424224325042, "anchor 1 mse": 0.06614301716101499, "anchor 2 mse": 0.009068923847020165, "anchor 3 mse": 0.012704631789793218, "anchor 4 mse": 0.4255803961751733}
