{"bot_id": "0000000000000b01", "x": 0.5076223549658705, "y": 0.6845571239194311, "z": 0.0, "MSE": 9.365748093077691, "anchor 1 mse": 0.010451325365372865, "anchor 2 mse": 0.08123097997962567, "anchor 3 mse": 0.6979380384385958, "anchor 4 mse": 0.009362439808685221}
{"bot_id": "0000000000000b02", "x": 0.9569687877890601, "y": 0.3755008667497021, "z": 0.0, "MSE": 17.697172657948695, "anchor 1 mse": 0.20070668527359273, "anchor 2 mse": 1.0703677835034167, "anchor 3 mse": 0.14817190688199694, "anchor 4 mse": 0.6757523181309353}
{"bot_id": "0000000000000b02", "x": 0.9569687877890601, "y": 0.3755008667497021, "z": 0.0, "MSE": 17.697172657948695, "anchor 1 mse": 0.20070668527359273, "anchor 2 mse": 1.0703677835034167, "anchor 3 mse": 0.14817190688199694, "anchor 4 mse": 0.6757523181309353}
{"bot_id": "0000000000000b02", "x": 0.9569687877890601, "y": 0.3755008667497021, "z": 0.0, "MSE": 17.697172657948695, "anchor 1 mse": 0.20070668527359273, "anchor 2 mse": 1.0703677835034167, "anchor 3 mse": 0.14817190688199694, "anchor 4 mse": 0.6757523181309353}
{"bot_id": "0000000000000b02", "x": 0.9569687877890601, "y": 0.3755008667497021, "z": 0.0, "MSE": 17.697172657948695, "anchor 1 mse": 0.20070668527359273, "anchor 2 mse": 1.0703677835034167, "anchor 3 mse": 0.14817190688199694, "anchor 4 mse": 0.6757523181309353}
{"bot_id": "0000000000000b02", "x": 0.9569687877890601, "y": 0.3755008667497021, "z": 0.0, "MSE": 17.697172657948695, "anchor 1 mse": 0.20070668527359273, "anchor 2 mse": 1.0703677835034167, "anchor 3 mse": 0.14817190688199694, "anchor 4 mse": 0.6757523181309353}
{"bot_id": "0000000000000b02", "x": 0.9569687877890601, "y": 0.3755008667497021, "z": 0.0, "MSE": 17.697172657948695, "anchor 1 mse": 0.20070668527359273, "anchor 2 mse": 1.0703677835034167, "anchor 3 mse": 0.14817190688199694, "anchor 4 mse": 0.6757523181309353}
{"bot_id": "0000000000000b02", "x": 0.9569687877890601, "y": 0.3755008667497021, "z": 0.0, "MSE": 17.697172657948695, "anchor 1 mse": 0.20070668527359273, "anchor 2 mse": 1.0703677835034167, "anchor 3 mse": 0.14817190688199694, "anchor 4 mse": 0.6757523181309353}
{"bot_id": "0000000000000b02", "x": 0.9569687877890601, "y": 0.3755008667497021, "z": 0.0, "MSE": 17.697172657948695, "anchor 1 mse": 0.20070668527359273, "anchor 2 mse": 1.0703677835034167, "anchor 3 mse": 0.14817190688199694, "anchor 4 mse": 0.6757523181309353}
{"bot_id": "0000000000000b02", "x": 0.9569687877890601, "y": 0.3755008667497021, "z": 0.0, "MSE": 17.697172657948695, "anchor 1 mse": 0.20070668527359273, "anchor 2 mse": 1.0703677835034167, "anchor 3 mse": 0.14817190688199694, "anchor 4 mse": 0.6757523181309353}
{"bot_id": "0000000000000b02", "x": 0.976527678216158, "y": 0.3631242775229508, "z": 0.0, "MSE": 18.758252750778947, "anchor 1 mse": 0.29905233637112316, "anchor 2 mse": 1.0281255447257238, "anchor 3 mse": 0.13909617274421696, "anchor 4 mse": 0.6990931240515152}
{"bot_id": "0000000000000b02", "x": 0.976527678216158, "y": 0.3631242775229508, "z": 0.0, "MSE": 18.758252750778947, "anchor 1 mse": 0.29905233637112316, "anchor 2 mse": 1.0281255447257238, "anchor 3 mse": 0.13909617274421696, "anchor 4 mse": 0.6990931240515152}
{"bot_id": "0000000000000b02", "x": 0.976527678216158, "y": 0.3631242775229508, "z": 0.0, "MSE": 18.758252750778947, "anchor 1 mse": 0.29905233637112316, "anchor 2 mse": 1.0281255447257238, "anchor 3 mse": 0.13909617274421696, "anchor 4 mse": 0.6990931240515152}
{"bot_id": "0000000000000b02", "x": 0.976527678216158, "y": 0.3631242775229508, "z": 0.0, "MSE": 18.758252750778947, "anchor 1 mse": 0.29905233637112316, "anchor 2 mse": 1.0281255447257238, "anchor 3 mse": 0.13909617274421696, "anchor 4 mse": 0.6990931240515152}
{"bot_id": "0000000000000b02", "x": 0.976527678216158, "y": 0.3631242775229508, "z": 0.0, "MSE": 18.758252750778947, "anchor 1 mse": 0.29905233637112316, "anchor 2 mse": 1.0281255447257238, "anchor 3 mse": 0.13909617274421696, "anchor 4 mse": 0.6990931240515152}
{"bot_id": "0000000000000b02", "x": 0.976527678216158, "y": 0.3631242775229508, "z": 0.0, "MSE": 18.758252750778947, "anchor 1 mse": 0.29905233637112316, "anchor 2 mse": 1.0281255447257238, "anchor 3 mse": 0.13909617274421696, "anchor 4 mse": 0.6990931240515152}
{"bot_id": "0000000000000b01", "x": 0.5076223549658705, "y": 0.6845571239194311, "z": 0.0, "MSE": 9.365748093077691, "anchor 1 mse": 0.010451325365372865, "anchor 2 mse": 0.08123097997962567, "anchor 3 mse": 0.6979380384385958, "anchor 4 mse": 0.009362439808685221}
{"bot_id": "0000000000000b01", "x": 0.5076223549658705, "y": 0.6845571239194311, "z": 0.0, "MSE": 9.365748093077691, "anchor 1 mse": 0.010451325365372865, "anchor 2 mse": 0.08123097997962567, "anchor 3 mse": 0.6979380384385958, "anchor 4 mse": 0.009362439808685221}
{"bot_id": "0000000000000b01", "x": 0.5103565193265265, "y": 0.6781240973339431, "z": 0.0, "MSE": 9.530406228719453, "anchor 1 mse": 0.014093099736533998, "anchor 2 mse": 0.07729760076837039, "anchor 3 mse": 0.6894849408783175, "anchor 4 mse": 0.010728245128350494}
{"bot_id": "0000000000000b01", "x": 0.5103565193265265, "y": 0.6781240973339431, "z": 0.0, "MSE": 9.530406228719453, "anchor 1 mse": 0.014093099736533998, "anchor 2 mse": 0.07729760076837039, "anchor 3 mse": 0.6894849408783175, "anchor 4 mse": 0.010728245128350494}
{"bot_id": "0000000000000b01", "x": 0.5103565193265265, "y": 0.6781240973339431, "z": 0.0, "MSE": 9.530406228719453, "anchor 1 mse": 0.014093099736533998, "anchor 2 mse": 0.07729760076837039, "anchor 3 mse": 0.6894849408783175, "anchor 4 mse": 0.010728245128350494}
{"bot_id": "0000000000000b01", "x": 0.5103565193265265, "y": 0.6781240973339431, "z": 0.0, "MSE": 9.530406228719453, "anchor 1 mse": 0.014093099736533998, "anchor 2 mse": 0.07729760076837039, "anchor 3 mse": 0.6894849408783175, "anchor 4 mse": 0.010728245128350494}
{"bot_id": "0000000000000b01", "x": 0.5103565193265265, "y": 0.6781240973339431, "z": 0.0, "MSE": 9.530406228719453, "anchor 1 mse": 0.014093099736533998, "anchor 2 mse": 0.07729760076837039, "anchor 3 mse": 0.6894849408783175, "anchor 4 mse": 0.010728245128350494}
{"bot_id": "0000000000000b01", "x": 0.5103565193265265, "y": 0.6781240973339431, "z": 0.0, "MSE": 9.530406228719453, "anchor 1 mse": 0.014093099736533998, "anchor 2 mse": 0.07729760076837039, "anchor 3 mse": 0.6894849408783175, "anchor 4 mse": 0.010728245128350494}
{"bot_id": "0000000000000b01", "x": 0.5103565193265265, "y": 0.6781240973339431, "z": 0.0, "MSE": 9.530406228719453, "anchor 1 mse": 0.014093099736533998, "anchor 2 mse": 0.07729760076837039, "anchor 3 mse": 0.6894849408783175, "anchor 4 mse": 0.010728245128350494}
{"bot_id": "0000000000000b01", "x": 0.5103565193265265, "y": 0.6781240973339431, "z": 0.0, "MSE": 9.530406228719453, "anchor 1 mse": 0.014093099736533998, "anchor 2 mse": 0.07729760076837039, "anchor 3 mse": 0.6894849408783175, "anchor 4 mse": 0.010728245128350494}
{"bot_id": "0000000000000b01", "x": 0.5103565193265265, "y": 0.6781240973339431, "z": 0.0, "MSE": 9.530406228719453, "anchor 1 mse": 0.014093099736533998, "anchor 2 mse": 0.07729760076837039, "anchor 3 mse": 0.6894849408783175, "anchor 4 mse": 0.010728245128350494}
{"bot_id": "0000000000000b01", "x": 0.5103565193265265, "y": 0.6781240973339431, "z": 0.0, "MSE": 9.530406228719453, "anchor 1 mse": 0.014093099736533998, "anchor 2 mse": 0.07729760076837039, "anchor 3 mse": 0.6894849408783175, "anchor 4 mse": 0.010728245128350494}
{"bot_id": "0000000000000b01", "x": 0.5103565193265265, "y": 0.6781240973339431, "z": 0.0, "MSE": 9.530406228719453, "anchor 1 mse": 0.014093099736533998, "anchor 2 mse": 0.07729760076837039, "anchor 3 mse": 0.6894849408783175, "anchor 4 mse": 0.010728245128350494}
{"bot_id": "0000000000000b01", "x": 0.5103565193265265, "y": 0.6781240973339431, "z": 0.0, "MSE": 9.530406228719453, "anchor 1 mse": 0.014093099736533998, "anchor 2 mse": 0.07729760076837039, "anchor 3 mse": 0.6894849408783175, "anchor 4 mse": 0.010728245128350494}
{"bot_id": "0000000000000b01",