{"bot_id": "0000000000000b01", "x": 1.0, "y": 2.0, "z": 0.0}
{"bot_id": "0000000000000b02", "x": 1.6766383613607005, "y": 1.290750321916469, "z": 0.0}
{"bot_id": "0000000000000b02", "x": 1.8748869373277013, "y": 2.180005911550521, "z": 0.0}
{"bot_id": "0000000000000b02", "x": 1.6675090214018415, "y": 1.2972549269425837, "z": 0.0}
