{"bot_id": "0000000000000b01", "x": 1.0, "y": 2.0, "z": 0.0}
{"bot_id": "0000000000000b02", "x": 1.6766383613607005, "y": 1.290750321916469, "z": 0.0}
{"bot_id": "0000000000000b02", "x": 1.8748869373277013, "y": 2.180005911550521, "z": 0.0}
{"bot_id": "0000000000000b02", "x": 1.6675090214018415, "y": 1.2972549269425837, "z": 0.0}
{"bot_id": "0000000000000b02", "x": 1.6647484170146, "y": 1.2992629322713984, "z": 0.0}
{"bot_id": "0000000000000b02", "x": 1.6597501455105825, "y": 1.2927264538539989, "z": 0.0}
{"bot_id": "0000000000000b02", "x": 1.6759705966735055, "y": 1.3061148332641068, "z": 0.0}
{"bot_id": "0000000000000b02", "x": 1.6714283227074929, "y": 1.2894818765963998, "z": 0.0}
{"bot_id": "0000000000000b02", "x": 1.6597501455105825, "y": 1.2927264538539989, "z": 0.0}
{"bot_id": "0000000000000b02", "x": 1.6507985507230543, "y": 1.3005028765827737, "z": 0.0}
{"bot_id": "0000000000000b02", "x": 1.7890270816532707, "y": 2.0941207234035573, "z": 0.0}
{"bot_id": "0000000000000b02", "x": 1.6565334391043158, "y": 1.2982415951569872, "z": 0.0}
{"bot_id": "0000000000000b02", "x": 1.8723587410394638, "y": 2.18075916027987, "z": 0.0}
{"bot_id": "0000000000000b02", "x": 1.802321483650862, "y": 2.1007865393825695, "z": 0.0}
{"bot_id": "0000000000000b02", "x": 1.6459002039742672, "y": 1.3170048380100696, "z": 0.0}
