{"bot_id": "0000000000000b01", "x": 1.0, "y": 2.0, "z": 0.0}
{"bot_id": "0000000000000b02", "x": 1.6766383613607005, "y": 1.290750321916469, "z": 0.0}
{"bot_id": "0000000000000b02", "x": 1.8748869373277013, "y": 2.180005911550521, "z": 0.0}
{"bot_id": "0000000000000b02", "x": 1.6675090214018415, "y": 1.2972549269425837, "z": 0.0}
{"bot_id": "0000000000000b02", "x": 1.6647484170146, "y": 1.2992629322713984, "z": 0.0}
{"bot_id": "0000000000000b02", "x": 1.6597501455105825, "y": 1.2927264538539989, "z": 0.0}
{"bot_id": "0000000000000b02", "x": 1.6759705966735055, "y": 1.3061148332641068, "z": 0.0}
{"bot_id": "0000000000000b02", "x": 1.6714283227074929, "y": 1.2894818765963998, "z": 0.0}
{"bot_id": "0000000000000b02", "x": 1.6597501455105825, "y": 1.2927264538539989, "z": 0.0}
{"bot_id": "0000000000000b02", "x": 1.6507985507230543, "y": 1.3005028765827737, "z": 0.0}
{"bot_id": "0000000000000b02", "x": 1.7890270816532707, "y": 2.0941207234035573, "z": 0.0}
{"bot_id": "0000000000000b02", "x": 1.6565334391043158, "y": 1.2982415951569872, "z": 0.0}
{"bot_id": "0000000000000b02", "x": 1.8723587410394638, "y": 2.18075916027987, "z": 0.0}
{"bot_id": "0000000000000b02", "x": 1.802321483650862, "y": 2.1007865393825695, "z": 0.0}
{"bot_id": "0000000000000b02", "x": 1.6459002039742672, "y": 1.3170048380100696, "z": 0.0}
{"bot_id": "0000000000000b02", "x": 1.6730441522337078, "y": 1.2997804096046353, "z": 0.0}
{"bot_id": "0000000000000b02", "x": 1.6843712310546979, "y": 1.3018973573933885, "z": 0.0}
{"bot_id": "0000000000000b02", "x": 1.6793231299335316, "y": 1.2887375797831044, "z": 0.0}
{"bot_id": "0000000000000b02", "x": 1.6797740939780144, "y": 1.2852230690248065, "z": 0.0}
{"bot_id": "0000000000000b02", "x": 1.6702489345880376, "y": 1.2952578831176749, "z": 0.0}
{"bot_id": "0000000000000b02", "x": 1.6730441522337078, "y": 1.2997804096046353, "z": 0.0}
{"bot_id": "0000000000000b02", "x": 1.6752494769308166, "y": 1.3083305370392493, "z": 0.0}
{"bot_id": "0000000000000b02", "x": 1.6741196113607004, "y": 1.287462891478917, "z": 0.0}
{"bot_id": "0000000000000b02", "x": 1.6752494769308166, "y": 1.3083305370392493, "z": 0.0}
{"bot_id": "0000000000000b02", "x": 1.6723520318575316, "y": 1.3085492309335214, "z": 0.0}
{"bot_id": "0000000000000b02", "x": 1.8096322223880577, "y": 2.0960015728470496, "z": 0.0}
{"bot_id": "0000000000000b02", "x": 1.6734803285394206, "y": 1.2962679456753528, "z": 0.0}
{"bot_id": "0000000000000b02", "x": 1.6686405350705598, "y": 1.2849502719916244, "z": 0.0}
{"bot_id": "0000000000000b02", "x": 1.6712082087718017, "y": 1.3013991298429808, "z": 0.0}
{"bot_id": "0000000000000b02", "x": 1.7995950283248412, "y": 2.103096692892767, "z": 0.0}
{"bot_id": "0000000000000b02", "x": 1.6804879022337076, "y": 1.3096052444667032, "z": 0.0}
{"bot_id": "0000000000000b02", "x": 1.6656463977600628, "y": 1.2851947848636294, "z": 0.0}
{"bot_id": "0000000000000b02", "x": 1.6732504204213035, "y": 1.294535009888424, "z": 0.0}
{"bot_id": "0000000000000b02", "x": 1.8020505784081617, "y": 2.1066094348637923, "z": 0.0}
{"bot_id": "0000000000000b02", "x": 1.6814552317153988, "y": 1.3020891862406283, "z": 0.0}
{"bot_id": "0000000000000b02", "x": 1.6618065355310048, "y": 1.2995042159960568, "z": 0.0}
{"bot_id": "0000000000000b02", "x": 1.68929757597351, "y": 1.3085140528539778, "z": 0.0}
{"bot_id": "0000000000000b02", "x": 1.6663490984158864, "y": 1.3095276792716835, "z": 0.0}
{"bot_id": "0000000000000b02", "x": 1.6895693041883142, "y": 1.3031779326315036, "z": 0.0}
{"bot_id": "0000000000000b02", "x": 1.649997588834018, "y": 1.3027932120115477, "z": 0.0}
{"bot_id": "0000000000000b02", "x": 1.6675346324887084, "y": 1.3037824779069336, "z": 0.0}
{"bot_id": "0000000000000b02", "x": 1.6500234748234406, "y": 1.3092433345159473, "z": 0.0}
{"bot_id": "0000000000000b02", "x": 1.6864066046562889, "y": 1.308669776997161, "z": 0.0}
{"bot_id": "0000000000000b02", "x": 1.6719414905529901, "y": 1.3120660170932088, "z": 0.0}
{"bot_id": "0000000000000b02", "x": 1.6650036417045064, "y": 1.2939890518833654, "z": 0.0}
{"bot_id": "0000000000000b02", "x": 1.6663490984158864, "y": 1.3095276792716835, "z": 0.0}
{"bot_id": "0000000000000b02", "x": 1.6708733649965126, "y": 1.2864636009711035, "z": 0.0}
{"bot_id": "0000000000000b02", "x": 1.6663490984158864, "y": 1.3095276792716835, "z": 0.0}
{"bot_id": "0000000000000b02", "x": 1.6560919390490845, "y": 1.3017655273630597, "z": 0.0}
{"bot_id": "0000000000000b02", "x": 1.6811918996459876, "y": 1.307389185736263, "z": 0.0}
{"bot_id": "0000000000000b02", "x": 1.6613758017635918, "y": 1.303034409782084, "z": 0.0}
{"bot_id": "0000000000000b02", "x": 1.6734803285394206, "y": 1.2962679456753528, "z": 0.0}
{"bot_id": "0000000000000b02", "x": 1.6734037181367167, "y": 1.2897331204798488, "z": 0.0}
{"bot_id": "0000000000000b02", "x": 1.6642989566862374, "y": 1.3092723623067768, "z": 0.0}
{"bot_id": "0000000000000b02", "x": 1.65887042569558, "y": 1.2997947866538517, "z": 0.0}
{"bot_id": "0000000000000b02", "x": 1.6563525645562645, "y": 1.296559914769949, "z": 0.0}
{"bot_id": "0000000000000b02", "x": 1.679846849709468, "y": 1.2918114416756667, "z": 0.0}
{"bot_id": "0000000000000b02", "x": 1.6884593547921205, "y": 1.2845133755135194, "z": 0.0}
{"bot_id": "0000000000000b02", "x": 1.778521547987606, "y": 2.0990124054958574, "z": 0.0}
{"bot_id": "0000000000000b02", "x": 1.6784553285394206, "y": 1.3028398091871205, "z": 0.0}
{"bot_id": "0000000000000b02", "x": 1.6791446113607005, "y": 1.2940425557838005, "z": 0.0}
{"bot_id": "0000000000000b02", "x": 1.6624857773357882, "y": 1.2907279481086749, "z": 0.0}
{"bot_id": "0000000000000b02", "x": 1.7019116914125834, "y": 1.2882302690969005, "z": 0.0}
{"bot_id": "0000000000000b02", "x": 1.7895635126176563, "y": 2.1093306250993287, "z": 0.0}
{"bot_id": "0000000000000b02", "x": 1.6804879022337076, "y": 1.3096052444667032, "z": 0.0}
{"bot_id": "0000000000000b02", "x": 1.6638686926939195, "y": 1.3062787263339883, "z": 0.0}
{"bot_id": "0000000000000b02", "x": 1.667303505713543, "y": 1.2955475359729292, "z": 0.0}
{"bot_id": "0000000000000b02", "x": 1.6750695949834982, "y": 1.3000767917127898, "z": 0.0}
{"bot_id": "0000000000000b02", "x": 1.6734803285394206, "y": 1.2962679456753528, "z": 0.0}
{"bot_id": "0000000000000b02", "x": 1.792106202362655, "y": 2.1078031056959174, "z": 0.0}
{"bot_id": "0000000000000b02", "x": 1.7865023470450379, "y": 2.095710118708289, "z": 0.0}
{"bot_id": "0000000000000b02", "x": 1.7732384410319768, "y": 2.1029858390293015, "z": 0.0}
{"bot_id": "0000000000000b02", "x": 1.6712112788365783, "y": 1.2948089093706594, "z": 0.0}
{"bot_id": "0000000000000b02", "x": 1.7837562129759768, "y": 2.101135625727541, "z": 0.0}
{"bot_id": "0000000000000b02", "x": 1.6714283227074929, "y": 1.2894818765963998, "z": 0.0}
{"bot_id": "0000000000000b02", "x": 1.668717528836578, "y": 1.29151191353378, "z": 0.0}
{"bot_id": "0000000000000b02", "x": 1.667095261787495, "y": 1.307274492024682, "z": 0.0}
{"bot_id": "0000000000000b02", "x": 1.6595171934398707, "y": 1.2910293190493265, "z": 0.0}
{"bot_id": "0000000000000b02", "x": 1.6775795294727383, "y": 1.2837796312325636, "z": 0.0}
{"bot_id": "0000000000000b02", "x": 1.6759740785394206, "y": 1.29955153677371, "z": 0.0}
{"bot_id": "0000000000000b02", "x": 1.6987776758207158, "y": 1.2987048253831932, "z": 0.0}
{"bot_id": "0000000000000b02", "x": 1.653239369718913, "y": 1.2972807604182433, "z": 0.0}
{"bot_id": "0000000000000b02", "x": 1.6756963135261023, "y": 1.3048642638268986, "z": 0.0}
{"bot_id": "0000000000000b02", "x": 1.6622303214426193, "y": 1.2890661888676633, "z": 0.0}
{"bot_id": "0000000000000b02", "x": 1.6769006215208395, "y": 1.292609583181478, "z": 0.0}
{"bot_id": "0000000000000b02", "x": 1.6843712310546979, "y": 1.3018973573933885, "z": 0.0}
{"bot_id": "0000000000000b02", "x": 1.6705379022337077, "y": 1.2965148343963704, "z": 0.0}
{"bot_id": "0000000000000b02", "x": 1.6719006215208396, "y": 1.2859933606279221, "z": 0.0}
{"bot_id": "0000000000000b02", "x": 1.6764283227074928,