{"bot_id": "0000000000000b01", "x": 1.0, "y": 2.0, "z": 0.0}
{"bot_id": "0000000000000b02", "x": 1.6766383613607005, "y": 1.290750321916469, "z": 0.0}
{"bot_id": "0000000000000b02", "x": 1.8748869373277013, "y": 2.180005911550521, "z": 0.0}
{"bot_id": "0000000000000b02", "x": 1.6675090214018415, "y": 1.2972549269425837, "z": 0.0}
{"bot_id": "0000000000000b02", "x": 1.6647484170146, "y": 1.2992629322713984, "z": 0.0}
{"bot_id": "0000000000000b02", "x": 1.6597501455105825, "y": 1.2927264538539989, "z": 0.0}
{"bot_id": "0000000000000b02", "x": 1.6759705966735055, "y": 1.3061148332641068, "z": 0.0}
{"bot_id": "0000000000000b02", "x": 1.6714283227074929, "y": 1.2894818765963998, "z": 0.0}
{"bot_id": "0000000000000b02", "x": 1.6597501455105825, "y": 1.2927264538539989, "z": 0.0}
{"bot_id": "0000000000000b02", "x": 1.6507985507230543, "y": 1.3005028765827737, "z": 0.0}
{"bot_id": "0000000000000b02", "x": 1.7890270816532707, "y": 2.0941207234035573, "z": 0.0}
{"bot_id": "0000000000000b02", "x": 1.6565334391043158, "y": 1.2982415951569872, "z": 0.0}
{"bot_id": "0000000000000b02", "x": 1.8723587410394638, "y": 2.18075916027987, "z": 0.0}
{"bot_id": "0000000000000b02", "x": 1.802321483650862, "y": 2.1007865393825695, "z": 0.0}
{"bot_id": "0000000000000b02", "x": 1.6459002039742672, "y": 1.3170048380100696, "z": 0.0}
{"bot_id": "0000000000000b02", "x": 1.6730441522337078, "y": 1.2997804096046353, "z": 0.0}
{"bot_id": "0000000000000b02", "x": 1.6843712310546979, "y": 1.3018973573933885, "z": 0.0}
{"bot_id": "0000000000000b02", "x": 1.6793231299335316, "y": 1.2887375797831044, "z": 0.0}
{"bot_id": "0000000000000b02", "x": 1.6797740939780144, "y": 1.2852230690248065, "z": 0.0}
{"bot_id": "0000000000000b02", "x": 1.6702489345880376, "y": 1.2952578831176749, "z": 0.0}
{"bot_id": "0000000000000b02", "x": 1.6730441522337078, "y": 1.2997804096046353, "z": 0.0}
{"bot_id": "0000000000000b02", "x": 1.6752494769308166, "y": 1.3083305370392493, "z": 0.0}
{"bot_id": "0000000000000b02", "x": 1.6741196113607004, "y": 1.287462891478917, "z": 0.0}
{"bot_id": "0000000000000b02", "x": 1.6752494769308166, "y": 1.3083305370392493, "z": 0.0}
{"bot_id": "0000000000000b02", "x": 1.6723520318575316, "y": 1.3085492309335214, "z": 0.0}
{"bot_id": "0000000000000b02", "x": 1.8096322223880577, "y": 2.0960015728470496, "z": 0.0}
{"bot_id": "0000000000000b02", "x": 1.6734803285394206, "y": 1.2962679456753528, "z": 0.0}
{"bot_id": "0000000000000b02", "x": 1.6686405350705598, "y": 1.2849502719916244, "z": 0.0}
