{"bot_id": "0000000000000b01", "x": 0.8251339829082263, "y": 2.3999999999999995, "z": 0.0, "MSE": 52.559999999999995, "anchor 1 mse": 6.44084608974999, "anchor 2 mse": 6.440846089749995, "anchor 3 mse": 6.710363751280381, "anchor 4 mse": 6.710363751280377}
{"bot_id": "0000000000000b02", "x": 0.4745756224991571, "y": 3.8586756898921246, "z": 0.0, "MSE": 29.012109625425843, "anchor 1 mse": 0.13524006616401388, "anchor 2 mse": 0.147600834414273, "anchor 3 mse": 3.2282580104579824e-05, "anchor 4 mse": 0.000898000076421918}
{"bot_id": "0000000000000b02", "x": 0.4770614039691161, "y": 3.849698674364359, "z": 0.0, "MSE": 28.783768944194126, "anchor 1 mse": 0.15143398506558922, "anchor 2 mse": 0.18777061147010035, "anchor 3 mse": 0.0008338608701544916, "anchor 4 mse": 0.0009405898567289492}
{"bot_id": "0000000000000b02", "x": 0.4783855540007974, "y": 3.863385261658223, "z": 0.0, "MSE": 29.282032705350716, "anchor 1 mse": 0.15436314414430025, "anchor 2 mse": 0.15343895219967835, "anchor 3 mse": 0.0009090617836978197, "anchor 4 mse": 0.0005376048675017973}
{"bot_id": "0000000000000b02", "x": 0.482557340328175, "y": 3.8919047646357297, "z": 0.0, "MSE": 29.555831717396398, "anchor 1 mse": 0.1778366314603413, "anchor 2 mse": 0.13567986730236983, "anchor 3 mse": 0.000894531276288166, "anchor 4 mse": 1.342295263258823e-06}
{"bot_id": "0000000000000b02", "x": 0.49173890250090946, "y": 3.841270541604771, "z": 0.0, "MSE": 28.221264385751354, "anchor 1 mse": 0.195910276534072, "anchor 2 mse": 0.16604228461019604, "anchor 3 mse": 0.00032594194367591795, "anchor 4 mse": 6.310119644761454e-05}
{"bot_id": "0000000000000b02", "x": 0.4857333770950954, "y": 3.843273561640913, "z": 0.0, "MSE": 28.404447792712737, "anchor 1 mse": 0.16309219130842995, "anchor 2 mse": 0.17054336283026458, "anchor 3 mse": 1.9233335069514673e-05, "anchor 4 mse": 0.0004743236659264365}
{"bot_id": "0000000000000b02", "x": 0.4841863888430314, "y": 3.8845816313326096, "z": 0.0, "MSE": 29.2505789430194, "anchor 1 mse": 0.17192681471838409, "anchor 2 mse": 0.14106081238874293, "anchor 3 mse": 0.0002916867350030285, "anchor 4 mse": 1.911811395347992e-06}
{"bot_id": "0000000000000b02", "x": 0.4834198727893779, "y": 3.847072463967357, "z": 0.0, "MSE": 28.62121965221614, "anchor 1 mse": 0.150021870428992, "anchor 2 mse": 0.17517100416946088, "anchor 3 mse": 2.2514133759770748e-05, "anchor 4 mse": 0.0006823695194608211}
{"bot_id": "0000000000000b02", "x": 0.4932498761547738, "y": 3.8407318120029594, "z": 0.0, "MSE": 28.2385154470364, "anchor 1 mse": 0.19560747446312493, "anchor 2 mse": 0.16699674492950894, "anchor 3 mse": 0.0008383125297404793, "anchor 4 mse": 4.825700263094302e-05}
{"bot_id": "0000000000000b02", "x": 0.48987260458822884, "y": 3.8793673982957317, "z": 0.0, "MSE": 29.06683875757313, "anchor 1 mse": 0.18505031599393285, "anchor 2 mse": 0.13901835009720898, "anchor 3 mse": 0.0015016443685080423, "anchor 4 mse": 2.8928295212320116e-05}
{"bot_id": "0000000000000b02", "x": 0.4939382043228813, "y": 3.8443347929931346, "z": 0.0, "MSE": 28.46324877287244, "anchor 1 mse": 0.21709696608005766, "anchor 2 mse": 0.18127607362170078, "anchor 3 mse": 0.0010010052913485166, "anchor 4 mse": 1.859918682157355e-08}
{"bot_id": "0000000000000b02", "x": 0.4814398257039191, "y": 3.886725658587896, "z": 0.0, "MSE": 29.54512100047136, "anchor 1 mse": 0.1734135946524332, "anchor 2 mse": 0.1462314521547631, "anchor 3 mse": 0.0006783531659872481, "anchor 4 mse": 1.844684850391475e-05}
{"bot_id": "0000000000000b02", "x": 0.47893165903684254, "y": 3.8701604537665877, "z": 0.0, "MSE": 29.40745219405937, "anchor 1 mse": 0.1597454726515769, "anchor 2 mse": 0.17300076762528876, "anchor 3 mse": 0.0002104035709005723, "anchor 4 mse": 0.0003771723162968158}
{"bot_id": "0000000000000b02", "x": 0.48580663038673383, "y": 3.831886388979445, "z": 0.0, "MSE": 28.04378359168532, "anchor 1 mse": 0.187107215878573, "anchor 2 mse": 0.17907081623691817, "anchor 3 mse": 0.0004965373378489773, "anchor 4 mse": 0.00044025647752406004}
{"bot_id": "0000000000000b02", "x": 0.4929206529545489, "y": 3.8666092658840356, "z": 0.0, "MSE": 28.95317541334199, "anchor 1 mse": 0.24790614402787348, "anchor 2 mse": 0.1726830741472813, "anchor 3 mse": 0.0005694632837141477, "anchor 4 mse": 0.00034007154722426943}
{"bot_id": "0000000000000b02", "x": 0.48184875963968943, "y": 3.815985655472704, "z": 0.0, "MSE": 28.05107173944671, "anchor 1 mse": 0.12694052488907878, "anchor 2 mse": 0.1986094277742948, "anchor 3 mse": 0.00022301580698012695, "anchor 4 mse": 0.0022311776338095005}
{"bot_id": "0000000000000b02", "x": 0.4901368697183711, "y": 3.853926845211511, "z": 0.0, "MSE": 28.407407329188885, "anchor 1 mse": 0.24499458467260643, "anchor 2 mse": 0.16442960883800822, "anchor 3 mse": 0.0002495050197221153, "anchor 4 mse": 9.13659944951302e-05}
