{"bot_id": "0000000000000b01", "x": 0.8951339829082263, "y": 2.3999999999999995, "z": 0, "MSE": 6.589050474703983, "anchor 1 mse": 6.561264847357142, "anchor 2 mse": 6.561264847357147, "anchor 3 mse": 6.578782508887531, "anchor 4 mse": 6.578782508887526}
{"bot_id": "0000000000000b02", "x": 0.3245756224991571, "y": 3.8386756898921246, "z": 0, "MSE": 0.07351369570473264, "anchor 1 mse": 0.11047204026140776, "anchor 2 mse": 0.11877653745880079, "anchor 3 mse": 0.01987303578946265, "anchor 4 mse": 0.003900961428026269}
{"bot_id": "0000000000000b02", "x": 0.32706140396911615, "y": 3.849698674364359, "z": 0, "MSE": 0.08916101931772272, "anchor 1 mse": 0.13955221471629245, "anchor 2 mse": 0.14063125805525012, "anchor 3 mse": 0.02337512227858205, "anchor 4 mse": 0.0067010224913091375}
{"bot_id": "0000000000000b02", "x": 0.2983855540007974, "y": 3.8333852616582234, "z": 0, "MSE": 0.07634173029304948, "anchor 1 mse": 0.11901167617338042, "anchor 2 mse": 0.12363765561056056, "anchor 3 mse": 0.018449880773815593, "anchor 4 mse": 0.0032489931983817246}
{"bot_id": "0000000000000b02", "x": 0.302557340328175, "y": 3.8519047646357296, "z": 0, "MSE": 0.07688449888062387, "anchor 1 mse": 0.132327920633725, "anchor 2 mse": 0.11235987514040764, "anchor 3 mse": 0.020263086526956683, "anchor 4 mse": 0.000516914633391347}
{"bot_id": "0000000000000b02", "x": 0.31173890250090946, "y": 3.811270541604771, "z": 0, "MSE": 0.08970068730620044, "anchor 1 mse": 0.1552347929275485, "anchor 2 mse": 0.13447603348873163, "anchor 3 mse": 0.021538147582838382, "anchor 4 mse": 0.0017256189526516474}
{"bot_id": "0000000000000b02", "x": 0.31573337709509536, "y": 3.823273561640913, "z": 0, "MSE": 0.08417217673296104, "anchor 1 mse": 0.1341671542198752, "anchor 2 mse": 0.13431505602272284, "anchor 3 mse": 0.021552198414546166, "anchor 4 mse": 0.0037547975826564893}
{"bot_id": "0000000000000b02", "x": 0.31418638884303135, "y": 3.85458163133261, "z": 0, "MSE": 0.07853915450187852, "anchor 1 mse": 0.13495709986967772, "anchor 2 mse": 0.11306909700474867, "anchor 3 mse": 0.019907989696735427, "anchor 4 mse": 0.000963107131784142}
{"bot_id": "0000000000000b02", "x": 0.31341987278937794, "y": 3.837072463967357, "z": 0, "MSE": 0.08296191312788177, "anchor 1 mse": 0.1294931523720512, "anchor 2 mse": 0.13151553597576604, "anchor 3 mse": 0.01993747780860014, "anchor 4 mse": 0.00562173014505785}
{"bot_id": "0000000000000b02", "x": 0.30324987615477383, "y": 3.8107318120029596, "z": 0, "MSE": 0.08898572485251145, "anchor 1 mse": 0.1542751525082555, "anchor 2 mse": 0.1330088904384642, "anchor 3 mse": 0.02077426218633749, "anchor 4 mse": 0.0019478602580136435}
{"bot_id": "0000000000000b02", "x": 0.29987260458822884, "y": 3.8393673982957317, "z": 0, "MSE": 0.078600330913108, "anchor 1 mse": 0.1376857620227752, "anchor 2 mse": 0.11313073825038812, "anchor 3 mse": 0.0199789794486553, "anchor 4 mse": 0.00048528295864662776}
{"bot_id": "0000000000000b02", "x": 0.2939382043228813, "y": 3.814334792993135, "z": 0, "MSE": 0.09665945932765749, "anchor 1 mse": 0.1727596703182896, "anchor 2 mse": 0.14330763483140546, "anchor 3 mse": 0.022479840199799542, "anchor 4 mse": 0.0016727225884502405}
{"bot_id": "0000000000000b02", "x": 0.3014398257039191, "y": 3.856725658587896, "z": 0, "MSE": 0.0793849140683066, "anchor 1 mse": 0.1357833459423627, "anchor 2 mse": 0.11578290966231534, "anchor 3 mse": 0.01980209938690527, "anchor 4 mse": 0.0014163205358639775}
{"bot_id": "0000000000000b02", "x": 0.30893165903684255, "y": 3.8501604537665877, "z": 0, "MSE": 0.08351064177644477, "anchor 1 mse": 0.13143140692069855, "anchor 2 mse": 0.13602543818359333, "anchor 3 mse": 0.019017155006155244, "anchor 4 mse": 0.0034578797487277166}
{"bot_id": "0000000000000b02", "x": 0.3258066303867338, "y": 3.811886388979445, "z": 0, "MSE": 0.09369601933421988, "anchor 1 mse": 0.15664544931717256, "anchor 2 mse": 0.14473571801653004, "anchor 3 mse": 0.027131148917410707, "anchor 4 mse": 0.0032511611591058065}
{"bot_id": "0000000000000b02", "x": 0.29292065295454894, "y": 3.8266092658840356, "z": 0, "MSE": 0.10125734842355703, "anchor 1 mse": 0.19167250671623345, "anchor 2 mse": 0.14175957641630135, "anchor 3 mse": 0.026927243159201305, "anchor 4 mse": 0.00016105953866946617}
{"bot_id": "0000000000000b02", "x": 0.33184875963968946, "y": 3.815985655472704, "z": 0, "MSE": 0.08467805037827236, "anchor 1 mse": 0.11586380317224387, "anchor 2 mse": 0.15090441030247173, "anchor 3 mse": 0.018882611082140167, "anchor 4 mse": 0.00973558111218076}
{"bot_id": "0000000000000b02", "x": 0.32013686971837113, "y": 3.813926845211511, "z": 0, "MSE": 0.10196652906197934, "anchor 1 mse": 0.19126560375170856, "anchor 2 mse": 0.14193232057171526, "anchor 3 mse": 0.03178931195397993, "anchor 4 mse": 0.00012033372461747013}
{"bot_id": "0000000000000b02", "x": 0.31651428382537145, "y": 3.8332041881697982, "z": 0, "MSE": 0.0840377015869515, "anchor 1 mse": 0.119888754403439, "anchor 2 mse": 0.1423464421503711, "anchor 3 mse": 0.017085850241111845, "anchor 4 mse": 0.010050773629263448}
{"bot_id": "0000000000000b02", "x": 0.30281497214915803, "y": 3.8269177748304677, "z": 0, "MSE": 0.08151338211853164, "anchor 1 mse": 0.12879456536801334, "anchor 2 mse": 0.12896025010935963, "anchor 3 mse": 0.015781315870256222, "anchor 4 mse": 0.0048111987143730234}
{"bot_id": "0000000000000b02", "x": 0.2959698219190108, "y": 3.821043489738449, "z": 0, "MSE": 0.09291984702749408, "anchor 1 mse": 0.1784969056059607, "anchor 2 mse": 0.12441063485130807, "anchor 3 mse": 0.023890260531698217, "anchor 4 mse": 1.2995822183380641e-05}
{"bot_id": "0000000000000b02", "x": 0.32661657355021684, "y": 3.8115933642520017, "z": 0, "MSE": 0.09374901408260487, "anchor 1 mse": 0.1644802967496286, "anchor 2 mse": 0.1376214218081578, "anchor 3 mse": 0.03034767824819311, "anchor 4 mse": 0.001328862016246524}
{"bot_id": "0000000000000b02", "x": 0.314571289334799, "y": 3.799097272661589, "z": 0, "MSE": 0.09460768290516576, "anchor 1 mse": 0.1698251963515408, "anchor 2 mse": 0.13628778264099997, "anchor 3 mse": 0.022853614212089174, "anchor 4 mse": 0.0015343911937667084}
{"bot_id": "0000000000000b02", "x": 0.2945934953171744, "y": 3.8311629233793827, "z": 0, "MSE": 0.08685896000227462, "anchor 1 mse": 0.1619840880868806, "anchor 2 mse": 0.11739906984151052, "anchor 3 mse": 0.019662147883208327, "anchor 4 mse": 0.0002662145432716732}
{"bot_id": "0000000000000b02", "x": 0.3100472423491331, "y": 3.8046270679912664, "z": 0, "MSE": 0.09183111546717711, "anchor 1 mse": 0.14995433080425039, "anchor 2 mse": 0.14633938880990222, "anchor 3 mse": 0.023058428542906254, "anchor 4 mse": 0.004351968336369222}
{"bot_id": "0000000000000b02", "x": 0.31936826175709193, "y": 3.8172022789289994, "z": 0, "MSE": 0.09493747852453611, "anchor 1 mse": 0.1685423020688409, "anchor 2 mse": 0.13941740206279635, "anchor 3 mse": 0.02468724348415041, "anchor 4 mse": 0.001176582929686828}
{"bot_id": "0000000000000b02", "x": 0.3156229773723814, "y": 3.8274150041524932, "z": 0, "MSE": 0.09071312277822473, "anchor 1 mse": 0.1524173768121533, "anchor 2 mse": 0.13876834065879845, "anchor 3 mse": 0.023909137104388998, "anchor 4 mse": 0.0030445357105790753}
{"bot_id": "0000000000000b02", "x": 0.28391318173818714, "y": 3.8320046749954693, "z": 0, "MSE": 0.08769931468228981, "anchor 1 mse": 0.16201256372211303, "anchor 2 mse": 0.12164214862246067, "anchor 3 mse": 0.022129260727852613, "anchor 4 mse": 0.00044170386172118654}
{"bot_id": "0000000000000b02", "x": 0.2940454102958526, "y": 3.8121908557986424, "z": 0, "MSE": 0.08763689646343387, "anchor 1 mse": 0.15485352715739698, "anchor 2 mse": 0.1300649884170439, "anchor 3 mse": 0.022806461084908542, "anchor 4 mse": 0.000833216809934345}
{"bot_id": "0000000000000b02", "x": 0.29381714329026964, "y": 3.807414639016062, "z": 0, "MSE": 0.08903021245762047, "anchor 1 mse": 0.14343997676287087, "anchor 2 mse": 0.14834747658236805, "anchor 3 mse": 0.017911198051294666,