{"bot_id": "0000000000000b01", "x": 0.8951339829082263, "y": 2.3999999999999995, "z": 0, "MSE": 6.589050474703983, "anchor 1 mse": 6.561264847357142, "anchor 2 mse": 6.561264847357147, "anchor 3 mse": 6.578782508887531, "anchor 4 mse": 6.578782508887526}
{"bot_id": "0000000000000b02", "x": 0.3245756224991571, "y": 3.8386756898921246, "z": 0, "MSE": 0.07351369570473264, "anchor 1 mse": 0.11047204026140776, "anchor 2 mse": 0.11877653745880079, "anchor 3 mse": 0.01987303578946265, "anchor 4 mse": 0.003900961428026269}
{"bot_id": "0000000000000b02", "x": 0.32706140396911615, "y": 3.849698674364359, "z": 0, "MSE": 0.08916101931772272, "anchor 1 mse": 0.13955221471629245, "anchor 2 mse": 0.14063125805525012, "anchor 3 mse": 0.02337512227858205, "anchor 4 mse": 0.0067010224913091375}
{"bot_id": "0000000000000b02", "x": 0.2983855540007974, "y": 3.8333852616582234, "z": 0, "MSE": 0.07634173029304948, "anchor 1 mse": 0.11901167617338042, "anchor 2 mse": 0.12363765561056056, "anchor 3 mse": 0.018449880773815593, "anchor 4 mse": 0.0032489931983817246}
{"bot_id": "0000000000000b02", "x": 0.302557340328175, "y": 3.8519047646357296, "z": 0, "MSE": 0.07688449888062387, "anchor 1 mse": 0.132327920633725, "anchor 2 mse": 0.11235987514040764, "anchor 3 mse": 0.020263086526956683, "anchor 4 mse": 0.000516914633391347}
