{"bot_id": "0000000000000b01", "x": 1.2153951290027318, "y": 2.4, "z": 0.0, "MSE": 6.669474087398649, "anchor 1 mse": 7.237185319603566, "anchor 2 mse": 7.237185319603566, "anchor 3 mse": 6.1017628551937335, "anchor 4 mse": 6.1017628551937335}
