{"bot_id": "0000000000000b01", "x": 0.43780266486618524, "y": 0.9999999999999999, "z": 0.0, "MSE": 10.0, "anchor 1 mse": 1.191671173363933, "anchor 2 mse": 1.1916711733639334, "anchor 3 mse": 1.3160658436315626, "anchor 4 mse": 1.3160658436315626}
{"bot_id": "0000000000000b01", "x": 0.43780266486618524, "y": 0.9999999999999999, "z": 0.0, "MSE": 10.0, "anchor 1 mse": 1.191671173363933, "anchor 2 mse": 1.1916711733639334, "anchor 3 mse": 1.3160658436315626, "anchor 4 mse": 1.3160658436315626}
{"bot_id": "0000000000000b01", "x": 0.43780266486618524, "y": 0.9999999999999999, "z": 0.0, "MSE": 10.0, "anchor 1 mse": 1.191671173363933, "anchor 2 mse": 1.1916711733639334, "anchor 3 mse": 1.3160658436315626, "anchor 4 mse": 1.3160658436315626}
{"bot_id": "0000000000000b01", "x": 0.43780266486618524, "y": 0.9999999999999999, "z": 0.0, "MSE": 10.0, "anchor 1 mse": 1.191671173363933, "anchor 2 mse": 1.1916711733639334, "anchor 3 mse": 1.3160658436315626, "anchor 4 mse": 1.3160658436315626}
{"bot_id": "0000000000000b01", "x": 0.43780266486618524, "y": 0.9999999999999999, "z": 0.0, "MSE": 10.0, "anchor 1 mse": 1.191671173363933, "anchor 2 mse": 1.1916711733639334, "anchor 3 mse": 1.3160658436315626, "anchor 4 mse": 1.3160658436315626}
{"bot_id": "0000000000000b01", "x": 0.626666079209041, "y": 0.7809085537933559, "z": 0.0, "MSE": 12.900083918203217, "anchor 1 mse": 1.0025285442188627, "anchor 2 mse": 0.052565804023026214, "anchor 3 mse": 1.625562170627357, "anchor 4 mse": 0.7491963858007807}
{"bot_id": "0000000000000b01", "x": 0.626666079209041, "y": 0.7809085537933559, "z": 0.0, "MSE": 12.900083918203217, "anchor 1 mse": 1.0025285442188627, "anchor 2 mse": 0.052565804023026214, "anchor 3 mse": 1.625562170627357, "anchor 4 mse": 0.7491963858007807}
{"bot_id": "0000000000000b01", "x": 0.626666079209041, "y": 0.7809085537933559, "z": 0.0, "MSE": 12.900083918203217, "anchor 1 mse": 1.0025285442188627, "anchor 2 mse": 0.052565804023026214, "anchor 3 mse": 1.625562170627357, "anchor 4 mse": 0.7491963858007807}
{"bot_id": "0000000000000b01", "x": 0.626666079209041, "y": 0.7809085537933559, "z": 0.0, "MSE": 12.900083918203217, "anchor 1 mse": 1.0025285442188627, "anchor 2 mse": 0.052565804023026214, "anchor 3 mse": 1.625562170627357, "anchor 4 mse": 0.7491963858007807}
{"bot_id": "0000000000000b01", "x": 0.626666079209041, "y": 0.7809085537933559, "z": 0.0, "MSE": 12.900083918203217, "anchor 1 mse": 1.0025285442188627, "anchor 2 mse": 0.052565804023026214, "anchor 3 mse": 1.625562170627357, "anchor 4 mse": 0.7491963858007807}
{"bot_id": "0000000000000b01", "x": 0.626666079209041, "y": 0.7809085537933559, "z": 0.0, "MSE": 12.900083918203217, "anchor 1 mse": 1.0025285442188627, "anchor 2 mse": 0.052565804023026214, "anchor 3 mse": 1.625562170627357, "anchor 4 mse": 0.7491963858007807}
{"bot_id": "0000000000000b01", "x": 0.626666079209041, "y": 0.7809085537933559, "z": 0.0, "MSE": 12.900083918203217, "anchor 1 mse": 1.0025285442188627, "anchor 2 mse": 0.052565804023026214, "anchor 3 mse": 1.625562170627357, "anchor 4 mse": 0.7491963858007807}
{"bot_id": "0000000000000b01", "x": 0.626666079209041, "y": 0.7809085537933559, "z": 0.0, "MSE": 12.900083918203217, "anchor 1 mse": 1.0025285442188627, "anchor 2 mse": 0.052565804023026214, "anchor 3 mse": 1.625562170627357, "anchor 4 mse": 0.7491963858007807}
{"bot_id": "0000000000000b01", "x": 0.626666079209041, "y": 0.7809085537933559, "z": 0.0, "MSE": 12.900083918203217, "anchor 1 mse": 1.0025285442188627, "anchor 2 mse": 0.052565804023026214, "anchor 3 mse": 1.625562170627357, "anchor 4 mse": 0.7491963858007807}
{"bot_id": "0000000000000b01", "x": 0.626666079209041, "y": 0.7809085537933559, "z": 0.0, "MSE": 12.900083918203217, "anchor 1 mse": 1.0025285442188627, "anchor 2 mse": 0.052565804023026214, "anchor 3 mse": 1.625562170627357, "anchor 4 mse": 0.7491963858007807}
{"bot_id": "0000000000000b01", "x": 0.626666079209041, "y": 0.7809085537933559, "z": 0.0, "MSE": 12.900083918203217, "anchor 1 mse": 1.0025285442188627, "anchor 2 mse": 0.052565804023026214, "anchor 3 mse": 1.625562170627357, "anchor 4 mse": 0.7491963858007807}
{"bot_id": "0000000000000b01", "x": 0.626666079209041, "y": 0.7809085537933559, "z": 0.0, "MSE": 12.900083918203217, "anchor 1 mse": 1.0025285442188627, "anchor 2 mse": 0.052565804023026214, "anchor 3 mse": 1.625562170627357, "anchor 4 mse": 0.7491963858007807}
{"bot_id": "0000000000000b01", "x": 0.626666079209041, "y": 0.7809085537933559, "z": 0.0, "MSE": 12.900083918203217, "anchor 1 mse": 1.0025285442188627, "anchor 2 mse": 0.052565804023026214, "anchor 3 mse": 1.625562170627357, "anchor 4 mse": 0.7491963858007807}
{"bot_id": "0000000000000b01", "x": 0.626666079209041, "y": 0.7809085537933559, "z": 0.0, "MSE": 12.900083918203217, "anchor 1 mse": 1.0025285442188627, "anchor 2 mse": 0.052565804023026214, "anchor 3 mse": 1.625562170627357, "anchor 4 mse": 0.7491963858007807}
{"bot_id": "0000000000000b01", "x": 0.626666079209041, "y": 0.7809085537933559, "z": 0.0, "MSE": 12.900083918203217, "anchor 1 mse": 1.0025285442188627, "anchor 2 mse": 0.052565804023026214, "anchor 3 mse": 1.625562170627357, "anchor 4 mse": 0.7491963858007807}
{"bot_id": "0000000000000b01", "x": 0.626666079209041, "y": 0.7809085537933559, "z": 0.0, "MSE": 12.900083918203217, "anchor 1 mse": 1.0025285442188627, "anchor 2 mse": 0.052565804023026214, "anchor 3 mse": 1.625562170627357, "anchor 4 mse": 0.7491963858007807}
{"bot_id": "0000000000000b01", "x": 0.626666079209041, "y": 0.7809085537933559, "z": 0.0, "MSE": 12.900083918203217, "anchor 1 mse": 1.0025285442188627, "anchor 2 mse": 0.052565804023026214, "anchor 3 mse": 1.625562170627357, "anchor 4 mse": 0.7491963858007807}
