{"port": "COM21", "skew": -13.962999999999997, "temperature": 31.151}
{"port": "COM19", "skew": 14.467300000000002, "temperature": 23.23940000000001}
{"port": "COM21", "skew": -14.061829999999995, "temperature": 31.143310000000014}
{"port": "COM19", "skew": 14.607473000000002, "temperature": 24.452194000000034}
{"port": "COM21", "skew": -14.048318299999998, "temperature": 31.052033100000006}
{"port": "COM19", "skew": 14.423374729999992, "temperature": 24.897521940000015}
{"port": "COM21", "skew": -14.035683182999996, "temperature": 31.11952033100002}
{"port": "COM19", "skew": 14.559533747299998, "temperature": 25.28957521940002}
{"port": "COM21", "skew": -14.009856831830001, "temperature": 31.051795203310025}
{"port": "COM19", "skew": 14.530195337473002, "temperature": 25.56709575219402}
{"port": "COM21", "skew": -13.987698568318294, "temperature": 30.640717952033132}
{"port": "COM19", "skew": 14.485601953374726, "temperature": 25.752270957521958}
{"port": "COM21", "skew": -13.91537698568319, "temperature": 30.317407179520337}
{"port": "COM19", "skew": 14.43925601953374, "temperature": 25.959322709575254}
{"port": "COM21", "skew": -13.898353769856833, "temperature": 30.530774071795236}
{"port": "COM19", "skew": 14.401692560195336, "temperature": 26.337593227095784}
{"port": "COM21", "skew": -13.842883537698576, "temperature": 30.441707740717963}
{"port": "COM19", "skew": 14.38131692560195, "temperature": 26.478175932270993}
{"port": "COM21", "skew": -13.858428835376987, "temperature": 30.805617077407202}
{"port": "COM21", "skew": -13.852684288353776, "temperature": 30.67245617077408}
{"port": "COM19", "skew": 14.390413169256014, "temperature": 26.661981759322742}
{"port": "COM21", "skew": -13.850826842883547, "temperature": 31.127124561707753}
{"port": "COM19", "skew": 14.381704131692556, "temperature": 26.812019817593253}
{"port": "COM21", "skew": -13.841208268428838, "temperature": 31.211471245617094}
{"port": "COM19", "skew": 14.354417041316921, "temperature": 26.767920198175965}
{"port": "COM21", "skew": -13.843112082684293, "temperature": 31.337714712456183}
{"port": "COM19", "skew": 14.382344170413162, "temperature": 26.767479201981786}
{"port": "COM21", "skew": -13.805931120826854, "temperature": 31.247777147124566}
{"port": "COM19", "skew": 14.336423441704124, "temperature": 26.778874792019845}
{"port": "COM21", "skew": -13.830859311208275, "temperature": 31.349477771471246}
{"port": "COM19", "skew": 14.347964234417043, "temperature": 26.90438874792022}
{"port": "COM21", "skew": -13.836508593112091, "temperature": 31.41889477771472}
{"port": "COM19", "skew": 14.370079642344171, "temperature": 27.031043887479214}
{"port": "COM21", "skew": -13.83536508593113, "temperature": 31.339788947777155}
{"port": "COM19", "skew": 14.369600796423443, "temperature": 27.20331043887479}
{"port": "COM21", "skew": -13.808553650859322, "temperature": 31.327597889477783}
{"port": "COM19", "skew": 14.352696007964221, "temperature": 27.42163310438873}
{"port": "COM19", "skew": 14.341926960079638, "temperature": 27.731616331043853}
{"port": "COM21", "skew": -13.810785536508602, "temperature": 31.31607597889479}
{"port": "COM19", "skew": 14.328319269600797, "temperature": 27.88291616331039}
{"port": "COM21", "skew": -13.79050785536509, "temperature": 31.213360759788966}
{"port": "COM19", "skew": 14.308383192696006, "temperature": 27.975629161633066}
{"port": "COM21", "skew": -13.769905078553668, "temperature": 31.2123336075979}
{"port": "COM19", "skew": 14.132483831926955, "temperature": 28.04495629161629}
{"port": "COM21", "skew": -13.752599050785552, "temperature": 31.155323336076}
{"port": "COM19", "skew": 14.293124838319267, "temperature": 28.079849562916117}
{"port": "COM21", "skew": -13.757325990507859, "temperature": 31.34855323336076}
{"port": "COM19", "skew": 14.316231248383184, "temperature": 28.13719849562912}
{"port": "COM21", "skew": -13.76597325990509, "temperature": 31.441685532333608}
{"port": "COM19", "skew": 14.277462312483827, "temperature": 28.103571984956258}
{"port": "COM21", "skew": -13.757859732599064, "temperature": 31.454016855323335}
{"port": "COM19", "skew": 14.287774623124823, "temperature": 28.194435719849526}
{"port": "COM21", "skew": -13.733978597326004, "temperature": 31.36294016855324}
{"port": "COM19", "skew": 14.277277746231237, "temperature": 28.52594435719846}
{"port": "COM21", "skew": -13.708939785973266, "temperature": 31.327829401685545}
{"port": "COM19", "skew": 14.2663727774623, "temperature": 28.734459443571954}
{"port": "COM21", "skew": -13.737289397859742, "temperature": 31.38447829401686}
{"port": "COM19", "skew": 14.265463727774616, "temperature": 28.884744594435684}
{"port": "COM21", "skew": -13.708272893978597, "temperature": 31.305244782940175}
{"port": "COM19", "skew": 14.215154637277744, "temperature": 28.954647445944325}
{"port": "COM21", "skew": -13.676582728939797, "temperature": 31.281652447829416}
{"port": "COM19", "skew": 14.224951546372768, "temperature": 28.989546474459413}
{"port": "COM21", "skew": -13.683565827289403, "temperature": 31.327016524478303}
{"port": "COM19", "skew": 14.20634951546372, "temperature": 29.024095464744565}
{"port": "COM21", "skew": -13.656535658272892, "temperature": 31.259070165244793}
{"port": "COM19", "skew": 14.18406349515463, "temperature": 29.149840954647424}
{"port": "COM21", "skew": -13.627665356582735, "temperature": 31.189990701652462}
{"port": "COM19", "skew": 14.177640634951542, "temperature": 29.15109840954647}
{"port": "COM21", "skew": -13.646176653565833, "temperature": 31.177899907016535}
{"port": "COM19", "skew": 14.166176406349507, "temperature": 29.21951098409545}
{"port": "COM21", "skew": -13.635161766535662, "temperature": 31.26897899907018}
{"port": "COM19", "skew": 14.158361764063484, "temperature": 29.25439510984094}
{"port": "COM21", "skew": -13.628851617665363, "temperature": 31.32688978999071}
{"port": "COM19", "skew": 14.159483617640634, "temperature": 29.288943951098386}
{"port": "COM21", "skew": -13.618788516176657, "temperature": 31.44146889789991}
{"port": "COM19", "skew": 14.143294836176405, "temperature": 29.540089439510954}
{"port": "COM21", "skew": -13.606987885161777, "temperature": 31.442614688979003}
{"port": "COM19", "skew": 14.165832948361759, "temperature": 29.61100089439511}
{"port": "COM21", "skew": -13.606269878851624, "temperature": 31.305826146889803}
{"port": "COM19", "skew": 14.124458329483618, "temperature": 29.70291000894395}
{"port": "COM21", "skew": -13.586862698788526, "temperature": 31.372858261468906}
{"port": "COM19", "skew": 14.118944583294828, "temperature": 29.692429100089438}
{"port": "COM21", "skew": -13.57396862698789, "temperature": 31.430528582614688}
{"port": "COM19", "skew": 14.11318944583294, "temperature": 29.487124291000892}
{"port": "COM21", "skew": -13.574239686269884, "temperature": 31.57930528582614}
{"port": "COM19", "skew": 13.977631894458327, "temperature": 29.70167124291001}
{"port": "COM21", "skew": -13.590342396862704, "temperature": 31.512393052858258}
{"port": "COM19", "skew": 14.12877631894458, "temperature": 29.806416712429094}
{"port": "COM21", "skew": -13.556403423968634, "temperature": 31.614323930528567}
{"port": "COM21", "skew": -13.561164034239692, "temperature": 31.603943239305273}
{"port": "COM19", "skew": 14.098687763189437, "temperature": 29.955664167124304}
{"port": "COM21", "skew": -13.561111640342405, "temperature": 31.546839432393053}
{"port": "COM19", "skew": 14.114586877631893, "temperature": 29.945756641671252}
{"port": "COM21", "skew": -13.563511116403424, "temperature": 31.52346839432393}
{"port": "COM19", "skew": 14.09354586877632, "temperature": 29.865857566416707}
{"port": "COM21", "skew": -13.559835111164032, "temperature": 31.84243468394321}
{"port": "COM19", "skew": 14.089935458687755, "temperature": 29.876458575664184}
{"port": "COM21", "skew": -13.546998351111643, "temperature": 32.00522434683939}
{"port": "COM19", "skew": 14.102499354586874,