{"bot_id": "0000000000000b01", "x": 1.4991166147241697, "y": 0.9032442107695304, "z": 0.0, "MSE": 36.71926998769201, "anchor 1 mse": 3.0632007288307266, "anchor 2 mse": 0.3589572883600463, "anchor 3 mse": 4.91346340512525, "anchor 4 mse": 2.355641680142277}
{"bot_id": "0000000000000b01", "x": 0.8487882566811974, "y": 0.745860312669475, "z": 0.0, "MSE": 36.511391627709, "anchor 1 mse": 1.2767491106953133, "anchor 2 mse": 0.8887505777777995, "anchor 3 mse": 2.5867003198698826, "anchor 4 mse": 0.03497815619626317}
{"bot_id": "0000000000000b01", "x": 1.974647213244624, "y": 2.5332372846829103, "z": 0.0, "MSE": 7.860768067219353, "anchor 1 mse": 0.0010198075675133644, "anchor 2 mse": 1.2646292783087507, "anchor 3 mse": 0.15777592211346456, "anchor 4 mse": 0.1733296557064875}
{"bot_id": "0000000000000b01", "x": 1.9929793166267076, "y": 2.5810161789198545, "z": 0.0, "MSE": 7.49350537012732, "anchor 1 mse": 0.0016745948024065184, "anchor 2 mse": 1.0013795072146956, "anchor 3 mse": 0.16503816130361598, "anchor 4 mse": 0.20880060101578193}
{"bot_id": "0000000000000b01", "x": 1.981270021892294, "y": 2.5545956565921513, "z": 0.0, "MSE": 7.699667414125117, "anchor 1 mse": 0.001079841488995716, "anchor 2 mse": 1.1665597452112375, "anchor 3 mse": 0.167236517124062, "anchor 4 mse": 0.1891279145640224}
{"bot_id": "0000000000000b01", "x": 2.032991772490058, "y": 2.574599214702878, "z": 0.0, "MSE": 7.951171328181652, "anchor 1 mse": 0.003659077407646271, "anchor 2 mse": 1.0005820051817467, "anchor 3 mse": 0.11149066151601922, "anchor 4 mse": 0.22081582029999594}
{"bot_id": "0000000000000b01", "x": 2.003865690893303, "y": 2.580834453508666, "z": 0.0, "MSE": 7.658811047911467, "anchor 1 mse": 0.0014019831227831685, "anchor 2 mse": 1.0605355102037068, "anchor 3 mse": 0.1737680903559023, "anchor 4 mse": 0.22445426771921562}
{"bot_id": "0000000000000b01", "x": 2.017643035548722, "y": 2.598636081578307, "z": 0.0, "MSE": 7.610711179052699, "anchor 1 mse": 0.0008972018852307317, "anchor 2 mse": 1.0351246834544445, "anchor 3 mse": 0.2152409426058282, "anchor 4 mse": 0.23733154910108717}
{"bot_id": "0000000000000b01", "x": 2.01233566299579, "y": 2.59124017656585, "z": 0.0, "MSE": 7.743814175372226, "anchor 1 mse": 0.00011786723097432163, "anchor 2 mse": 1.1495557369866238, "anchor 3 mse": 0.24729283911313962, "anchor 4 mse": 0.271932952469112}
{"bot_id": "0000000000000b01", "x": 1.9358352447791505, "y": 2.544184439750585, "z": 0.0, "MSE": 7.3646947576493895, "anchor 1 mse": 4.796234628851562e-05, "anchor 2 mse": 1.132705314038048, "anchor 3 mse": 0.17836923268537277, "anchor 4 mse": 0.22872258832935752}
{"bot_id": "0000000000000b01", "x": 1.977185167933857, "y": 2.570358316111183, "z": 0.0, "MSE": 7.60396184397878, "anchor 1 mse": 0.0005216078183943952, "anchor 2 mse": 1.093176021306777, "anchor 3 mse": 0.1669127540824734, "anchor 4 mse": 0.27160957190988094}
{"bot_id": "0000000000000b01", "x": 2.022821599387308, "y": 2.56815010580826, "z": 0.0, "MSE": 7.923772503727871, "anchor 1 mse": 0.0008484787734958291, "anchor 2 mse": 1.254157475250132, "anchor 3 mse": 0.24257562046021156, "anchor 4 mse": 0.15714052180711297}
{"bot_id": "0000000000000b01", "x": 1.9850806855713006, "y": 2.570461168829209, "z": 0.0, "MSE": 7.5626096783139225, "anchor 1 mse": 0.00142431737377471, "anchor 2 mse": 1.0356982447429988, "anchor 3 mse": 0.14921026728328107, "anchor 4 mse": 0.22946474341268722}
{"bot_id": "0000000000000b01", "x": 2.0366226337841877, "y": 2.5779384466697595, "z": 0.0, "MSE": 8.069116084976894, "anchor 1 mse": 0.0020576408512284817, "anchor 2 mse": 1.1814377464720582, "anchor 3 mse": 0.18335024120043705, "anchor 4 mse": 0.20446005171849058}
{"bot_id": "0000000000000b01", "x": 2.005072233490981, "y": 2.5632187075648005, "z": 0.0, "MSE": 7.832935688108757, "anchor 1 mse": 0.0011758188540390568, "anchor 2 mse": 1.203737487832733, "anchor 3 mse": 0.19723324837170775, "anchor 4 mse": 0.17347017489275837}
{"bot_id": "0000000000000b01", "x": 1.9888251381261226, "y": 2.563694154150405, "z": 0.0, "MSE": 7.680143091819798, "anchor 1 mse": 0.0006091392429256733, "anchor 2 mse": 1.1737025893996094, "anchor 3 mse": 0.20107368052128663, "anchor 4 mse": 0.19490227660291787}
{"bot_id": "0000000000000b01", "x": 2.0458131012250167, "y": 2.6247747428430053, "z": 0.0, "MSE": 7.589342330627528, "anchor 1 mse": 0.0007773647861264197, "anchor 2 mse": 1.0423278400155678, "anchor 3 mse": 0.2984602879947247, "anchor 4 mse": 0.18924308948914514}
{"bot_id": "0000000000000b01", "x": 2.0189170424207807, "y": 2.6049713797628793, "z": 0.0, "MSE": 7.520938660340037, "anchor 1 mse": 0.0012773450620094118, "anchor 2 mse": 0.9931567946911717, "anchor 3 mse": 0.21751344769699474, "anchor 4 mse": 0.21430520159129854}
{"bot_id": "0000000000000b01", "x": 1.9925610309348705, "y": 2.5670661244835538, "z": 0.0, "MSE": 7.691269132543797, "anchor 1 mse": 9.28341626561503e-05, "anchor 2 mse": 1.2098869310786726, "anchor 3 mse": 0.24286770754618273, "anchor 4 mse": 0.21498678740321905}
{"bot_id": "0000000000000b01", "x": 2.0615531027238028, "y": 2.632112807478113, "z": 0.0, "MSE": 7.63565269028337, "anchor 1 mse": 0.0028466981056814483, "anchor 2 mse": 0.9518456997188108, "anchor 3 mse": 0.24307710402149396, "anchor 4 mse": 0.18330747674136744}
{"bot_id": "0000000000000b01", "x": 1.9311224541323995, "y": 2.5423570978915904, "z": 0.0, "MSE": 7.256195502162622, "anchor 1 mse": 0.0003021129516954779, "anchor 2 mse": 1.1637876498612856, "anchor 3 mse": 0.24733338279885442, "anchor 4 mse": 0.20064330173485037}
{"bot_id": "0000000000000b01", "x": 1.9842124491428348, "y": 2.5979970207648204, "z": 0.0, "MSE": 7.274696504693308, "anchor 1 mse": 0.0003629005229837498, "anchor 2 mse": 0.9815116900461418, "anchor 3 mse": 0.23134932354706586, "anchor 4 mse": 0.2168749154543585}
{"bot_id": "0000000000000b01", "x": 2.0249624219585534, "y": 2.572154358450647, "z": 0.0, "MSE": 7.91469786991391, "anchor 1 mse": 0.0005569159818524517, "anchor 2 mse": 1.2501325547448894, "anchor 3 mse": 0.25555733458810276, "anchor 4 mse": 0.17614159602859308}
{"bot_id": "0000000000000b01", "x": 2.0061759207160015, "y": 2.5841412195372437, "z": 0.0, "MSE": 7.695495893831625, "anchor 1 mse": 0.0009904735139165584, "anchor 2 mse": 1.0769850303170363, "anchor 3 mse": 0.18473394178367136, "anchor 4 mse": 0.24632771874355963}
{"bot_id": "0000000000000b01", "x": 2.024053685666055, "y": 2.5826440050902115, "z": 0.0, "MSE": 7.844517940414233, "anchor 1 mse": 0.0017046038256891634, "anchor 2 mse": 1.123258421055038, "anchor 3 mse": 0.1909385763950611, "anchor 4 mse": 0.2025384835796423}
{"bot_id": "0000000000000b01", "x": 1.9516836984131196, "y": 2.526896237208322, "z": 0.0, "MSE": 7.65224168515637, "anchor 1 mse": 0.00016505300121134636, "anchor 2 mse": 1.2694898584603473, "anchor 3 mse": 0.18782481542678398, "anchor 4 mse": 0.16565487132503623}
{"bot_id": "0000000000000b01", "x": 2.051812262181821, "y": 2.6269873935528962, "z": 0.0, "MSE": 7.654251370898763, "anchor 1 mse": 0.0005436412369276584, "anchor 2 mse": 0.9901797503792075, "anchor 3 mse": 0.2731051760837141, "anchor 4 mse": 0.2658778725332346}
{"bot_id": "0000000000000b01", "x": 2.055563832490025, "y": 2.6187060311071946, "z": 0.0, "MSE": 7.804056124642739, "anchor 1 mse": 0.0008473095115327426, "anchor 2 mse": 1.042156450054372, "anchor 3 mse": 0.25492322240825094, "anchor 4 mse": 0.2567166707992369}
{"bot_id": "0000000000000b01", "x": 2.033919968236797, "y": 2.57934280920853, "z": 0.0, "MSE": 8.013781059147163, "anchor 1 mse": 0.0012102850069748397, "anchor 2 mse": 1.209438684948726, "anchor 3 mse": 0.21703776016253618, "anchor 4 mse": 0.20633376715844365}
{"bot_id": "0000000000000b01", "x": 2.0674463595943497, "y": 2.63335621630932, "z": 0.0, "MSE": 7.680413503126681, "anchor 1 mse": 0.0014416788343704732, "anchor 2 mse": 0.921225634142192, "anchor 3 mse": 0.2490447513245776, "anchor 4 mse": 0.25794614320583203}
{"bot_id": "0000000000000b01", "x": 1.980766083153012, "y": 2.569689020162504, "z": 0.0,