{"bot_id": "0000000000000b01", "x": 1.0895422933718242, "y": 2.136640313612282, "z": 0.0}
{"bot_id": "0000000000000b02", "x": 1.5052139329356025, "y": 1.5623764372973632, "z": 0.0}
{"bot_id": "0000000000000b02", "x": 1.513523355690363, "y": 1.5753628039480914, "z": 0.0}
{"bot_id": "0000000000000b02", "x": 1.4989739747118846, "y": 1.5681348664433372, "z": 0.0}
{"bot_id": "0000000000000b02", "x": 1.5026544008103844, "y": 1.5779987699115372, "z": 0.0}
{"bot_id": "0000000000000b02", "x": 1.520890051158033, "y": 1.583802224225232, "z": 0.0}
{"bot_id": "0000000000000b02", "x": 1.51781973506555, "y": 1.5710169167060597, "z": 0.0}
{"bot_id": "0000000000000b02", "x": 1.521367618339569, "y": 1.576565156945432, "z": 0.0}
{"bot_id": "0000000000000b02", "x": 1.5191873329309595, "y": 1.5743569949734324, "z": 0.0}
{"bot_id": "0000000000000b02", "x": 1.5055381740343248, "y": 1.5795732658805979, "z": 0.0}
{"bot_id": "0000000000000b02", "x": 1.5217922734972662, "y": 1.5771942341185397, "z": 0.0}
{"bot_id": "0000000000000b02", "x": 1.5167290935660591, "y": 1.5734145515054323, "z": 0.0}
{"bot_id": "0000000000000b02", "x": 1.5064066062066856, "y": 1.5711788333834265, "z": 0.0}
{"bot_id": "0000000000000b02", "x": 1.5165424501944673, "y": 1.5604320163163337, "z": 0.0}
{"bot_id": "0000000000000b02", "x": 0.8821663986024134, "y": 1.3810491956823054, "z": 0.0}
{"bot_id": "0000000000000b02", "x": 1.5097801534550888, "y": 1.5654904895237218, "z": 0.0}
{"bot_id": "0000000000000b02", "x": 1.5127146875817759, "y": 1.5671338038223983, "z": 0.0}
{"bot_id": "0000000000000b02", "x": 0.8784983799000183, "y": 1.3881837007710613, "z": 0.0}
{"bot_id": "0000000000000b02", "x": 1.5249420979220853, "y": 1.5751771446504836, "z": 0.0}
