{"bot_id": "0000000000000b01", "x": 1.0, "y": 2.0, "z": 0.0}
{"bot_id": "0000000000000b02", "x": 1.6485889137300926, "y": 1.300830083286899, "z": 0.0}
{"bot_id": "0000000000000b02", "x": 1.6500234748234406, "y": 1.3092433345159473, "z": 0.0}
{"bot_id": "0000000000000b02", "x": 1.634086841361237, "y": 1.3007930384988597, "z": 0.0}
{"bot_id": "0000000000000b02", "x": 1.6360229599427094, "y": 1.305788757791377, "z": 0.0}
{"bot_id": "0000000000000b02", "x": 1.6609633342810635, "y": 1.3065827561026855, "z": 0.0}
{"bot_id": "0000000000000b02", "x": 1.6594860045501578, "y": 1.3045438275709056, "z": 0.0}
{"bot_id": "0000000000000b02", "x": 1.6602612324380905, "y": 1.3169915842937485, "z": 0.0}
{"bot_id": "0000000000000b02", "x": 1.6610652324962834, "y": 1.3082588096730403, "z": 0.0}
{"bot_id": "0000000000000b02", "x": 1.644673281391221, "y": 1.301536413277919, "z": 0.0}
{"bot_id": "0000000000000b02", "x": 1.663533151319856, "y": 1.31151234920447, "z": 0.0}
{"bot_id": "0000000000000b02", "x": 1.6606951900298448, "y": 1.31350778832537, "z": 0.0}
{"bot_id": "0000000000000b02", "x": 1.6451539206396482, "y": 1.30448958763463, "z": 0.0}
{"bot_id": "0000000000000b02", "x": 1.6657041103191828, "y": 1.2939318964278947, "z": 0.0}
{"bot_id": "0000000000000b02", "x": 0.8825918788724006, "y": 0.9276194676189593, "z": 0.0}
{"bot_id": "0000000000000b02", "x": 1.6480961194605754, "y": 1.3042773047339737, "z": 0.0}
{"bot_id": "0000000000000b02", "x": 1.656694918196338, "y": 1.3000317291246126, "z": 0.0}
{"bot_id": "0000000000000b02", "x": 0.8789140178293808, "y": 0.9354738178670908, "z": 0.0}
{"bot_id": "0000000000000b02", "x": 1.6642989566862374, "y": 1.3092723623067768, "z": 0.0}
{"bot_id": "0000000000000b02", "x": 1.6704609562219186, "y": 1.3036020534482704, "z": 0.0}
{"bot_id": "0000000000000b02", "x": 1.6606951900298448, "y": 1.31350778832537, "z": 0.0}
