{"bot_id": "0000000000000b01", "x": 0.9876744186046513, "y": 1.3699999999999999, "z": 0.0, "MSE": 30.030400000000007, "anchor 1 mse": 2.8524007571660364, "anchor 2 mse": 2.852400757166037, "anchor 3 mse": 4.94754494321255, "anchor 4 mse": 4.947544943212548}
{"bot_id": "0000000000000b01", "x": 2.7142632573184056, "y": 2.9016517650434976, "z": 0.0, "MSE": 10.617146378829228, "anchor 1 mse": 0.1546547111325804, "anchor 2 mse": 0.022779051257137046, "anchor 3 mse": 0.08780096114802632, "anchor 4 mse": 0.00515034457843281}
{"bot_id": "0000000000000b01", "x": 2.7099214420927478, "y": 2.9070633869331113, "z": 0.0, "MSE": 10.487656051297208, "anchor 1 mse": 0.155435909133246, "anchor 2 mse": 0.03420051534214436, "anchor 3 mse": 0.1025603786957587, "anchor 4 mse": 0.004518392604508469}
{"bot_id": "0000000000000b01", "x": 2.7463693639805653, "y": 2.897857348694645, "z": 0.0, "MSE": 10.877214413420788, "anchor 1 mse": 0.1463125393282203, "anchor 2 mse": 0.022230115375659394, "anchor 3 mse": 0.09121258018878889, "anchor 4 mse": 0.013892004642194346}
{"bot_id": "0000000000000b01", "x": 2.668409906534136, "y": 2.9072068655259073, "z": 0.0, "MSE": 10.299955699908118, "anchor 1 mse": 0.14912780902100792, "anchor 2 mse": 0.03855587508664909, "anchor 3 mse": 0.10765742534386034, "anchor 4 mse": 0.01640658352009095}
{"bot_id": "0000000000000b01", "x": 2.722689422032172, "y": 2.9365387942681878, "z": 0.0, "MSE": 10.495757641357518, "anchor 1 mse": 0.14786689859060279, "anchor 2 mse": 0.03618599411209106, "anchor 3 mse": 0.11744352663880464, "anchor 4 mse": 0.021488574100838657}
{"bot_id": "0000000000000b01", "x": 2.7524069001142735, "y": 2.9751089419383705, "z": 0.0, "MSE": 11.108406364545875, "anchor 1 mse": 0.13914813929831568, "anchor 2 mse": 0.0014114987325763331, "anchor 3 mse": 0.05042895608861356, "anchor 4 mse": 0.024066809789874116}
{"bot_id": "0000000000000b01", "x": 2.7589653453504894, "y": 2.9171368723478794, "z": 0.0, "MSE": 10.698399474632659, "anchor 1 mse": 0.15615806716329717, "anchor 2 mse": 0.02734196068278691, "anchor 3 mse": 0.097250889235957, "anchor 4 mse": 0.0022277004721381164}
{"bot_id": "0000000000000b01", "x": 2.7125373775425823, "y": 2.926210355411159, "z": 0.0, "MSE": 10.659103354361836, "anchor 1 mse": 0.1521455586630061, "anchor 2 mse": 0.014660038882766645, "anchor 3 mse": 0.07939738794730034, "anchor 4 mse": 0.015961598909021532}
{"bot_id": "0000000000000b01", "x": 2.753217566949833, "y": 2.879448132205928, "z": 0.0, "MSE": 10.972315582886615, "anchor 1 mse": 0.14737625235057553, "anchor 2 mse": 0.020521487976549187, "anchor 3 mse": 0.08405758186781802, "anchor 4 mse": 0.006316826943655633}
{"bot_id": "0000000000000b01", "x": 2.7375600444356496, "y": 2.8814502247029834, "z": 0.0, "MSE": 10.900790039778009, "anchor 1 mse": 0.14787315780446308, "anchor 2 mse": 0.019262112284829224, "anchor 3 mse": 0.0832488296338246, "anchor 4 mse": 0.008363332545166908}
{"bot_id": "0000000000000b01", "x": 2.6742060350534453, "y": 2.884022248888285, "z": 0.0, "MSE": 10.362057648232865, "anchor 1 mse": 0.14673508888872228, "anchor 2 mse": 0.05378620749013638, "anchor 3 mse": 0.11673220638764117, "anchor 4 mse": 0.008981853076183833}
{"bot_id": "0000000000000b01", "x": 2.727367327925042, "y": 2.8867103542393693, "z": 0.0, "MSE": 10.743051275093654, "anchor 1 mse": 0.15315564910262136, "anchor 2 mse": 0.022108598872465877, "anchor 3 mse": 0.08570067393116684, "anchor 4 mse": 0.0032192001139623606}
{"bot_id": "0000000000000b01", "x": 2.785536052585119, "y": 2.9404371962321116, "z": 0.0, "MSE": 11.078767710748606, "anchor 1 mse": 0.14467052507555236, "anchor 2 mse": 0.007614636857744181, "anchor 3 mse": 0.06993663397729319, "anchor 4 mse": 0.017105962412682783}
{"bot_id": "0000000000000b01", "x": 2.7045223374187675, "y": 2.866825927797761, "z": 0.0, "MSE": 10.729280356919777, "anchor 1 mse": 0.14532064913361042, "anchor 2 mse": 0.020307847951046006, "anchor 3 mse": 0.0889860825966069, "anchor 4 mse": 0.011458726591099307}
{"bot_id": "0000000000000b01", "x": 2.7006197555938707, "y": 2.9150451743371266, "z": 0.0, "MSE": 10.428997576514513, "anchor 1 mse": 0.15505356630431236, "anchor 2 mse": 0.03375056473311199, "anchor 3 mse": 0.102771392908872, "anchor 4 mse": 0.007277994385021189}
{"bot_id": "0000000000000b01", "x": 2.6147686099590963, "y": 2.917377783163147, "z": 0.0, "MSE": 9.901211604194945, "anchor 1 mse": 0.1502850389542203, "anchor 2 mse": 0.06719600212910737, "anchor 3 mse": 0.11755929667338437, "anchor 4 mse": 0.012114169531433296}
{"bot_id": "0000000000000b01", "x": 2.691714028549904, "y": 2.9468306600780654, "z": 0.0, "MSE": 10.247681778389497, "anchor 1 mse": 0.15298431093015527, "anchor 2 mse": 0.04424765148828685, "anchor 3 mse": 0.12083116565491606, "anchor 4 mse": 0.01618651461079432}
{"bot_id": "0000000000000b01", "x": 2.749419694371614, "y": 2.9164672113193477, "z": 0.0, "MSE": 10.696851266150286, "anchor 1 mse": 0.15064330430538708, "anchor 2 mse": 0.030598052339189944, "anchor 3 mse": 0.10451096652957861, "anchor 4 mse": 0.009308858003361503}
{"bot_id": "0000000000000b01", "x": 2.7002910434429888, "y": 2.8521742327106008, "z": 0.0, "MSE": 10.464599929112856, "anchor 1 mse": 0.1279167142038278, "anchor 2 mse": 0.038958870725911754, "anchor 3 mse": 0.15288474674890332, "anchor 4 mse": 0.023241197707638567}
{"bot_id": "0000000000000b01", "x": 2.823403027831163, "y": 2.975460978748452, "z": 0.0, "MSE": 11.193627962318864, "anchor 1 mse": 0.13825422612505092, "anchor 2 mse": 0.004461667317516657, "anchor 3 mse": 0.06770623000291015, "anchor 4 mse": 0.024532848724425002}
{"bot_id": "0000000000000b01", "x": 2.6888923601641954, "y": 2.9404687721712013, "z": 0.0, "MSE": 10.38097664713231, "anchor 1 mse": 0.1556558421775545, "anchor 2 mse": 0.023606810690432245, "anchor 3 mse": 0.0918811702053608, "anchor 4 mse": 0.014619925504304269}
{"bot_id": "0000000000000b01", "x": 2.7869701571392467, "y": 2.9788257914642893, "z": 0.0, "MSE": 11.22608582753239, "anchor 1 mse": 0.1363749998640423, "anchor 2 mse": 0.001833177932272652, "anchor 3 mse": 0.05597917668768544, "anchor 4 mse": 0.03211123559665927}
{"bot_id": "0000000000000b01", "x": 2.6879556029158955, "y": 2.8954651326169625, "z": 0.0, "MSE": 10.492966457373923, "anchor 1 mse": 0.14500893083844696, "anchor 2 mse": 0.021771675016804617, "anchor 3 mse": 0.099890640218802, "anchor 4 mse": 0.021296390750696052}
{"bot_id": "0000000000000b01", "x": 2.756922890567038, "y": 2.9298761660584685, "z": 0.0, "MSE": 10.847511897689357, "anchor 1 mse": 0.1391539578928176, "anchor 2 mse": 0.011352097429139443, "anchor 3 mse": 0.09571053407807151, "anchor 4 mse": 0.03237301956724992}
{"bot_id": "0000000000000b01", "x": 2.592557097360393, "y": 2.8936071722544185, "z": 0.0, "MSE": 9.81476926113089, "anchor 1 mse": 0.14833301298550877, "anchor 2 mse": 0.08003033421215787, "anchor 3 mse": 0.1136234860274178, "anchor 4 mse": 0.005984754026415163}
