{"bot_id": "0001020300010203", "x": 1.131284857446003, "y": 2.143111870640392, "z": 0.0}
{"bot_id": "0001020300010203", "x": 1.133412134705206, "y": 2.1491660228254235, "z": 0.0}
{"bot_id": "0001020300010203", "x": 1.1144182177649513, "y": 2.1271453467051455, "z": 0.0}
{"bot_id": "0001020300010203", "x": 1.1111444149925016, "y": 2.125482380022495, "z": 0.0}
{"bot_id": "0001020300010203", "x": 1.1175863673725859, "y": 2.1337271185390954, "z": 0.0}
{"bot_id": "0001020300010203", "x": 1.1144182177649513, "y": 2.1271453467051455, "z": 0.0}
{"bot_id": "0001020300010203", "x": 1.1133394562379837, "y": 2.1265972562860496, "z": 0.0}
{"bot_id": "0001020300010203", "x": 1.112248188696227, "y": 2.126042933911319, "z": 0.0}
{"bot_id": "0001020300010203", "x": 1.1133394562379837, "y": 2.1265972562860496, "z": 0.0}
{"bot_id": "0001020300010203", "x": 1.1302068547014383, "y": 2.1425628027762604, "z": 0.0}
{"bot_id": "0001020300010203", "x": 1.1302068547014383, "y": 2.1425628027762604, "z": 0.0}
{"bot_id": "0001020300010203", "x": 1.1133394562379837, "y": 2.1265972562860496, "z": 0.0}
{"bot_id": "0001020300010203", "x": 1.1133394562379837, "y": 2.1265972562860496, "z": 0.0}
{"bot_id": "0001020300010203", "x": 1.1144182177649513, "y": 2.1271453467051455, "z": 0.0}
{"bot_id": "0001020300010203", "x": 0.698446648390039, "y": 1.721024773390039, "z": 0.0}
{"bot_id": "0001020300010203", "x": 1.1154844734238978, "y": 2.127687204728306, "z": 0.0}
