{"bot_id": "0001020300010203", "x": 0.7801663438365434, "y": 1.8966249166640694, "z": 0.0}
{"bot_id": "0001020300010203", "x": 0.7801663438365434, "y": 1.8966249166640694, "z": 0.0}
{"bot_id": "0001020300010203", "x": 0.7801663438365434, "y": 1.8966249166640694, "z": 0.0}
{"bot_id": "0001020300010203", "x": 0.7801663438365434, "y": 1.8966249166640694, "z": 0.0}
{"bot_id": "0001020300010203", "x": 0.7801663438365434, "y": 1.8966249166640694, "z": 0.0}
{"bot_id": "0001020300010203", "x": 0.7801663438365434, "y": 1.8966249166640694, "z": 0.0}
{"bot_id": "0001020300010203", "x": 0.7801663438365434, "y": 1.8966249166640694, "z": 0.0}
{"bot_id": "0001020300010203", "x": 0.7811836552990397, "y": 1.8894412226606678, "z": 0.0}
{"bot_id": "0001020300010203", "x": 0.7811836552990397, "y": 1.8894412226606678, "z": 0.0}
{"bot_id": "0001020300010203", "x": 0.7811669700640328, "y": 1.8971199690204532, "z": 0.0}
{"bot_id": "0001020300010203", "x": 0.7811836552990397, "y": 1.8894412226606678, "z": 0.0}
{"bot_id": "0001020300010203", "x": 0.7801663438365434, "y": 1.8966249166640694, "z": 0.0}
{"bot_id": "0001020300010203", "x": 0.7821554228635854, "y": 1.897609106893273, "z": 0.0}
{"bot_id": "0001020300010203", "x": 0.7791535454746326, "y": 1.896123950802998, "z": 0.0}
{"bot_id": "0001020300010203", "x": 0.777091437539112, "y": 1.8951042824955446, "z": 0.0}
{"bot_id": "0001020300010203", "x": 0.777091437539112, "y": 1.8951042824955446, "z": 0.0}
{"bot_id": "0001020300010203", "x": 0.7781285762753172, "y": 1.8956170724187653, "z": 0.0}
{"bot_id": "0001020300010203", "x": 0.7781285762753172, "y": 1.8956170724187653, "z": 0.0}
{"bot_id": "0001020300010203", "x": 0.777091437539112, "y": 1.8951042824955446, "z": 0.0}
{"bot_id": "0001020300010203", "x": 0.7811669700640328, "y": 1.8971199690204532, "z": 0.0}
{"bot_id": "0001020300010203", "x": 0.7781285762753172, "y": 1.8956170724187653, "z": 0.0}
{"bot_id": "0001020300010203", "x": 0.777091437539112, "y": 1.8951042824955446, "z": 0.0}
{"bot_id": "0001020300010203", "x": 0.7781285762753172, "y": 1.8956170724187653, "z": 0.0}
{"bot_id": "0001020300010203", "x": 0.7781285762753172, "y": 1.8956170724187653, "z": 0.0}
{"bot_id": "0001020300010203", "x": 0.7781285762753172, "y": 1.8956170724187653, "z": 0.0}
{"bot_id": "0001020300010203", "x": 0.7791535454746326, "y": 1.896123950802998, "z": 0.0}
{"bot_id": "0001020300010203", "x": 0.7791535454746326, "y": 1.896123950802998, "z": 0.0}
{"bot_id": "0001020300010203", "x": 0.777091437539112, "y": 1.8951042824955446, "z": 0.0}
{"bot_id": "0001020300010203", "x": 0.7801663438365434, "y": 1.8966249166640694, "z": 0.0}
{"bot_id": "0001020300010203", "x": 0.7781285762753172, "y": 1.8956170724187653, "z": 0.0}
