{"bot_id": "0001020300010203", "x": 0.9452213662538513, "y": 2.1153819175281727, "z": 0.0}
{"bot_id": "0001020300010203", "x": 0.9452213662538513, "y": 2.1153819175281727, "z": 0.0}
{"bot_id": "0001020300010203", "x": 0.9452213662538513, "y": 2.1153819175281727, "z": 0.0}
{"bot_id": "0001020300010203", "x": 0.9452213662538513, "y": 2.1153819175281727, "z": 0.0}
{"bot_id": "0001020300010203", "x": 0.9452213662538513, "y": 2.1153819175281727, "z": 0.0}
{"bot_id": "0001020300010203", "x": 0.9452213662538513, "y": 2.1153819175281727, "z": 0.0}
{"bot_id": "0001020300010203", "x": 0.9452213662538513, "y": 2.1153819175281727, "z": 0.0}
{"bot_id": "0001020300010203", "x": 0.9452213662538513, "y": 2.1153819175281727, "z": 0.0}
{"bot_id": "0001020300010203", "x": 0.9543601587981774, "y": 2.1199119520847165, "z": 0.0}
{"bot_id": "0001020300010203", "x": 0.9543601587981774, "y": 2.1199119520847165, "z": 0.0}
{"bot_id": "0001020300010203", "x": 0.9506678945735236, "y": 2.1180817539430112, "z": 0.0}
{"bot_id": "0001020300010203", "x": 0.9470246276492191, "y": 2.116275801612626, "z": 0.0}
{"bot_id": "0001020300010203", "x": 0.9586481654307983, "y": 2.124590448620478, "z": 0.0}
{"bot_id": "0001020300010203", "x": 0.9364022525191044, "y": 2.100868948663116, "z": 0.0}
{"bot_id": "0001020300010203", "x": 0.9314622600675668, "y": 2.098424890070558, "z": 0.0}
{"bot_id": "0001020300010203", "x": 0.9298401055485203, "y": 2.097622320105333, "z": 0.0}
{"bot_id": "0001020300010203", "x": 0.9208603832588347, "y": 2.085594462650108, "z": 0.0}
{"bot_id": "0001020300010203", "x": 0.9238990392613415, "y": 2.087095911360353, "z": 0.0}
{"bot_id": "0001020300010203", "x": 0.9163943235190986, "y": 2.0833876995692395, "z": 0.0}
{"bot_id": "0001020300010203", "x": 0.9142646559399917, "y": 2.0747567910114357, "z": 0.0}
{"bot_id": "0001020300010203", "x": 0.9178707540333917, "y": 2.0841172326541426, "z": 0.0}
{"bot_id": "0001020300010203", "x": 0.9193594404898127, "y": 2.084852820334044, "z": 0.0}
{"bot_id": "0001020300010203", "x": 0.9223735827198798, "y": 2.0863421596444933, "z": 0.0}
{"bot_id": "0001020300010203", "x": 0.9193594404898127, "y": 2.084852820334044, "z": 0.0}
{"bot_id": "0001020300010203", "x": 0.9282302049798503, "y": 2.0968258081860904, "z": 0.0}
{"bot_id": "0001020300010203", "x": 0.9414691473558481, "y": 2.1059160202265255, "z": 0.0}
{"bot_id": "0001020300010203", "x": 0.9548361200032396, "y": 2.122699711772536, "z": 0.0}
{"bot_id": "0001020300010203", "x": 0.9703458886508738, "y": 2.140528506611268, "z": 0.0}
{"bot_id": "0001020300010203", "x": 0.996833171385202, "y": 2.163837985436893, "z": 0.0}
{"bot_id": "0001020300010203", "x": 0.7530566256098781, "y": 1.803056625609878, "z": 0.0}
{"bot_id": "0001020300010203", "x": 1.0189692007086049, "y": 2.1901530763962884, "z": 0.0}
{"bot_id": "0001020300010203", "x": 1.0366861576538022, "y": 2.2040782733863833, "z": 0.0}
{"bot_id": "0001020300010203", "x": 1.0607582430115083, "y": 2.21601623473604, "z": 0.0}
{"bot_id": "0001020300010203", "x": 1.0801078560209914, "y": 2.2256424453980843, "z": 0.0}
{"bot_id": "0001020300010203", "x": 1.0942993096460896, "y": 2.232700368704704, "z": 0.0}
{"bot_id": "0001020300010203", "x": 1.1146862950147112, "y": 2.2428363327366374, "z": 0.0}
{"bot_id": "0001020300010203", "x": 1.1417072627111402, "y": 2.256306818890735, "z": 0.0}
{"bot_id": "0001020300010203", "x": 1.1386464376813663, "y": 2.254786006168991, "z": 0.0}
{"bot_id": "0001020300010203", "x": 1.1417072627111402, "y": 2.256306818890735, "z": 0.0}
{"bot_id": "0001020300010203", "x": 1.1540744045152018, "y": 2.2624507478031877, "z": 0.0}
{"bot_id": "0001020300010203", "x": 1.163479852099027, "y": 2.267122405265046, "z": 0.0}
{"bot_id": "0001020300010203", "x": 1.105874843742666, "y": 2.238455938672585, "z": 0.0}
{"bot_id": "0001020300010203", "x": 1.0580433521449872, "y": 2.2146653369367213, "z": 0.0}
{"bot_id": "0001020300010203", "x": 1.0164988853146224, "y": 2.188923566911933, "z": 0.0}
{"bot_id": "0001020300010203", "x": 0.9945810044771076, "y": 2.162718446601942, "z": 0.0}
{"bot_id": "0001020300010203", "x": 0.9786497136029798, "y": 2.1446520531408333, "z": 0.0}
{"bot_id": "0001020300010203", "x": 0.9625724946792864, "y": 2.1316053296816992, "z": 0.0}
{"bot_id": "0001020300010203", "x": 0.9525079016336249, "y": 2.1189938222674654, "z": 0.0}
{"bot_id": "0001020300010203", "x": 0.9397378334377336, "y": 2.105058976645801, "z": 0.0}
{"bot_id": "0001020300010203", "x": 0.9298401055485203, "y": 2.097622320105333, "z": 0.0}
{"bot_id": "0001020300010203", "x": 0.9193594404898127, "y": 2.084852820334044, "z": 0.0}
{"bot_id": "0001020300010203", "x": 0.9134782288796222, "y": 2.0819467970247336, "z": 0.0}
{"bot_id": "0001020300010203", "x": 0.9114686976688604, "y": 2.073376984995388, "z": 0.0}
{"bot_id": "0001020300010203", "x": 0.9087217805509702, "y": 2.0720213845672504, "z": 0.0}
{"bot_id": "0001020300010203", "x": 0.9114686976688604, "y": 2.073376984995388, "z": 0.0}
{"bot_id": "0001020300010203", "x": 0.9100891090959837, "y": 2.072696159101434, "z": 0.0}
{"bot_id": "0001020300010203", "x": 0.9087217805509702, "y": 2.0720213845672504, "z": 0.0}
{"bot_id": "0001020300010203", "x": 0.9100891090959837, "y": 2.072696159101434, "z": 0.0}
{"bot_id": "0001020300010203", "x": 0.9128605465279986, "y": 2.0740638622860272, "z": 0.0}
{"bot_id": "0001020300010203", "x": 0.9100891090959837, "y": 2.072696159101434, "z": 0.0}
{"bot_id": "0001020300010203", "x": 0.9128605465279986, "y": 2.0740638622860272, "z": 0.0}
{"bot_id": "0001020300010203", "x": 0.9178707540333917, "y": 2.0841172326541426, "z": 0.0}
{"bot_id": "0001020300010203", "x": 0.9298401055485203, "y": 2.097622320105333, "z": 0.0}
{"bot_id": "0001020300010203", "x": 0.9452213662538513, "y": 2.1153819175281727, "z": 0.0}
{"bot_id": "0001020300010203", "x": 0.9633563934265472, "y": 2.134525137708439, "z": 0.0}
{"bot_id": "0001020300010203", "x": 0.9713687487234647, "y": 2.138503123730655, "z": 0.0}
{"bot_id": "0001020300010203", "x": 0.9901134852881692, "y": 2.160497572815534, "z": 0.0}
{"bot_id": "0001020300010203", "x": 1.0097904164658122, "y": 2.175367111650485, "z": 0.0}
{"bot_id": "0001020300010203", "x": 1.0239467108535545, "y": 2.192630304443411, "z": 0.0}
{"bot_id": "0001020300010203", "x": 1.0499726463203296, "y": 2.210649057118773, "z": 0.0}
{"bot_id": "0001020300010203", "x": 1.0942993096460896, "y": 2.232700368704704, "z": 0.0}
{"bot_id": "0001020300010203", "x": 1.1000623594547432, "y": 2.2355660170616023, "z": 0.0}
{"bot_id": "0001020300010203", "x": 1.1117367785904255, "y": 2.2413701332160407, "z": 0.0}
{"bot_id": "0001020300010203", "x": 1.105874843742666, "y": 2.238455938672585, "z": 0.0}
{"bot_id": "0001020300010203", "x": 1.1266080679173145, "y": 2.248761811534089, "z": 0.0}
{"bot_id": "0001020300010203", "x": 1.2055267365566233, "y": 2.2879972659032997, "z": 0.0}
{"bot_id": "0001020300010203", "x": 1.0745177012122855, "y": 2.2228617559440327, "z": 0.0}
{"bot_id": "0001020300010203", "x": 1.0191651384511902, "y": 2.1877001271670657, "z": 0.0}
{"bot_id": "0001020300010203", "x": 0.9945810044771076, "y": 2.162718446601942, "z": 0.0}
{"bot_id": "0001020300010203", "x": 0.976555372760013, "y": 2.143612068846492, "z": 0.0}
{"bot_id": "0001020300010203", "x": 0.9586481654307983, "y": 2.124590448620478, "z": 0.0}
{"bot_id": "0001020300010203", "x": 0.9364022525191044, "y": 2.100868948663116, "z": 0.0}
{"bot_id": "0001020300010203", "x": 0.9163943235190986, "y": 2.0833876995692395, "z": 0.0}
{"bot_id": "0001020300010203", "x": 0.9149301485853891, "y": 2.082664221039164, "z": 0.0}
{"bot_id": "0001020300010203", "x": 0.9156810261796562, "y": 2.0754557712108728, "z": 0.0}
{"bot_id": "0001020300010203", "x": 0.9156810261796562, "y": 2.0754557712108728, "z": 0.0}
{"bot_id": "0001020300010203", "x": 0.9134782288796222, "y": 2.0819467970247336, "z": 0.0}
{"bot_id": "0001020300010203", "x": 0.9250471636845643, "y": 2.095250958322655, "z": 0.0}
{"bot_id": "0001020300010203",