{"bot_id": "0001020300010203", "x": 1.0751919151965617, "y": 2.554087271997728, "z": 0.0}
{"bot_id": "0001020300010203", "x": 1.0751919151965617, "y": 2.554087271997728, "z": 0.0}
{"bot_id": "0001020300010203", "x": 1.0751919151965617, "y": 2.554087271997728, "z": 0.0}
{"bot_id": "0001020300010203", "x": 1.0751919151965617, "y": 2.554087271997728, "z": 0.0}
{"bot_id": "0001020300010203", "x": 1.0751919151965617, "y": 2.554087271997728, "z": 0.0}
{"bot_id": "0001020300010203", "x": 1.0751919151965617, "y": 2.554087271997728, "z": 0.0}
{"bot_id": "0001020300010203", "x": 1.0751919151965617, "y": 2.554087271997728, "z": 0.0}
{"bot_id": "0001020300010203", "x": 1.071726085870593, "y": 2.5486442570213166, "z": 0.0}
{"bot_id": "0001020300010203", "x": 1.071726085870593, "y": 2.5486442570213166, "z": 0.0}
{"bot_id": "0001020300010203", "x": 1.073887774739933, "y": 2.5462409501386865, "z": 0.0}
{"bot_id": "0001020300010203", "x": 1.073887774739933, "y": 2.5462409501386865, "z": 0.0}
{"bot_id": "0001020300010203", "x": 1.0716222212312152, "y": 2.5473669402919743, "z": 0.0}
{"bot_id": "0001020300010203", "x": 1.0716222212312152, "y": 2.5473669402919743, "z": 0.0}
{"bot_id": "0001020300010203", "x": 1.0716222212312152, "y": 2.5473669402919743, "z": 0.0}
{"bot_id": "0001020300010203", "x": 1.0727488362078734, "y": 2.5468070005980663, "z": 0.0}
{"bot_id": "0001020300010203", "x": 1.0662271291363727, "y": 2.553992391035626, "z": 0.0}
{"bot_id": "0001020300010203", "x": 1.0640288328451435, "y": 2.5563710290559767, "z": 0.0}
{"bot_id": "0001020300010203", "x": 1.0640288328451435, "y": 2.5563710290559767, "z": 0.0}
{"bot_id": "0001020300010203", "x": 1.0640288328451435, "y": 2.5563710290559767, "z": 0.0}
{"bot_id": "0001020300010203", "x": 1.0748983417000715, "y": 2.544395648128372, "z": 0.0}
{"bot_id": "0001020300010203", "x": 1.0714819479153415, "y": 2.5389596518650217, "z": 0.0}
{"bot_id": "0001020300010203", "x": 1.0714819479153415, "y": 2.5389596518650217, "z": 0.0}
{"bot_id": "0001020300010203", "x": 1.0589401953210178, "y": 2.55792731557495, "z": 0.0}
{"bot_id": "0001020300010203", "x": 1.0555725867525148, "y": 2.5524131031919643, "z": 0.0}
{"bot_id": "0001020300010203", "x": 1.054446066146053, "y": 2.5529728373308878, "z": 0.0}
{"bot_id": "0001020300010203", "x": 1.0605027703727923, "y": 2.5412353576734157, "z": 0.0}
{"bot_id": "0001020300010203", "x": 1.0725036368438836, "y": 2.5603393710438005, "z": 0.0}
{"bot_id": "0001020300010203", "x": 1.0725036368438836, "y": 2.5603393710438005, "z": 0.0}
{"bot_id": "0001020300010203", "x": 1.0811257361735453, "y": 2.550659208853002, "z": 0.0}
{"bot_id": "0001020300010203", "x": 1.0658080035113995, "y": 2.526222690360899, "z": 0.0}
{"bot_id": "0001020300010203", "x": 1.0596999204643722, "y": 2.526798828262117, "z": 0.0}
{"bot_id": "0001020300010203", "x": 1.0735630317236349, "y": 2.558484627715742, "z": 0.0}
{"bot_id": "0001020300010203", "x": 1.0735630317236349, "y": 2.558484627715742, "z": 0.0}
{"bot_id": "0001020300010203", "x": 1.0758042120874225, "y": 2.5573710816906665, "z": 0.0}
{"bot_id": "0001020300010203", "x": 1.0815053343472498, "y": 2.560373939359673, "z": 0.0}
{"bot_id": "0001020300010203", "x": 1.0815053343472498, "y": 2.560373939359673, "z": 0.0}
{"bot_id": "0001020300010203", "x": 1.0826444754289244, "y": 2.559808053471855, "z": 0.0}
{"bot_id": "0001020300010203", "x": 1.086233290341104, "y": 2.565216446817705, "z": 0.0}
{"bot_id": "0001020300010203", "x": 1.086233290341104, "y": 2.565216446817705, "z": 0.0}
{"bot_id": "0001020300010203", "x": 1.0817503302962566, "y": 2.5674430519225715, "z": 0.0}
{"bot_id": "0001020300010203", "x": 1.085283589243275, "y": 2.5576576390165444, "z": 0.0}
{"bot_id": "0001020300010203", "x": 1.0746656476797076, "y": 2.5415016778055284, "z": 0.0}
{"bot_id": "0001020300010203", "x": 1.0679539164085357, "y": 2.556723917201393, "z": 0.0}
{"bot_id": "0001020300010203", "x": 1.0679539164085357, "y": 2.556723917201393, "z": 0.0}
{"bot_id": "0001020300010203", "x": 1.071444401783868, "y": 2.5621801757774736, "z": 0.0}
{"bot_id": "0001020300010203", "x": 1.0787264200374387, "y": 2.5610192890750616, "z": 0.0}
{"bot_id": "0001020300010203", "x": 1.0822660443579641, "y": 2.566466028179314, "z": 0.0}
{"bot_id": "0001020300010203", "x": 1.0837959404221569, "y": 2.559236057107944, "z": 0.0}
{"bot_id": "0001020300010203", "x": 1.0803785168920457, "y": 2.560933714539762, "z": 0.0}
{"bot_id": "0001020300010203", "x": 1.0572749316679484, "y": 2.553813375700246, "z": 0.0}
{"bot_id": "0001020300010203", "x": 1.0572749316679484, "y": 2.553813375700246, "z": 0.0}
{"bot_id": "0001020300010203", "x": 1.055058672891366, "y": 2.5549149232064563, "z": 0.0}
{"bot_id": "0001020300010203", "x": 1.061653901581785, "y": 2.547806271352515, "z": 0.0}
{"bot_id": "0001020300010203", "x": 1.0720506105012613, "y": 2.564160480671812, "z": 0.0}
{"bot_id": "0001020300010203", "x": 1.0893927676632802, "y": 2.547341915278225, "z": 0.0}
{"bot_id": "0001020300010203", "x": 1.0893927676632802, "y": 2.547341915278225, "z": 0.0}
{"bot_id": "0001020300010203", "x": 1.0789962674538414, "y": 2.5311343158233552, "z": 0.0}
{"bot_id": "0001020300010203", "x": 1.0706248511837873, "y": 2.5328373994290683, "z": 0.0}
{"bot_id": "0001020300010203", "x": 1.0740410823644653, "y": 2.53825097225637, "z": 0.0}
{"bot_id": "0001020300010203", "x": 1.0573545538371114, "y": 2.562216669036462, "z": 0.0}
{"bot_id": "0001020300010203", "x": 1.0573545538371114, "y": 2.562216669036462, "z": 0.0}
{"bot_id": "0001020300010203", "x": 1.0735630317236349, "y": 2.558484627715742, "z": 0.0}
{"bot_id": "0001020300010203", "x": 1.0735630317236349, "y": 2.558484627715742, "z": 0.0}
{"bot_id": "0001020300010203", "x": 1.0724609262040334, "y": 2.5590322340350404, "z": 0.0}
{"bot_id": "0001020300010203", "x": 1.0746225846171849, "y": 2.556616027368265, "z": 0.0}
{"bot_id": "0001020300010203", "x": 1.07994993975166, "y": 2.5647403701860227, "z": 0.0}
{"bot_id": "0001020300010203", "x": 1.084316024376121, "y": 2.561202035479315, "z": 0.0}
{"bot_id": "0001020300010203", "x": 1.084316024376121, "y": 2.561202035479315, "z": 0.0}
{"bot_id": "0001020300010203", "x": 1.0772372825425367, "y": 2.5503816079930597, "z": 0.0}
{"bot_id": "0001020300010203", "x": 1.0795029631333297, "y": 2.5492557210939575, "z": 0.0}
{"bot_id": "0001020300010203", "x": 1.0812542717274114, "y": 2.551964928158384, "z": 0.0}
{"bot_id": "0001020300010203", "x": 1.0687135191018275, "y": 2.571114543503529, "z": 0.0}
{"bot_id": "0001020300010203", "x": 1.0581449435660835, "y": 2.5739046929912615, "z": 0.0}
{"bot_id": "0001020300010203", "x": 1.0795057339157743, "y": 2.539836278774551, "z": 0.0}
{"bot_id": "0001020300010203", "x": 1.0816974740093497, "y": 2.538746448844179, "z": 0.0}
{"bot_id": "0001020300010203", "x": 1.0816974740093497, "y": 2.538746448844179, "z": 0.0}
{"bot_id": "0001020300010203", "x": 1.0696379108635565, "y": 2.558170793981259, "z": 0.0}
{"bot_id": "0001020300010203", "x": 1.0731527745909821, "y": 2.5636129219407353, "z": 0.0}
{"bot_id": "0001020300010203", "x": 1.0753940721139312, "y": 2.562499471107479, "z": 0.0}
{"bot_id": "0001020300010203", "x": 1.0753940721139312, "y": 2.562499471107479, "z": 0.0}
{"bot_id": "0001020300010203", "x": 1.0753940721139312, "y": 2.562499471107479, "z": 0.0}
{"bot_id": "0001020300010203", "x": 1.0742672617027091, "y": 2.563059252010804, "z": 0.0}
{"bot_id": "0001020300010203", "x": 1.0698830842936768, "y": 2.567862034907666, "z": 0.0}
{"bot_id": "0001020300010203", "x": 1.0663680144125627, "y": 2.562400951668081, "z": 0.0}
{"bot_id": "0001020300010203", "x": 1.0663680144125627, "y": 2.562400951668081, "z": 0.0}
{"bot_id": "0001020300010203", "x": 1.0793745390740632, "y": 2.5479542180011094, "z": 0.0}
{"bot_id": "0001020300010203", "x": 1.084015981509215, "y": 2.5528016359476475, "z": 0.0}
{"bot_id": "0001020300010203", "x": 1.084015981509215, "y": 2.5528016359476475, "z": 0.0}
{"bot_id": "0001020300010203", "x": 1.073208099205272,