{"bot_id": "0001020300010203", "x": 0.9472127241417838, "y": 2.111735633690422, "z": 0.0}
{"bot_id": "0001020300010203", "x": 0.9472127241417838, "y": 2.111735633690422, "z": 0.0}
{"bot_id": "0001020300010203", "x": 0.9472127241417838, "y": 2.111735633690422, "z": 0.0}
{"bot_id": "0001020300010203", "x": 0.9472127241417838, "y": 2.111735633690422, "z": 0.0}
{"bot_id": "0001020300010203", "x": 0.9472127241417838, "y": 2.111735633690422, "z": 0.0}
{"bot_id": "0001020300010203", "x": 0.9472127241417838, "y": 2.111735633690422, "z": 0.0}
{"bot_id": "0001020300010203", "x": 0.9472127241417838, "y": 2.111735633690422, "z": 0.0}
{"bot_id": "0001020300010203", "x": 0.9472127241417838, "y": 2.111735633690422, "z": 0.0}
{"bot_id": "0001020300010203", "x": 0.946462220787797, "y": 2.1113724874371096, "z": 0.0}
{"bot_id": "0001020300010203", "x": 0.946462220787797, "y": 2.1113724874371096, "z": 0.0}
{"bot_id": "0001020300010203", "x": 0.946462220787797, "y": 2.1113724874371096, "z": 0.0}
{"bot_id": "0001020300010203", "x": 0.946462220787797, "y": 2.1113724874371096, "z": 0.0}
