{"bot_id": "0001020300010203", "x": 0.9386307422348417, "y": 2.1025246547615217, "z": 0.0}
{"bot_id": "0001020300010203", "x": 0.9386307422348417, "y": 2.1025246547615217, "z": 0.0}
{"bot_id": "0001020300010203", "x": 0.9386307422348417, "y": 2.1025246547615217, "z": 0.0}
{"bot_id": "0001020300010203", "x": 0.9386307422348417, "y": 2.1025246547615217, "z": 0.0}
{"bot_id": "0001020300010203", "x": 0.9392072548814402, "y": 2.100256332864287, "z": 0.0}
{"bot_id": "0001020300010203", "x": 0.9392072548814402, "y": 2.100256332864287, "z": 0.0}
{"bot_id": "0001020300010203", "x": 0.9392072548814402, "y": 2.100256332864287, "z": 0.0}
{"bot_id": "0001020300010203", "x": 0.9392072548814402, "y": 2.100256332864287, "z": 0.0}
{"bot_id": "0001020300010203", "x": 0.9392072548814402, "y": 2.100256332864287, "z": 0.0}
{"bot_id": "0001020300010203", "x": 0.9363339063028835, "y": 2.1013874719133607, "z": 0.0}
{"bot_id": "0001020300010203", "x": 0.9363339063028835, "y": 2.1013874719133607, "z": 0.0}
{"bot_id": "0001020300010203", "x": 0.9392072548814402, "y": 2.100256332864287, "z": 0.0}
{"bot_id": "0001020300010203", "x": 0.9392072548814402, "y": 2.100256332864287, "z": 0.0}
{"bot_id": "0001020300010203", "x": 0.9455947388041983, "y": 2.1059724698919675, "z": 0.0}
{"bot_id": "0001020300010203", "x": 0.955095882915613, "y": 2.115720825252074, "z": 0.0}
{"bot_id": "0001020300010203", "x": 0.9504406383269373, "y": 2.1134146972598584, "z": 0.0}
{"bot_id": "0001020300010203", "x": 0.940939824911405, "y": 2.103667881786416, "z": 0.0}
{"bot_id": "0001020300010203", "x": 0.9432611564049984, "y": 2.104817153368692, "z": 0.0}
{"bot_id": "0001020300010203", "x": 0.9432611564049984, "y": 2.104817153368692, "z": 0.0}
{"bot_id": "0001020300010203", "x": 0.9346733390569276, "y": 2.0980121846680504, "z": 0.0}
{"bot_id": "0001020300010203", "x": 0.9346733390569276, "y": 2.0980121846680504, "z": 0.0}
{"bot_id": "0001020300010203", "x": 0.9363339063028835, "y": 2.1013874719133607, "z": 0.0}
{"bot_id": "0001020300010203", "x": 0.9363339063028835, "y": 2.1013874719133607, "z": 0.0}
{"bot_id": "0001020300010203", "x": 0.9346733390569276, "y": 2.0980121846680504, "z": 0.0}
{"bot_id": "0001020300010203", "x": 0.9346733390569276, "y": 2.0980121846680504, "z": 0.0}
{"bot_id": "0001020300010203", "x": 0.9363339063028835, "y": 2.1013874719133607, "z": 0.0}
