{"bot_id": "0001020300010203", "x": 0.9246046468863902, "y": 2.085355536589468, "z": 0.0}
{"bot_id": "0001020300010203", "x": 0.9246046468863902, "y": 2.085355536589468, "z": 0.0}
{"bot_id": "0001020300010203", "x": 0.9246046468863902, "y": 2.085355536589468, "z": 0.0}
{"bot_id": "0001020300010203", "x": 0.9083301428780048, "y": 2.0747866360949363, "z": 0.0}
{"bot_id": "0001020300010203", "x": 0.9083301428780048, "y": 2.0747866360949363, "z": 0.0}
{"bot_id": "0001020300010203", "x": 0.9072743116554566, "y": 2.074271710954025, "z": 0.0}
{"bot_id": "0001020300010203", "x": 0.9072743116554566, "y": 2.074271710954025, "z": 0.0}
{"bot_id": "0001020300010203", "x": 0.9072743116554566, "y": 2.074271710954025, "z": 0.0}
{"bot_id": "0001020300010203", "x": 0.9235491519989907, "y": 2.084840729443746, "z": 0.0}
{"bot_id": "0001020300010203", "x": 0.9213080329111191, "y": 2.083773123907064, "z": 0.0}
{"bot_id": "0001020300010203", "x": 0.9102757516405082, "y": 2.0680744371815356, "z": 0.0}
{"bot_id": "0001020300010203", "x": 0.9083301428780048, "y": 2.0747866360949363, "z": 0.0}
{"bot_id": "0001020300010203", "x": 0.9083301428780048, "y": 2.0747866360949363, "z": 0.0}
{"bot_id": "0001020300010203", "x": 0.9062063806936589, "y": 2.0737507779602904, "z": 0.0}
{"bot_id": "0001020300010203", "x": 0.9062063806936589, "y": 2.0737507779602904, "z": 0.0}
{"bot_id": "0001020300010203", "x": 0.9072743116554566, "y": 2.074271710954025, "z": 0.0}
{"bot_id": "0001020300010203", "x": 0.9072743116554566, "y": 2.074271710954025, "z": 0.0}
{"bot_id": "0001020300010203", "x": 0.9062063806936589, "y": 2.0737507779602904, "z": 0.0}
{"bot_id": "0001020300010203", "x": 0.9062063806936589, "y": 2.0737507779602904, "z": 0.0}
{"bot_id": "0001020300010203", "x": 0.9093738729529286, "y": 2.075295553076857, "z": 0.0}
{"bot_id": "0001020300010203", "x": 0.9093738729529286, "y": 2.075295553076857, "z": 0.0}
{"bot_id": "0001020300010203", "x": 0.9072743116554566, "y": 2.074271710954025, "z": 0.0}
{"bot_id": "0001020300010203", "x": 0.9235491519989907, "y": 2.084840729443746, "z": 0.0}
{"bot_id": "0001020300010203", "x": 0.9256480427940803, "y": 2.08586433476507, "z": 0.0}
{"bot_id": "0001020300010203", "x": 0.9093738729529286, "y": 2.075295553076857, "z": 0.0}
{"bot_id": "0001020300010203", "x": 0.9083301428780048, "y": 2.0747866360949363, "z": 0.0}
{"bot_id": "0001020300010203", "x": 0.9083301428780048, "y": 2.0747866360949363, "z": 0.0}
{"bot_id": "0001020300010203", "x": 0.9062063806936589, "y": 2.0737507779602904, "z": 0.0}
{"bot_id": "0001020300010203", "x": 0.9062063806936589, "y": 2.0737507779602904, "z": 0.0}
{"bot_id": "0001020300010203", "x": 0.9093738729529286, "y": 2.075295553076857, "z": 0.0}
{"bot_id": "0001020300010203", "x": 0.9256480427940803, "y": 2.08586433476507, "z": 0.0}
{"bot_id": "0001020300010203", "x": 0.9213080329111191, "y": 2.083773123907064, "z": 0.0}
{"bot_id": "0001020300010203", "x": 0.9102757516405082, "y": 2.0680744371815356, "z": 0.0}
{"bot_id": "0001020300010203", "x": 0.9072743116554566, "y": 2.074271710954025, "z": 0.0}
