{"bot_id": "0001020300010203", "x": 0.7213678013511318, "y": 1.7872678121653198, "z": 0.0}
{"bot_id": "0001020300010203", "x": 0.7213678013511318, "y": 1.7872678121653198, "z": 0.0}
{"bot_id": "0001020300010203", "x": 0.7213678013511318, "y": 1.7872678121653198, "z": 0.0}
{"bot_id": "0001020300010203", "x": 0.7213678013511318, "y": 1.7872678121653198, "z": 0.0}
{"bot_id": "0001020300010203", "x": 0.9373111036416728, "y": 2.0966682332595523, "z": 0.0}
{"bot_id": "0001020300010203", "x": 0.9373111036416728, "y": 2.0966682332595523, "z": 0.0}
{"bot_id": "0001020300010203", "x": 0.9373111036416728, "y": 2.0966682332595523, "z": 0.0}
{"bot_id": "0001020300010203", "x": 0.9381960685282822, "y": 2.102246857713298, "z": 0.0}
{"bot_id": "0001020300010203", "x": 0.9381960685282822, "y": 2.102246857713298, "z": 0.0}
{"bot_id": "0001020300010203", "x": 0.9381960685282822, "y": 2.102246857713298, "z": 0.0}
{"bot_id": "0001020300010203", "x": 0.9364140193094992, "y": 2.0962320410558544, "z": 0.0}
{"bot_id": "0001020300010203", "x": 0.9364140193094992, "y": 2.0962320410558544, "z": 0.0}
{"bot_id": "0001020300010203", "x": 0.9381960685282822, "y": 2.102246857713298, "z": 0.0}
{"bot_id": "0001020300010203", "x": 0.9381960685282822, "y": 2.102246857713298, "z": 0.0}
{"bot_id": "0001020300010203", "x": 0.9381960685282822, "y": 2.102246857713298, "z": 0.0}
{"bot_id": "0001020300010203", "x": 0.9381960685282822, "y": 2.102246857713298, "z": 0.0}
{"bot_id": "0001020300010203", "x": 0.9355048168356089, "y": 2.095789830313611, "z": 0.0}
{"bot_id": "0001020300010203", "x": 0.9355048168356089, "y": 2.095789830313611, "z": 0.0}
{"bot_id": "0001020300010203", "x": 0.9345834975249265, "y": 2.095341601282703, "z": 0.0}
{"bot_id": "0001020300010203", "x": 0.9345834975249265, "y": 2.095341601282703, "z": 0.0}
{"bot_id": "0001020300010203", "x": 0.9399296347549335, "y": 2.1030886015344272, "z": 0.0}
{"bot_id": "0001020300010203", "x": 0.9399296347549335, "y": 2.1030886015344272, "z": 0.0}
{"bot_id": "0001020300010203", "x": 0.9364140193094992, "y": 2.0962320410558544, "z": 0.0}
{"bot_id": "0001020300010203", "x": 0.9364140193094992, "y": 2.0962320410558544, "z": 0.0}
{"bot_id": "0001020300010203", "x": 0.9390689126665782, "y": 2.1026707419714508, "z": 0.0}
{"bot_id": "0001020300010203", "x": 0.9390689126665782, "y": 2.1026707419714508, "z": 0.0}
{"bot_id": "0001020300010203", "x": 0.9381960685282822, "y": 2.102246857713298, "z": 0.0}
