{"bot_id": "0001020300010203", "x": 0.5863748191851442, "y": 1.7674280029599732, "z": 0.0}
{"bot_id": "0001020300010203", "x": 0.5863748191851442, "y": 1.7674280029599732, "z": 0.0}
{"bot_id": "0001020300010203", "x": 0.5863748191851442, "y": 1.7674280029599732, "z": 0.0}
{"bot_id": "0001020300010203", "x": 0.5863748191851442, "y": 1.7674280029599732, "z": 0.0}
{"bot_id": "0001020300010203", "x": 0.5899461237369554, "y": 1.7743124880140275, "z": 0.0}
{"bot_id": "0001020300010203", "x": 0.5899461237369554, "y": 1.7743124880140275, "z": 0.0}
{"bot_id": "0001020300010203", "x": 0.5899461237369554, "y": 1.7743124880140275, "z": 0.0}
{"bot_id": "0001020300010203", "x": 0.5899461237369554, "y": 1.7743124880140275, "z": 0.0}
{"bot_id": "0001020300010203", "x": 0.5869758527425283, "y": 1.7728613198723702, "z": 0.0}
{"bot_id": "0001020300010203", "x": 0.5869758527425283, "y": 1.7728613198723702, "z": 0.0}
{"bot_id": "0001020300010203", "x": 0.5869758527425283, "y": 1.7728613198723702, "z": 0.0}
{"bot_id": "0001020300010203", "x": 0.5869758527425283, "y": 1.7728613198723702, "z": 0.0}
{"bot_id": "0001020300010203", "x": 0.5869758527425283, "y": 1.7728613198723702, "z": 0.0}
{"bot_id": "0001020300010203", "x": 0.6052662811755856, "y": 1.7842520334362224, "z": 0.0}
{"bot_id": "0001020300010203", "x": 0.6052662811755856, "y": 1.7842520334362224, "z": 0.0}
{"bot_id": "0001020300010203", "x": 0.6052662811755856, "y": 1.7842520334362224, "z": 0.0}
{"bot_id": "0001020300010203", "x": 0.6052662811755856, "y": 1.7842520334362224, "z": 0.0}
{"bot_id": "0001020300010203", "x": 0.603477796882091, "y": 1.7833703644338645, "z": 0.0}
{"bot_id": "0001020300010203", "x": 0.597698587882558, "y": 1.7805466463691062, "z": 0.0}
{"bot_id": "0001020300010203", "x": 0.5959138910088588, "y": 1.7745416582346154, "z": 0.0}
{"bot_id": "0001020300010203", "x": 0.5893328347308153, "y": 1.7688729413697537, "z": 0.0}
{"bot_id": "0001020300010203", "x": 0.6005946446746483, "y": 1.7846641713939235, "z": 0.0}
{"bot_id": "0001020300010203", "x": 0.5847442327743413, "y": 1.7744671553624238, "z": 0.0}
{"bot_id": "0001020300010203", "x": 0.5777509998065342, "y": 1.7583100953665614, "z": 0.0}
{"bot_id": "0001020300010203", "x": 0.5979581008812664, "y": 1.7755356205429351, "z": 0.0}
{"bot_id": "0001020300010203", "x": 0.6080179393096533, "y": 1.7932119337980332, "z": 0.0}
{"bot_id": "0001020300010203", "x": 0.5482307667979592, "y": 1.7468516989122649, "z": 0.0}
{"bot_id": "0001020300010203", "x": 0.5444101476073893, "y": 1.737394513705305, "z": 0.0}
{"bot_id": "0001020300010203", "x": 0.5568491687865369, "y": 1.7483571590544944, "z": 0.0}
{"bot_id": "0001020300010203", "x": 0.5815915970938319, "y": 1.7858608946283017, "z": 0.0}
{"bot_id": "0001020300010203", "x": 0.6380222453792987, "y": 1.8230753075972173, "z": 0.0}
{"bot_id": "0001020300010203", "x": 0.6214390660463741, "y": 1.8022404381731245, "z": 0.0}
{"bot_id": "0001020300010203", "x": 0.6270667821872986, "y": 1.8049901395020107, "z": 0.0}
{"bot_id": "0001020300010203", "x": 0.6217673819277023, "y": 1.8023867493671113, "z": 0.0}
{"bot_id": "0001020300010203", "x": 0.5765392507673055, "y": 1.768016538315162, "z": 0.0}
{"bot_id": "0001020300010203", "x": 0.5745042972948763, "y": 1.7670139802104954, "z": 0.0}
{"bot_id": "0001020300010203", "x": 0.5926950892928051, "y": 1.7808075015502272, "z": 0.0}
{"bot_id": "0001020300010203", "x": 0.5926950892928051, "y": 1.7808075015502272, "z": 0.0}
{"bot_id": "0001020300010203", "x": 0.6052821650146369, "y": 1.78941196627672, "z": 0.0}
{"bot_id": "0001020300010203", "x": 0.6061804466686341, "y": 1.7898443152487324, "z": 0.0}
{"bot_id": "0001020300010203", "x": 0.6061804466686341, "y": 1.7898443152487324, "z": 0.0}
{"bot_id": "0001020300010203", "x": 0.6123571240462287, "y": 1.7928821331580798, "z": 0.0}
{"bot_id": "0001020300010203", "x": 0.6006522482735244, "y": 1.7871630629671604, "z": 0.0}
{"bot_id": "0001020300010203", "x": 0.5995919504205615, "y": 1.7866416968441912, "z": 0.0}
{"bot_id": "0001020300010203", "x": 0.6006522482735244, "y": 1.7871630629671604, "z": 0.0}
{"bot_id": "0001020300010203", "x": 0.6028154668774712, "y": 1.785766818257041, "z": 0.0}
{"bot_id": "0001020300010203", "x": 0.6094492874400679, "y": 1.7914612491287925, "z": 0.0}
{"bot_id": "0001020300010203", "x": 0.6105218740709691, "y": 1.7919885782613043, "z": 0.0}
{"bot_id": "0001020300010203", "x": 0.6083037708411394, "y": 1.793360919576537, "z": 0.0}
{"bot_id": "0001020300010203", "x": 0.6123571240462287, "y": 1.7928821331580798, "z": 0.0}
{"bot_id": "0001020300010203", "x": 0.6094492874400679, "y": 1.7914612491287925, "z": 0.0}
{"bot_id": "0001020300010203", "x": 0.611606782526863, "y": 1.7925219100598233, "z": 0.0}
{"bot_id": "0001020300010203", "x": 0.6028559867097956, "y": 1.79335887945336, "z": 0.0}
{"bot_id": "0001020300010203", "x": 0.6028559867097956, "y": 1.79335887945336, "z": 0.0}
{"bot_id": "0001020300010203", "x": 0.592123578646839, "y": 1.78320792367186, "z": 0.0}
{"bot_id": "0001020300010203", "x": 0.592123578646839, "y": 1.78320792367186, "z": 0.0}
{"bot_id": "0001020300010203", "x": 0.6357816341966304, "y": 1.8117104531850807, "z": 0.0}
{"bot_id": "0001020300010203", "x": 0.6158781560873884, "y": 1.7970585052693155, "z": 0.0}
{"bot_id": "0001020300010203", "x": 0.6158781560873884, "y": 1.7970585052693155, "z": 0.0}
{"bot_id": "0001020300010203", "x": 0.6169505620735549, "y": 1.797585511260619, "z": 0.0}
{"bot_id": "0001020300010203", "x": 0.6123571240462287, "y": 1.7928821331580798, "z": 0.0}
{"bot_id": "0001020300010203", "x": 0.6123571240462287, "y": 1.7928821331580798, "z": 0.0}
{"bot_id": "0001020300010203", "x": 0.6083037708411394, "y": 1.793360919576537, "z": 0.0}
{"bot_id": "0001020300010203", "x": 0.6083037708411394, "y": 1.793360919576537, "z": 0.0}
{"bot_id": "0001020300010203", "x": 0.611198277757834, "y": 1.794775032691366, "z": 0.0}
{"bot_id": "0001020300010203", "x": 0.6006522482735244, "y": 1.7871630629671604, "z": 0.0}
{"bot_id": "0001020300010203", "x": 0.6006522482735244, "y": 1.7871630629671604, "z": 0.0}
{"bot_id": "0001020300010203", "x": 0.6006522482735244, "y": 1.7871630629671604, "z": 0.0}
{"bot_id": "0001020300010203", "x": 0.5979356231168363, "y": 1.7833858342093971, "z": 0.0}
{"bot_id": "0001020300010203", "x": 0.5979356231168363, "y": 1.7833858342093971, "z": 0.0}
{"bot_id": "0001020300010203", "x": 0.598768023330466, "y": 1.7862458722049603, "z": 0.0}
{"bot_id": "0001020300010203", "x": 0.598768023330466, "y": 1.7862458722049603, "z": 0.0}
{"bot_id": "0001020300010203", "x": 0.5979356231168363, "y": 1.7833858342093971, "z": 0.0}
{"bot_id": "0001020300010203", "x": 0.5960700049382053, "y": 1.7875881069178394, "z": 0.0}
{"bot_id": "0001020300010203", "x": 0.5960700049382053, "y": 1.7875881069178394, "z": 0.0}
{"bot_id": "0001020300010203", "x": 0.5938681577978859, "y": 1.7813949278609602, "z": 0.0}
{"bot_id": "0001020300010203", "x": 0.5993982213650686, "y": 1.7892236451418293, "z": 0.0}
{"bot_id": "0001020300010203", "x": 0.5993982213650686, "y": 1.7892236451418293, "z": 0.0}
{"bot_id": "0001020300010203", "x": 0.5758524231410445, "y": 1.77281642806676, "z": 0.0}
{"bot_id": "0001020300010203", "x": 0.5758524231410445, "y": 1.77281642806676, "z": 0.0}
{"bot_id": "0001020300010203", "x": 0.6156583418040653, "y": 1.8020803601644986, "z": 0.0}
{"bot_id": "0001020300010203", "x": 0.586280894193058, "y": 1.7803619323094768, "z": 0.0}
{"bot_id": "0001020300010203", "x": 0.5897206592769404, "y": 1.7820526393269795, "z": 0.0}
{"bot_id": "0001020300010203", "x": 0.5824244834011238, "y": 1.7760388916738017, "z": 0.0}
{"bot_id": "0001020300010203", "x": 0.5821212359401926, "y": 1.7834523129529307, "z": 0.0}
{"bot_id": "0001020300010203", "x": 0.5777913868086638, "y": 1.7788866604279965, "z": 0.0}
{"bot_id": "0001020300010203", "x": 0.5909395844777543, "y": 1.7928937402873295, "z": 0.0}
{"bot_id": "0001020300010203", "x": 0.5832911926222122, "y": 1.7867064297845436,