{"bot_id": "0001020300010203", "x": 0.6996913153226916, "y": 1.8577924318639747, "z": 0.0}
{"bot_id": "0001020300010203", "x": 0.6996913153226916, "y": 1.8577924318639747, "z": 0.0}
{"bot_id": "0001020300010203", "x": 0.6820314844587787, "y": 1.8466676801258979, "z": 0.0}
{"bot_id": "0001020300010203", "x": 0.6830159884592124, "y": 1.847150591417958, "z": 0.0}
{"bot_id": "0001020300010203", "x": 0.6830159884592124, "y": 1.847150591417958, "z": 0.0}
{"bot_id": "0001020300010203", "x": 0.6830159884592124, "y": 1.847150591417958, "z": 0.0}
{"bot_id": "0001020300010203", "x": 0.6830159884592124, "y": 1.847150591417958, "z": 0.0}
{"bot_id": "0001020300010203", "x": 0.6830159884592124, "y": 1.847150591417958, "z": 0.0}
{"bot_id": "0001020300010203", "x": 0.7006754865279852, "y": 1.8582750502090413, "z": 0.0}
{"bot_id": "0001020300010203", "x": 0.6987194035861397, "y": 1.8573157848437574, "z": 0.0}
{"bot_id": "0001020300010203", "x": 0.6987194035861397, "y": 1.8573157848437574, "z": 0.0}
{"bot_id": "0001020300010203", "x": 0.6996913153226916, "y": 1.8577924318639747, "z": 0.0}
{"bot_id": "0001020300010203", "x": 0.7006754865279852, "y": 1.8582750502090413, "z": 0.0}
{"bot_id": "0001020300010203", "x": 0.7006754865279852, "y": 1.8582750502090413, "z": 0.0}
{"bot_id": "0001020300010203", "x": 0.7006754865279852, "y": 1.8582750502090413, "z": 0.0}
{"bot_id": "0001020300010203", "x": 0.6996913153226916, "y": 1.8577924318639747, "z": 0.0}
{"bot_id": "0001020300010203", "x": 0.6996913153226916, "y": 1.8577924318639747, "z": 0.0}
{"bot_id": "0001020300010203", "x": 0.7016719167943339, "y": 1.8587636395415608, "z": 0.0}
