{"bot_id": "0001020300010203", "x": 1.4268070709352245, "y": 2.06, "z": 0.0}
{"bot_id": "0001020300010203", "x": 1.4268070709352245, "y": 2.06, "z": 0.0}
{"bot_id": "0001020300010203", "x": 1.4268070709352245, "y": 2.06, "z": 0.0}
{"bot_id": "0001020300010203", "x": 1.4268070709352245, "y": 2.06, "z": 0.0}
{"bot_id": "0001020300010203", "x": 1.4268070709352245, "y": 2.06, "z": 0.0}
{"bot_id": "0001020300010203", "x": 1.4268070709352245, "y": 2.06, "z": 0.0}
{"bot_id": "0001020300010203", "x": 1.4401723043950208, "y": 2.04600048317168, "z": 0.0}
{"bot_id": "0001020300010203", "x": 1.4401723043950208, "y": 2.04600048317168, "z": 0.0}
{"bot_id": "0001020300010203", "x": 1.4401723043950208, "y": 2.04600048317168, "z": 0.0}
{"bot_id": "0001020300010203", "x": 1.27084901210764, "y": 2.19684284574794, "z": 0.0}
{"bot_id": "0001020300010203", "x": 1.27084901210764, "y": 2.19684284574794, "z": 0.0}
{"bot_id": "0001020300010203", "x": 1.27084901210764, "y": 2.19684284574794, "z": 0.0}
{"bot_id": "0001020300010203", "x": 1.4268070709352245, "y": 2.06, "z": 0.0}
{"bot_id": "0001020300010203", "x": 1.4268070709352245, "y": 2.06, "z": 0.0}
{"bot_id": "0001020300010203", "x": 1.4268070709352245, "y": 2.06, "z": 0.0}
{"bot_id": "0001020300010203", "x": 1.4268070709352245, "y": 2.06, "z": 0.0}
{"bot_id": "0001020300010203", "x": 1.4268070709352245, "y": 2.06, "z": 0.0}
{"bot_id": "0001020300010203", "x": 1.4268070709352245, "y": 2.06, "z": 0.0}
{"bot_id": "0001020300010203", "x": 1.4268070709352245, "y": 2.06, "z": 0.0}
{"bot_id": "0001020300010203", "x": 1.4268070709352245, "y": 2.06, "z": 0.0}
{"bot_id": "0001020300010203", "x": 1.4268070709352245, "y": 2.06, "z": 0.0}
{"bot_id": "0001020300010203", "x": 1.4268070709352245, "y": 2.06, "z": 0.0}
{"bot_id": "0001020300010203", "x": 1.4268070709352245, "y": 2.06, "z": 0.0}
{"bot_id": "0001020300010203", "x": 1.4268070709352245, "y": 2.06, "z": 0.0}
{"bot_id": "0001020300010203", "x": 1.3327977245829117, "y": 2.1386907564313518, "z": 0.0}
{"bot_id": "0001020300010203", "x": 1.3327977245829117, "y": 2.1386907564313518, "z": 0.0}
{"bot_id": "0001020300010203", "x": 1.3327977245829117, "y": 2.1386907564313518, "z": 0.0}
{"bot_id": "0001020300010203", "x": 1.4268070709352245, "y": 2.06, "z": 0.0}
{"bot_id": "0001020300010203", "x": 1.4268070709352245, "y": 2.06, "z": 0.0}
{"bot_id": "0001020300010203", "x": 1.4268070709352245, "y": 2.06, "z": 0.0}
{"bot_id": "0001020300010203", "x": 1.6478649406491859, "y": 1.87434420100049, "z": 0.0}
{"bot_id": "0001020300010203", "x": 1.6478649406491859, "y": 1.87434420100049, "z": 0.0}
{"bot_id": "0001020300010203", "x": 1.6478649406491859, "y": 1.87434420100049, "z": 0.0}
{"bot_id": "0001020300010203", "x": 1.4795813063257404, "y": 2.01667134441269, "z": 0.0}
{"bot_id": "0001020300010203", "x": 1.4795813063257404, "y": 2.01667134441269, "z": 0.0}
{"bot_id": "0001020300010203", "x": 1.4795813063257404, "y": 2.01667134441269, "z": 0.0}
{"bot_id": "0001020300010203", "x": 1.4268070709352245, "y": 2.06, "z": 0.0}
{"bot_id": "0001020300010203", "x": 1.4268070709352245, "y": 2.06, "z": 0.0}
{"bot_id": "0001020300010203", "x": 1.4268070709352245, "y": 2.06, "z": 0.0}
{"bot_id": "0001020300010203", "x": 1.4268070709352245, "y": 2.06, "z": 0.0}
{"bot_id": "0001020300010203", "x": 1.4268070709352245, "y": 2.06, "z": 0.0}
{"bot_id": "0001020300010203", "x": 1.4268070709352245, "y": 2.06, "z": 0.0}
{"bot_id": "0001020300010203", "x": 1.4268070709352245, "y": 2.06, "z": 0.0}
{"bot_id": "0001020300010203", "x": 1.4268070709352245, "y": 2.06, "z": 0.0}
{"bot_id": "0001020300010203", "x": 1.4268070709352245, "y": 2.06, "z": 0.0}
{"bot_id": "0001020300010203", "x": 1.6478649406491859, "y": 1.87434420100049, "z": 0.0}
{"bot_id": "0001020300010203", "x": 1.6478649406491859, "y": 1.87434420100049, "z": 0.0}
{"bot_id": "0001020300010203", "x": 1.6478649406491859, "y": 1.87434420100049, "z": 0.0}
{"bot_id": "0001020300010203", "x": 1.6478649406491859, "y": 1.87434420100049, "z": 0.0}
{"bot_id": "0001020300010203", "x": 1.6478649406491859, "y": 1.87434420100049, "z": 0.0}
{"bot_id": "0001020300010203", "x": 1.6478649406491859, "y": 1.87434420100049, "z": 0.0}
{"bot_id": "0001020300010203", "x": 1.4419640168725727, "y": 2.047566844669614, "z": 0.0}
{"bot_id": "0001020300010203", "x": 1.4419640168725727, "y": 2.047566844669614, "z": 0.0}
{"bot_id": "0001020300010203", "x": 1.4419640168725727, "y": 2.047566844669614, "z": 0.0}
{"bot_id": "0001020300010203", "x": 1.6478649406491859, "y": 1.87434420100049, "z": 0.0}
{"bot_id": "0001020300010203", "x": 1.6478649406491859, "y": 1.87434420100049, "z": 0.0}
{"bot_id": "0001020300010203", "x": 1.6478649406491859, "y": 1.87434420100049, "z": 0.0}
{"bot_id": "0001020300010203", "x": 1.6397872326307683, "y": 1.8778433870960907, "z": 0.0}
{"bot_id": "0001020300010203", "x": 1.6397872326307683, "y": 1.8778433870960907, "z": 0.0}
{"bot_id": "0001020300010203", "x": 1.6397872326307683, "y": 1.8778433870960907, "z": 0.0}
{"bot_id": "0001020300010203", "x": 1.4268070709352245, "y": 2.06, "z": 0.0}
{"bot_id": "0001020300010203", "x": 1.4268070709352245, "y": 2.06, "z": 0.0}
{"bot_id": "0001020300010203", "x": 1.4268070709352245, "y": 2.06, "z": 0.0}
{"bot_id": "0001020300010203", "x": 1.4268070709352245, "y": 2.06, "z": 0.0}
{"bot_id": "0001020300010203", "x": 1.4268070709352245, "y": 2.06, "z": 0.0}
{"bot_id": "0001020300010203", "x": 1.4268070709352245, "y": 2.06, "z": 0.0}
{"bot_id": "0001020300010203", "x": 1.6478649406491859, "y": 1.87434420100049, "z": 0.0}
{"bot_id": "0001020300010203", "x": 1.6478649406491859, "y": 1.87434420100049, "z": 0.0}
{"bot_id": "0001020300010203", "x": 1.6478649406491859, "y": 1.87434420100049, "z": 0.0}
{"bot_id": "0001020300010203", "x": 1.4268070709352245, "y": 2.06, "z": 0.0}
{"bot_id": "0001020300010203", "x": 1.4268070709352245, "y": 2.06, "z": 0.0}
{"bot_id": "0001020300010203", "x": 1.4268070709352245, "y": 2.06, "z": 0.0}
{"bot_id": "0001020300010203", "x": 1.6478649406491859, "y": 1.87434420100049, "z": 0.0}
{"bot_id": "0001020300010203", "x": 1.6478649406491859, "y": 1.87434420100049, "z": 0.0}
{"bot_id": "0001020300010203", "x": 1.6478649406491859, "y": 1.87434420100049, "z": 0.0}
{"bot_id": "0001020300010203", "x": 1.6478649406491859, "y": 1.87434420100049, "z": 0.0}
{"bot_id": "0001020300010203", "x": 1.6478649406491859, "y": 1.87434420100049, "z": 0.0}
{"bot_id": "0001020300010203", "x": 1.6478649406491859, "y": 1.87434420100049, "z": 0.0}
{"bot_id": "0001020300010203", "x": 1.528748577387943, "y": 1.9415951498996957, "z": 0.0}
{"bot_id": "0001020300010203", "x": 1.528748577387943, "y": 1.9415951498996957, "z": 0.0}
{"bot_id": "0001020300010203", "x": 1.528748577387943, "y": 1.9415951498996957, "z": 0.0}
{"bot_id": "0001020300010203", "x": 1.4268070709352245, "y": 2.06, "z": 0.0}
{"bot_id": "0001020300010203", "x": 1.4268070709352245, "y": 2.06, "z": 0.0}
{"bot_id": "0001020300010203", "x": 1.4268070709352245, "y": 2.06, "z": 0.0}
{"bot_id": "0001020300010203", "x": 1.4268070709352245, "y": 2.06, "z": 0.0}
{"bot_id": "0001020300010203", "x": 1.4268070709352245, "y": 2.06, "z": 0.0}
{"bot_id": "0001020300010203", "x": 1.4268070709352245, "y": 2.06, "z": 0.0}
{"bot_id": "0001020300010203", "x": 1.6478649406491859, "y": 1.87434420100049, "z": 0.0}
{"bot_id": "0001020300010203", "x": 1.6478649406491859, "y": 1.87434420100049, "z": 0.0}
{"bot_id": "0001020300010203", "x": 1.6478649406491859, "y": 1.87434420100049, "z": 0.0}
{"bot_id": "0001020300010203", "x": 1.5135290329794777, "y": 1.9702036510923002, "z": 0.0}
{"bot_id": "0001020300010203", "x": 1.5135290329794777, "y": 1.9702036510923002, "z": 0.0}
{"bot_id": "0001020300010203", "x": 1.5135290329794777, "y": 1.9702036510923002, "z": 0.0}
{"bot_id": "0001020300010203", "x": 1.503428000216569, "y": 1.989877557985111, "z": 0.0}
{"bot_id": "0001020300010203", "x": 1.503428000216569, "y": 1.989877557985111, "z": 0.0}
{"bot_id": "0001020300010203", "x": 1.503428000216569,