{"bot_id": "0001020300010203", "x": 0.9337824604473748, "y": 2.0949052762307288, "z": 0.0}
{"bot_id": "0001020300010203", "x": 0.9337824604473748, "y": 2.0949052762307288, "z": 0.0}
{"bot_id": "0001020300010203", "x": 0.9337824604473748, "y": 2.0949052762307288, "z": 0.0}
{"bot_id": "0001020300010203", "x": 0.9337824604473748, "y": 2.0949052762307288, "z": 0.0}
{"bot_id": "0001020300010203", "x": 0.9337824604473748, "y": 2.0949052762307288, "z": 0.0}
{"bot_id": "0001020300010203", "x": 0.9329955003128835, "y": 2.094523638385379, "z": 0.0}
{"bot_id": "0001020300010203", "x": 0.9329955003128835, "y": 2.094523638385379, "z": 0.0}
{"bot_id": "0001020300010203", "x": 0.93138516067709, "y": 2.08860213667257, "z": 0.0}
{"bot_id": "0001020300010203", "x": 0.93138516067709, "y": 2.08860213667257, "z": 0.0}
{"bot_id": "0001020300010203", "x": 0.9368893922337306, "y": 2.0963858775337454, "z": 0.0}
{"bot_id": "0001020300010203", "x": 0.9368893922337306, "y": 2.0963858775337454, "z": 0.0}
{"bot_id": "0001020300010203", "x": 0.927056539992031, "y": 2.0941359745397374, "z": 0.0}
{"bot_id": "0001020300010203", "x": 0.927056539992031, "y": 2.0941359745397374, "z": 0.0}
{"bot_id": "0001020300010203", "x": 0.934640849512981, "y": 2.0952957448115788, "z": 0.0}
{"bot_id": "0001020300010203", "x": 0.934640849512981, "y": 2.0952957448115788, "z": 0.0}
