{"bot_id": "0001020300010203", "x": 0.6386250273433203, "y": 1.8207011240443816, "z": 0.0}
{"bot_id": "0001020300010203", "x": 0.6386250273433203, "y": 1.8207011240443816, "z": 0.0}
{"bot_id": "0001020300010203", "x": 0.6305815022403769, "y": 1.8015550330550014, "z": 0.0}
{"bot_id": "0001020300010203", "x": 0.6305815022403769, "y": 1.8015550330550014, "z": 0.0}
{"bot_id": "0001020300010203", "x": 0.6305815022403769, "y": 1.8015550330550014, "z": 0.0}
{"bot_id": "0001020300010203", "x": 0.6305815022403769, "y": 1.8015550330550014, "z": 0.0}
{"bot_id": "0001020300010203", "x": 0.6305815022403769, "y": 1.8015550330550014, "z": 0.0}
{"bot_id": "0001020300010203", "x": 0.6363012698908806, "y": 1.8068119679811037, "z": 0.0}
{"bot_id": "0001020300010203", "x": 0.6363012698908806, "y": 1.8068119679811037, "z": 0.0}
{"bot_id": "0001020300010203", "x": 0.6363012698908806, "y": 1.8068119679811037, "z": 0.0}
{"bot_id": "0001020300010203", "x": 0.6353396617497182, "y": 1.8063390382458988, "z": 0.0}
{"bot_id": "0001020300010203", "x": 0.6353396617497182, "y": 1.8063390382458988, "z": 0.0}
{"bot_id": "0001020300010203", "x": 0.6353396617497182, "y": 1.8063390382458988, "z": 0.0}
{"bot_id": "0001020300010203", "x": 0.6353396617497182, "y": 1.8063390382458988, "z": 0.0}
{"bot_id": "0001020300010203", "x": 0.6353396617497182, "y": 1.8063390382458988, "z": 0.0}
{"bot_id": "0001020300010203", "x": 0.6296197455282255, "y": 1.8010818134552673, "z": 0.0}
{"bot_id": "0001020300010203", "x": 0.6296197455282255, "y": 1.8010818134552673, "z": 0.0}
{"bot_id": "0001020300010203", "x": 0.6296197455282255, "y": 1.8010818134552673, "z": 0.0}
{"bot_id": "0001020300010203", "x": 0.625895836431202, "y": 1.7992488821399633, "z": 0.0}
{"bot_id": "0001020300010203", "x": 0.6316162771711709, "y": 1.8045072224057117, "z": 0.0}
{"bot_id": "0001020300010203", "x": 0.6143658848226083, "y": 1.791155074006765, "z": 0.0}
{"bot_id": "0001020300010203", "x": 0.6162034767995175, "y": 1.7920601665551352, "z": 0.0}
{"bot_id": "0001020300010203", "x": 0.600621267700828, "y": 1.7795367287639337, "z": 0.0}
{"bot_id": "0001020300010203", "x": 0.6033853363308832, "y": 1.7884884345496697, "z": 0.0}
{"bot_id": "0001020300010203", "x": 0.597508320944685, "y": 1.7856169735023617, "z": 0.0}
{"bot_id": "0001020300010203", "x": 0.6181015000916132, "y": 1.8084160380474823, "z": 0.0}
{"bot_id": "0001020300010203", "x": 0.6221052246465643, "y": 1.8154828861384416, "z": 0.0}
{"bot_id": "0001020300010203", "x": 0.619926333944895, "y": 1.8168782024966732, "z": 0.0}
{"bot_id": "0001020300010203", "x": 0.619149494894534, "y": 1.8140379885982731, "z": 0.0}
{"bot_id": "0001020300010203", "x": 0.6090193301757124, "y": 1.796392944880383, "z": 0.0}
{"bot_id": "0001020300010203", "x": 0.5785438982736805, "y": 1.7792486754940833, "z": 0.0}
{"bot_id": "0001020300010203", "x": 0.574989469910709, "y": 1.772401586511048, "z": 0.0}
{"bot_id": "0001020300010203", "x": 0.5515654215251118, "y": 1.7536194012914674, "z": 0.0}
{"bot_id": "0001020300010203", "x": 0.5459537744384821, "y": 1.7508549210126279, "z": 0.0}
{"bot_id": "0001020300010203", "x": 0.5436706764852159, "y": 1.742167700437128, "z": 0.0}
{"bot_id": "0001020300010203", "x": 0.5530708310264207, "y": 1.7516464354771282, "z": 0.0}
{"bot_id": "0001020300010203", "x": 0.5607768212124862, "y": 1.7578580127473074, "z": 0.0}
{"bot_id": "0001020300010203", "x": 0.5600320473887749, "y": 1.7499129880780262, "z": 0.0}
{"bot_id": "0001020300010203", "x": 0.5779035877383472, "y": 1.763536962010679, "z": 0.0}
{"bot_id": "0001020300010203", "x": 0.589350294835667, "y": 1.781862033361291, "z": 0.0}
{"bot_id": "0001020300010203", "x": 0.5758524231410445, "y": 1.77281642806676, "z": 0.0}
{"bot_id": "0001020300010203", "x": 0.5816478580932223, "y": 1.7756661121967487, "z": 0.0}
{"bot_id": "0001020300010203", "x": 0.5758524231410445, "y": 1.77281642806676, "z": 0.0}
{"bot_id": "0001020300010203", "x": 0.574651710941058, "y": 1.7697835936758386, "z": 0.0}
{"bot_id": "0001020300010203", "x": 0.5618991195747947, "y": 1.7635497561793563, "z": 0.0}
{"bot_id": "0001020300010203", "x": 0.5604103160243082, "y": 1.7552522051967125, "z": 0.0}
{"bot_id": "0001020300010203", "x": 0.5571905286824866, "y": 1.7536782574078873, "z": 0.0}
{"bot_id": "0001020300010203", "x": 0.5532611944755373, "y": 1.7441669480865778, "z": 0.0}
{"bot_id": "0001020300010203", "x": 0.5641401696660163, "y": 1.7519262368284094, "z": 0.0}
{"bot_id": "0001020300010203", "x": 0.5613645839681776, "y": 1.7505542198598083, "z": 0.0}
{"bot_id": "0001020300010203", "x": 0.5619608197863135, "y": 1.758428108464436, "z": 0.0}
{"bot_id": "0001020300010203", "x": 0.5786964332273766, "y": 1.769054802498971, "z": 0.0}
{"bot_id": "0001020300010203", "x": 0.5917785145785472, "y": 1.772782515615237, "z": 0.0}
{"bot_id": "0001020300010203", "x": 0.5888919251128164, "y": 1.7713590560079657, "z": 0.0}
{"bot_id": "0001020300010203", "x": 0.5918876876918329, "y": 1.7728229323616769, "z": 0.0}
{"bot_id": "0001020300010203", "x": 0.5877187168799041, "y": 1.7732411038062958, "z": 0.0}
{"bot_id": "0001020300010203", "x": 0.54632737538001, "y": 1.7434477921744307, "z": 0.0}
{"bot_id": "0001020300010203", "x": 0.5492792262059653, "y": 1.7473690141943652, "z": 0.0}
{"bot_id": "0001020300010203", "x": 0.556995248674884, "y": 1.7562706149681468, "z": 0.0}
{"bot_id": "0001020300010203", "x": 0.5726165305976467, "y": 1.7687922972013381, "z": 0.0}
{"bot_id": "0001020300010203", "x": 0.5726165305976467, "y": 1.7687922972013381, "z": 0.0}
{"bot_id": "0001020300010203", "x": 0.57148201174641, "y": 1.768234069911034, "z": 0.0}
{"bot_id": "0001020300010203", "x": 0.57148201174641, "y": 1.768234069911034, "z": 0.0}
{"bot_id": "0001020300010203", "x": 0.5670673791255713, "y": 1.7660613809477814, "z": 0.0}
{"bot_id": "0001020300010203", "x": 0.5482307667979592, "y": 1.7468516989122649, "z": 0.0}
{"bot_id": "0001020300010203", "x": 0.5482307667979592, "y": 1.7468516989122649, "z": 0.0}
{"bot_id": "0001020300010203", "x": 0.5421994434871232, "y": 1.7438744323705868, "z": 0.0}
{"bot_id": "0001020300010203", "x": 0.6363012698908806, "y": 1.8068119679811037, "z": 0.0}
{"bot_id": "0001020300010203", "x": 0.6308954771374137, "y": 1.8041705046057483, "z": 0.0}
{"bot_id": "0001020300010203", "x": 0.6359379111223016, "y": 1.811774252340367, "z": 0.0}
{"bot_id": "0001020300010203", "x": 0.638646833363863, "y": 1.813098174772421, "z": 0.0}
{"bot_id": "0001020300010203", "x": 0.6388555657081514, "y": 1.8208004120462995, "z": 0.0}
{"bot_id": "0001020300010203", "x": 0.6298622926047692, "y": 1.8063561246284636, "z": 0.0}
{"bot_id": "0001020300010203", "x": 0.6363469739824619, "y": 1.822243193006491, "z": 0.0}
{"bot_id": "0001020300010203", "x": 0.6269832198882019, "y": 1.8125354644330447, "z": 0.0}
{"bot_id": "0001020300010203", "x": 0.638038570021758, "y": 1.817938598859593, "z": 0.0}
{"bot_id": "0001020300010203", "x": 0.6180180045921735, "y": 1.8056910209064023, "z": 0.0}
{"bot_id": "0001020300010203", "x": 0.621418124632842, "y": 1.8073596482779242, "z": 0.0}
{"bot_id": "0001020300010203", "x": 0.5986717062981297, "y": 1.7888745506445365, "z": 0.0}
{"bot_id": "0001020300010203", "x": 0.6021848668639742, "y": 1.7906002616131795, "z": 0.0}
{"bot_id": "0001020300010203", "x": 0.5951448562371289, "y": 1.7847098839384021, "z": 0.0}
{"bot_id": "0001020300010203", "x": 0.5912746603624592, "y": 1.7903754982419777, "z": 0.0}
{"bot_id": "0001020300010203", "x": 0.5848946878108165, "y": 1.7745634251877247, "z": 0.0}
{"bot_id": "0001020300010203", "x": 0.5848946878108165, "y": 1.7745634251877247, "z": 0.0}
{"bot_id": "0001020300010203", "x": 0.5848946878108165, "y": 1.7745634251877247, "z": 0.0}
{"bot_id": "0001020300010203", "x": 0.5818253306747609, "y": 1.7730637207228095, "z": 0.0}
{"bot_id": "0001020300010203", "x": 0.5818253306747609, "y": 1.7730637207228095, "z": 0.0}
{"bot_id": "0001020300010203", "x": 0.5851589725942267, "y": 1.779810389704081, "z": 0.0}
{"bot_id": "0001020300010203",