{"bot_id": "0001020300010203", "x": 0.6567583698866533, "y": 1.8371670389117705, "z": 0.0}
{"bot_id": "0001020300010203", "x": 0.6567583698866533, "y": 1.8371670389117705, "z": 0.0}
{"bot_id": "0001020300010203", "x": 0.6554666382319124, "y": 1.8365343319257321, "z": 0.0}
{"bot_id": "0001020300010203", "x": 0.6554666382319124, "y": 1.8365343319257321, "z": 0.0}
{"bot_id": "0001020300010203", "x": 0.6554666382319124, "y": 1.8365343319257321, "z": 0.0}
{"bot_id": "0001020300010203", "x": 0.6554666382319124, "y": 1.8365343319257321, "z": 0.0}
{"bot_id": "0001020300010203", "x": 0.6636038055441928, "y": 1.8429853784214512, "z": 0.0}
{"bot_id": "0001020300010203", "x": 0.6636038055441928, "y": 1.8429853784214512, "z": 0.0}
{"bot_id": "0001020300010203", "x": 0.6636038055441928, "y": 1.8429853784214512, "z": 0.0}
{"bot_id": "0001020300010203", "x": 0.6636038055441928, "y": 1.8429853784214512, "z": 0.0}
{"bot_id": "0001020300010203", "x": 0.6636038055441928, "y": 1.8429853784214512, "z": 0.0}
{"bot_id": "0001020300010203", "x": 0.660971657196073, "y": 1.8416984811919506, "z": 0.0}
{"bot_id": "0001020300010203", "x": 0.6635664427448305, "y": 1.8429691785847218, "z": 0.0}
{"bot_id": "0001020300010203", "x": 0.6635664427448305, "y": 1.8429691785847218, "z": 0.0}
{"bot_id": "0001020300010203", "x": 0.6635664427448305, "y": 1.8429691785847218, "z": 0.0}
{"bot_id": "0001020300010203", "x": 0.6715112245298978, "y": 1.8544506306299642, "z": 0.0}
{"bot_id": "0001020300010203", "x": 0.6715112245298978, "y": 1.8544506306299642, "z": 0.0}
{"bot_id": "0001020300010203", "x": 0.6754925919321448, "y": 1.8563997942590356, "z": 0.0}
{"bot_id": "0001020300010203", "x": 0.6951934257803243, "y": 1.8710033457730921, "z": 0.0}
{"bot_id": "0001020300010203", "x": 0.6820493431440071, "y": 1.8493423245866518, "z": 0.0}
{"bot_id": "0001020300010203", "x": 0.677694755724031, "y": 1.8472079766692415, "z": 0.0}
{"bot_id": "0001020300010203", "x": 0.67525838983097, "y": 1.8460163189267567, "z": 0.0}
{"bot_id": "0001020300010203", "x": 0.6796130073227993, "y": 1.8481506924609312, "z": 0.0}
{"bot_id": "0001020300010203", "x": 0.60506209475198, "y": 1.7944425849476664, "z": 0.0}
{"bot_id": "0001020300010203", "x": 0.6464384473563676, "y": 1.8245106839593974, "z": 0.0}
{"bot_id": "0001020300010203", "x": 0.6464384473563676, "y": 1.8245106839593974, "z": 0.0}
{"bot_id": "0001020300010203", "x": 0.6466222835857003, "y": 1.827070258516839, "z": 0.0}
{"bot_id": "0001020300010203", "x": 0.6484265029610323, "y": 1.8203528703550533, "z": 0.0}
{"bot_id": "0001020300010203", "x": 0.6477424093782578, "y": 1.8276194791868745, "z": 0.0}
{"bot_id": "0001020300010203", "x": 0.6477424093782578, "y": 1.8276194791868745, "z": 0.0}
{"bot_id": "0001020300010203", "x": 0.6495645281556164, "y": 1.8260351910196826, "z": 0.0}
{"bot_id": "0001020300010203", "x": 0.6495645281556164, "y": 1.8260351910196826, "z": 0.0}
{"bot_id": "0001020300010203", "x": 0.6421800294041613, "y": 1.8224310433508935, "z": 0.0}
{"bot_id": "0001020300010203", "x": 0.6421800294041613, "y": 1.8224310433508935, "z": 0.0}
{"bot_id": "0001020300010203", "x": 0.6421800294041613, "y": 1.8224310433508935, "z": 0.0}
{"bot_id": "0001020300010203", "x": 0.6421800294041613, "y": 1.8224310433508935, "z": 0.0}
{"bot_id": "0001020300010203", "x": 0.6410595795193632, "y": 1.8218815091681024, "z": 0.0}
{"bot_id": "0001020300010203", "x": 0.6410595795193632, "y": 1.8218815091681024, "z": 0.0}
{"bot_id": "0001020300010203", "x": 0.6437551194611765, "y": 1.8231990518694776, "z": 0.0}
{"bot_id": "0001020300010203", "x": 0.6437551194611765, "y": 1.8231990518694776, "z": 0.0}
{"bot_id": "0001020300010203", "x": 0.6407718474044098, "y": 1.8192745930066399, "z": 0.0}
{"bot_id": "0001020300010203", "x": 0.6410595795193632, "y": 1.8218815091681024, "z": 0.0}
{"bot_id": "0001020300010203", "x": 0.6410595795193632, "y": 1.8218815091681024, "z": 0.0}
{"bot_id": "0001020300010203", "x": 1.2953963577524275, "y": 2.340306324649088, "z": 0.0}
{"bot_id": "0001020300010203", "x": 1.2942877667830843, "y": 2.339762244622624, "z": 0.0}
{"bot_id": "0001020300010203", "x": 0.6480014367599882, "y": 1.8252728886183696, "z": 0.0}
{"bot_id": "0001020300010203", "x": 0.6480014367599882, "y": 1.8252728886183696, "z": 0.0}
{"bot_id": "0001020300010203", "x": 0.661205211211861, "y": 1.8341978070996858, "z": 0.0}
{"bot_id": "0001020300010203", "x": 0.6571609131390275, "y": 1.83469518602571, "z": 0.0}
{"bot_id": "0001020300010203", "x": 0.6697458909797798, "y": 1.843325178950662, "z": 0.0}
{"bot_id": "0001020300010203", "x": 0.670865258332533, "y": 1.8438737483434864, "z": 0.0}
{"bot_id": "0001020300010203", "x": 0.670865258332533, "y": 1.8438737483434864, "z": 0.0}
{"bot_id": "0001020300010203", "x": 0.6582516490917034, "y": 1.8327568925368558, "z": 0.0}
{"bot_id": "0001020300010203", "x": 0.6477424093782578, "y": 1.8276194791868745, "z": 0.0}
{"bot_id": "0001020300010203", "x": 0.6477424093782578, "y": 1.8276194791868745, "z": 0.0}
{"bot_id": "0001020300010203", "x": 0.6582806737477256, "y": 1.835244080949077, "z": 0.0}
{"bot_id": "0001020300010203", "x": 0.6601097164514254, "y": 1.8336606106243047, "z": 0.0}
{"bot_id": "0001020300010203", "x": 0.6496979703881806, "y": 1.8285703460129177, "z": 0.0}
{"bot_id": "0001020300010203", "x": 0.6496979703881806, "y": 1.8285703460129177, "z": 0.0}
{"bot_id": "0001020300010203", "x": 0.6519013212171569, "y": 1.8296507931896873, "z": 0.0}
{"bot_id": "0001020300010203", "x": 0.6545225404644287, "y": 1.8309322021893046, "z": 0.0}
{"bot_id": "0001020300010203", "x": 0.6571315594545615, "y": 1.8322077051298027, "z": 0.0}
{"bot_id": "0001020300010203", "x": 0.6593840267827242, "y": 1.8333120667760285, "z": 0.0}
{"bot_id": "0001020300010203", "x": 0.6513627022283317, "y": 1.8269214104884435, "z": 0.0}
{"bot_id": "0001020300010203", "x": 0.6508695772731796, "y": 1.8291562929331016, "z": 0.0}
{"bot_id": "0001020300010203", "x": 0.6506621844031024, "y": 1.8265860516996135, "z": 0.0}
{"bot_id": "0001020300010203", "x": 0.6506621844031024, "y": 1.8265860516996135, "z": 0.0}
{"bot_id": "0001020300010203", "x": 0.6506621844031024, "y": 1.8265860516996135, "z": 0.0}
{"bot_id": "0001020300010203", "x": 0.6338924183069214, "y": 1.8159246445878017, "z": 0.0}
{"bot_id": "0001020300010203", "x": 0.6506621844031024, "y": 1.8265860516996135, "z": 0.0}
{"bot_id": "0001020300010203", "x": 0.6393412701487258, "y": 1.8159105290163602, "z": 0.0}
{"bot_id": "0001020300010203", "x": 0.6390798758533885, "y": 1.8133172684888859, "z": 0.0}
{"bot_id": "0001020300010203", "x": 0.6369729296335621, "y": 1.8122825994486154, "z": 0.0}
{"bot_id": "0001020300010203", "x": 0.6260150761382196, "y": 1.8069278974275043, "z": 0.0}
{"bot_id": "0001020300010203", "x": 0.6347891639248562, "y": 1.8163545777477919, "z": 0.0}
{"bot_id": "0001020300010203", "x": 0.6382621599031717, "y": 1.818058102179438, "z": 0.0}
{"bot_id": "0001020300010203", "x": 0.6265908061063187, "y": 1.8098920081456082, "z": 0.0}
{"bot_id": "0001020300010203", "x": 0.6254205173024217, "y": 1.8093178180875844, "z": 0.0}
{"bot_id": "0001020300010203", "x": 0.6287457900851132, "y": 1.813405413511048, "z": 0.0}
{"bot_id": "0001020300010203", "x": 0.6485187278462446, "y": 1.828003965175596, "z": 0.0}
{"bot_id": "0001020300010203", "x": 0.6570171519744066, "y": 1.8372886583342285, "z": 0.0}
{"bot_id": "0001020300010203", "x": 0.5889376691182849, "y": 1.7867922471905828, "z": 0.0}
{"bot_id": "0001020300010203", "x": 0.5916048254548791, "y": 1.7956595278479854, "z": 0.0}
{"bot_id": "0001020300010203", "x": 0.5734319989239118, "y": 1.7664980299677748, "z": 0.0}
{"bot_id": "0001020300010203", "x": 0.5256752140147257, "y": 1.7335957009305827, "z": 0.0}
{"bot_id": "0001020300010203", "x": 1.2848908373289913, "y": 2.33516408109006, "z": 0.0}
{"bot_id": "0001020300010203", "x": 1.2848908373289913, "y": 2.33516408109006, "z": 0.0}
{"bot_id": "0001020300010203", "x": 0.5085562765475997, "y": 1.715235841324536,