{"bot_id": "0001020300010203", "x": 0.5967777506001626, "y": 1.7749682059349743, "z": 0.0}
{"bot_id": "0001020300010203", "x": 0.5967777506001626, "y": 1.7749682059349743, "z": 0.0}
{"bot_id": "0001020300010203", "x": 0.5967777506001626, "y": 1.7749682059349743, "z": 0.0}
{"bot_id": "0001020300010203", "x": 0.5967777506001626, "y": 1.7749682059349743, "z": 0.0}
{"bot_id": "0001020300010203", "x": 0.5967777506001626, "y": 1.7749682059349743, "z": 0.0}
{"bot_id": "0001020300010203", "x": 0.6088335411993644, "y": 1.78331368810289, "z": 0.0}
{"bot_id": "0001020300010203", "x": 0.6088335411993644, "y": 1.78331368810289, "z": 0.0}
{"bot_id": "0001020300010203", "x": 0.6088335411993644, "y": 1.78331368810289, "z": 0.0}
{"bot_id": "0001020300010203", "x": 0.6088335411993644, "y": 1.78331368810289, "z": 0.0}
{"bot_id": "0001020300010203", "x": 0.6088335411993644, "y": 1.78331368810289, "z": 0.0}
{"bot_id": "0001020300010203", "x": 0.6088335411993644, "y": 1.78331368810289, "z": 0.0}
{"bot_id": "0001020300010203", "x": 0.6088335411993644, "y": 1.78331368810289, "z": 0.0}
{"bot_id": "0001020300010203", "x": 0.6088335411993644, "y": 1.78331368810289, "z": 0.0}
{"bot_id": "0001020300010203", "x": 0.6088335411993644, "y": 1.78331368810289, "z": 0.0}
{"bot_id": "0001020300010203", "x": 0.6133823022137436, "y": 1.7906817275613691, "z": 0.0}
{"bot_id": "0001020300010203", "x": 0.6133823022137436, "y": 1.7906817275613691, "z": 0.0}
{"bot_id": "0001020300010203", "x": 0.6133823022137436, "y": 1.7906817275613691, "z": 0.0}
{"bot_id": "0001020300010203", "x": 0.6133823022137436, "y": 1.7906817275613691, "z": 0.0}
{"bot_id": "0001020300010203", "x": 0.5917841111150461, "y": 1.7752188412793153, "z": 0.0}
{"bot_id": "0001020300010203", "x": 0.6028154668774712, "y": 1.785766818257041, "z": 0.0}
{"bot_id": "0001020300010203", "x": 0.6094492874400679, "y": 1.7914612491287925, "z": 0.0}
{"bot_id": "0001020300010203", "x": 0.6181000909457206, "y": 1.808400766557189, "z": 0.0}
{"bot_id": "0001020300010203", "x": 0.6210068257109547, "y": 1.8098215274928173, "z": 0.0}
{"bot_id": "0001020300010203", "x": 0.6216567058686583, "y": 1.812599372647472, "z": 0.0}
{"bot_id": "0001020300010203", "x": 0.6216567058686583, "y": 1.812599372647472, "z": 0.0}
{"bot_id": "0001020300010203", "x": 0.6279272884962525, "y": 1.81812772808631, "z": 0.0}
{"bot_id": "0001020300010203", "x": 0.6294229644369331, "y": 1.8112760448378553, "z": 0.0}
{"bot_id": "0001020300010203", "x": 0.6237464129314649, "y": 1.8085020513125527, "z": 0.0}
{"bot_id": "0001020300010203", "x": 0.6208930496180516, "y": 1.7995148682922883, "z": 0.0}
{"bot_id": "0001020300010203", "x": 0.6270667821872986, "y": 1.8049901395020107, "z": 0.0}
{"bot_id": "0001020300010203", "x": 0.6217673819277023, "y": 1.8023867493671113, "z": 0.0}
{"bot_id": "0001020300010203", "x": 0.6189595831608962, "y": 1.801014792157626, "z": 0.0}
{"bot_id": "0001020300010203", "x": 0.6265146231461829, "y": 1.8098432810708625, "z": 0.0}
{"bot_id": "0001020300010203", "x": 0.6297653929537887, "y": 1.8138951211571916, "z": 0.0}
{"bot_id": "0001020300010203", "x": 0.6354922575889035, "y": 1.816704407930151, "z": 0.0}
{"bot_id": "0001020300010203", "x": 0.6322428877127737, "y": 1.8126541611691893, "z": 0.0}
{"bot_id": "0001020300010203", "x": 0.6162034767995175, "y": 1.7920601665551352, "z": 0.0}
{"bot_id": "0001020300010203", "x": 0.5888138658848141, "y": 1.7737677070379139, "z": 0.0}
{"bot_id": "0001020300010203", "x": 0.5946664603159677, "y": 1.781767225446143, "z": 0.0}
{"bot_id": "0001020300010203", "x": 1.1887961532931983, "y": 2.335824290617582, "z": 0.0}
{"bot_id": "0001020300010203", "x": 1.182974738216789, "y": 2.332930159109953, "z": 0.0}
{"bot_id": "0001020300010203", "x": 0.6071040669427552, "y": 1.7851577199372153, "z": 0.0}
{"bot_id": "0001020300010203", "x": 0.6061790115547081, "y": 1.7847018747240733, "z": 0.0}
{"bot_id": "0001020300010203", "x": 0.6032955731833274, "y": 1.783293022184244, "z": 0.0}
{"bot_id": "0001020300010203", "x": 0.607069792234407, "y": 1.7851524858952383, "z": 0.0}
{"bot_id": "0001020300010203", "x": 0.6133977396382313, "y": 1.7907001054476637, "z": 0.0}
{"bot_id": "0001020300010203", "x": 0.6069228713981445, "y": 1.787511068081883, "z": 0.0}
{"bot_id": "0001020300010203", "x": 0.597698587882558, "y": 1.7805466463691062, "z": 0.0}
{"bot_id": "0001020300010203", "x": 0.597698587882558, "y": 1.7805466463691062, "z": 0.0}
{"bot_id": "0001020300010203", "x": 0.6063042898141693, "y": 1.779626402001138, "z": 0.0}
{"bot_id": "0001020300010203", "x": 0.6072370877649256, "y": 1.7852111679345526, "z": 0.0}
{"bot_id": "0001020300010203", "x": 0.6049651985314475, "y": 1.7865583442988797, "z": 0.0}
{"bot_id": "0001020300010203", "x": 0.6095901735107233, "y": 1.7888363103857463, "z": 0.0}
{"bot_id": "0001020300010203", "x": 0.6095901735107233, "y": 1.7888363103857463, "z": 0.0}
{"bot_id": "0001020300010203", "x": 0.6077032290145931, "y": 1.787907127458518, "z": 0.0}
{"bot_id": "0001020300010203", "x": 0.6166728156946121, "y": 1.7947491437862164, "z": 0.0}
{"bot_id": "0001020300010203", "x": 0.6185594998051422, "y": 1.7956777193284381, "z": 0.0}
{"bot_id": "0001020300010203", "x": 0.6089911513254826, "y": 1.7860874203641974, "z": 0.0}
{"bot_id": "0001020300010203", "x": 0.6088416145184319, "y": 1.7936081259414451, "z": 0.0}
{"bot_id": "0001020300010203", "x": 0.6117116920802569, "y": 1.7950104724143763, "z": 0.0}
{"bot_id": "0001020300010203", "x": 0.6076942636291638, "y": 1.7879137856907334, "z": 0.0}
{"bot_id": "0001020300010203", "x": 0.6162311165869643, "y": 1.7920844054089466, "z": 0.0}
{"bot_id": "0001020300010203", "x": 0.6202484594801276, "y": 1.7991820093691948, "z": 0.0}
{"bot_id": "0001020300010203", "x": 0.6290944657344517, "y": 1.8059644986535877, "z": 0.0}
{"bot_id": "0001020300010203", "x": 0.6301173823032065, "y": 1.8064671530476617, "z": 0.0}
{"bot_id": "0001020300010203", "x": 0.5916839686491797, "y": 1.7803098587860684, "z": 0.0}
{"bot_id": "0001020300010203", "x": 0.5916839686491797, "y": 1.7803098587860684, "z": 0.0}
{"bot_id": "0001020300010203", "x": 0.6078307781672727, "y": 1.7931111036952676, "z": 0.0}
{"bot_id": "0001020300010203", "x": 0.6202484594801276, "y": 1.7991820093691948, "z": 0.0}
{"bot_id": "0001020300010203", "x": 0.6202484594801276, "y": 1.7991820093691948, "z": 0.0}
{"bot_id": "0001020300010203", "x": 0.6133823022137436, "y": 1.7906817275613691, "z": 0.0}
{"bot_id": "0001020300010203", "x": 0.5809617107041483, "y": 1.7650314355665577, "z": 0.0}
{"bot_id": "0001020300010203", "x": 0.5773349195742279, "y": 1.7632405765772732, "z": 0.0}
{"bot_id": "0001020300010203", "x": 0.5979581008812664, "y": 1.7755356205429351, "z": 0.0}
{"bot_id": "0001020300010203", "x": 0.5979581008812664, "y": 1.7755356205429351, "z": 0.0}
{"bot_id": "0001020300010203", "x": 0.595062356818005, "y": 1.7741211124070957, "z": 0.0}
{"bot_id": "0001020300010203", "x": 0.6014824114935473, "y": 1.7823993111082586, "z": 0.0}
{"bot_id": "0001020300010203", "x": 0.6014824114935473, "y": 1.7823993111082586, "z": 0.0}
{"bot_id": "0001020300010203", "x": 0.6023828297210437, "y": 1.782843164542442, "z": 0.0}
{"bot_id": "0001020300010203", "x": 0.5965791688565161, "y": 1.7800076863181697, "z": 0.0}
{"bot_id": "0001020300010203", "x": 0.5956787238430366, "y": 1.7795637994015079, "z": 0.0}
{"bot_id": "0001020300010203", "x": 0.5994871255423351, "y": 1.7814283820793178, "z": 0.0}
{"bot_id": "0001020300010203", "x": 0.5994871255423351, "y": 1.7814283820793178, "z": 0.0}
{"bot_id": "0001020300010203", "x": 0.5987833563856686, "y": 1.7786304755814504, "z": 0.0}
{"bot_id": "0001020300010203", "x": 0.5994871255423351, "y": 1.7814283820793178, "z": 0.0}
{"bot_id": "0001020300010203", "x": 0.5994871255423351, "y": 1.7814283820793178, "z": 0.0}
{"bot_id": "0001020300010203", "x": 0.6022623693943485, "y": 1.782796014828584, "z": 0.0}
{"bot_id": "0001020300010203", "x": 0.5964342831466243, "y": 1.7799488095470455, "z": 0.0}
{"bot_id": "0001020300010203",