{"bot_id": "0001020300010203", "x": 0.6473548393473891, "y": 1.819826872655089, "z": 0.0}
{"bot_id": "0001020300010203", "x": 0.6473548393473891, "y": 1.819826872655089, "z": 0.0}
{"bot_id": "0001020300010203", "x": 0.6473548393473891, "y": 1.819826872655089, "z": 0.0}
{"bot_id": "0001020300010203", "x": 0.6473548393473891, "y": 1.819826872655089, "z": 0.0}
{"bot_id": "0001020300010203", "x": 0.6473548393473891, "y": 1.819826872655089, "z": 0.0}
{"bot_id": "0001020300010203", "x": 0.6473548393473891, "y": 1.819826872655089, "z": 0.0}
{"bot_id": "0001020300010203", "x": 0.650660348743578, "y": 1.8265727073261204, "z": 0.0}
{"bot_id": "0001020300010203", "x": 0.650660348743578, "y": 1.8265727073261204, "z": 0.0}
{"bot_id": "0001020300010203", "x": 0.6534147301300446, "y": 1.8303889935633397, "z": 0.0}
{"bot_id": "0001020300010203", "x": 0.6534147301300446, "y": 1.8303889935633397, "z": 0.0}
{"bot_id": "0001020300010203", "x": 0.6534147301300446, "y": 1.8303889935633397, "z": 0.0}
{"bot_id": "0001020300010203", "x": 0.6534147301300446, "y": 1.8303889935633397, "z": 0.0}
{"bot_id": "0001020300010203", "x": 0.6534147301300446, "y": 1.8303889935633397, "z": 0.0}
{"bot_id": "0001020300010203", "x": 0.6586248101014267, "y": 1.83540942216431, "z": 0.0}
{"bot_id": "0001020300010203", "x": 0.6586248101014267, "y": 1.83540942216431, "z": 0.0}
{"bot_id": "0001020300010203", "x": 0.6586248101014267, "y": 1.83540942216431, "z": 0.0}
{"bot_id": "0001020300010203", "x": 0.6464279183365437, "y": 1.8218406660652562, "z": 0.0}
{"bot_id": "0001020300010203", "x": 0.6464279183365437, "y": 1.8218406660652562, "z": 0.0}
{"bot_id": "0001020300010203", "x": 0.6474870405745519, "y": 1.8223603925091976, "z": 0.0}
{"bot_id": "0001020300010203", "x": 0.6527174668241901, "y": 1.8249167934804542, "z": 0.0}
{"bot_id": "0001020300010203", "x": 0.6527174668241901, "y": 1.8249167934804542, "z": 0.0}
{"bot_id": "0001020300010203", "x": 0.6527174668241901, "y": 1.8249167934804542, "z": 0.0}
{"bot_id": "0001020300010203", "x": 0.6549282454063932, "y": 1.8311272917913766, "z": 0.0}
{"bot_id": "0001020300010203", "x": 0.6549282454063932, "y": 1.8311272917913766, "z": 0.0}
{"bot_id": "0001020300010203", "x": 0.6527174668241901, "y": 1.8249167934804542, "z": 0.0}
{"bot_id": "0001020300010203", "x": 0.6578991066799085, "y": 1.8274496124213635, "z": 0.0}
{"bot_id": "0001020300010203", "x": 0.6578991066799085, "y": 1.8274496124213635, "z": 0.0}
{"bot_id": "0001020300010203", "x": 0.6473548393473891, "y": 1.819826872655089, "z": 0.0}
{"bot_id": "0001020300010203", "x": 0.6462954710609649, "y": 1.8193068620058845, "z": 0.0}
{"bot_id": "0001020300010203", "x": 0.6473548393473891, "y": 1.819826872655089, "z": 0.0}
{"bot_id": "0001020300010203", "x": 0.6501083517737493, "y": 1.8236415405327522, "z": 0.0}
{"bot_id": "0001020300010203", "x": 0.6473548393473891, "y": 1.819826872655089, "z": 0.0}
{"bot_id": "0001020300010203", "x": 0.6495645281556164, "y": 1.8260351910196826, "z": 0.0}
{"bot_id": "0001020300010203", "x": 0.6575250816410212, "y": 1.8323969047742592, "z": 0.0}
{"bot_id": "0001020300010203", "x": 0.6542552948523422, "y": 1.82566645501826, "z": 0.0}
{"bot_id": "0001020300010203", "x": 0.6516583659600643, "y": 1.8243970875554405, "z": 0.0}
{"bot_id": "0001020300010203", "x": 0.653788855285935, "y": 1.825442482272229, "z": 0.0}
{"bot_id": "0001020300010203", "x": 0.6549282454063932, "y": 1.8311272917913766, "z": 0.0}
{"bot_id": "0001020300010203", "x": 0.6495645281556164, "y": 1.8260351910196826, "z": 0.0}
{"bot_id": "0001020300010203", "x": 0.6470645324403936, "y": 1.8272830139862752, "z": 0.0}
{"bot_id": "0001020300010203", "x": 0.6478951918891251, "y": 1.820086506894412, "z": 0.0}
{"bot_id": "0001020300010203", "x": 0.6505297755449524, "y": 1.8213742735263039, "z": 0.0}
{"bot_id": "0001020300010203", "x": 0.6485584499998821, "y": 1.822886101426014, "z": 0.0}
{"bot_id": "0001020300010203", "x": 0.6563857635053689, "y": 1.8267118298891183, "z": 0.0}
{"bot_id": "0001020300010203", "x": 0.6532084925568151, "y": 1.825152742492147, "z": 0.0}
{"bot_id": "0001020300010203", "x": 0.6553143852787806, "y": 1.8261861509230943, "z": 0.0}
{"bot_id": "0001020300010203", "x": 0.65000161140929, "y": 1.8211205194165956, "z": 0.0}
{"bot_id": "0001020300010203", "x": 0.6527174668241901, "y": 1.8249167934804542, "z": 0.0}
{"bot_id": "0001020300010203", "x": 0.6516583659600643, "y": 1.8243970875554405, "z": 0.0}
{"bot_id": "0001020300010203", "x": 0.6490492403055443, "y": 1.823121824427822, "z": 0.0}
{"bot_id": "0001020300010203", "x": 0.6490492403055443, "y": 1.823121824427822, "z": 0.0}
{"bot_id": "0001020300010203", "x": 0.6516583659600643, "y": 1.8243970875554405, "z": 0.0}
{"bot_id": "0001020300010203", "x": 0.6549282454063932, "y": 1.8311272917913766, "z": 0.0}
{"bot_id": "0001020300010203", "x": 0.6470645324403936, "y": 1.8272830139862752, "z": 0.0}
{"bot_id": "0001020300010203", "x": 0.646860426216328, "y": 1.8195784823059176, "z": 0.0}
{"bot_id": "0001020300010203", "x": 0.6478951918891251, "y": 1.820086506894412, "z": 0.0}
{"bot_id": "0001020300010203", "x": 0.6478951918891251, "y": 1.820086506894412, "z": 0.0}
{"bot_id": "0001020300010203", "x": 1.1815940942547836, "y": 2.337269222826591, "z": 0.0}
{"bot_id": "0001020300010203", "x": 1.1815940942547836, "y": 2.337269222826591, "z": 0.0}
{"bot_id": "0001020300010203", "x": 0.6505297755449524, "y": 1.8213742735263039, "z": 0.0}
{"bot_id": "0001020300010203", "x": 0.6505297755449524, "y": 1.8213742735263039, "z": 0.0}
{"bot_id": "0001020300010203", "x": 0.6505297755449524, "y": 1.8213742735263039, "z": 0.0}
{"bot_id": "0001020300010203", "x": 0.6474870405745519, "y": 1.8223603925091976, "z": 0.0}
{"bot_id": "0001020300010203", "x": 0.6505297755449524, "y": 1.8213742735263039, "z": 0.0}
{"bot_id": "0001020300010203", "x": 0.6506115530251055, "y": 1.8238833648154729, "z": 0.0}
{"bot_id": "0001020300010203", "x": 0.6532084925568151, "y": 1.825152742492147, "z": 0.0}
{"bot_id": "0001020300010203", "x": 0.6542552948523422, "y": 1.82566645501826, "z": 0.0}
{"bot_id": "0001020300010203", "x": 0.6542552948523422, "y": 1.82566645501826, "z": 0.0}
{"bot_id": "0001020300010203", "x": 0.6532084925568151, "y": 1.825152742492147, "z": 0.0}
{"bot_id": "0001020300010203", "x": 0.6506115530251055, "y": 1.8238833648154729, "z": 0.0}
{"bot_id": "0001020300010203", "x": 0.6485547923017889, "y": 1.8228738701954135, "z": 0.0}
{"bot_id": "0001020300010203", "x": 0.6484725625388013, "y": 1.8203642344122992, "z": 0.0}
{"bot_id": "0001020300010203", "x": 0.6505297755449524, "y": 1.8213742735263039, "z": 0.0}
{"bot_id": "0001020300010203", "x": 0.6478951918891251, "y": 1.820086506894412, "z": 0.0}
{"bot_id": "0001020300010203", "x": 0.65000161140929, "y": 1.8211205194165956, "z": 0.0}
{"bot_id": "0001020300010203", "x": 0.6553143852787806, "y": 1.8261861509230943, "z": 0.0}
{"bot_id": "0001020300010203", "x": 0.6563857635053689, "y": 1.8267118298891183, "z": 0.0}
{"bot_id": "0001020300010203", "x": 0.6510732646054218, "y": 1.8216465066990486, "z": 0.0}
{"bot_id": "0001020300010203", "x": 0.6489422537296431, "y": 1.8206005193741688, "z": 0.0}
{"bot_id": "0001020300010203", "x": 0.6490492403055443, "y": 1.823121824427822, "z": 0.0}
{"bot_id": "0001020300010203", "x": 0.6490492403055443, "y": 1.823121824427822, "z": 0.0}
{"bot_id": "0001020300010203", "x": 0.6464279183365437, "y": 1.8218406660652562, "z": 0.0}
{"bot_id": "0001020300010203", "x": 0.6464279183365437, "y": 1.8218406660652562, "z": 0.0}
{"bot_id": "0001020300010203", "x": 0.6489422537296431, "y": 1.8206005193741688, "z": 0.0}
{"bot_id": "0001020300010203", "x": 0.646860426216328, "y": 1.8195784823059176, "z": 0.0}
{"bot_id": "0001020300010203", "x": 0.6547587315418752, "y": 1.8259085053216306, "z": 0.0}
{"bot_id": "0001020300010203", "x": 0.6578991066799085, "y": 1.8274496124213635, "z": 0.0}
{"bot_id": "0001020300010203", "x": 0.6505297755449524, "y": 1.8213742735263039, "z": 0.0}
{"bot_id": "0001020300010203",