{"bot_id": "0001020300010203", "x": 0.8082236955676414, "y": 1.9234262438980059, "z": 0.0}
{"bot_id": "0001020300010203", "x": 0.8082236955676414, "y": 1.9234262438980059, "z": 0.0}
{"bot_id": "0001020300010203", "x": 0.8082236955676414, "y": 1.9234262438980059, "z": 0.0}
{"bot_id": "0001020300010203", "x": 0.7987193517605449, "y": 1.9161080386452674, "z": 0.0}
{"bot_id": "0001020300010203", "x": 0.7987193517605449, "y": 1.9161080386452674, "z": 0.0}
{"bot_id": "0001020300010203", "x": 0.8074907017619875, "y": 1.9179283754450602, "z": 0.0}
{"bot_id": "0001020300010203", "x": 0.7994627181703136, "y": 1.9164766162444562, "z": 0.0}
{"bot_id": "0001020300010203", "x": 0.8001938824830832, "y": 1.9168392482515682, "z": 0.0}
{"bot_id": "0001020300010203", "x": 0.8009128435329946, "y": 1.9171959338473492, "z": 0.0}
{"bot_id": "0001020300010203", "x": 0.7994627181703136, "y": 1.9164766162444562, "z": 0.0}
{"bot_id": "0001020300010203", "x": 0.7979637844227586, "y": 1.9157335162754472, "z": 0.0}
{"bot_id": "0001020300010203", "x": 0.8016196001572955, "y": 1.9175466722147325, "z": 0.0}
{"bot_id": "0001020300010203", "x": 0.8016196001572955, "y": 1.9175466722147325, "z": 0.0}
{"bot_id": "0001020300010203", "x": 0.8016196001572955, "y": 1.9175466722147325, "z": 0.0}
{"bot_id": "0001020300010203", "x": 0.8197874849018805, "y": 1.9394169463001802, "z": 0.0}
{"bot_id": "0001020300010203", "x": 0.8293993610338475, "y": 1.9518846961646703, "z": 0.0}
{"bot_id": "0001020300010203", "x": 0.8291382981371065, "y": 1.9517545351641055, "z": 0.0}
{"bot_id": "0001020300010203", "x": 0.8205961355147676, "y": 1.9398195612603275, "z": 0.0}
{"bot_id": "0001020300010203", "x": 0.8272637346420387, "y": 1.9457156538432174, "z": 0.0}
{"bot_id": "0001020300010203", "x": 0.8180232882737513, "y": 1.9385399354939603, "z": 0.0}
{"bot_id": "0001020300010203", "x": 0.8088923986442481, "y": 1.9237579719990032, "z": 0.0}
{"bot_id": "0001020300010203", "x": 0.780122003478593, "y": 1.8889157040395563, "z": 0.0}
{"bot_id": "0001020300010203", "x": 0.7869706394756835, "y": 1.9051446840933863, "z": 0.0}
{"bot_id": "0001020300010203", "x": 0.7811836552990397, "y": 1.8894412226606678, "z": 0.0}
{"bot_id": "0001020300010203", "x": 0.7831317009451946, "y": 1.8980923293063072, "z": 0.0}
