{"bot_id": "0001020300010203", "x": 0.6285163341033488, "y": 1.7583114701702163, "z": 0.0}
{"bot_id": "0001020300010203", "x": 0.6285163341033488, "y": 1.7583114701702163, "z": 0.0}
{"bot_id": "0001020300010203", "x": 0.6285163341033488, "y": 1.7583114701702163, "z": 0.0}
{"bot_id": "0001020300010203", "x": 0.6285163341033488, "y": 1.7583114701702163, "z": 0.0}
{"bot_id": "0001020300010203", "x": 0.6422069956271428, "y": 1.7699709068909404, "z": 0.0}
{"bot_id": "0001020300010203", "x": 0.6422069956271428, "y": 1.7699709068909404, "z": 0.0}
{"bot_id": "0001020300010203", "x": 0.6422069956271428, "y": 1.7699709068909404, "z": 0.0}
{"bot_id": "0001020300010203", "x": 0.6422069956271428, "y": 1.7699709068909404, "z": 0.0}
{"bot_id": "0001020300010203", "x": 0.6422069956271428, "y": 1.7699709068909404, "z": 0.0}
{"bot_id": "0001020300010203", "x": 0.6422069956271428, "y": 1.7699709068909404, "z": 0.0}
{"bot_id": "0001020300010203", "x": 0.6422069956271428, "y": 1.7699709068909404, "z": 0.0}
{"bot_id": "0001020300010203", "x": 0.6422069956271428, "y": 1.7699709068909404, "z": 0.0}
{"bot_id": "0001020300010203", "x": 0.6422069956271428, "y": 1.7699709068909404, "z": 0.0}
{"bot_id": "0001020300010203", "x": 0.6422069956271428, "y": 1.7699709068909404, "z": 0.0}
{"bot_id": "0001020300010203", "x": 0.6422069956271428, "y": 1.7699709068909404, "z": 0.0}
