{"bot_id": "0001020300010203", "x": 0.9297262702669111, "y": 2.087796120390016, "z": 0.0}
{"bot_id": "0001020300010203", "x": 0.9297262702669111, "y": 2.087796120390016, "z": 0.0}
{"bot_id": "0001020300010203", "x": 0.9297262702669111, "y": 2.087796120390016, "z": 0.0}
{"bot_id": "0001020300010203", "x": 0.9297262702669111, "y": 2.087796120390016, "z": 0.0}
{"bot_id": "0001020300010203", "x": 0.9297262702669111, "y": 2.087796120390016, "z": 0.0}
{"bot_id": "0001020300010203", "x": 0.9297262702669111, "y": 2.087796120390016, "z": 0.0}
{"bot_id": "0001020300010203", "x": 0.934640849512981, "y": 2.0952957448115788, "z": 0.0}
{"bot_id": "0001020300010203", "x": 0.934640849512981, "y": 2.0952957448115788, "z": 0.0}
{"bot_id": "0001020300010203", "x": 0.927056539992031, "y": 2.0941359745397374, "z": 0.0}
{"bot_id": "0001020300010203", "x": 0.927056539992031, "y": 2.0941359745397374, "z": 0.0}
{"bot_id": "0001020300010203", "x": 0.9297262702669111, "y": 2.087796120390016, "z": 0.0}
{"bot_id": "0001020300010203", "x": 0.9297262702669111, "y": 2.087796120390016, "z": 0.0}
{"bot_id": "0001020300010203", "x": 0.927056539992031, "y": 2.0941359745397374, "z": 0.0}
{"bot_id": "0001020300010203", "x": 0.927056539992031, "y": 2.0941359745397374, "z": 0.0}
{"bot_id": "0001020300010203", "x": 0.9237376405441536, "y": 2.0873840824996712, "z": 0.0}
{"bot_id": "0001020300010203", "x": 0.9237376405441536, "y": 2.0873840824996712, "z": 0.0}
