{"bot_id": "0001020300010203", "x": 0.9451355338459995, "y": 2.108301239310582, "z": 0.0}
{"bot_id": "0001020300010203", "x": 0.9451355338459995, "y": 2.108301239310582, "z": 0.0}
{"bot_id": "0001020300010203", "x": 0.9451355338459995, "y": 2.108301239310582, "z": 0.0}
{"bot_id": "0001020300010203", "x": 0.9451355338459995, "y": 2.108301239310582, "z": 0.0}
{"bot_id": "0001020300010203", "x": 0.9451355338459995, "y": 2.108301239310582, "z": 0.0}
{"bot_id": "0001020300010203", "x": 0.9451355338459995, "y": 2.108301239310582, "z": 0.0}
{"bot_id": "0001020300010203", "x": 0.9451355338459995, "y": 2.108301239310582, "z": 0.0}
{"bot_id": "0001020300010203", "x": 0.9451355338459995, "y": 2.108301239310582, "z": 0.0}
{"bot_id": "0001020300010203", "x": 0.9455947388041983, "y": 2.1059724698919675, "z": 0.0}
{"bot_id": "0001020300010203", "x": 0.9455947388041983, "y": 2.1059724698919675, "z": 0.0}
{"bot_id": "0001020300010203", "x": 0.9455947388041983, "y": 2.1059724698919675, "z": 0.0}
{"bot_id": "0001020300010203", "x": 0.9455947388041983, "y": 2.1059724698919675, "z": 0.0}
{"bot_id": "0001020300010203", "x": 0.9455947388041983, "y": 2.1059724698919675, "z": 0.0}
{"bot_id": "0001020300010203", "x": 0.9455947388041983, "y": 2.1059724698919675, "z": 0.0}
{"bot_id": "0001020300010203", "x": 0.9499848841673607, "y": 2.1106718153416084, "z": 0.0}
{"bot_id": "0001020300010203", "x": 0.9499848841673607, "y": 2.1106718153416084, "z": 0.0}
{"bot_id": "0001020300010203", "x": 0.9499848841673607, "y": 2.1106718153416084, "z": 0.0}
{"bot_id": "0001020300010203", "x": 0.9499848841673607, "y": 2.1106718153416084, "z": 0.0}
{"bot_id": "0001020300010203", "x": 0.9499848841673607, "y": 2.1106718153416084, "z": 0.0}
{"bot_id": "0001020300010203", "x": 0.9499848841673607, "y": 2.1106718153416084, "z": 0.0}
{"bot_id": "0001020300010203", "x": 0.9499848841673607, "y": 2.1106718153416084, "z": 0.0}
{"bot_id": "0001020300010203", "x": 0.9427781925193586, "y": 2.107133831742785, "z": 0.0}
{"bot_id": "0001020300010203", "x": 0.9427781925193586, "y": 2.107133831742785, "z": 0.0}
{"bot_id": "0001020300010203", "x": 0.9427781925193586, "y": 2.107133831742785, "z": 0.0}
{"bot_id": "0001020300010203", "x": 0.9427781925193586, "y": 2.107133831742785, "z": 0.0}
{"bot_id": "0001020300010203", "x": 0.9427781925193586, "y": 2.107133831742785, "z": 0.0}
{"bot_id": "0001020300010203", "x": 0.9427781925193586, "y": 2.107133831742785, "z": 0.0}
