{"bot_id": "0001020300010203", "x": 0.6913232266548042, "y": 1.8485452701715626, "z": 0.0}
{"bot_id": "0001020300010203", "x": 0.6913232266548042, "y": 1.8485452701715626, "z": 0.0}
{"bot_id": "0001020300010203", "x": 0.6913232266548042, "y": 1.8485452701715626, "z": 0.0}
{"bot_id": "0001020300010203", "x": 0.6949543597755126, "y": 1.8554689170029592, "z": 0.0}
{"bot_id": "0001020300010203", "x": 0.6949543597755126, "y": 1.8554689170029592, "z": 0.0}
{"bot_id": "0001020300010203", "x": 0.6949543597755126, "y": 1.8554689170029592, "z": 0.0}
{"bot_id": "0001020300010203", "x": 0.6949543597755126, "y": 1.8554689170029592, "z": 0.0}
{"bot_id": "0001020300010203", "x": 0.6949543597755126, "y": 1.8554689170029592, "z": 0.0}
{"bot_id": "0001020300010203", "x": 0.6996913153226916, "y": 1.8577924318639747, "z": 0.0}
{"bot_id": "0001020300010203", "x": 0.6996913153226916, "y": 1.8577924318639747, "z": 0.0}
{"bot_id": "0001020300010203", "x": 0.693084228708137, "y": 1.8494100036835155, "z": 0.0}
{"bot_id": "0001020300010203", "x": 0.6805904444518734, "y": 1.8383332393106726, "z": 0.0}
{"bot_id": "0001020300010203", "x": 0.6840127591177654, "y": 1.847639476745893, "z": 0.0}
{"bot_id": "0001020300010203", "x": 0.7016719167943339, "y": 1.8587636395415608, "z": 0.0}
{"bot_id": "0001020300010203", "x": 0.6996913153226916, "y": 1.8577924318639747, "z": 0.0}
{"bot_id": "0001020300010203", "x": 0.6996913153226916, "y": 1.8577924318639747, "z": 0.0}
{"bot_id": "0001020300010203", "x": 0.6996913153226916, "y": 1.8577924318639747, "z": 0.0}
{"bot_id": "0001020300010203", "x": 0.6996913153226916, "y": 1.8577924318639747, "z": 0.0}
{"bot_id": "0001020300010203", "x": 0.6977597517344907, "y": 1.8568451094927982, "z": 0.0}
{"bot_id": "0001020300010203", "x": 0.6977597517344907, "y": 1.8568451094927982, "z": 0.0}
{"bot_id": "0001020300010203", "x": 0.6977597517344907, "y": 1.8568451094927982, "z": 0.0}
{"bot_id": "0001020300010203", "x": 0.6977597517344907, "y": 1.8568451094927982, "z": 0.0}
{"bot_id": "0001020300010203", "x": 0.6949543597755126, "y": 1.8554689170029592, "z": 0.0}
{"bot_id": "0001020300010203", "x": 0.6949543597755126, "y": 1.8554689170029592, "z": 0.0}
{"bot_id": "0001020300010203", "x": 0.6977597517344907, "y": 1.8568451094927982, "z": 0.0}
{"bot_id": "0001020300010203", "x": 0.6977597517344907, "y": 1.8568451094927982, "z": 0.0}
{"bot_id": "0001020300010203", "x": 0.6996913153226916, "y": 1.8577924318639747, "z": 0.0}
{"bot_id": "0001020300010203", "x": 0.6996913153226916, "y": 1.8577924318639747, "z": 0.0}
{"bot_id": "0001020300010203", "x": 0.6987194035861397, "y": 1.8573157848437574, "z": 0.0}
{"bot_id": "0001020300010203", "x": 0.6987194035861397, "y": 1.8573157848437574, "z": 0.0}
{"bot_id": "0001020300010203", "x": 0.6968123601922764, "y": 1.8563804061624334, "z": 0.0}
{"bot_id": "0001020300010203", "x": 0.6968123601922764, "y": 1.8563804061624334, "z": 0.0}
{"bot_id": "0001020300010203", "x": 0.6940437517909475, "y": 1.8550221319103888, "z": 0.0}
