{"bot_id": "0001020300010203", "x": 0.9091838255468925, "y": 2.067541289283663, "z": 0.0}
{"bot_id": "0001020300010203", "x": 0.9091838255468925, "y": 2.067541289283663, "z": 0.0}
{"bot_id": "0001020300010203", "x": 0.9091838255468925, "y": 2.067541289283663, "z": 0.0}
{"bot_id": "0001020300010203", "x": 0.9091838255468925, "y": 2.067541289283663, "z": 0.0}
{"bot_id": "0001020300010203", "x": 0.9091838255468925, "y": 2.067541289283663, "z": 0.0}
{"bot_id": "0001020300010203", "x": 0.9091838255468925, "y": 2.067541289283663, "z": 0.0}
{"bot_id": "0001020300010203", "x": 0.9091838255468925, "y": 2.067541289283663, "z": 0.0}
{"bot_id": "0001020300010203", "x": 0.9091838255468925, "y": 2.067541289283663, "z": 0.0}
{"bot_id": "0001020300010203", "x": 0.9202152973376747, "y": 2.083240089053768, "z": 0.0}
{"bot_id": "0001020300010203", "x": 0.9191104718928316, "y": 2.0827010471682903, "z": 0.0}
{"bot_id": "0001020300010203", "x": 0.9191104718928316, "y": 2.0827010471682903, "z": 0.0}
{"bot_id": "0001020300010203", "x": 0.9213080329111191, "y": 2.083773123907064, "z": 0.0}
{"bot_id": "0001020300010203", "x": 0.9213080329111191, "y": 2.083773123907064, "z": 0.0}
{"bot_id": "0001020300010203", "x": 0.9191104718928316, "y": 2.0827010471682903, "z": 0.0}
{"bot_id": "0001020300010203", "x": 0.9191104718928316, "y": 2.0827010471682903, "z": 0.0}
{"bot_id": "0001020300010203", "x": 0.9202152973376747, "y": 2.083240089053768, "z": 0.0}
{"bot_id": "0001020300010203", "x": 0.9202152973376747, "y": 2.083240089053768, "z": 0.0}
{"bot_id": "0001020300010203", "x": 0.9202152973376747, "y": 2.083240089053768, "z": 0.0}
