{"bot_id": "0001020300010203", "x": 0.9381960685282822, "y": 2.102246857713298, "z": 0.0}
{"bot_id": "0001020300010203", "x": 0.9381960685282822, "y": 2.102246857713298, "z": 0.0}
{"bot_id": "0001020300010203", "x": 0.9381960685282822, "y": 2.102246857713298, "z": 0.0}
{"bot_id": "0001020300010203", "x": 0.9381960685282822, "y": 2.102246857713298, "z": 0.0}
{"bot_id": "0001020300010203", "x": 0.9381960685282822, "y": 2.102246857713298, "z": 0.0}
{"bot_id": "0001020300010203", "x": 0.9381960685282822, "y": 2.102246857713298, "z": 0.0}
{"bot_id": "0001020300010203", "x": 0.9336500626834257, "y": 2.09488735421321, "z": 0.0}
{"bot_id": "0001020300010203", "x": 0.9336500626834257, "y": 2.09488735421321, "z": 0.0}
{"bot_id": "0001020300010203", "x": 0.9336500626834257, "y": 2.09488735421321, "z": 0.0}
{"bot_id": "0001020300010203", "x": 0.9364140193094992, "y": 2.0962320410558544, "z": 0.0}
{"bot_id": "0001020300010203", "x": 0.9364140193094992, "y": 2.0962320410558544, "z": 0.0}
{"bot_id": "0001020300010203", "x": 0.9355048168356089, "y": 2.095789830313611, "z": 0.0}
{"bot_id": "0001020300010203", "x": 0.9355048168356089, "y": 2.095789830313611, "z": 0.0}
{"bot_id": "0001020300010203", "x": 0.9364140193094992, "y": 2.0962320410558544, "z": 0.0}
