{"bot_id": "0001020300010203", "x": 0.638985838792989, "y": 1.8081238552072627, "z": 0.0}
{"bot_id": "0001020300010203", "x": 0.638985838792989, "y": 1.8081238552072627, "z": 0.0}
{"bot_id": "0001020300010203", "x": 0.638985838792989, "y": 1.8081238552072627, "z": 0.0}
{"bot_id": "0001020300010203", "x": 0.638985838792989, "y": 1.8081238552072627, "z": 0.0}
{"bot_id": "0001020300010203", "x": 0.638985838792989, "y": 1.8081238552072627, "z": 0.0}
{"bot_id": "0001020300010203", "x": 0.638985838792989, "y": 1.8081238552072627, "z": 0.0}
{"bot_id": "0001020300010203", "x": 0.6380242433311932, "y": 1.807650939253978, "z": 0.0}
{"bot_id": "0001020300010203", "x": 0.6380242433311932, "y": 1.807650939253978, "z": 0.0}
{"bot_id": "0001020300010203", "x": 0.6380242433311932, "y": 1.807650939253978, "z": 0.0}
{"bot_id": "0001020300010203", "x": 0.6380242433311932, "y": 1.807650939253978, "z": 0.0}
{"bot_id": "0001020300010203", "x": 0.6380242433311932, "y": 1.807650939253978, "z": 0.0}
{"bot_id": "0001020300010203", "x": 0.6380242433311932, "y": 1.807650939253978, "z": 0.0}
{"bot_id": "0001020300010203", "x": 0.6366137300479625, "y": 1.812099480954636, "z": 0.0}
{"bot_id": "0001020300010203", "x": 0.6366137300479625, "y": 1.812099480954636, "z": 0.0}
{"bot_id": "0001020300010203", "x": 0.6366137300479625, "y": 1.812099480954636, "z": 0.0}
{"bot_id": "0001020300010203", "x": 0.6366137300479625, "y": 1.812099480954636, "z": 0.0}
{"bot_id": "0001020300010203", "x": 0.6366137300479625, "y": 1.812099480954636, "z": 0.0}
{"bot_id": "0001020300010203", "x": 0.6366137300479625, "y": 1.812099480954636, "z": 0.0}
{"bot_id": "0001020300010203", "x": 0.6380242433311932, "y": 1.807650939253978, "z": 0.0}
{"bot_id": "0001020300010203", "x": 0.6380242433311932, "y": 1.807650939253978, "z": 0.0}
{"bot_id": "0001020300010203", "x": 0.6353396617497182, "y": 1.8063390382458988, "z": 0.0}
{"bot_id": "0001020300010203", "x": 0.6353396617497182, "y": 1.8063390382458988, "z": 0.0}
{"bot_id": "0001020300010203", "x": 0.6380242433311932, "y": 1.807650939253978, "z": 0.0}
{"bot_id": "0001020300010203", "x": 0.6348671510550012, "y": 1.8137073894477722, "z": 0.0}
{"bot_id": "0001020300010203", "x": 0.6375384212978342, "y": 1.8150129178372936, "z": 0.0}
{"bot_id": "0001020300010203", "x": 0.6446958581897637, "y": 1.818527325074316, "z": 0.0}
{"bot_id": "0001020300010203", "x": 0.6366456640195798, "y": 1.8145932812934433, "z": 0.0}
{"bot_id": "0001020300010203", "x": 0.6307565327094353, "y": 1.8040933227639453, "z": 0.0}
{"bot_id": "0001020300010203", "x": 0.6361379665219369, "y": 1.806723077971625, "z": 0.0}
{"bot_id": "0001020300010203", "x": 0.6420246683293825, "y": 1.8172218770672466, "z": 0.0}
{"bot_id": "0001020300010203", "x": 0.6420246683293825, "y": 1.8172218770672466, "z": 0.0}
{"bot_id": "0001020300010203", "x": 0.6378608814385827, "y": 1.8151776710665743, "z": 0.0}
{"bot_id": "0001020300010203", "x": 0.640320841411241, "y": 1.813913858948829, "z": 0.0}
{"bot_id": "0001020300010203", "x": 0.6363012698908806, "y": 1.8068119679811037, "z": 0.0}
{"bot_id": "0001020300010203", "x": 0.638985838792989, "y": 1.8081238552072627, "z": 0.0}
{"bot_id": "0001020300010203", "x": 0.6388833845916355, "y": 1.8156797414117838, "z": 0.0}
{"bot_id": "0001020300010203", "x": 0.6345784073710611, "y": 1.805973117273983, "z": 0.0}
{"bot_id": "0001020300010203", "x": 0.6345784073710611, "y": 1.805973117273983, "z": 0.0}
{"bot_id": "0001020300010203", "x": 0.640320841411241, "y": 1.813913858948829, "z": 0.0}
{"bot_id": "0001020300010203", "x": 0.640320841411241, "y": 1.813913858948829, "z": 0.0}
{"bot_id": "0001020300010203", "x": 0.639681840699397, "y": 1.813606510219042, "z": 0.0}
{"bot_id": "0001020300010203", "x": 0.639681840699397, "y": 1.813606510219042, "z": 0.0}
{"bot_id": "0001020300010203", "x": 0.6369729296335621, "y": 1.8122825994486154, "z": 0.0}
{"bot_id": "0001020300010203", "x": 0.6369729296335621, "y": 1.8122825994486154, "z": 0.0}
{"bot_id": "0001020300010203", "x": 0.6376241297030327, "y": 1.8125958315691357, "z": 0.0}
{"bot_id": "0001020300010203", "x": 0.6376241297030327, "y": 1.8125958315691357, "z": 0.0}
{"bot_id": "0001020300010203", "x": 0.6376241297030327, "y": 1.8125958315691357, "z": 0.0}
{"bot_id": "0001020300010203", "x": 0.6366137300479625, "y": 1.812099480954636, "z": 0.0}
{"bot_id": "0001020300010203", "x": 0.636850674564904, "y": 1.814681588724281, "z": 0.0}
{"bot_id": "0001020300010203", "x": 0.6388833845916355, "y": 1.8156797414117838, "z": 0.0}
{"bot_id": "0001020300010203", "x": 0.6388833845916355, "y": 1.8156797414117838, "z": 0.0}
{"bot_id": "0001020300010203", "x": 0.636850674564904, "y": 1.814681588724281, "z": 0.0}
{"bot_id": "0001020300010203", "x": 0.6348671510550012, "y": 1.8137073894477722, "z": 0.0}
{"bot_id": "0001020300010203", "x": 0.6375384212978342, "y": 1.8150129178372936, "z": 0.0}
{"bot_id": "0001020300010203", "x": 0.6345784073710611, "y": 1.805973117273983, "z": 0.0}
{"bot_id": "0001020300010203", "x": 0.6356156347348271, "y": 1.8116091232797136, "z": 0.0}
{"bot_id": "0001020300010203", "x": 0.6385240225116753, "y": 1.8154970110726674, "z": 0.0}
{"bot_id": "0001020300010203", "x": 0.6385240225116753, "y": 1.8154970110726674, "z": 0.0}
{"bot_id": "0001020300010203", "x": 0.635852764319018, "y": 1.8141914947333215, "z": 0.0}
{"bot_id": "0001020300010203", "x": 0.6348671510550012, "y": 1.8137073894477722, "z": 0.0}
{"bot_id": "0001020300010203", "x": 0.6380242433311932, "y": 1.807650939253978, "z": 0.0}
{"bot_id": "0001020300010203", "x": 0.6299338431678042, "y": 1.8036975467961445, "z": 0.0}
{"bot_id": "0001020300010203", "x": 0.63264286156878, "y": 1.805021240622481, "z": 0.0}
{"bot_id": "0001020300010203", "x": 0.63264286156878, "y": 1.805021240622481, "z": 0.0}
{"bot_id": "0001020300010203", "x": 0.63264286156878, "y": 1.805021240622481, "z": 0.0}
{"bot_id": "0001020300010203", "x": 0.6316935448259471, "y": 1.8045542866318167, "z": 0.0}
{"bot_id": "0001020300010203", "x": 0.6343903580139629, "y": 1.8058720983933623, "z": 0.0}
{"bot_id": "0001020300010203", "x": 0.6393104531355034, "y": 1.8134175202084155, "z": 0.0}
{"bot_id": "0001020300010203", "x": 0.640320841411241, "y": 1.813913858948829, "z": 0.0}
{"bot_id": "0001020300010203", "x": 0.6431911414289382, "y": 1.8177827556267658, "z": 0.0}
{"bot_id": "0001020300010203", "x": 0.640320841411241, "y": 1.813913858948829, "z": 0.0}
{"bot_id": "0001020300010203", "x": 0.640320841411241, "y": 1.813913858948829, "z": 0.0}
{"bot_id": "0001020300010203", "x": 0.6405321160945728, "y": 1.8164831638692531, "z": 0.0}
{"bot_id": "0001020300010203", "x": 0.6375384212978342, "y": 1.8150129178372936, "z": 0.0}
{"bot_id": "0001020300010203", "x": 0.6375384212978342, "y": 1.8150129178372936, "z": 0.0}
{"bot_id": "0001020300010203", "x": 0.6375384212978342, "y": 1.8150129178372936, "z": 0.0}
{"bot_id": "0001020300010203", "x": 0.6365114596456936, "y": 1.8093801482238847, "z": 0.0}
{"bot_id": "0001020300010203", "x": 0.638985838792989, "y": 1.8081238552072627, "z": 0.0}
{"bot_id": "0001020300010203", "x": 0.6363012698908806, "y": 1.8068119679811037, "z": 0.0}
{"bot_id": "0001020300010203", "x": 0.6334533590745055, "y": 1.8054111488483757, "z": 0.0}
{"bot_id": "0001020300010203", "x": 0.6307565327094353, "y": 1.8040933227639453, "z": 0.0}
{"bot_id": "0001020300010203", "x": 0.6376241297030327, "y": 1.8125958315691357, "z": 0.0}
{"bot_id": "0001020300010203", "x": 0.640320841411241, "y": 1.813913858948829, "z": 0.0}
{"bot_id": "0001020300010203", "x": 0.6372751820512776, "y": 1.807290887179225, "z": 0.0}
{"bot_id": "0001020300010203", "x": 0.6372751820512776, "y": 1.807290887179225, "z": 0.0}
{"bot_id": "0001020300010203", "x": 0.6345784073710611, "y": 1.805973117273983, "z": 0.0}
{"bot_id": "0001020300010203", "x": 0.6395219208950034, "y": 1.8159870932010687, "z": 0.0}
{"bot_id": "0001020300010203", "x": 0.6395219208950034, "y": 1.8159870932010687, "z": 0.0}
{"bot_id": "0001020300010203", "x": 0.6348671510550012,