{"bot_id": "0001020300010203", "x": 0.9091838255468925, "y": 2.067541289283663, "z": 0.0}
{"bot_id": "0001020300010203", "x": 0.9091838255468925, "y": 2.067541289283663, "z": 0.0}
{"bot_id": "0001020300010203", "x": 0.9091838255468925, "y": 2.067541289283663, "z": 0.0}
{"bot_id": "0001020300010203", "x": 0.9091838255468925, "y": 2.067541289283663, "z": 0.0}
{"bot_id": "0001020300010203", "x": 0.9091838255468925, "y": 2.067541289283663, "z": 0.0}
{"bot_id": "0001020300010203", "x": 0.9091838255468925, "y": 2.067541289283663, "z": 0.0}
{"bot_id": "0001020300010203", "x": 0.9091838255468925, "y": 2.067541289283663, "z": 0.0}
{"bot_id": "0001020300010203", "x": 0.9080797978418256, "y": 2.0670021405554673, "z": 0.0}
{"bot_id": "0001020300010203", "x": 0.9080797978418256, "y": 2.0670021405554673, "z": 0.0}
{"bot_id": "0001020300010203", "x": 0.9080797978418256, "y": 2.0670021405554673, "z": 0.0}
{"bot_id": "0001020300010203", "x": 0.9080797978418256, "y": 2.0670021405554673, "z": 0.0}
{"bot_id": "0001020300010203", "x": 0.9080797978418256, "y": 2.0670021405554673, "z": 0.0}
{"bot_id": "0001020300010203", "x": 0.9080797978418256, "y": 2.0670021405554673, "z": 0.0}
{"bot_id": "0001020300010203", "x": 0.9080797978418256, "y": 2.0670021405554673, "z": 0.0}
{"bot_id": "0001020300010203", "x": 0.9083301428780048, "y": 2.0747866360949363, "z": 0.0}
{"bot_id": "0001020300010203", "x": 0.9091838255468925, "y": 2.067541289283663, "z": 0.0}
{"bot_id": "0001020300010203", "x": 0.9202152973376747, "y": 2.083240089053768, "z": 0.0}
{"bot_id": "0001020300010203", "x": 0.9224815595006397, "y": 2.084319913619131, "z": 0.0}
{"bot_id": "0001020300010203", "x": 0.9062063806936589, "y": 2.0737507779602904, "z": 0.0}
{"bot_id": "0001020300010203", "x": 0.9102757516405082, "y": 2.0680744371815356, "z": 0.0}
{"bot_id": "0001020300010203", "x": 0.9102757516405082, "y": 2.0680744371815356, "z": 0.0}
{"bot_id": "0001020300010203", "x": 0.9072743116554566, "y": 2.074271710954025, "z": 0.0}
{"bot_id": "0001020300010203", "x": 0.9235491519989907, "y": 2.084840729443746, "z": 0.0}
{"bot_id": "0001020300010203", "x": 0.9213080329111191, "y": 2.083773123907064, "z": 0.0}
{"bot_id": "0001020300010203", "x": 0.9213080329111191, "y": 2.083773123907064, "z": 0.0}
{"bot_id": "0001020300010203", "x": 0.9202152973376747, "y": 2.083240089053768, "z": 0.0}
{"bot_id": "0001020300010203", "x": 0.9202152973376747, "y": 2.083240089053768, "z": 0.0}
{"bot_id": "0001020300010203", "x": 0.9213080329111191, "y": 2.083773123907064, "z": 0.0}
{"bot_id": "0001020300010203", "x": 0.9102757516405082, "y": 2.0680744371815356, "z": 0.0}
{"bot_id": "0001020300010203", "x": 0.9062063806936589, "y": 2.0737507779602904, "z": 0.0}
