{"bot_id": "0001020300010203", "x": 1.0561971317164784, "y": 2.5485155593544975, "z": 0.0}
{"bot_id": "0001020300010203", "x": 1.0561971317164784, "y": 2.5485155593544975, "z": 0.0}
{"bot_id": "0001020300010203", "x": 1.060067664247318, "y": 2.5391646690769445, "z": 0.0}
{"bot_id": "0001020300010203", "x": 1.060067664247318, "y": 2.5391646690769445, "z": 0.0}
{"bot_id": "0001020300010203", "x": 1.084054297761387, "y": 2.5691856934093806, "z": 0.0}
{"bot_id": "0001020300010203", "x": 1.084054297761387, "y": 2.5691856934093806, "z": 0.0}
{"bot_id": "0001020300010203", "x": 1.084054297761387, "y": 2.5691856934093806, "z": 0.0}
{"bot_id": "0001020300010203", "x": 1.084054297761387, "y": 2.5691856934093806, "z": 0.0}
{"bot_id": "0001020300010203", "x": 1.084054297761387, "y": 2.5691856934093806, "z": 0.0}
{"bot_id": "0001020300010203", "x": 1.084054297761387, "y": 2.5691856934093806, "z": 0.0}
{"bot_id": "0001020300010203", "x": 1.084054297761387, "y": 2.5691856934093806, "z": 0.0}
{"bot_id": "0001020300010203", "x": 1.084054297761387, "y": 2.5691856934093806, "z": 0.0}
{"bot_id": "0001020300010203", "x": 1.0769750499050916, "y": 2.558292337965374, "z": 0.0}
{"bot_id": "0001020300010203", "x": 1.0769750499050916, "y": 2.558292337965374, "z": 0.0}
{"bot_id": "0001020300010203", "x": 1.0636096626049092, "y": 2.572498007210803, "z": 0.0}
{"bot_id": "0001020300010203", "x": 1.0636096626049092, "y": 2.572498007210803, "z": 0.0}
{"bot_id": "0001020300010203", "x": 1.0636096626049092, "y": 2.572498007210803, "z": 0.0}
{"bot_id": "0001020300010203", "x": 1.0636096626049092, "y": 2.572498007210803, "z": 0.0}
{"bot_id": "0001020300010203", "x": 1.0636096626049092, "y": 2.572498007210803, "z": 0.0}
{"bot_id": "0001020300010203", "x": 1.0568444745198957, "y": 2.580828862970744, "z": 0.0}
{"bot_id": "0001020300010203", "x": 1.0568444745198957, "y": 2.580828862970744, "z": 0.0}
{"bot_id": "0001020300010203", "x": 1.0019596420517973, "y": 2.622850988960766, "z": 0.0}
{"bot_id": "0001020300010203", "x": 1.0019596420517973, "y": 2.622850988960766, "z": 0.0}
{"bot_id": "0001020300010203", "x": 1.0019596420517973, "y": 2.622850988960766, "z": 0.0}
{"bot_id": "0001020300010203", "x": 1.0019596420517973, "y": 2.622850988960766, "z": 0.0}
{"bot_id": "0001020300010203", "x": 1.0019596420517973, "y": 2.622850988960766, "z": 0.0}
{"bot_id": "0001020300010203", "x": 1.0019596420517973, "y": 2.622850988960766, "z": 0.0}
{"bot_id": "0001020300010203", "x": 1.003100988786794, "y": 2.6173055776206926, "z": 0.0}
{"bot_id": "0001020300010203", "x": 0.9952737237149203, "y": 2.6283217346909113, "z": 0.0}
{"bot_id": "0001020300010203", "x": 0.9952737237149203, "y": 2.6283217346909113, "z": 0.0}
{"bot_id": "0001020300010203", "x": 1.0107612404532917, "y": 2.6500159063226025, "z": 0.0}
{"bot_id": "0001020300010203", "x": 1.0214047409233848, "y": 2.6471990787794475, "z": 0.0}
{"bot_id": "0001020300010203", "x": 1.0144207094927216, "y": 2.635340676203624, "z": 0.0}
{"bot_id": "0001020300010203", "x": 1.0793257869450175, "y": 2.5408380526897427, "z": 0.0}
{"bot_id": "0001020300010203", "x": 1.0759093075062627, "y": 2.5354096829659145, "z": 0.0}
{"bot_id": "0001020300010203", "x": 1.0612303765734183, "y": 2.55678965207513, "z": 0.0}
{"bot_id": "0001020300010203", "x": 1.0566992890561984, "y": 2.559040531376117, "z": 0.0}
{"bot_id": "0001020300010203", "x": 1.0584014409374929, "y": 2.5617948832518325, "z": 0.0}
{"bot_id": "0001020300010203", "x": 1.0578628059989081, "y": 2.557112058206185, "z": 0.0}
{"bot_id": "0001020300010203", "x": 1.0589771372455565, "y": 2.556558261635878, "z": 0.0}
{"bot_id": "0001020300010203", "x": 1.065572172355362, "y": 2.549436106525759, "z": 0.0}
{"bot_id": "0001020300010203", "x": 1.0689889631688867, "y": 2.5477379350117135, "z": 0.0}
{"bot_id": "0001020300010203", "x": 1.0672867393012704, "y": 2.5450063801873792, "z": 0.0}
{"bot_id": "0001020300010203", "x": 1.0672867393012704, "y": 2.5450063801873792, "z": 0.0}
{"bot_id": "0001020300010203", "x": 1.0689889631688867, "y": 2.5477379350117135, "z": 0.0}
{"bot_id": "0001020300010203", "x": 1.0776113931183988, "y": 2.5381251207149775, "z": 0.0}
{"bot_id": "0001020300010203", "x": 1.091710432676223, "y": 2.5547650404477955, "z": 0.0}
{"bot_id": "0001020300010203", "x": 1.0836578942476662, "y": 2.5743154696565016, "z": 0.0}
{"bot_id": "0001020300010203", "x": 1.0741332986502279, "y": 2.5765893370318365, "z": 0.0}
{"bot_id": "0001020300010203", "x": 1.0687685619349074, "y": 2.5684156761993755, "z": 0.0}
{"bot_id": "0001020300010203", "x": 1.0753265847777955, "y": 2.5611998944585315, "z": 0.0}
{"bot_id": "0001020300010203", "x": 1.076441054593309, "y": 2.5606462104754266, "z": 0.0}
{"bot_id": "0001020300010203", "x": 1.0637073336499792, "y": 2.5797070072550694, "z": 0.0}
{"bot_id": "0001020300010203", "x": 1.064834278366866, "y": 2.579147597435883, "z": 0.0}
{"bot_id": "0001020300010203", "x": 1.0613190158174641, "y": 2.5736353147132354, "z": 0.0}
{"bot_id": "0001020300010203", "x": 1.0647734649076066, "y": 2.571920186175663, "z": 0.0}
{"bot_id": "0001020300010203", "x": 1.0647734649076066, "y": 2.571920186175663, "z": 0.0}
{"bot_id": "0001020300010203", "x": 1.0775461429900537, "y": 2.547946613275716, "z": 0.0}
{"bot_id": "0001020300010203", "x": 1.07929780688354, "y": 2.5506646939997526, "z": 0.0}
{"bot_id": "0001020300010203", "x": 1.053278545190934, "y": 2.5976716667178623, "z": 0.0}
{"bot_id": "0001020300010203", "x": 1.0367650215563318, "y": 2.5886907875753096, "z": 0.0}
{"bot_id": "0001020300010203", "x": 1.0367650215563318, "y": 2.5886907875753096, "z": 0.0}
{"bot_id": "0001020300010203", "x": 1.0699078768060515, "y": 2.544646144315881, "z": 0.0}
{"bot_id": "0001020300010203", "x": 1.068793624252145, "y": 2.545200004824041, "z": 0.0}
{"bot_id": "0001020300010203", "x": 1.068793624252145, "y": 2.545200004824041, "z": 0.0}
{"bot_id": "0001020300010203", "x": 1.0682550329043865, "y": 2.5347713577616053, "z": 0.0}
{"bot_id": "0001020300010203", "x": 1.0682550329043865, "y": 2.5347713577616053, "z": 0.0}
{"bot_id": "0001020300010203", "x": 1.0510878962800256, "y": 2.5582227266714357, "z": 0.0}
{"bot_id": "0001020300010203", "x": 1.040127956989393, "y": 2.542127090768112, "z": 0.0}
{"bot_id": "0001020300010203", "x": 1.040127956989393, "y": 2.542127090768112, "z": 0.0}
{"bot_id": "0001020300010203", "x": 1.0615848942298496, "y": 2.5141745949571934, "z": 0.0}
{"bot_id": "0001020300010203", "x": 1.07711092303884, "y": 2.5298421504670996, "z": 0.0}
{"bot_id": "0001020300010203", "x": 1.07711092303884, "y": 2.5298421504670996, "z": 0.0}
{"bot_id": "0001020300010203", "x": 1.0671185460242154, "y": 2.5184887919139722, "z": 0.0}
{"bot_id": "0001020300010203", "x": 1.0568937232900038, "y": 2.535006976457929, "z": 0.0}
{"bot_id": "0001020300010203", "x": 1.0604988106421764, "y": 2.528245554943829, "z": 0.0}
{"bot_id": "0001020300010203", "x": 1.0537970158782062, "y": 2.5351914758080203, "z": 0.0}
{"bot_id": "0001020300010203", "x": 1.0747318983502847, "y": 2.5716578665565493, "z": 0.0}
{"bot_id": "0001020300010203", "x": 1.0747318983502847, "y": 2.5716578665565493, "z": 0.0}
{"bot_id": "0001020300010203", "x": 1.0880227638210647, "y": 2.5573165400044218, "z": 0.0}
{"bot_id": "0001020300010203", "x": 1.0794873021635674, "y": 2.536437805662801, "z": 0.0}
{"bot_id": "0001020300010203", "x": 1.0794873021635674, "y": 2.536437805662801, "z": 0.0}
{"bot_id": "0001020300010203", "x": 1.0639862620643947, "y": 2.534879841449272, "z": 0.0}
{"bot_id": "0001020300010203", "x": 1.0591574805930768, "y": 2.537274508351051, "z": 0.0}
{"bot_id": "0001020300010203", "x": 1.0591574805930768, "y": 2.537274508351051, "z": 0.0}
{"bot_id": "0001020300010203", "x": 1.0727293301014535, "y": 2.559279485384138, "z": 0.0}
{"bot_id": "0001020300010203", "x": 1.0815417449183011, "y": 2.5497454573045637, "z": 0.0}
{"bot_id": "0001020300010203", "x": 1.0876100184755328, "y": 2.546737911038444, "z": 0.0}
{"bot_id": "0001020300010203", "x": 1.0919429177896252,