{"bot_id": "0001020300010203", "x": 0.6851945476318517, "y": 1.8482097646844307, "z": 0.0}
{"bot_id": "0001020300010203", "x": 0.6851945476318517, "y": 1.8482097646844307, "z": 0.0}
{"bot_id": "0001020300010203", "x": 0.6828805803110587, "y": 1.8470776595948375, "z": 0.0}
{"bot_id": "0001020300010203", "x": 0.6828805803110587, "y": 1.8470776595948375, "z": 0.0}
{"bot_id": "0001020300010203", "x": 0.6828805803110587, "y": 1.8470776595948375, "z": 0.0}
{"bot_id": "0001020300010203", "x": 0.6828805803110587, "y": 1.8470776595948375, "z": 0.0}
{"bot_id": "0001020300010203", "x": 0.6828805803110587, "y": 1.8470776595948375, "z": 0.0}
{"bot_id": "0001020300010203", "x": 0.6907073958553915, "y": 1.8509169253649609, "z": 0.0}
{"bot_id": "0001020300010203", "x": 0.6907073958553915, "y": 1.8509169253649609, "z": 0.0}
{"bot_id": "0001020300010203", "x": 0.6907073958553915, "y": 1.8509169253649609, "z": 0.0}
{"bot_id": "0001020300010203", "x": 0.6907073958553915, "y": 1.8509169253649609, "z": 0.0}
{"bot_id": "0001020300010203", "x": 0.6902138472077834, "y": 1.8582949230330081, "z": 0.0}
{"bot_id": "0001020300010203", "x": 0.7298775469115604, "y": 1.9082133387437716, "z": 0.0}
{"bot_id": "0001020300010203", "x": 0.7298775469115604, "y": 1.9082133387437716, "z": 0.0}
{"bot_id": "0001020300010203", "x": 0.7298775469115604, "y": 1.9082133387437716, "z": 0.0}
{"bot_id": "0001020300010203", "x": 0.6899942583754801, "y": 1.8505644584911045, "z": 0.0}
{"bot_id": "0001020300010203", "x": 0.6861299527335336, "y": 1.8486687521761813, "z": 0.0}
{"bot_id": "0001020300010203", "x": 0.6861299527335336, "y": 1.8486687521761813, "z": 0.0}
{"bot_id": "0001020300010203", "x": 0.6842116561236763, "y": 1.8425883144675475, "z": 0.0}
{"bot_id": "0001020300010203", "x": 0.6911403265628173, "y": 1.8511177497342515, "z": 0.0}
{"bot_id": "0001020300010203", "x": 0.686892318228014, "y": 1.8515248807178455, "z": 0.0}
{"bot_id": "0001020300010203", "x": 0.6851945476318517, "y": 1.8482097646844307, "z": 0.0}
{"bot_id": "0001020300010203", "x": 0.6842116561236763, "y": 1.8425883144675475, "z": 0.0}
{"bot_id": "0001020300010203", "x": 0.6842116561236763, "y": 1.8425883144675475, "z": 0.0}
{"bot_id": "0001020300010203", "x": 0.6851945476318517, "y": 1.8482097646844307, "z": 0.0}
{"bot_id": "0001020300010203", "x": 0.6874963464509535, "y": 1.8493359798722293, "z": 0.0}
{"bot_id": "0001020300010203", "x": 0.6893794079286131, "y": 1.8502599157054718, "z": 0.0}
{"bot_id": "0001020300010203", "x": 0.6893794079286131, "y": 1.8502599157054718, "z": 0.0}
{"bot_id": "0001020300010203", "x": 0.6874963464509535, "y": 1.8493359798722293, "z": 0.0}
{"bot_id": "0001020300010203", "x": 0.6874963464509535, "y": 1.8493359798722293, "z": 0.0}
