{"bot_id": "0001020300010203", "x": 0.6904611182747475, "y": 1.8481218573316216, "z": 0.0}
{"bot_id": "0001020300010203", "x": 0.6904611182747475, "y": 1.8481218573316216, "z": 0.0}
{"bot_id": "0001020300010203", "x": 0.6904611182747475, "y": 1.8481218573316216, "z": 0.0}
{"bot_id": "0001020300010203", "x": 0.6904611182747475, "y": 1.8481218573316216, "z": 0.0}
{"bot_id": "0001020300010203", "x": 0.6904611182747475, "y": 1.8481218573316216, "z": 0.0}
{"bot_id": "0001020300010203", "x": 0.6904611182747475, "y": 1.8481218573316216, "z": 0.0}
{"bot_id": "0001020300010203", "x": 0.6904611182747475, "y": 1.8481218573316216, "z": 0.0}
{"bot_id": "0001020300010203", "x": 0.689611272355344, "y": 1.8477044143692505, "z": 0.0}
{"bot_id": "0001020300010203", "x": 0.6949543597755126, "y": 1.8554689170029592, "z": 0.0}
{"bot_id": "0001020300010203", "x": 0.6949543597755126, "y": 1.8554689170029592, "z": 0.0}
{"bot_id": "0001020300010203", "x": 0.6887736894280189, "y": 1.8472929417425743, "z": 0.0}
{"bot_id": "0001020300010203", "x": 0.6887736894280189, "y": 1.8472929417425743, "z": 0.0}
{"bot_id": "0001020300010203", "x": 0.6949543597755126, "y": 1.8554689170029592, "z": 0.0}
{"bot_id": "0001020300010203", "x": 0.6949543597755126, "y": 1.8554689170029592, "z": 0.0}
{"bot_id": "0001020300010203", "x": 0.6879483700314619, "y": 1.8468874399159807, "z": 0.0}
{"bot_id": "0001020300010203", "x": 0.6879483700314619, "y": 1.8468874399159807, "z": 0.0}
