{"bot_id": "0001020300010203", "x": 0.9346733390569276, "y": 2.0980121846680504, "z": 0.0}
{"bot_id": "0001020300010203", "x": 0.9346733390569276, "y": 2.0980121846680504, "z": 0.0}
{"bot_id": "0001020300010203", "x": 0.9346733390569276, "y": 2.0980121846680504, "z": 0.0}
{"bot_id": "0001020300010203", "x": 0.9346733390569276, "y": 2.0980121846680504, "z": 0.0}
{"bot_id": "0001020300010203", "x": 0.9279642712086567, "y": 2.094691281602368, "z": 0.0}
{"bot_id": "0001020300010203", "x": 0.9279642712086567, "y": 2.094691281602368, "z": 0.0}
{"bot_id": "0001020300010203", "x": 0.9374594219527894, "y": 2.1044320607288745, "z": 0.0}
{"bot_id": "0001020300010203", "x": 0.9374594219527894, "y": 2.1044320607288745, "z": 0.0}
{"bot_id": "0001020300010203", "x": 0.9374594219527894, "y": 2.1044320607288745, "z": 0.0}
{"bot_id": "0001020300010203", "x": 0.9374594219527894, "y": 2.1044320607288745, "z": 0.0}
{"bot_id": "0001020300010203", "x": 0.9419201799460927, "y": 2.106641443685783, "z": 0.0}
{"bot_id": "0001020300010203", "x": 0.9324247442704754, "y": 2.096899174780936, "z": 0.0}
{"bot_id": "0001020300010203", "x": 0.9324247442704754, "y": 2.096899174780936, "z": 0.0}
{"bot_id": "0001020300010203", "x": 0.9419201799460927, "y": 2.106641443685783, "z": 0.0}
{"bot_id": "0001020300010203", "x": 0.9396836808328985, "y": 2.1055337295604577, "z": 0.0}
{"bot_id": "0001020300010203", "x": 0.9301883889647824, "y": 2.095792207213075, "z": 0.0}
{"bot_id": "0001020300010203", "x": 0.7128169616905966, "y": 1.7830034463584807, "z": 0.0}
{"bot_id": "0001020300010203", "x": 0.7128169616905966, "y": 1.7830034463584807, "z": 0.0}
{"bot_id": "0001020300010203", "x": 0.9346733390569276, "y": 2.0980121846680504, "z": 0.0}
{"bot_id": "0001020300010203", "x": 0.9441689211635291, "y": 2.1077552034167093, "z": 0.0}
{"bot_id": "0001020300010203", "x": 0.9487031374774344, "y": 2.110000860956419, "z": 0.0}
{"bot_id": "0001020300010203", "x": 0.9487031374774344, "y": 2.110000860956419, "z": 0.0}
{"bot_id": "0001020300010203", "x": 0.9396836808328985, "y": 2.1055337295604577, "z": 0.0}
{"bot_id": "0001020300010203", "x": 0.9301883889647824, "y": 2.095792207213075, "z": 0.0}
{"bot_id": "0001020300010203", "x": 0.9363339063028835, "y": 2.1013874719133607, "z": 0.0}
{"bot_id": "0001020300010203", "x": 0.9363339063028835, "y": 2.1013874719133607, "z": 0.0}
{"bot_id": "0001020300010203", "x": 0.9301883889647824, "y": 2.095792207213075, "z": 0.0}
{"bot_id": "0001020300010203", "x": 0.9396836808328985, "y": 2.1055337295604577, "z": 0.0}
{"bot_id": "0001020300010203", "x": 0.9419201799460927, "y": 2.106641443685783, "z": 0.0}
{"bot_id": "0001020300010203", "x": 0.9324247442704754, "y": 2.096899174780936, "z": 0.0}
{"bot_id": "0001020300010203", "x": 0.9279642712086567, "y": 2.094691281602368, "z": 0.0}
{"bot_id": "0001020300010203", "x": 0.9374594219527894, "y": 2.1044320607288745, "z": 0.0}
{"bot_id": "0001020300010203", "x": 0.9374594219527894, "y": 2.1044320607288745, "z": 0.0}
{"bot_id": "0001020300010203", "x": 0.9374594219527894, "y": 2.1044320607288745, "z": 0.0}
{"bot_id": "0001020300010203", "x": 0.722144253898136, "y": 1.7875995312219843, "z": 0.0}
{"bot_id": "0001020300010203", "x": 0.722144253898136, "y": 1.7875995312219843, "z": 0.0}
