{"bot_id": "0001020300010203", "x": 0.6828805803110587, "y": 1.8470776595948375, "z": 0.0}
{"bot_id": "0001020300010203", "x": 0.6828805803110587, "y": 1.8470776595948375, "z": 0.0}
{"bot_id": "0001020300010203", "x": 0.6828805803110587, "y": 1.8470776595948375, "z": 0.0}
{"bot_id": "0001020300010203", "x": 0.6828805803110587, "y": 1.8470776595948375, "z": 0.0}
{"bot_id": "0001020300010203", "x": 0.6828805803110587, "y": 1.8470776595948375, "z": 0.0}
{"bot_id": "0001020300010203", "x": 0.6828805803110587, "y": 1.8470776595948375, "z": 0.0}
{"bot_id": "0001020300010203", "x": 0.6828805803110587, "y": 1.8470776595948375, "z": 0.0}
{"bot_id": "0001020300010203", "x": 0.6851945476318517, "y": 1.8482097646844307, "z": 0.0}
{"bot_id": "0001020300010203", "x": 0.687077626775098, "y": 1.8491337156596042, "z": 0.0}
{"bot_id": "0001020300010203", "x": 0.6847636775790902, "y": 1.8480016261055416, "z": 0.0}
{"bot_id": "0001020300010203", "x": 0.6874963464509535, "y": 1.8493359798722293, "z": 0.0}
{"bot_id": "0001020300010203", "x": 0.6874963464509535, "y": 1.8493359798722293, "z": 0.0}
{"bot_id": "0001020300010203", "x": 0.688431742615665, "y": 1.8497949597037198, "z": 0.0}
{"bot_id": "0001020300010203", "x": 0.6861299527335336, "y": 1.8486687521761813, "z": 0.0}
{"bot_id": "0001020300010203", "x": 0.6842116561236763, "y": 1.8425883144675475, "z": 0.0}
{"bot_id": "0001020300010203", "x": 0.6795711783476877, "y": 1.8403183571146196, "z": 0.0}
{"bot_id": "0001020300010203", "x": 0.6795711783476877, "y": 1.8403183571146196, "z": 0.0}
{"bot_id": "0001020300010203", "x": 0.6842116561236763, "y": 1.8425883144675475, "z": 0.0}
{"bot_id": "0001020300010203", "x": 0.6851945476318517, "y": 1.8482097646844307, "z": 0.0}
{"bot_id": "0001020300010203", "x": 0.6851945476318517, "y": 1.8482097646844307, "z": 0.0}
{"bot_id": "0001020300010203", "x": 0.6880375693363413, "y": 1.8496046547745257, "z": 0.0}
{"bot_id": "0001020300010203", "x": 0.6903393419704056, "y": 1.8507308475180066, "z": 0.0}
{"bot_id": "0001020300010203", "x": 0.6847031482003, "y": 1.8428253655133582, "z": 0.0}
{"bot_id": "0001020300010203", "x": 0.6800869567014403, "y": 1.84056712783444, "z": 0.0}
{"bot_id": "0001020300010203", "x": 0.6809860936212949, "y": 1.8410087154583097, "z": 0.0}
{"bot_id": "0001020300010203", "x": 0.6856022642325268, "y": 1.84326693448756, "z": 0.0}
{"bot_id": "0001020300010203", "x": 0.6865732198614245, "y": 1.8488829765769543, "z": 0.0}
{"bot_id": "0001020300010203", "x": 0.6795711783476877, "y": 1.8403183571146196, "z": 0.0}
{"bot_id": "0001020300010203", "x": 0.6795711783476877, "y": 1.8403183571146196, "z": 0.0}
{"bot_id": "0001020300010203", "x": 0.6842116561236763, "y": 1.8425883144675475, "z": 0.0}
{"bot_id": "0001020300010203", "x": 0.6851945476318517, "y": 1.8482097646844307, "z": 0.0}
{"bot_id": "0001020300010203", "x": 0.6851945476318517, "y": 1.8482097646844307, "z": 0.0}
{"bot_id": "0001020300010203", "x": 0.6842116561236763, "y": 1.8425883144675475, "z": 0.0}
{"bot_id": "0001020300010203", "x": 0.6842116561236763, "y": 1.8425883144675475, "z": 0.0}
{"bot_id": "0001020300010203", "x": 0.6842116561236763, "y": 1.8425883144675475, "z": 0.0}
{"bot_id": "0001020300010203", "x": 0.6772326950808094, "y": 1.8391745621906508, "z": 0.0}
{"bot_id": "0001020300010203", "x": 0.6772326950808094, "y": 1.8391745621906508, "z": 0.0}
{"bot_id": "0001020300010203", "x": 0.6865732198614245, "y": 1.8488829765769543, "z": 0.0}
{"bot_id": "0001020300010203", "x": 0.6874963464509535, "y": 1.8493359798722293, "z": 0.0}
{"bot_id": "0001020300010203", "x": 0.6851945476318517, "y": 1.8482097646844307, "z": 0.0}
{"bot_id": "0001020300010203", "x": 0.6833002611502749, "y": 1.8421407644040102, "z": 0.0}
{"bot_id": "0001020300010203", "x": 0.6809860936212949, "y": 1.8410087154583097, "z": 0.0}
