{"bot_id": "0001020300010203", "x": 0.9102757516405082, "y": 2.0680744371815356, "z": 0.0}
{"bot_id": "0001020300010203", "x": 0.9102757516405082, "y": 2.0680744371815356, "z": 0.0}
{"bot_id": "0001020300010203", "x": 0.9102757516405082, "y": 2.0680744371815356, "z": 0.0}
{"bot_id": "0001020300010203", "x": 0.9102757516405082, "y": 2.0680744371815356, "z": 0.0}
{"bot_id": "0001020300010203", "x": 0.9102757516405082, "y": 2.0680744371815356, "z": 0.0}
{"bot_id": "0001020300010203", "x": 0.9102757516405082, "y": 2.0680744371815356, "z": 0.0}
{"bot_id": "0001020300010203", "x": 0.9102757516405082, "y": 2.0680744371815356, "z": 0.0}
{"bot_id": "0001020300010203", "x": 0.9062063806936589, "y": 2.0737507779602904, "z": 0.0}
{"bot_id": "0001020300010203", "x": 0.9062063806936589, "y": 2.0737507779602904, "z": 0.0}
{"bot_id": "0001020300010203", "x": 0.9062063806936589, "y": 2.0737507779602904, "z": 0.0}
{"bot_id": "0001020300010203", "x": 0.9062063806936589, "y": 2.0737507779602904, "z": 0.0}
{"bot_id": "0001020300010203", "x": 0.9062063806936589, "y": 2.0737507779602904, "z": 0.0}
{"bot_id": "0001020300010203", "x": 0.9062063806936589, "y": 2.0737507779602904, "z": 0.0}
{"bot_id": "0001020300010203", "x": 0.9062063806936589, "y": 2.0737507779602904, "z": 0.0}
{"bot_id": "0001020300010203", "x": 0.9062063806936589, "y": 2.0737507779602904, "z": 0.0}
{"bot_id": "0001020300010203", "x": 0.9083301428780048, "y": 2.0747866360949363, "z": 0.0}
{"bot_id": "0001020300010203", "x": 0.9083301428780048, "y": 2.0747866360949363, "z": 0.0}
{"bot_id": "0001020300010203", "x": 0.9062063806936589, "y": 2.0737507779602904, "z": 0.0}
{"bot_id": "0001020300010203", "x": 0.9062063806936589, "y": 2.0737507779602904, "z": 0.0}
{"bot_id": "0001020300010203", "x": 0.9062063806936589, "y": 2.0737507779602904, "z": 0.0}
{"bot_id": "0001020300010203", "x": 0.9062063806936589, "y": 2.0737507779602904, "z": 0.0}
{"bot_id": "0001020300010203", "x": 0.9046951188728094, "y": 2.0653486927659164, "z": 0.0}
{"bot_id": "0001020300010203", "x": 0.9046951188728094, "y": 2.0653486927659164, "z": 0.0}
{"bot_id": "0001020300010203", "x": 0.9083301428780048, "y": 2.0747866360949363, "z": 0.0}
{"bot_id": "0001020300010203", "x": 0.9083301428780048, "y": 2.0747866360949363, "z": 0.0}
{"bot_id": "0001020300010203", "x": 0.9102757516405082, "y": 2.0680744371815356, "z": 0.0}
{"bot_id": "0001020300010203", "x": 0.9102757516405082, "y": 2.0680744371815356, "z": 0.0}
{"bot_id": "0001020300010203", "x": 0.9069636699064518, "y": 2.0664569913345616, "z": 0.0}
{"bot_id": "0001020300010203", "x": 0.9179935580023375, "y": 2.082155998553983, "z": 0.0}
{"bot_id": "0001020300010203", "x": 0.9191104718928316, "y": 2.0827010471682903, "z": 0.0}
