{"bot_id": "0001020300010203", "x": 0.9493914060560917, "y": 2.112788877554573, "z": 0.0}
{"bot_id": "0001020300010203", "x": 0.9493914060560917, "y": 2.112788877554573, "z": 0.0}
{"bot_id": "0001020300010203", "x": 0.9493914060560917, "y": 2.112788877554573, "z": 0.0}
{"bot_id": "0001020300010203", "x": 0.9493914060560917, "y": 2.112788877554573, "z": 0.0}
{"bot_id": "0001020300010203", "x": 0.9493914060560917, "y": 2.112788877554573, "z": 0.0}
{"bot_id": "0001020300010203", "x": 0.9493914060560917, "y": 2.112788877554573, "z": 0.0}
{"bot_id": "0001020300010203", "x": 0.9493914060560917, "y": 2.112788877554573, "z": 0.0}
{"bot_id": "0001020300010203", "x": 0.9479510902978976, "y": 2.112092747584234, "z": 0.0}
{"bot_id": "0001020300010203", "x": 0.9479510902978976, "y": 2.112092747584234, "z": 0.0}
{"bot_id": "0001020300010203", "x": 0.9479510902978976, "y": 2.112092747584234, "z": 0.0}
