{"bot_id": "0001020300010203", "x": 0.9098368042046308, "y": 2.07301432013893, "z": 0.0}
{"bot_id": "0001020300010203", "x": 0.9098368042046308, "y": 2.07301432013893, "z": 0.0}
{"bot_id": "0001020300010203", "x": 0.9086232341577982, "y": 2.0724210821027063, "z": 0.0}
{"bot_id": "0001020300010203", "x": 0.9086232341577982, "y": 2.0724210821027063, "z": 0.0}
{"bot_id": "0001020300010203", "x": 0.9086232341577982, "y": 2.0724210821027063, "z": 0.0}
{"bot_id": "0001020300010203", "x": 0.9086232341577982, "y": 2.0724210821027063, "z": 0.0}
{"bot_id": "0001020300010203", "x": 0.9086232341577982, "y": 2.0724210821027063, "z": 0.0}
{"bot_id": "0001020300010203", "x": 0.9086232341577982, "y": 2.0724210821027063, "z": 0.0}
{"bot_id": "0001020300010203", "x": 0.9073013708508546, "y": 2.07179932744048, "z": 0.0}
{"bot_id": "0001020300010203", "x": 0.9073013708508546, "y": 2.07179932744048, "z": 0.0}
{"bot_id": "0001020300010203", "x": 0.9073013708508546, "y": 2.07179932744048, "z": 0.0}
{"bot_id": "0001020300010203", "x": 0.9073013708508546, "y": 2.07179932744048, "z": 0.0}
{"bot_id": "0001020300010203", "x": 0.9073013708508546, "y": 2.07179932744048, "z": 0.0}
{"bot_id": "0001020300010203", "x": 0.9073013708508546, "y": 2.07179932744048, "z": 0.0}
{"bot_id": "0001020300010203", "x": 0.9073013708508546, "y": 2.07179932744048, "z": 0.0}
{"bot_id": "0001020300010203", "x": 0.9073013708508546, "y": 2.07179932744048, "z": 0.0}
{"bot_id": "0001020300010203", "x": 0.9073013708508546, "y": 2.07179932744048, "z": 0.0}
{"bot_id": "0001020300010203", "x": 0.9060627603442053, "y": 2.071193886081282, "z": 0.0}
{"bot_id": "0001020300010203", "x": 0.9060627603442053, "y": 2.071193886081282, "z": 0.0}
{"bot_id": "0001020300010203", "x": 0.9060627603442053, "y": 2.071193886081282, "z": 0.0}
{"bot_id": "0001020300010203", "x": 0.9060627603442053, "y": 2.071193886081282, "z": 0.0}
{"bot_id": "0001020300010203", "x": 0.9060627603442053, "y": 2.071193886081282, "z": 0.0}
{"bot_id": "0001020300010203", "x": 0.9060627603442053, "y": 2.071193886081282, "z": 0.0}
{"bot_id": "0001020300010203", "x": 0.9060627603442053, "y": 2.071193886081282, "z": 0.0}
{"bot_id": "0001020300010203", "x": 0.9060627603442053, "y": 2.071193886081282, "z": 0.0}
{"bot_id": "0001020300010203", "x": 0.9098368042046308, "y": 2.07301432013893, "z": 0.0}
{"bot_id": "0001020300010203", "x": 0.9098368042046308, "y": 2.07301432013893, "z": 0.0}
{"bot_id": "0001020300010203", "x": 0.9098368042046308, "y": 2.07301432013893, "z": 0.0}
{"bot_id": "0001020300010203", "x": 0.9098368042046308, "y": 2.07301432013893, "z": 0.0}
{"bot_id": "0001020300010203", "x": 0.9098368042046308, "y": 2.07301432013893, "z": 0.0}
{"bot_id": "0001020300010203", "x": 0.9098368042046308, "y": 2.07301432013893, "z": 0.0}
{"bot_id": "0001020300010203", "x": 0.9098368042046308, "y": 2.07301432013893, "z": 0.0}
{"bot_id": "0001020300010203", "x": 0.9098368042046308, "y": 2.07301432013893, "z": 0.0}
{"bot_id": "0001020300010203", "x": 0.9098368042046308, "y": 2.07301432013893, "z": 0.0}
{"bot_id": "0001020300010203", "x": 0.9098368042046308, "y": 2.07301432013893, "z": 0.0}
{"bot_id": "0001020300010203", "x": 0.9098368042046308, "y": 2.07301432013893, "z": 0.0}
{"bot_id": "0001020300010203", "x": 0.9098368042046308, "y": 2.07301432013893, "z": 0.0}
{"bot_id": "0001020300010203", "x": 0.9098368042046308, "y": 2.07301432013893, "z": 0.0}
{"bot_id": "0001020300010203", "x": 0.9098368042046308, "y": 2.07301432013893, "z": 0.0}
{"bot_id": "0001020300010203", "x": 0.9098368042046308, "y": 2.07301432013893, "z": 0.0}
{"bot_id": "0001020300010203", "x": 0.9098368042046308, "y": 2.07301432013893, "z": 0.0}
{"bot_id": "0001020300010203", "x": 0.9098368042046308, "y": 2.07301432013893, "z": 0.0}
{"bot_id": "0001020300010203", "x": 0.9098368042046308, "y": 2.07301432013893, "z": 0.0}
{"bot_id": "0001020300010203", "x": 0.9098368042046308, "y": 2.07301432013893, "z": 0.0}
{"bot_id": "0001020300010203", "x": 0.9098368042046308, "y": 2.07301432013893, "z": 0.0}
{"bot_id": "0001020300010203", "x": 0.9098368042046308, "y": 2.07301432013893, "z": 0.0}
{"bot_id": "0001020300010203", "x": 0.9098368042046308, "y": 2.07301432013893, "z": 0.0}
{"bot_id": "0001020300010203", "x": 0.9098368042046308, "y": 2.07301432013893, "z": 0.0}
{"bot_id": "0001020300010203", "x": 0.9098368042046308, "y": 2.07301432013893, "z": 0.0}
{"bot_id": "0001020300010203", "x": 0.9098368042046308, "y": 2.07301432013893, "z": 0.0}
{"bot_id": "0001020300010203", "x": 0.9098368042046308, "y": 2.07301432013893, "z": 0.0}
{"bot_id": "0001020300010203", "x": 0.9098368042046308, "y": 2.07301432013893, "z": 0.0}
{"bot_id": "0001020300010203", "x": 0.9098368042046308, "y": 2.07301432013893, "z": 0.0}
{"bot_id": "0001020300010203", "x": 0.9098368042046308, "y": 2.07301432013893, "z": 0.0}
{"bot_id": "0001020300010203", "x": 0.9035493354257942, "y": 2.0699650159237617, "z": 0.0}
{"bot_id": "0001020300010203", "x": 0.9035493354257942, "y": 2.0699650159237617, "z": 0.0}
{"bot_id": "0001020300010203", "x": 0.9035493354257942, "y": 2.0699650159237617, "z": 0.0}
{"bot_id": "0001020300010203", "x": 0.9035493354257942, "y": 2.0699650159237617, "z": 0.0}
{"bot_id": "0001020300010203", "x": 0.9035493354257942, "y": 2.0699650159237617, "z": 0.0}
{"bot_id": "0001020300010203", "x": 0.9035493354257942, "y": 2.0699650159237617, "z": 0.0}
{"bot_id": "0001020300010203", "x": 0.9035493354257942, "y": 2.0699650159237617, "z": 0.0}
{"bot_id": "0001020300010203", "x": 0.9035493354257942, "y": 2.0699650159237617, "z": 0.0}
{"bot_id": "0001020300010203", "x": 0.9098368042046308, "y": 2.07301432013893, "z": 0.0}
{"bot_id": "0001020300010203", "x": 0.9098368042046308, "y": 2.07301432013893, "z": 0.0}
{"bot_id": "0001020300010203", "x": 0.9098368042046308, "y": 2.07301432013893, "z": 0.0}
{"bot_id": "0001020300010203", "x": 0.9098368042046308, "y": 2.07301432013893, "z": 0.0}
{"bot_id": "0001020300010203", "x": 0.9098368042046308, "y": 2.07301432013893, "z": 0.0}
{"bot_id": "0001020300010203", "x": 0.9098368042046308, "y": 2.07301432013893, "z": 0.0}
{"bot_id": "0001020300010203", "x": 0.9098368042046308, "y": 2.07301432013893, "z": 0.0}
{"bot_id": "0001020300010203", "x": 0.9098368042046308, "y": 2.07301432013893, "z": 0.0}
{"bot_id": "0001020300010203", "x": 0.9110382972349494, "y": 2.0736015602444606, "z": 0.0}
{"bot_id": "0001020300010203", "x": 0.9110382972349494, "y": 2.0736015602444606, "z": 0.0}
{"bot_id": "0001020300010203", "x": 0.9110382972349494, "y": 2.0736015602444606, "z": 0.0}
{"bot_id": "0001020300010203", "x": 0.9110382972349494, "y": 2.0736015602444606, "z": 0.0}
{"bot_id": "0001020300010203", "x": 0.9110382972349494, "y": 2.0736015602444606, "z": 0.0}
{"bot_id": "0001020300010203", "x": 0.9110382972349494, "y": 2.0736015602444606, "z": 0.0}
{"bot_id": "0001020300010203", "x": 0.9110382972349494, "y": 2.0736015602444606, "z": 0.0}
{"bot_id": "0001020300010203", "x": 0.9110382972349494, "y": 2.0736015602444606, "z": 0.0}
{"bot_id": "0001020300010203", "x": 0.9110382972349494, "y": 2.0736015602444606, "z": 0.0}
{"bot_id": "0001020300010203", "x": 0.9060627603442053, "y": 2.071193886081282, "z": 0.0}
{"bot_id": "0001020300010203", "x": 0.9060627603442053, "y": 2.071193886081282, "z": 0.0}
{"bot_id": "0001020300010203", "x": 0.9060627603442053, "y": 2.071193886081282, "z": 0.0}
{"bot_id": "0001020300010203", "x": 0.9060627603442053, "y": 2.071193886081282, "z": 0.0}
{"bot_id": "0001020300010203", "x": 0.9060627603442053, "y": 2.071193886081282, "z": 0.0}
{"bot_id": "0001020300010203", "x": 0.9060627603442053, "y": 2.071193886081282, "z": 0.0}
{"bot_id": "0001020300010203", "x": 0.9060627603442053, "y": 2.071193886081282, "z": 0.0}
{"bot_id": "0001020300010203", "x": 0.9060627603442053, "y": 2.071193886081282, "z": 0.0}
{"bot_id": "0001020300010203", "x": 0.9060627603442053, "y": 2.071193886081282, "z": 0.0}
{"bot_id": "0001020300010203", "x": 0.9098368042046308, "y": 2.07301432013893,