{"bot_id": "0001020300010203", "x": 0.6810592475157191, "y": 1.8461907432119324, "z": 0.0}
{"bot_id": "0001020300010203", "x": 0.6810592475157191, "y": 1.8461907432119324, "z": 0.0}
{"bot_id": "0001020300010203", "x": 0.6810592475157191, "y": 1.8461907432119324, "z": 0.0}
{"bot_id": "0001020300010203", "x": 0.6810592475157191, "y": 1.8461907432119324, "z": 0.0}
{"bot_id": "0001020300010203", "x": 0.6830159884592124, "y": 1.847150591417958, "z": 0.0}
{"bot_id": "0001020300010203", "x": 0.6830159884592124, "y": 1.847150591417958, "z": 0.0}
{"bot_id": "0001020300010203", "x": 0.6830159884592124, "y": 1.847150591417958, "z": 0.0}
{"bot_id": "0001020300010203", "x": 0.6830159884592124, "y": 1.847150591417958, "z": 0.0}
{"bot_id": "0001020300010203", "x": 0.7006754865279852, "y": 1.8582750502090413, "z": 0.0}
{"bot_id": "0001020300010203", "x": 0.6977597517344907, "y": 1.8568451094927982, "z": 0.0}
{"bot_id": "0001020300010203", "x": 0.680099278037201, "y": 1.8457197810250614, "z": 0.0}
{"bot_id": "0001020300010203", "x": 0.6810592475157191, "y": 1.8461907432119324, "z": 0.0}
{"bot_id": "0001020300010203", "x": 0.6810592475157191, "y": 1.8461907432119324, "z": 0.0}
{"bot_id": "0001020300010203", "x": 0.6810592475157191, "y": 1.8461907432119324, "z": 0.0}
{"bot_id": "0001020300010203", "x": 0.6810592475157191, "y": 1.8461907432119324, "z": 0.0}
{"bot_id": "0001020300010203", "x": 0.6763212683166813, "y": 1.8387269837425362, "z": 0.0}
{"bot_id": "0001020300010203", "x": 0.6763212683166813, "y": 1.8387269837425362, "z": 0.0}
{"bot_id": "0001020300010203", "x": 0.685021796043193, "y": 1.848134335774351, "z": 0.0}
{"bot_id": "0001020300010203", "x": 0.685021796043193, "y": 1.848134335774351, "z": 0.0}
{"bot_id": "0001020300010203", "x": 0.685021796043193, "y": 1.848134335774351, "z": 0.0}
{"bot_id": "0001020300010203", "x": 0.685021796043193, "y": 1.848134335774351, "z": 0.0}
{"bot_id": "0001020300010203", "x": 0.6772326950808094, "y": 1.8391745621906508, "z": 0.0}
{"bot_id": "0001020300010203", "x": 0.6772326950808094, "y": 1.8391745621906508, "z": 0.0}
{"bot_id": "0001020300010203", "x": 0.6791515764382043, "y": 1.845254793920982, "z": 0.0}
{"bot_id": "0001020300010203", "x": 0.6791515764382043, "y": 1.845254793920982, "z": 0.0}
{"bot_id": "0001020300010203", "x": 0.6810592475157191, "y": 1.8461907432119324, "z": 0.0}
{"bot_id": "0001020300010203", "x": 0.6810592475157191, "y": 1.8461907432119324, "z": 0.0}
{"bot_id": "0001020300010203", "x": 0.6791515764382043, "y": 1.845254793920982, "z": 0.0}
{"bot_id": "0001020300010203", "x": 0.6791515764382043, "y": 1.845254793920982, "z": 0.0}
{"bot_id": "0001020300010203", "x": 0.6791515764382043, "y": 1.845254793920982, "z": 0.0}
{"bot_id": "0001020300010203", "x": 0.6791515764382043, "y": 1.845254793920982, "z": 0.0}
{"bot_id": "0001020300010203", "x": 0.680099278037201, "y": 1.8457197810250614, "z": 0.0}
{"bot_id": "0001020300010203", "x": 0.680099278037201, "y": 1.8457197810250614, "z": 0.0}
{"bot_id": "0001020300010203", "x": 0.6782161431414218, "y": 1.8447957822620022, "z": 0.0}
{"bot_id": "0001020300010203", "x": 0.6782161431414218, "y": 1.8447957822620022, "z": 0.0}
{"bot_id": "0001020300010203", "x": 0.6810592475157191, "y": 1.8461907432119324, "z": 0.0}
{"bot_id": "0001020300010203", "x": 0.6810592475157191, "y": 1.8461907432119324, "z": 0.0}
{"bot_id": "0001020300010203", "x": 0.6782161431414218, "y": 1.8447957822620022, "z": 0.0}
{"bot_id": "0001020300010203", "x": 0.6782161431414218, "y": 1.8447957822620022, "z": 0.0}
{"bot_id": "0001020300010203", "x": 0.6810592475157191, "y": 1.8461907432119324, "z": 0.0}
{"bot_id": "0001020300010203", "x": 0.6810592475157191, "y": 1.8461907432119324, "z": 0.0}
{"bot_id": "0001020300010203", "x": 0.6782161431414218, "y": 1.8447957822620022, "z": 0.0}
{"bot_id": "0001020300010203", "x": 0.6782161431414218, "y": 1.8447957822620022, "z": 0.0}
{"bot_id": "0001020300010203", "x": 0.6772326950808094, "y": 1.8391745621906508, "z": 0.0}
{"bot_id": "0001020300010203", "x": 0.6772326950808094, "y": 1.8391745621906508, "z": 0.0}
{"bot_id": "0001020300010203", "x": 0.680099278037201, "y": 1.8457197810250614, "z": 0.0}
{"bot_id": "0001020300010203", "x": 0.680099278037201, "y": 1.8457197810250614, "z": 0.0}
{"bot_id": "0001020300010203", "x": 0.6810592475157191, "y": 1.8461907432119324, "z": 0.0}
{"bot_id": "0001020300010203", "x": 0.6810592475157191, "y": 1.8461907432119324, "z": 0.0}
{"bot_id": "0001020300010203", "x": 0.6782161431414218, "y": 1.8447957822620022, "z": 0.0}
{"bot_id": "0001020300010203", "x": 0.6782161431414218, "y": 1.8447957822620022, "z": 0.0}
{"bot_id": "0001020300010203", "x": 0.6782161431414218, "y": 1.8447957822620022, "z": 0.0}
