{"bot_id": "0001020300010203", "x": 0.9441378999578733, "y": 2.1051022498595824, "z": 0.0}
{"bot_id": "0001020300010203", "x": 0.9441378999578733, "y": 2.1051022498595824, "z": 0.0}
{"bot_id": "0001020300010203", "x": 0.9441378999578733, "y": 2.1051022498595824, "z": 0.0}
{"bot_id": "0001020300010203", "x": 0.9441378999578733, "y": 2.1051022498595824, "z": 0.0}
{"bot_id": "0001020300010203", "x": 0.9441378999578733, "y": 2.1051022498595824, "z": 0.0}
{"bot_id": "0001020300010203", "x": 0.9441378999578733, "y": 2.1051022498595824, "z": 0.0}
{"bot_id": "0001020300010203", "x": 0.9441378999578733, "y": 2.1051022498595824, "z": 0.0}
{"bot_id": "0001020300010203", "x": 0.9441378999578733, "y": 2.1051022498595824, "z": 0.0}
{"bot_id": "0001020300010203", "x": 0.9456995814773463, "y": 2.1058592775638996, "z": 0.0}
{"bot_id": "0001020300010203", "x": 0.9456995814773463, "y": 2.1058592775638996, "z": 0.0}
{"bot_id": "0001020300010203", "x": 0.9456995814773463, "y": 2.1058592775638996, "z": 0.0}
{"bot_id": "0001020300010203", "x": 0.9449248074528791, "y": 2.105483777031295, "z": 0.0}
{"bot_id": "0001020300010203", "x": 0.9449248074528791, "y": 2.105483777031295, "z": 0.0}
{"bot_id": "0001020300010203", "x": 0.9456995814773463, "y": 2.1058592775638996, "z": 0.0}
{"bot_id": "0001020300010203", "x": 0.9425276895352522, "y": 2.1043211164463234, "z": 0.0}
{"bot_id": "0001020300010203", "x": 0.9441378999578733, "y": 2.1051022498595824, "z": 0.0}
{"bot_id": "0001020300010203", "x": 0.943338860236828, "y": 2.104714696260591, "z": 0.0}
{"bot_id": "0001020300010203", "x": 0.9441378999578733, "y": 2.1051022498595824, "z": 0.0}
{"bot_id": "0001020300010203", "x": 0.9425276895352522, "y": 2.1043211164463234, "z": 0.0}
{"bot_id": "0001020300010203", "x": 0.9425276895352522, "y": 2.1043211164463234, "z": 0.0}
{"bot_id": "0001020300010203", "x": 0.9441378999578733, "y": 2.1051022498595824, "z": 0.0}
{"bot_id": "0001020300010203", "x": 0.946462220787797, "y": 2.1113724874371096, "z": 0.0}
{"bot_id": "0001020300010203", "x": 0.9441378999578733, "y": 2.1051022498595824, "z": 0.0}
{"bot_id": "0001020300010203", "x": 0.9441378999578733, "y": 2.1051022498595824, "z": 0.0}
{"bot_id": "0001020300010203", "x": 0.9441378999578733, "y": 2.1051022498595824, "z": 0.0}
{"bot_id": "0001020300010203", "x": 0.9441378999578733, "y": 2.1051022498595824, "z": 0.0}
{"bot_id": "0001020300010203", "x": 0.9456995814773463, "y": 2.1058592775638996, "z": 0.0}
{"bot_id": "0001020300010203", "x": 0.9425276895352522, "y": 2.1043211164463234, "z": 0.0}
{"bot_id": "0001020300010203", "x": 0.9425276895352522, "y": 2.1043211164463234, "z": 0.0}
{"bot_id": "0001020300010203", "x": 0.9425276895352522, "y": 2.1043211164463234, "z": 0.0}
