{"bot_id": "0000000000000b01", "x": 0.8251339829082263, "y": 2.3999999999999995, "z": 0.0, "MSE": 52.559999999999995, "anchor 1 mse": 6.44084608974999, "anchor 2 mse": 6.440846089749995, "anchor 3 mse": 6.710363751280381, "anchor 4 mse": 6.710363751280377}
{"bot_id": "0000000000000b01", "x": 0.8251339829082263, "y": 2.3999999999999995, "z": 0.0, "MSE": 52.559999999999995, "anchor 1 mse": 6.44084608974999, "anchor 2 mse": 6.440846089749995, "anchor 3 mse": 6.710363751280381, "anchor 4 mse": 6.710363751280377}
{"bot_id": "0000000000000b01", "x": 0.8251339829082263, "y": 2.3999999999999995, "z": 0.0, "MSE": 52.559999999999995, "anchor 1 mse": 6.44084608974999, "anchor 2 mse": 6.440846089749995, "anchor 3 mse": 6.710363751280381, "anchor 4 mse": 6.710363751280377}
{"bot_id": "0000000000000b01", "x": 0.8251339829082263, "y": 2.3999999999999995, "z": 0.0, "MSE": 52.559999999999995, "anchor 1 mse": 6.44084608974999, "anchor 2 mse": 6.440846089749995, "anchor 3 mse": 6.710363751280381, "anchor 4 mse": 6.710363751280377}
{"bot_id": "0000000000000b01", "x": 0.8251339829082263, "y": 2.3999999999999995, "z": 0.0, "MSE": 52.559999999999995, "anchor 1 mse": 6.44084608974999, "anchor 2 mse": 6.440846089749995, "anchor 3 mse": 6.710363751280381, "anchor 4 mse": 6.710363751280377}
{"bot_id": "0000000000000b01", "x": 0.8251339829082263, "y": 2.3999999999999995, "z": 0.0, "MSE": 52.559999999999995, "anchor 1 mse": 6.44084608974999, "anchor 2 mse": 6.440846089749995, "anchor 3 mse": 6.710363751280381, "anchor 4 mse": 6.710363751280377}
{"bot_id": "0000000000000b01", "x": 0.8251339829082263, "y": 2.3999999999999995, "z": 0.0, "MSE": 52.559999999999995, "anchor 1 mse": 6.44084608974999, "anchor 2 mse": 6.440846089749995, "anchor 3 mse": 6.710363751280381, "anchor 4 mse": 6.710363751280377}
{"bot_id": "0000000000000b01", "x": 0.8251339829082263, "y": 2.3999999999999995, "z": 0.0, "MSE": 52.559999999999995, "anchor 1 mse": 6.44084608974999, "anchor 2 mse": 6.440846089749995, "anchor 3 mse": 6.710363751280381, "anchor 4 mse": 6.710363751280377}
{"bot_id": "0000000000000b01", "x": 0.8251339829082263, "y": 2.3999999999999995, "z": 0.0, "MSE": 52.559999999999995, "anchor 1 mse": 6.44084608974999, "anchor 2 mse": 6.440846089749995, "anchor 3 mse": 6.710363751280381, "anchor 4 mse": 6.710363751280377}
{"bot_id": "0000000000000b01", "x": 0.8251339829082263, "y": 2.3999999999999995, "z": 0.0, "MSE": 52.559999999999995, "anchor 1 mse": 6.44084608974999, "anchor 2 mse": 6.440846089749995, "anchor 3 mse": 6.710363751280381, "anchor 4 mse": 6.710363751280377}
{"bot_id": "0000000000000b01", "x": 0.8251339829082263, "y": 2.3999999999999995, "z": 0.0, "MSE": 52.559999999999995, "anchor 1 mse": 6.44084608974999, "anchor 2 mse": 6.440846089749995, "anchor 3 mse": 6.710363751280381, "anchor 4 mse": 6.710363751280377}
{"bot_id": "0000000000000b01", "x": 0.8251339829082263, "y": 2.3999999999999995, "z": 0.0, "MSE": 52.559999999999995, "anchor 1 mse": 6.44084608974999, "anchor 2 mse": 6.440846089749995, "anchor 3 mse": 6.710363751280381, "anchor 4 mse": 6.710363751280377}
{"bot_id": "0000000000000b01", "x": 0.8251339829082263, "y": 2.3999999999999995, "z": 0.0, "MSE": 52.559999999999995, "anchor 1 mse": 6.44084608974999, "anchor 2 mse": 6.440846089749995, "anchor 3 mse": 6.710363751280381, "anchor 4 mse": 6.710363751280377}
{"bot_id": "0000000000000b01", "x": 0.8251339829082263, "y": 2.3999999999999995, "z": 0.0, "MSE": 52.559999999999995, "anchor 1 mse": 6.44084608974999, "anchor 2 mse": 6.440846089749995, "anchor 3 mse": 6.710363751280381, "anchor 4 mse": 6.710363751280377}
{"bot_id": "0000000000000b01", "x": 0.8251339829082263, "y": 2.3999999999999995, "z": 0.0, "MSE": 52.559999999999995, "anchor 1 mse": 6.44084608974999, "anchor 2 mse": 6.440846089749995, "anchor 3 mse": 6.710363751280381, "anchor 4 mse": 6.710363751280377}
{"bot_id": "0000000000000b01", "x": 0.8251339829082263, "y": 2.3999999999999995, "z": 0.0, "MSE": 52.559999999999995, "anchor 1 mse": 6.44084608974999, "anchor 2 mse": 6.440846089749995, "anchor 3 mse": 6.710363751280381, "anchor 4 mse": 6.710363751280377}
{"bot_id": "0000000000000b01", "x": 0.8251339829082263, "y": 2.3999999999999995, "z": 0.0, "MSE": 52.559999999999995, "anchor 1 mse": 6.44084608974999, "anchor 2 mse": 6.440846089749995, "anchor 3 mse": 6.710363751280381, "anchor 4 mse": 6.710363751280377}
{"bot_id": "0000000000000b01", "x": 0.8251339829082263, "y": 2.3999999999999995, "z": 0.0, "MSE": 52.559999999999995, "anchor 1 mse": 6.44084608974999, "anchor 2 mse": 6.440846089749995, "anchor 3 mse": 6.710363751280381, "anchor 4 mse": 6.710363751280377}
{"bot_id": "0000000000000b01", "x": 0.8251339829082263, "y": 2.3999999999999995, "z": 0.0, "MSE": 52.559999999999995, "anchor 1 mse": 6.44084608974999, "anchor 2 mse": 6.440846089749995, "anchor 3 mse": 6.710363751280381, "anchor 4 mse": 6.710363751280377}
{"bot_id": "0000000000000b01", "x": 0.8251339829082263, "y": 2.3999999999999995, "z": 0.0, "MSE": 52.559999999999995, "anchor 1 mse": 6.44084608974999, "anchor 2 mse": 6.440846089749995, "anchor 3 mse": 6.710363751280381, "anchor 4 mse": 6.710363751280377}
{"bot_id": "0000000000000b01", "x": 0.8251339829082263, "y": 2.3999999999999995, "z": 0.0, "MSE": 52.559999999999995, "anchor 1 mse": 6.44084608974999, "anchor 2 mse": 6.440846089749995, "anchor 3 mse": 6.710363751280381, "anchor 4 mse": 6.710363751280377}
{"bot_id": "0000000000000b01", "x": 0.8251339829082263, "y": 2.3999999999999995, "z": 0.0, "MSE": 52.559999999999995, "anchor 1 mse": 6.44084608974999, "anchor 2 mse": 6.440846089749995, "anchor 3 mse": 6.710363751280381, "anchor 4 mse": 6.710363751280377}
{"bot_id": "0000000000000b01", "x": 0.8251339829082263, "y": 2.3999999999999995, "z": 0.0, "MSE": 52.559999999999995, "anchor 1 mse": 6.44084608974999, "anchor 2 mse": 6.440846089749995, "anchor 3 mse": 6.710363751280381, "anchor 4 mse": 6.710363751280377}
{"bot_id": "0000000000000b01", "x": 0.8251339829082263, "y": 2.3999999999999995, "z": 0.0, "MSE": 52.559999999999995, "anchor 1 mse": 6.44084608974999, "anchor 2 mse": 6.440846089749995, "anchor 3 mse": 6.710363751280381, "anchor 4 mse": 6.710363751280377}
{"bot_id": "0000000000000b01", "x": 0.8251339829082263, "y": 2.3999999999999995, "z": 0.0, "MSE": 52.559999999999995, "anchor 1 mse": 6.44084608974999, "anchor 2 mse": 6.440846089749995, "anchor 3 mse": 6.710363751280381, "anchor 4 mse": 6.710363751280377}
{"bot_id": "0000000000000b01", "x": 0.8251339829082263, "y": 2.3999999999999995, "z": 0.0, "MSE": 52.559999999999995, "anchor 1 mse": 6.44084608974999, "anchor 2 mse": 6.440846089749995, "anchor 3 mse": 6.710363751280381, "anchor 4 mse": 6.710363751280377}
{"bot_id": "0000000000000b01", "x": 0.8251339829082263, "y": 2.3999999999999995, "z": 0.0, "MSE": 52.559999999999995, "anchor 1 mse": 6.44084608974999, "anchor 2 mse": 6.440846089749995, "anchor 3 mse": 6.710363751280381, "anchor 4 mse": 6.710363751280377}
{"bot_id": "0000000000000b01", "x": 0.8251339829082263, "y": 2.3999999999999995, "z": 0.0, "MSE": 52.559999999999995, "anchor 1 mse": 6.44084608974999, "anchor 2 mse": 6.440846089749995, "anchor 3 mse": 6.710363751280381, "anchor 4 mse": 6.710363751280377}
{"bot_id": "0000000000000b01", "x": 0.8251339829082263, "y": 2.3999999999999995, "z": 0.0, "MSE": 52.559999999999995, "anchor 1 mse": 6.44084608974999, "anchor 2 mse": 6.440846089749995, "anchor 3 mse": 6.710363751280381, "anchor 4 mse": 6.710363751280377}
{"bot_id": "0000000000000b01", "x": 0.8251339829082263, "y": 2.3999999999999995, "z": 0.0, "MSE": 52.559999999999995, "anchor 1 mse": 6.44084608974999, "anchor 2 mse": 6.440846089749995, "anchor 3 mse": 6.710363751280381, "anchor 4 mse": 6.710363751280377}
{"bot_id": "0000000000000b01", "x": 0.8251339829082263, "y": 2.3999999999999995, "z": 0.0, "MSE": 52.559999999999995, "anchor 1 mse": 6.44084608974999, "anchor 2 mse": 6.440846089749995, "anchor 3 mse": 6.710363751280381, "anchor 4 mse": 6.710363751280377}
{"bot_id": "0000000000000b01",