{"bot_id": "0000000000000b01", "x": 0.8281836128021213, "y": 2.0958518297527067, "z": 0.0, "MSE": 18.140354753290858, "anchor 1 mse": 0.0028674928677434415, "anchor 2 mse": 0.0011478058823866974, "anchor 3 mse": 0.03705740242760362, "anchor 4 mse": 0.03927339506125933}
{"bot_id": "0000000000000b01", "x": 0.8281836128021213, "y": 2.0958518297527067, "z": 0.0, "MSE": 18.140354753290858, "anchor 1 mse": 0.0028674928677434415, "anchor 2 mse": 0.0011478058823866974, "anchor 3 mse": 0.03705740242760362, "anchor 4 mse": 0.03927339506125933}
{"bot_id": "0000000000000b01", "x": 0.8281971107631465, "y": 2.0984847404659166, "z": 0.0, "MSE": 18.17475609282571, "anchor 1 mse": 0.002862550239553901, "anchor 2 mse": 0.0009492797237958995, "anchor 3 mse": 0.036664538486253034, "anchor 4 mse": 0.03999774808693746}
{"bot_id": "0000000000000b01", "x": 0.8236293828625241, "y": 2.1061263861722845, "z": 0.0, "MSE": 18.25968881020567, "anchor 1 mse": 0.002646593184883549, "anchor 2 mse": 0.001279970649915125, "anchor 3 mse": 0.03526335343488023, "anchor 4 mse": 0.04298987762442193}
{"bot_id": "0000000000000b01", "x": 0.8181964520250942, "y": 2.1200783964480037, "z": 0.0, "MSE": 18.338384652301055, "anchor 1 mse": 0.0020234476420650824, "anchor 2 mse": 0.0021119738794969996, "anchor 3 mse": 0.034710639740005295, "anchor 4 mse": 0.04663570075259105}
{"bot_id": "0000000000000b01", "x": 0.8166928245336615, "y": 2.12419277635074, "z": 0.0, "MSE": 18.470067512878135, "anchor 1 mse": 0.0023311177748541784, "anchor 2 mse": 0.00159935830813817, "anchor 3 mse": 0.03373378343664704, "anchor 4 mse": 0.04672049261791729}
{"bot_id": "0000000000000b01", "x": 0.8197692706669735, "y": 2.118453631055279, "z": 0.0, "MSE": 18.383875961265524, "anchor 1 mse": 0.0022833260313497093, "anchor 2 mse": 0.001310102689077779, "anchor 3 mse": 0.03347359214588525, "anchor 4 mse": 0.04728134214450982}
{"bot_id": "0000000000000b01", "x": 0.8221141266770552, "y": 2.118391831222629, "z": 0.0, "MSE": 18.382599298461113, "anchor 1 mse": 0.002239544875182374, "anchor 2 mse": 0.0008010097818897438, "anchor 3 mse": 0.03269130547366586, "anchor 4 mse": 0.048716596240513985}
{"bot_id": "0000000000000b01", "x": 0.8256349044430313, "y": 2.11934111461401, "z": 0.0, "MSE": 18.248167687559565, "anchor 1 mse": 0.0018692222713428718, "anchor 2 mse": 0.0011621901651217663, "anchor 3 mse": 0.036936107845359334, "anchor 4 mse": 0.044672233727373785}
{"bot_id": "0000000000000b01", "x": 0.825229238103326, "y": 2.1174193850890988, "z": 0.0, "MSE": 18.18263241352512, "anchor 1 mse": 0.0017054109633169812, "anchor 2 mse": 0.0016374431503599727, "anchor 3 mse": 0.037359347951503745, "anchor 4 mse": 0.04475665244684233}
{"bot_id": "0000000000000b01", "x": 0.8199041911364755, "y": 2.128975544014833, "z": 0.0, "MSE": 18.265631067466646, "anchor 1 mse": 0.001235426817780375, "anchor 2 mse": 0.0023801328604617054, "anchor 3 mse": 0.035686494285342985, "anchor 4 mse": 0.04936749972383459}
{"bot_id": "0000000000000b01", "x": 0.8184549768845846, "y": 2.127481118800125, "z": 0.0, "MSE": 18.38554915486718, "anchor 1 mse": 0.001762603834163733, "anchor 2 mse": 0.00180114894780391, "anchor 3 mse": 0.034525015437765684, "anchor 4 mse": 0.04825992574079793}
{"bot_id": "0000000000000b01", "x": 0.8206951733146366, "y": 2.2386313069860084, "z": 0.0, "MSE": 31.396218612033053, "anchor 1 mse": 0.025384789100102854, "anchor 2 mse": 1.8823136585990627, "anchor 3 mse": 0.02279312288489393, "anchor 4 mse": 0.08731094269405794}
{"bot_id": "0000000000000b01", "x": 0.8202689426641685, "y": 2.240948852106541, "z": 0.0, "MSE": 31.387960279860813, "anchor 1 mse": 0.024447063587757584, "anchor 2 mse": 1.8600502408912278, "anchor 3 mse": 0.022309338556322507, "anchor 4 mse": 0.08772996797089315}
{"bot_id": "0000000000000b01", "x": 0.8196529260495938, "y": 2.24507671702588, "z": 0.0, "MSE": 31.450989851230165, "anchor 1 mse": 0.023262655700881, "anchor 2 mse": 1.8511885998162398, "anchor 3 mse": 0.02320778264332445, "anchor 4 mse": 0.08604359975298927}
{"bot_id": "0000000000000b01", "x": 0.824104982019427, "y": 2.119996699072499, "z": 0.0, "MSE": 18.27653521725926, "anchor 1 mse": 0.002096780747870339, "anchor 2 mse": 0.0015496333355130326, "anchor 3 mse": 0.038852317400865304, "anchor 4 mse": 0.04117300012166841}
{"bot_id": "0000000000000b01", "x": 0.3562774565529507, "y": 1.7913687657940778, "z": 0.0, "MSE": 9.074767936295435, "anchor 1 mse": 0.15883859400697684, "anchor 2 mse": 5.698502824426841e-05, "anchor 3 mse": 0.5615979720040114, "anchor 4 mse": 3.3662091417216033}
{"bot_id": "0000000000000b01", "x": 0.26545832853332946, "y": 1.8113944949178107, "z": 0.0, "MSE": 9.07608686809217, "anchor 1 mse": 0.15543896788591152, "anchor 2 mse": 0.001286083327995598, "anchor 3 mse": 0.6710793838624892, "anchor 4 mse": 3.7107140069599027}
{"bot_id": "0000000000000b01", "x": 0.25823773303108827, "y": 1.8175248175108725, "z": 0.0, "MSE": 9.066983614337417, "anchor 1 mse": 0.15541048627459134, "anchor 2 mse": 0.0012891908307576846, "anchor 3 mse": 0.6779624866540273, "anchor 4 mse": 3.7761299077574977}
{"bot_id": "0000000000000b01", "x": 0.8253578248853624, "y": 2.1232548532332136, "z": 0.0, "MSE": 18.335128357733673, "anchor 1 mse": 0.002073101420275864, "anchor 2 mse": 0.0008781185825201588, "anchor 3 mse": 0.037433839479312864, "anchor 4 mse": 0.043280371733142635}
{"bot_id": "0000000000000b01", "x": 0.8250019415507854, "y": 2.1217377425937665, "z": 0.0, "MSE": 18.349871973575166, "anchor 1 mse": 0.0022789509881018266, "anchor 2 mse": 0.0009013001569125329, "anchor 3 mse": 0.03778201405929496, "anchor 4 mse": 0.04191618489039349}
{"bot_id": "0000000000000b01", "x": 0.8294798767093758, "y": 2.117984275608888, "z": 0.0, "MSE": 18.245387660237565, "anchor 1 mse": 0.002104018850793758, "anchor 2 mse": 0.0006487125794588435, "anchor 3 mse": 0.03866525779915266, "anchor 4 mse": 0.04157850288031996}
{"bot_id": "0000000000000b01", "x": 0.8345309869804003, "y": 2.113643905547197, "z": 0.0, "MSE": 18.076320690206003, "anchor 1 mse": 0.0014960474693645545, "anchor 2 mse": 0.000403905422090773, "anchor 3 mse": 0.036997301750079765, "anchor 4 mse": 0.046661040064876966}
{"bot_id": "0000000000000b01", "x": 0.8289400883388799, "y": 2.1106015489399854, "z": 0.0, "MSE": 18.19511607169171, "anchor 1 mse": 0.0020294541422475405, "anchor 2 mse": 0.0005856074603738371, "anchor 3 mse": 0.034660623892738066, "anchor 4 mse": 0.046934477002416174}
{"bot_id": "0000000000000b01", "x": 0.8362407743078285, "y": 2.1049683349318187, "z": 0.0, "MSE": 18.086647897276833, "anchor 1 mse": 0.0022555228497860946, "anchor 2 mse": 0.0003097556306970586, "anchor 3 mse": 0.03913153615342759, "anchor 4 mse": 0.039992985154023206}
{"bot_id": "0000000000000b01", "x": 0.8349612065791492, "y": 2.111918964917343, "z": 0.0, "MSE": 18.161431428679577, "anchor 1 mse": 0.002230917699256674, "anchor 2 mse": 0.00029916172945524706, "anchor 3 mse": 0.04004111238176418, "anchor 4 mse": 0.039302698145196345}
{"bot_id": "0000000000000b01", "x": 0.83359339724819, "y": 2.1171553520623894, "z": 0.0, "MSE": 18.249462686526492, "anchor 1 mse": 0.002289772112155991, "anchor 2 mse": 0.00021157089332052696, "anchor 3 mse": 0.039755235862428524, "anchor 4 mse": 0.039655110123077646}
{"bot_id": "0000000000000b01", "x": 0.821314117157574, "y": 2.1256897411684705, "z": 0.0, "MSE": 18.439184445090827, "anchor 1 mse": 0.0022648500581626554, "anchor 2 mse": 0.001003434298654915, "anchor 3 mse": 0.03565345085591133, "anchor 4 mse": 0.044683143118407924}
{"bot_id": "0000000000000b01", "x": 0.8219815108149957, "y": 2.1274475150764967, "z": 0.0, "MSE": 18.353566879001235, "anchor 1 mse": 0.0018680217474671245, "anchor 2 mse": 0.0015015663606862142, "anchor 3 mse": 0.03755750566994273, "anchor 4 mse": 0.043946501722404004}
{"bot_id": "0000000000000b01", "x": 0.8198163315255089, "y": 2.1263369557492653, "z": 0.0, "MSE": 18.33241436864927, "anchor 1 mse": 0.0017143679892526395, "anchor 2 mse": 0.0019734980591402207,