{"bot_id": "0000000000000b01", "x": 1.319994792166581, "y": 2.4726662991105712, "z": 0, "MSE": 1.5631326520267315, "anchor 1 mse": 1.0285785463056805, "anchor 2 mse": 2.020467083440637, "anchor 3 mse": 3.100498330441151, "anchor 4 mse": 0.03975927710123278}
{"bot_id": "0000000000000b01", "x": 1.3197431706629248, "y": 2.472220009501915, "z": 0, "MSE": 1.563739394558922, "anchor 1 mse": 1.0300756280108212, "anchor 2 mse": 0.0001291255805843289, "anchor 3 mse": 3.1018147309040396, "anchor 4 mse": 0.04271231598311243}
{"bot_id": "0000000000000b01", "x": 1.777236817284002, "y": 2.3428904844964955, "z": 0, "MSE": 0.8926342677499782, "anchor 1 mse": 1.3472205576076035, "anchor 2 mse": 0.23505575128149242, "anchor 3 mse": 1.9269427163710071, "anchor 4 mse": 0.016504565451344187}
{"bot_id": "0000000000000b01", "x": 1.7826193782136321, "y": 2.3405114542620384, "z": 0, "MSE": 0.8933455440949594, "anchor 1 mse": 1.3620324834284314, "anchor 2 mse": 0.2407855862943211, "anchor 3 mse": 1.9169407202605349, "anchor 4 mse": 0.013646215724595165}
{"bot_id": "0000000000000b01", "x": 1.7779591388191325, "y": 2.349258357718708, "z": 0, "MSE": 0.8974722653292452, "anchor 1 mse": 1.374662517868189, "anchor 2 mse": 0.23358361103384567, "anchor 3 mse": 1.9168485513946292, "anchor 4 mse": 0.013960980223513797}
{"bot_id": "0000000000000b01", "x": 1.7799014459912905, "y": 2.3406874259696546, "z": 0, "MSE": 0.8940510313706171, "anchor 1 mse": 1.3526981494576114, "anchor 2 mse": 0.2382309685558881, "anchor 3 mse": 1.9233335517686638, "anchor 4 mse": 0.01833470159217373}
{"bot_id": "0000000000000b01", "x": 1.7855760712320445, "y": 2.3540928996399217, "z": 0, "MSE": 0.8944057663505002, "anchor 1 mse": 1.3768988003867328, "anchor 2 mse": 0.2389348228382324, "anchor 3 mse": 1.8920214610597605, "anchor 4 mse": 0.014973788421434271}
{"bot_id": "0000000000000b01", "x": 1.782436361982897, "y": 2.345367864525865, "z": 0, "MSE": 0.8883751710218599, "anchor 1 mse": 1.3416951295757953, "anchor 2 mse": 0.23897208139478118, "anchor 3 mse": 1.9110044454168693, "anchor 4 mse": 0.015295084328432334}
{"bot_id": "0000000000000b01", "x": 0.666629615920928, "y": 1.6545025028743152, "z": 0, "MSE": 0.014054312770701375, "anchor 1 mse": 1.4082509214523392e-05, "anchor 2 mse": 0.008387876106495185, "anchor 3 mse": 0.0013317267873610018, "anchor 4 mse": 0.008867768487474852}
{"bot_id": "0000000000000b01", "x": 0.6644816627281886, "y": 1.656123996758667, "z": 0, "MSE": 0.01385189151854501, "anchor 1 mse": 3.255637934651374e-05, "anchor 2 mse": 0.007952948657383056, "anchor 3 mse": 0.0012560590707353049, "anchor 4 mse": 0.007985013730595078}
{"bot_id": "0000000000000b01", "x": 0.662726607906464, "y": 1.655828381428372, "z": 0, "MSE": 0.013637213199728996, "anchor 1 mse": 7.273662849140308e-05, "anchor 2 mse": 0.007861903159318298, "anchor 3 mse": 0.0011405627445476056, "anchor 4 mse": 0.006702669496330843}
