{"bot_id": "0000000000000b01", "x": 1.586731826636941, "y": 1.7907278230214507, "z": 0.0, "MSE": 0.0989577399356053, "anchor 1 mse": 0.00030356584533932756, "anchor 2 mse": 0.25503312249286747, "anchor 3 mse": 0.010003555560047934, "anchor 4 mse": 0.13049071584416647}
{"bot_id": "0000000000000b01", "x": 1.586731826636941, "y": 1.7907278230214507, "z": 0.0, "MSE": 0.0989577399356053, "anchor 1 mse": 0.00030356584533932756, "anchor 2 mse": 0.25503312249286747, "anchor 3 mse": 0.010003555560047934, "anchor 4 mse": 0.13049071584416647}
{"bot_id": "0000000000000b01", "x": 1.586731826636941, "y": 1.7907278230214507, "z": 0.0, "MSE": 0.0989577399356053, "anchor 1 mse": 0.00030356584533932756, "anchor 2 mse": 0.25503312249286747, "anchor 3 mse": 0.010003555560047934, "anchor 4 mse": 0.13049071584416647}
{"bot_id": "0000000000000b01", "x": 1.586731826636941, "y": 1.7907278230214507, "z": 0.0, "MSE": 0.0989577399356053, "anchor 1 mse": 0.00030356584533932756, "anchor 2 mse": 0.25503312249286747, "anchor 3 mse": 0.010003555560047934, "anchor 4 mse": 0.13049071584416647}
{"bot_id": "0000000000000b01", "x": 1.586731826636941, "y": 1.7907278230214507, "z": 0.0, "MSE": 0.0989577399356053, "anchor 1 mse": 0.00030356584533932756, "anchor 2 mse": 0.25503312249286747, "anchor 3 mse": 0.010003555560047934, "anchor 4 mse": 0.13049071584416647}
{"bot_id": "0000000000000b01", "x": 1.586731826636941, "y": 1.7907278230214507, "z": 0.0, "MSE": 0.0989577399356053, "anchor 1 mse": 0.00030356584533932756, "anchor 2 mse": 0.25503312249286747, "anchor 3 mse": 0.010003555560047934, "anchor 4 mse": 0.13049071584416647}
{"bot_id": "0000000000000b01", "x": 1.5846773983132239, "y": 1.7883184807932129, "z": 0.0, "MSE": 0.09905958983643737, "anchor 1 mse": 0.00011365923466344116, "anchor 2 mse": 0.2548603723103055, "anchor 3 mse": 0.011160915912358049, "anchor 4 mse": 0.1300457520426507}
{"bot_id": "0000000000000b01", "x": 1.575517194534619, "y": 1.784311924794587, "z": 0.0, "MSE": 0.09374490224796561, "anchor 1 mse": 4.6611005448193566e-06, "anchor 2 mse": 0.2413393811602688, "anchor 3 mse": 0.013273714158087709, "anchor 4 mse": 0.12036185257296113}
{"bot_id": "0000000000000b01", "x": 1.573035876470071, "y": 1.784961873219472, "z": 0.0, "MSE": 0.09120900164477158, "anchor 1 mse": 2.956091538872406e-05, "anchor 2 mse": 0.23416091312688855, "anchor 3 mse": 0.015732255709100966, "anchor 4 mse": 0.11491327682770808}
{"bot_id": "0000000000000b01", "x": 1.5688659440799158, "y": 1.7807431630700052, "z": 0.0, "MSE": 0.08005616790082076, "anchor 1 mse": 0.00011588433182570861, "anchor 2 mse": 0.2042490860780862, "anchor 3 mse": 0.015335918264230891, "anchor 4 mse": 0.10052378292914024}
{"bot_id": "0000000000000b01", "x": 1.2888779240622141, "y": 1.4663060248216035, "z": 0.0, "MSE": 0.3570155000640921, "anchor 1 mse": 0.8482313756000655, "anchor 2 mse": 0.226436141747444, "anchor 3 mse": 0.2694741503520957, "anchor 4 mse": 0.08392033255676314}
{"bot_id": "0000000000000b01", "x": 1.190663953712762, "y": 1.5886844502371462, "z": 0.0, "MSE": 1.1385350788776274, "anchor 1 mse": 0.9537398423401453, "anchor 2 mse": 3.120455265247603, "anchor 3 mse": 0.2779077725144545, "anchor 4 mse": 0.21420582351708015}
{"bot_id": "0000000000000b01", "x": 1.187182714862565, "y": 1.5920397318216495, "z": 0.0, "MSE": 1.1415127719294043, "anchor 1 mse": 0.9524763894508685, "anchor 2 mse": 3.1123020406002095, "anchor 3 mse": 0.2852690934266487, "anchor 4 mse": 0.2037651396314965}
{"bot_id": "0000000000000b01", "x": 1.1933107077343352, "y": 1.5958006180717728, "z": 0.0, "MSE": 1.1229236588184326, "anchor 1 mse": 0.9484401728192253, "anchor 2 mse": 3.041572708379511, "anchor 3 mse": 0.293719954476812, "anchor 4 mse": 0.20751720558856862}
{"bot_id": "0000000000000b01", "x": 1.186082721288389, "y": 1.5919825742414961, "z": 0.0, "MSE": 1.0965393955637288, "anchor 1 mse": 0.9438040169974672, "anchor 2 mse": 2.961863709517208, "anchor 3 mse": 0.27826656523951304, "anchor 4 mse": 0.20222329050072796}
{"bot_id": "0000000000000b01", "x": 1.5153810385384754, "y": 1.805288488378496, "z": 0.0, "MSE": 2.6785889553293787, "anchor 1 mse": 9.003540992879609e-06, "anchor 2 mse": 10.528033023599399, "anchor 3 mse": 0.01873637573498289, "anchor 4 mse": 0.13493894456687983}
{"bot_id": "0000000000000b01", "x": 1.5223917018219448, "y": 1.8096795307038502, "z": 0.0, "MSE": 2.666349518450417, "anchor 1 mse": 5.623296384378579e-06, "anchor 2 mse": 10.50567315588976, "anchor 3 mse": 0.016234946206593177, "anchor 4 mse": 0.14348434840893082}
{"bot_id": "0000000000000b01", "x": 1.5132698792318273, "y": 1.8107282352132101, "z": 0.0, "MSE": 2.6385669460444334, "anchor 1 mse": 7.334338285767883e-05, "anchor 2 mse": 10.398494010307468, "anchor 3 mse": 0.017588956425794403, "anchor 4 mse": 0.13811147406161517}
{"bot_id": "0000000000000b01", "x": 1.515348092936058, "y": 1.8162943709639894, "z": 0.0, "MSE": 2.655705268320289, "anchor 1 mse": 1.7377105302731476e-05, "anchor 2 mse": 10.47572555714565, "anchor 3 mse": 0.01594562838775756, "anchor 4 mse": 0.13113251064244466}
{"bot_id": "0000000000000b01", "x": 1.5304480512112735, "y": 1.8126433184195894, "z": 0.0, "MSE": 2.688306335849439, "anchor 1 mse": 1.1652204610874677e-06, "anchor 2 mse": 10.591968723042338, "anchor 3 mse": 0.017039455887863646, "anchor 4 mse": 0.1442159992470939}
{"bot_id": "0000000000000b01", "x": 1.5256708301928146, "y": 1.8127293878090298, "z": 0.0, "MSE": 2.650822275222598, "anchor 1 mse": 3.2986283912414927e-06, "anchor 2 mse": 10.437457164478731, "anchor 3 mse": 0.017675583454234707, "anchor 4 mse": 0.14848386570976074}
{"bot_id": "0000000000000b01", "x": 1.4153085899727937, "y": 1.8869972574591154, "z": 0.0, "MSE": 0.7547869208767373, "anchor 1 mse": 2.53306908906955e-05, "anchor 2 mse": 2.7283452698650335, "anchor 3 mse": 0.03027507631193917, "anchor 4 mse": 0.2605020066390859}
{"bot_id": "0000000000000b01", "x": 1.409348125695019, "y": 1.8793532793706638, "z": 0.0, "MSE": 0.7697988481136083, "anchor 1 mse": 0.0001649041917252413, "anchor 2 mse": 2.7866838568954857, "anchor 3 mse": 0.03133622275954, "anchor 4 mse": 0.26101040860768226}
{"bot_id": "0000000000000b01", "x": 1.4120847704648276, "y": 1.8791975288981781, "z": 0.0, "MSE": 0.7821309735633706, "anchor 1 mse": 0.00011256929923356224, "anchor 2 mse": 2.8319033387437678, "anchor 3 mse": 0.03101954575993202, "anchor 4 mse": 0.2654884404505487}
{"bot_id": "0000000000000b01", "x": 1.5052020438892793, "y": 1.7904920107102773, "z": 0.0, "MSE": 2.672905735232062, "anchor 1 mse": 0.0003656762466338259, "anchor 2 mse": 10.57676250904837, "anchor 3 mse": 0.01478519299785451, "anchor 4 mse": 0.1405810028901366}
{"bot_id": "0000000000000b01", "x": 1.5156036128796164, "y": 1.7977373517055293, "z": 0.0, "MSE": 2.7228917608940004, "anchor 1 mse": 3.764726911397586e-05, "anchor 2 mse": 10.747261200587365, "anchor 3 mse": 0.010805823961050738, "anchor 4 mse": 0.13698978962849645}
{"bot_id": "0000000000000b01", "x": 1.5240827861328836, "y": 1.7959922494006946, "z": 0.0, "MSE": 2.726344954967944, "anchor 1 mse": 3.297407234506015e-05, "anchor 2 mse": 10.748778210770732, "anchor 3 mse": 0.011496579148582676, "anchor 4 mse": 0.14507205588011587}
{"bot_id": "0000000000000b01", "x": 1.408051766194437, "y": 1.878401511988526, "z": 0.0, "MSE": 0.7909552377407119, "anchor 1 mse": 3.8410916914920516e-05, "anchor 2 mse": 2.8735833577406535, "anchor 3 mse": 0.021353487873550583, "anchor 4 mse": 0.2688456944317286}
{"bot_id": "0000000000000b01", "x": 1.263806199802972, "y": 1.4882132420175984, "z": 0.0, "MSE": 3.0560121495588675, "anchor 1 mse": 0.8462720810332677, "anchor 2 mse": 11.0088462706197, "anchor 3 mse": 0.25214884031464563, "anchor 4 mse": 0.11678140626785845}
{"bot_id": "0000000000000b01", "x": 1.6253316529389095, "y": 1.0565397552195408, "z": 0.0, "MSE": 7.375619561003422, "anchor 1 mse": 0.8029070510753805, "anchor 2 mse": 28.326593906417123, "anchor 3 mse": 0.3240385171376534,