{"bot_id": "0000000000000b01", "x": 1.6464832923543966, "y": 1.8575441127639636, "z": 0, "MSE": 0.020238256469291872, "anchor 1 mse": 0.02022430736740408, "anchor 2 mse": 0.000674746176631514, "anchor 3 mse": 0.014693784952221857, "anchor 4 mse": 0.0017335468541531175}
{"bot_id": "0000000000000b01", "x": 1.6464832923543966, "y": 1.8575441127639636, "z": 0, "MSE": 0.020238256469291872, "anchor 1 mse": 0.02022430736740408, "anchor 2 mse": 0.000674746176631514, "anchor 3 mse": 0.014693784952221857, "anchor 4 mse": 0.0017335468541531175}
{"bot_id": "0000000000000b01", "x": 1.6464832923543966, "y": 1.8575441127639636, "z": 0, "MSE": 0.020238256469291872, "anchor 1 mse": 0.02022430736740408, "anchor 2 mse": 0.000674746176631514, "anchor 3 mse": 0.014693784952221857, "anchor 4 mse": 0.0017335468541531175}
{"bot_id": "0000000000000b01", "x": 1.642506473588015, "y": 1.852564920266483, "z": 0, "MSE": 0.018333903453626385, "anchor 1 mse": 0.016565064767266453, "anchor 2 mse": 0.000696672550141915, "anchor 3 mse": 0.016248338107806064, "anchor 4 mse": 0.0018757466344078567}
{"bot_id": "0000000000000b01", "x": 1.6498329755620595, "y": 1.8579197567770782, "z": 0, "MSE": 0.019858393369497847, "anchor 1 mse": 0.01932153638938066, "anchor 2 mse": 0.0005492806319696476, "anchor 3 mse": 0.01649089611249646, "anchor 4 mse": 0.0028412166162288055}
{"bot_id": "0000000000000b01", "x": 1.6429324427838936, "y": 1.8622171048850957, "z": 0, "MSE": 0.02076761136859962, "anchor 1 mse": 0.021379609935162962, "anchor 2 mse": 0.0009076844626386425, "anchor 3 mse": 0.017141866903772108, "anchor 4 mse": 0.0020947139802254436}
{"bot_id": "0000000000000b01", "x": 1.6569610632889866, "y": 1.8721934112663488, "z": 0, "MSE": 0.02172643843705466, "anchor 1 mse": 0.02340372687348697, "anchor 2 mse": 0.00034206440558574863, "anchor 3 mse": 0.020669163167028742, "anchor 4 mse": 0.0017320206995310786}
{"bot_id": "0000000000000b01", "x": 1.663026946132714, "y": 1.8712246228084803, "z": 0, "MSE": 0.02165980600399197, "anchor 1 mse": 0.023103125706470194, "anchor 2 mse": 5.2119118040631963e-05, "anchor 3 mse": 0.01953052066212101, "anchor 4 mse": 0.0013961376429906436}
