{"bot_id": "0000000000000b01", "x": 0.9304470688102959, "y": 2.485815754776846, "z": 0, "MSE": 6.147657083342505, "anchor 1 mse": 5.243699629144734, "anchor 2 mse": 6.22118046869673, "anchor 3 mse": 6.111571020979663, "anchor 4 mse": 6.935402266837388}
{"bot_id": "0000000000000b01", "x": 0.9306487743247173, "y": 2.486186578218742, "z": 0, "MSE": 6.144748972647503, "anchor 1 mse": 5.178932059984999, "anchor 2 mse": 6.219839691967192, "anchor 3 mse": 6.10950410439821, "anchor 4 mse": 6.936895255298133}
{"bot_id": "0000000000000b01", "x": 0.9323518740744289, "y": 2.489322632546042, "z": 0, "MSE": 6.12048975154974, "anchor 1 mse": 5.1049127907501335, "anchor 2 mse": 6.208509913554053, "anchor 3 mse": 6.092043166886109, "anchor 4 mse": 6.949540439328111}
{"bot_id": "0000000000000b01", "x": 0.9339821050002076, "y": 2.49233315262983, "z": 0, "MSE": 6.097744290581947, "anchor 1 mse": 5.067837286335339, "anchor 2 mse": 6.197648850911999, "anchor 3 mse": 6.07531327291125, "anchor 4 mse": 6.961711538157619}
{"bot_id": "0000000000000b01", "x": 0.9333131107697552, "y": 2.491096686523753, "z": 0, "MSE": 6.107023620077163, "anchor 1 mse": 5.205988267819049, "anchor 2 mse": 6.202107873716307, "anchor 3 mse": 6.08218067494519, "anchor 4 mse": 6.956708865573221}
{"bot_id": "0000000000000b01", "x": 0.9315151795724438, "y": 2.487780830292269, "z": 0, "MSE": 6.132342542331072, "anchor 1 mse": 5.225491146521482, "anchor 2 mse": 6.214078018537789, "anchor 3 mse": 6.100623372076991, "anchor 4 mse": 6.943319342882774}
{"bot_id": "0000000000000b01", "x": 0.9311111938547476, "y": 2.4870371776422493, "z": 0, "MSE": 6.138110346472397, "anchor 1 mse": 5.151212705956687, "anchor 2 mse": 6.216765072930745, "anchor 3 mse": 6.104764775053653, "anchor 4 mse": 6.940321680419246}
{"bot_id": "0000000000000b01", "x": 0.932959483936704, "y": 2.4904436879737752, "z": 0, "MSE": 6.111959168397313, "anchor 1 mse": 5.143188608625297, "anchor 2 mse": 6.204463757087617, "anchor 3 mse": 6.0858096149154814, "anchor 4 mse": 6.954069019463725}
{"bot_id": "0000000000000b01", "x": 0.9337352896176768, "y": 2.4918768056818363, "z": 0, "MSE": 6.101159032282519, "anchor 1 mse": 5.069674546470883, "anchor 2 mse": 6.199294271226888, "anchor 3 mse": 6.077847228603254, "anchor 4 mse": 6.959864563148882}
{"bot_id": "0000000000000b01", "x": 0.9330885619338586, "y": 2.490681993182359, "z": 0, "MSE": 6.110155162869577, "anchor 1 mse": 5.136615670167938, "anchor 2 mse": 6.203603921023998, "anchor 3 mse": 6.084485098062106, "anchor 4 mse": 6.955032232612754}
{"bot_id": "0000000000000b01", "x": 0.9332434525389602, "y": 2.4909680252282187, "z": 0, "MSE": 6.1079941517525445, "anchor 1 mse": 5.241068272244203, "anchor 2 mse": 6.202572002225311, "anchor 3 mse": 6.082895573085052, "anchor 4 mse": 6.956188615275954}
{"bot_id": "0000000000000b01", "x": 0.9305310364004272, "y": 2.48597010911584, "z": 0, "MSE": 6.146445552792641, "anchor 1 mse": 5.221948259229739, "anchor 2 mse": 6.220622345609809, "anchor 3 mse": 6.110710614568271, "anchor 4 mse": 6.936023662080336}
{"bot_id": "0000000000000b01", "x": 0.9303740342853702, "y": 2.4856815156415926, "z": 0, "MSE": 6.148711934763894, "anchor 1 mse": 5.302690360186069, "anchor 2 mse": 6.22166589071543, "anchor 3 mse": 6.112319367288099, "anchor 4 mse": 6.934861917447389}
{"bot_id": "0000000000000b01", "x": 0.9275061670312624, "y": 2.4804227414015734, "z": 0, "MSE": 6.190947935483788, "anchor 1 mse": 5.325459610830236, "anchor 2 mse": 6.240706348488016, "anchor 3 mse": 6.1416841471754715, "anchor 4 mse": 6.913742464630575}
{"bot_id": "0000000000000b01", "x": 0.926651717958208, "y": 2.47886046811167, "z": 0, "MSE": 6.203853210355484, "anchor 1 mse": 5.401319453412097, "anchor 2 mse": 6.246372132889674, "anchor 3 mse": 6.150425948240125, "anchor 4 mse": 6.907486442112158}
{"bot_id": "0000000000000b01", "x": 0.9289732528201654, "y": 2.4831099319267875, "z": 0, "MSE": 6.169139690639479, "anchor 1 mse": 5.143150549669498, "anchor 2 mse": 6.230970891991572, "anchor 3 mse": 6.126667181838978, "anchor 4 mse": 6.924522528336139}
{"bot_id": "0000000000000b01", "x": 0.9319896949430069, "y": 2.4886549632587176, "z": 0, "MSE": 6.125605226939889, "anchor 1 mse": 5.199545557919737, "anchor 2 mse": 6.210920670348518, "anchor 3 mse": 6.095757768553694, "anchor 4 mse": 6.946845415837382}
{"bot_id": "0000000000000b01", "x": 0.9317244914457125, "y": 2.4881663291135983, "z": 0, "MSE": 6.12936571406633, "anchor 1 mse": 5.245507601176502, "anchor 2 mse": 6.212685449803866, "anchor 3 mse": 6.098477280599301, "anchor 4 mse": 6.9448740400898465}
{"bot_id": "0000000000000b01", "x": 0.9306289911415017, "y": 2.4861502025553253, "z": 0, "MSE": 6.1450338646510225, "anchor 1 mse": 5.262303004261843, "anchor 2 mse": 6.219971204287812, "anchor 3 mse": 6.109706836178405, "anchor 4 mse": 6.936748780709528}
{"bot_id": "0000000000000b01", "x": 0.9301506010746213, "y": 2.485270940309176, "z": 0, "MSE": 6.151945226135021, "anchor 1 mse": 5.174369093000152, "anchor 2 mse": 6.223150760456644, "anchor 3 mse": 6.114608596588006, "anchor 4 mse": 6.9332096235561}
{"bot_id": "0000000000000b01", "x": 0.9316279941555231, "y": 2.487988588825188, "z": 0, "MSE": 6.130737120696745, "anchor 1 mse": 5.18975432214075, "anchor 2 mse": 6.21332748489679, "anchor 3 mse": 6.099466705936906, "anchor 4 mse": 6.94415715865871}
{"bot_id": "0000000000000b01", "x": 0.9319780466329735, "y": 2.488633496744089, "z": 0, "MSE": 6.125770133433864, "anchor 1 mse": 5.1115352225132735, "anchor 2 mse": 6.210998191779268, "anchor 3 mse": 6.095877223900565, "anchor 4 mse": 6.94675879264382}
{"bot_id": "0000000000000b01", "x": 0.9317148482181871, "y": 2.488148565748807, "z": 0, "MSE": 6.1295026874518435, "anchor 1 mse": 5.1873665764668955, "anchor 2 mse": 6.212749612439536, "anchor 3 mse": 6.098576158854063, "anchor 4 mse": 6.944802390042613}
{"bot_id": "0000000000000b01", "x": 0.9317606928134641, "y": 2.488233016660113, "z": 0, "MSE": 6.12885165430892, "anchor 1 mse": 5.167982538463346, "anchor 2 mse": 6.212444573932627, "anchor 3 mse": 6.098106079804157, "anchor 4 mse": 6.945143039741242}
{"bot_id": "0000000000000b01", "x": 0.9322927333729459, "y": 2.4892135795291415, "z": 0, "MSE": 6.121323489551316, "anchor 1 mse": 5.156635640190303, "anchor 2 mse": 6.208903621732521, "anchor 3 mse": 6.092649781589917, "anchor 4 mse": 6.949100145069676}
{"bot_id": "0000000000000b01", "x": 0.933078309688958, "y": 2.490663063403144, "z": 0, "MSE": 6.110298344999937, "anchor 1 mse": 5.159141731400965, "anchor 2 mse": 6.203672218742553, "anchor 3 mse": 6.084590303862305, "anchor 4 mse": 6.954955712532487}
{"bot_id": "0000000000000b01", "x": 0.9319077054085122, "y": 2.4885038749338775, "z": 0, "MSE": 6.126766473400931, "anchor 1 mse": 5.1661880226869785, "anchor 2 mse": 6.211466307595456, "anchor 3 mse": 6.096598568124813, "anchor 4 mse": 6.946235767490037}
{"bot_id": "0000000000000b01", "x": 0.9320209253181398, "y": 2.4887125194118016, "z": 0, "MSE": 6.125163213347916, "anchor 1 mse": 5.209061324131012, "anchor 2 mse": 6.210712823154623, "anchor 3 mse": 6.095437492009319, "anchor 4 mse": 6.947077678362614}
{"bot_id": "0000000000000b01", "x": 0.9321126125255051, "y": 2.4888815125434016, "z": 0, "MSE": 6.123866530467021, "anchor 1 mse": 5.200495655792169, "anchor 2 mse": 6.210102585492798, "anchor 3 mse": 6.094497180400978, "anchor 4 mse": 6.947759700817635}
{"bot_id": "0000000000000b01", "x": 0.9317023764875024, "y": 2.4881255925549524, "z": 0, "MSE": 6.129679861821911, "anchor 1 mse": 5.219117787330692, "anchor 2 mse": 6.212832594151849, "anchor 3 mse": 6.09870403879684, "anchor 4 mse": 6.944709727324384}
{"bot_id": "0000000000000b01", "x": 0.9299223904869012, "y": 2.484851741117963, "z": 0, "MSE": 6.155257361616626, "anchor 1 mse": 5.1894463926085885, "anchor 2 mse": 6.224667112933399, "anchor 3 mse": 6.116946507180556, "anchor 4 mse": 6.931523221913}
{"bot_id": "0000000000000b01", "x": 0.9313304742791615, "y": 2.487440763932065, "z": 0, "MSE": 6.13497595917802,