{"bot_id": "0000000000000b01", "x": 0.8097499444290787, "y": 2.134670359644433, "z": 0.0, "MSE": 18.643479207978004, "anchor 1 mse": 0.002818840375685544, "anchor 2 mse": 0.0030126968773451714, "anchor 3 mse": 0.03802215929249873, "anchor 4 mse": 0.03937568369805077}
{"bot_id": "0000000000000b01", "x": 0.8097499444290787, "y": 2.134670359644433, "z": 0.0, "MSE": 18.643479207978004, "anchor 1 mse": 0.002818840375685544, "anchor 2 mse": 0.0030126968773451714, "anchor 3 mse": 0.03802215929249873, "anchor 4 mse": 0.03937568369805077}
{"bot_id": "0000000000000b01", "x": 0.8115888432636076, "y": 2.1326758673226713, "z": 0.0, "MSE": 18.596831490187615, "anchor 1 mse": 0.002691681528160785, "anchor 2 mse": 0.0027222582533706296, "anchor 3 mse": 0.03764247313483054, "anchor 4 mse": 0.04029016239405352}
{"bot_id": "0000000000000b01", "x": 0.8131945971239773, "y": 2.1317364785075017, "z": 0.0, "MSE": 18.59013498341547, "anchor 1 mse": 0.002660011954854208, "anchor 2 mse": 0.002175483931785568, "anchor 3 mse": 0.03671840160777802, "anchor 4 mse": 0.04158275993099033}
{"bot_id": "0000000000000b01", "x": 0.8181312329469403, "y": 2.125191425756739, "z": 0.0, "MSE": 18.495733546071783, "anchor 1 mse": 0.0025989791497617386, "anchor 2 mse": 0.0013868257368475885, "anchor 3 mse": 0.03589540223013066, "anchor 4 mse": 0.04287597530995495}
{"bot_id": "0000000000000b01", "x": 0.8317625082385388, "y": 2.1156351123432624, "z": 0.0, "MSE": 18.23867192771484, "anchor 1 mse": 0.002210555794835532, "anchor 2 mse": 0.0003402091887784564, "anchor 3 mse": 0.03818369283272885, "anchor 4 mse": 0.041772706772635365}
{"bot_id": "0000000000000b01", "x": 0.8333091891296283, "y": 2.1118217410857447, "z": 0.0, "MSE": 18.23883133126023, "anchor 1 mse": 0.002528609788363643, "anchor 2 mse": 0.00021334688048454451, "anchor 3 mse": 0.03867835826756927, "anchor 4 mse": 0.03974600838604009}
{"bot_id": "0000000000000b01", "x": 0.8287948011979684, "y": 2.1158389989807325, "z": 0.0, "MSE": 18.31189889570213, "anchor 1 mse": 0.002487238017676717, "anchor 2 mse": 0.0004253824117815673, "anchor 3 mse": 0.037279025089880055, "anchor 4 mse": 0.041677556667353795}
{"bot_id": "0000000000000b01", "x": 0.8232589419355278, "y": 2.1240958272067143, "z": 0.0, "MSE": 18.453245696213727, "anchor 1 mse": 0.002431064959360489, "anchor 2 mse": 0.000584851027862824, "anchor 3 mse": 0.03519787224561285, "anchor 4 mse": 0.04468097706837692}
{"bot_id": "0000000000000b01", "x": 0.8222537780529061, "y": 2.125027369532893, "z": 0.0, "MSE": 18.382578554622665, "anchor 1 mse": 0.0018976059551486868, "anchor 2 mse": 0.0009333561970208314, "anchor 3 mse": 0.03402034140445175, "anchor 4 mse": 0.048509509910748115}
{"bot_id": "0000000000000b01", "x": 0.8196418315504731, "y": 2.123602121413205, "z": 0.0, "MSE": 18.488949443406444, "anchor 1 mse": 0.0025040573934691037, "anchor 2 mse": 0.0009028529733471199, "anchor 3 mse": 0.03372771125507986, "anchor 4 mse": 0.04617088242974102}
{"bot_id": "0000000000000b01", "x": 0.822847183961605, "y": 2.1153012522325905, "z": 0.0, "MSE": 18.27780314341797, "anchor 1 mse": 0.002228646650388372, "anchor 2 mse": 0.0015437704933685347, "anchor 3 mse": 0.03659172222927118, "anchor 4 mse": 0.043280002891191376}
{"bot_id": "0000000000000b01", "x": 0.8186510189321272, "y": 2.1194284664934875, "z": 0.0, "MSE": 18.300608689945747, "anchor 1 mse": 0.002096739291509935, "anchor 2 mse": 0.002644089638067334, "anchor 3 mse": 0.03749240720726364, "anchor 4 mse": 0.04261089859023396}
{"bot_id": "0000000000000b01", "x": 0.8189593940152609, "y": 2.1218258681049216, "z": 0.0, "MSE": 18.30510714164577, "anchor 1 mse": 0.0019702697398486114, "anchor 2 mse": 0.002546729726065973, "anchor 3 mse": 0.0375185770798009, "anchor 4 mse": 0.043211665433677535}
{"bot_id": "0000000000000b01", "x": 0.8197063121737802, "y": 2.1209441973427463, "z": 0.0, "MSE": 18.374748917027983, "anchor 1 mse": 0.0023847953553854475, "anchor 2 mse": 0.0018542431761925868, "anchor 3 mse": 0.03737796760919333, "anchor 4 mse": 0.04170743957366837}
{"bot_id": "0000000000000b01", "x": 0.8195086697435116, "y": 2.1196113608624536, "z": 0.0, "MSE": 18.398876641126737, "anchor 1 mse": 0.00262860456336268, "anchor 2 mse": 0.0017825674579779146, "anchor 3 mse": 0.0376421339166189, "anchor 4 mse": 0.040375474745229144}
{"bot_id": "0000000000000b01", "x": 0.8167834361639189, "y": 2.123093772821267, "z": 0.0, "MSE": 18.413979067433967, "anchor 1 mse": 0.0023559780884569305, "anchor 2 mse": 0.0022921325907017645, "anchor 3 mse": 0.036669526060043346, "anchor 4 mse": 0.04267033941604399}
{"bot_id": "0000000000000b01", "x": 0.8273138807023, "y": 2.1141082312902935, "z": 0.0, "MSE": 18.15723777901573, "anchor 1 mse": 0.001719816110691572, "anchor 2 mse": 0.0011643617050393655, "anchor 3 mse": 0.03613889120142157, "anchor 4 mse": 0.04633443253328981}
{"bot_id": "0000000000000b01", "x": 0.8300171436986088, "y": 2.1194578529092087, "z": 0.0, "MSE": 18.127884865923242, "anchor 1 mse": 0.0014015748592013729, "anchor 2 mse": 0.0009718438872038112, "anchor 3 mse": 0.037765171291210986, "anchor 4 mse": 0.04603299667651859}
{"bot_id": "0000000000000b01", "x": 0.8317137982297194, "y": 2.1174366546214394, "z": 0.0, "MSE": 18.146787466964717, "anchor 1 mse": 0.0017999192821826083, "anchor 2 mse": 0.0008145232060906314, "anchor 3 mse": 0.04040976779491997, "anchor 4 mse": 0.04077451071671636}
{"bot_id": "0000000000000b01", "x": 0.8298001802954228, "y": 2.1176332907727935, "z": 0.0, "MSE": 18.215472284681567, "anchor 1 mse": 0.0020848003737537397, "anchor 2 mse": 0.0008262590360248208, "anchor 3 mse": 0.04008815682050878, "anchor 4 mse": 0.03987358143452086}
{"bot_id": "0000000000000b01", "x": 0.8243754944223685, "y": 2.121495766458675, "z": 0.0, "MSE": 18.28253919576173, "anchor 1 mse": 0.002005773391717039, "anchor 2 mse": 0.001426877926842041, "anchor 3 mse": 0.03853268500655632, "anchor 4 mse": 0.042030715144166814}
{"bot_id": "0000000000000b01", "x": 0.8248911579948023, "y": 2.1194182174162273, "z": 0.0, "MSE": 18.303249145416856, "anchor 1 mse": 0.0021889749112226553, "anchor 2 mse": 0.0011159437392748604, "anchor 3 mse": 0.03767408131246009, "anchor 4 mse": 0.04231023808621187}
{"bot_id": "0000000000000b01", "x": 0.8293034264487906, "y": 2.113703495711739, "z": 0.0, "MSE": 18.143465722564397, "anchor 1 mse": 0.001964233433495117, "anchor 2 mse": 0.0012227920484836955, "anchor 3 mse": 0.03986535822259177, "anchor 4 mse": 0.040419645447938315}
{"bot_id": "0000000000000b01", "x": 0.8313040156587901, "y": 2.113182925924159, "z": 0.0, "MSE": 18.124494592751844, "anchor 1 mse": 0.001876335733374517, "anchor 2 mse": 0.000868536459208211, "anchor 3 mse": 0.039207194034496275, "anchor 4 mse": 0.04171808617054636}
{"bot_id": "0000000000000b01", "x": 0.8303691969556442, "y": 2.118071317208676, "z": 0.0, "MSE": 18.13829498642776, "anchor 1 mse": 0.001503506716617015, "anchor 2 mse": 0.0008221858128006123, "anchor 3 mse": 0.03735645710344044, "anchor 4 mse": 0.04604562379305585}
{"bot_id": "0000000000000b01", "x": 0.8319331222040128, "y": 2.1160181291630416, "z": 0.0, "MSE": 18.154843144933615, "anchor 1 mse": 0.0016962397923209916, "anchor 2 mse": 0.000499827118025306, "anchor 3 mse": 0.037096249916398066, "anchor 4 mse": 0.04548798447925291}
{"bot_id": "0000000000000b01", "x": 0.8205773362661616, "y": 2.12139159031265, "z": 0.0, "MSE": 18.33038387351316, "anchor 1 mse": 0.0022151867509510904, "anchor 2 mse": 0.0020515224769018106, "anchor 3 mse": 0.03845862011297294, "anchor 4 mse": 0.041071784487128574}
{"bot_id": "0000000000000b01", "x": 0.8197693687680038, "y": 2.1221102500561284, "z": 0.0, "MSE": 18.292778342990925, "anchor 1 mse": 0.0020200328405734556, "anchor 2 mse": 0.002638921630165327, "anchor 3 mse": 0.03914048906983703, "anchor 4 mse": 0.04100300664918394}
{"bot_id": "0000000000000b01", "x": 0.9420872431636176, "y": 1.9754072381087746, "z": 0.0, "MSE": 15.238898339444127, "anchor 1 mse": 0.0015169062462961765, "anchor 2 mse": 0.018394402334126522,