{"bot_id": "0000000000000b01", "x": 1.6277330950789055, "y": 1.7610467919701405, "z": 0.0, "MSE": 0.05971729069454135, "anchor 1 mse": 0.00032698551936909196, "anchor 2 mse": 0.13367063785598024, "anchor 3 mse": 0.019269950045086484, "anchor 4 mse": 0.08560158935772953}
{"bot_id": "0000000000000b01", "x": 1.6277330950789055, "y": 1.7610467919701405, "z": 0.0, "MSE": 0.05971729069454135, "anchor 1 mse": 0.00032698551936909196, "anchor 2 mse": 0.13367063785598024, "anchor 3 mse": 0.019269950045086484, "anchor 4 mse": 0.08560158935772953}
{"bot_id": "0000000000000b01", "x": 1.625148132919527, "y": 1.7629846520637473, "z": 0.0, "MSE": 0.06146509716512352, "anchor 1 mse": 0.00031518299041638075, "anchor 2 mse": 0.13866638316078547, "anchor 3 mse": 0.014869120559898818, "anchor 4 mse": 0.08743558682899934}
{"bot_id": "0000000000000b01", "x": 1.6129627912089355, "y": 1.759513728418551, "z": 0.0, "MSE": 0.05933634500420144, "anchor 1 mse": 4.832353562444912e-05, "anchor 2 mse": 0.13861536180565542, "anchor 3 mse": 0.012843087164530125, "anchor 4 mse": 0.08583860751099578}
{"bot_id": "0000000000000b01", "x": 1.5972469548021602, "y": 1.735839601914271, "z": 0.0, "MSE": 0.06465883309382311, "anchor 1 mse": 7.422364863718976e-05, "anchor 2 mse": 0.153650596167091, "anchor 3 mse": 0.006136726735574032, "anchor 4 mse": 0.09877378582399023}
{"bot_id": "0000000000000b01", "x": 1.5850986183063043, "y": 1.7376046323169767, "z": 0.0, "MSE": 0.06169356247529463, "anchor 1 mse": 6.432869447153383e-05, "anchor 2 mse": 0.14928260006655533, "anchor 3 mse": 0.0054322164400755525, "anchor 4 mse": 0.0919951047000761}
{"bot_id": "0000000000000b01", "x": 1.5808672082359756, "y": 1.7389640756225027, "z": 0.0, "MSE": 0.06163260638802978, "anchor 1 mse": 0.00010272973179407274, "anchor 2 mse": 0.14800548405606642, "anchor 3 mse": 0.010192874356613302, "anchor 4 mse": 0.08822933740764531}
{"bot_id": "0000000000000b01", "x": 1.593719543250772, "y": 1.781670783045153, "z": 0.0, "MSE": 0.056980162582425525, "anchor 1 mse": 6.334079012955103e-05, "anchor 2 mse": 0.13954546094271644, "anchor 3 mse": 0.012798810783518412, "anchor 4 mse": 0.07551303781333772}
{"bot_id": "0000000000000b01", "x": 1.6014316785679488, "y": 1.7620730547267442, "z": 0.0, "MSE": 0.06949643564948191, "anchor 1 mse": 1.1406467369626473e-06, "anchor 2 mse": 0.16737609579492332, "anchor 3 mse": 0.011608124723057502, "anchor 4 mse": 0.09900038143320988}
{"bot_id": "0000000000000b01", "x": 1.5761168626964521, "y": 1.7539818378889822, "z": 0.0, "MSE": 0.07721238610168729, "anchor 1 mse": 4.772406131252997e-05, "anchor 2 mse": 0.19285750990336784, "anchor 3 mse": 0.007584662618374876, "anchor 4 mse": 0.1083596478236939}
{"bot_id": "0000000000000b01", "x": 1.5863574393138147, "y": 1.7632404973248461, "z": 0.0, "MSE": 0.06950123294003607, "anchor 1 mse": 0.0003303831480880758, "anchor 2 mse": 0.1734663991041814, "anchor 3 mse": 0.005010697707749876, "anchor 4 mse": 0.09919745180012493}
{"bot_id": "0000000000000b01", "x": 1.5790061896647347, "y": 1.751135830079578, "z": 0.0, "MSE": 0.059396723015152225, "anchor 1 mse": 6.25602982560556e-05, "anchor 2 mse": 0.14492266097824968, "anchor 3 mse": 0.005519621429070208, "anchor 4 mse": 0.08274234161785152}
{"bot_id": "0000000000000b01", "x": 1.5785771038416063, "y": 1.7315431475482221, "z": 0.0, "MSE": 0.06353289117147137, "anchor 1 mse": 4.752247744993253e-05, "anchor 2 mse": 0.15020666847399505, "anchor 3 mse": 0.005271515569651651, "anchor 4 mse": 0.09470520765843526}
{"bot_id": "0000000000000b01", "x": 1.2485415119275052, "y": 1.3808860031812367, "z": 0.0, "MSE": 1.2581669837809402, "anchor 1 mse": 4.448469920831373, "anchor 2 mse": 0.18887649717501664, "anchor 3 mse": 0.31101945341554904, "anchor 4 mse": 0.08430206370182226}
{"bot_id": "0000000000000b01", "x": 1.7798944837297472, "y": 1.9745800647457519, "z": 0.0, "MSE": 7.682148925331902, "anchor 1 mse": 30.34226386056551, "anchor 2 mse": 0.2062474015274918, "anchor 3 mse": 0.027628167913781608, "anchor 4 mse": 0.13959606514398565}
{"bot_id": "0000000000000b01", "x": 1.8188945165484647, "y": 2.0098515572822606, "z": 0.0, "MSE": 8.006756143646086, "anchor 1 mse": 31.620349311100593, "anchor 2 mse": 0.21016252232052088, "anchor 3 mse": 0.05119602985445139, "anchor 4 mse": 0.14531671130877719}
{"bot_id": "0000000000000b01", "x": 1.2569693810517102, "y": 1.3881232445544218, "z": 0.0, "MSE": 1.3327938554755312, "anchor 1 mse": 4.742206205317591, "anchor 2 mse": 0.17769992668393111, "anchor 3 mse": 0.33245580593356167, "anchor 4 mse": 0.0788134839670411}
{"bot_id": "0000000000000b01", "x": 1.572366627167307, "y": 1.7458553058552662, "z": 0.0, "MSE": 0.07275292734163163, "anchor 1 mse": 0.0002904293973333348, "anchor 2 mse": 0.17747023750168256, "anchor 3 mse": 0.018297253100288645, "anchor 4 mse": 0.09938189624517847}
{"bot_id": "0000000000000b01", "x": 1.5800679064382543, "y": 1.7578601783763488, "z": 0.0, "MSE": 0.06896675662441212, "anchor 1 mse": 0.00025976909687598285, "anchor 2 mse": 0.1679829164444428, "anchor 3 mse": 0.014777468494091922, "anchor 4 mse": 0.09284687246223781}
{"bot_id": "0000000000000b01", "x": 1.5835764916431851, "y": 1.7673391444187676, "z": 0.0, "MSE": 0.06792872530539314, "anchor 1 mse": 6.42468656386207e-05, "anchor 2 mse": 0.16751038789109457, "anchor 3 mse": 0.012698352163560444, "anchor 4 mse": 0.0914419143012789}
{"bot_id": "0000000000000b01", "x": 1.5710098428516013, "y": 1.7431885991308487, "z": 0.0, "MSE": 0.07250215758562087, "anchor 1 mse": 3.419210323176861e-05, "anchor 2 mse": 0.18009536575153115, "anchor 3 mse": 0.006487814230391641, "anchor 4 mse": 0.10339125825732894}
{"bot_id": "0000000000000b01", "x": 1.56501052764377, "y": 1.741272682693333, "z": 0.0, "MSE": 0.07048120818363716, "anchor 1 mse": 1.3802543497103055e-05, "anchor 2 mse": 0.1750547791188275, "anchor 3 mse": 0.008339124853979273, "anchor 4 mse": 0.10168087001502464}
{"bot_id": "0000000000000b01", "x": 1.567663541090426, "y": 1.7456498596220653, "z": 0.0, "MSE": 0.07372483920288536, "anchor 1 mse": 0.0003513495428914631, "anchor 2 mse": 0.18081705823665742, "anchor 3 mse": 0.014146378926709812, "anchor 4 mse": 0.09958457010528278}
{"bot_id": "0000000000000b01", "x": 1.5722195025228027, "y": 1.7667322895495994, "z": 0.0, "MSE": 0.06955300622447247, "anchor 1 mse": 2.4983400319755827e-05, "anchor 2 mse": 0.1748954613145792, "anchor 3 mse": 0.010850434038715145, "anchor 4 mse": 0.09244114614427579}
{"bot_id": "0000000000000b01", "x": 1.573322771876306, "y": 1.7661620932154523, "z": 0.0, "MSE": 0.0633016332722606, "anchor 1 mse": 2.2032424705139457e-05, "anchor 2 mse": 0.15954036939994992, "anchor 3 mse": 0.007868322671627003, "anchor 4 mse": 0.08579302794762213}
{"bot_id": "0000000000000b01", "x": 1.5644872932862002, "y": 1.7550168465063247, "z": 0.0, "MSE": 0.06985504551311941, "anchor 1 mse": 1.3011211380546669e-05, "anchor 2 mse": 0.1758970277466013, "anchor 3 mse": 0.009059019579825084, "anchor 4 mse": 0.09445112351467075}
{"bot_id": "0000000000000b01", "x": 1.5626846155181013, "y": 1.7643262149978676, "z": 0.0, "MSE": 0.07020541819932254, "anchor 1 mse": 4.717942282636563e-05, "anchor 2 mse": 0.1782553980701231, "anchor 3 mse": 0.010600577230832884, "anchor 4 mse": 0.0919185180735078}
{"bot_id": "0000000000000b01", "x": 1.5626173867344155, "y": 1.762503211468242, "z": 0.0, "MSE": 0.0802866550678644, "anchor 1 mse": 4.162590707310683e-06, "anchor 2 mse": 0.20546417752866253, "anchor 3 mse": 0.008873450704234991, "anchor 4 mse": 0.13090653516118647}
{"bot_id": "0000000000000b01", "x": 1.5733293286796923, "y": 1.7605911234089495, "z": 0.0, "MSE": 0.0792767079445584, "anchor 1 mse": 0.00012874099710934273, "anchor 2 mse": 0.20059006440675525, "anchor 3 mse": 0.018183847865373134, "anchor 4 mse": 0.10960691585681631}
{"bot_id": "0000000000000b01", "x": 1.5779497561894031, "y": 1.7520292053554811, "z": 0.0, "MSE": 0.07031440269643746, "anchor 1 mse": 0.0007765103575728918, "anchor 2 mse": 0.17372582363773845,