{"bot_id": "0000000000000b01", "x": 1.3015644544789615, "y": 1.596781102368915, "z": 0, "MSE": 0.026242382570200767, "anchor 1 mse": 9.912852766484482e-05, "anchor 2 mse": 0.030248487851094765, "anchor 3 mse": 0.0002851731743835701, "anchor 4 mse": 0.032825648264553246}
{"bot_id": "0000000000000b01", "x": 1.3015644544789615, "y": 1.596781102368915, "z": 0, "MSE": 0.026242382570200767, "anchor 1 mse": 9.912852766484482e-05, "anchor 2 mse": 0.030248487851094765, "anchor 3 mse": 0.0002851731743835701, "anchor 4 mse": 0.032825648264553246}
{"bot_id": "0000000000000b01", "x": 1.3015644544789615, "y": 1.596781102368915, "z": 0, "MSE": 0.026242382570200767, "anchor 1 mse": 9.912852766484482e-05, "anchor 2 mse": 0.030248487851094765, "anchor 3 mse": 0.0002851731743835701, "anchor 4 mse": 0.032825648264553246}
{"bot_id": "0000000000000b01", "x": 1.3015644544789615, "y": 1.596781102368915, "z": 0, "MSE": 0.026242382570200767, "anchor 1 mse": 9.912852766484482e-05, "anchor 2 mse": 0.030248487851094765, "anchor 3 mse": 0.0002851731743835701, "anchor 4 mse": 0.032825648264553246}
{"bot_id": "0000000000000b01", "x": 1.3114105025721514, "y": 1.6016998735615402, "z": 0, "MSE": 0.026599290140205026, "anchor 1 mse": 6.74399906459387e-09, "anchor 2 mse": 0.03134301275431009, "anchor 3 mse": 0.0001414872795531834, "anchor 4 mse": 0.03146970934266652}
{"bot_id": "0000000000000b01", "x": 1.30839819259286, "y": 1.6113398070165097, "z": 0, "MSE": 0.026489358883035538, "anchor 1 mse": 0.00039742196198855204, "anchor 2 mse": 0.033210787730800974, "anchor 3 mse": 0.00013086776565272317, "anchor 4 mse": 0.02956204330748709}
{"bot_id": "0000000000000b01", "x": 1.3173543259635432, "y": 1.6331029303461102, "z": 0, "MSE": 0.027012115533845322, "anchor 1 mse": 0.0007167650349098932, "anchor 2 mse": 0.03232954958080135, "anchor 3 mse": 0.00043003262343077495, "anchor 4 mse": 0.03157983794101194}
{"bot_id": "0000000000000b01", "x": 1.3129955990483122, "y": 1.6354124247559543, "z": 0, "MSE": 0.027712657534790235, "anchor 1 mse": 0.0012844335108861441, "anchor 2 mse": 0.03426838473996595, "anchor 3 mse": 0.0014732696161104998, "anchor 4 mse": 0.03328575479167008}
{"bot_id": "0000000000000b01", "x": 1.3291283186358838, "y": 1.6596287062493777, "z": 0, "MSE": 0.028629993579068612, "anchor 1 mse": 0.0011152473068186172, "anchor 2 mse": 0.03574617579019611, "anchor 3 mse": 0.000551563178428649, "anchor 4 mse": 0.03164484152261135}
{"bot_id": "0000000000000b01", "x": 1.3159574994918946, "y": 1.6573102085638136, "z": 0, "MSE": 0.028840197366648897, "anchor 1 mse": 0.0005462004963999537, "anchor 2 mse": 0.03503837930415518, "anchor 3 mse": 0.0005660044774553399, "anchor 4 mse": 0.03715979953907932}
{"bot_id": "0000000000000b01", "x": 1.296345634363859, "y": 1.6474018743804986, "z": 0, "MSE": 0.02948211925887309, "anchor 1 mse": 0.0024157505543014796, "anchor 2 mse": 0.03526662618216058, "anchor 3 mse": 0.0024594223258191613, "anchor 4 mse": 0.03551711531985535}
{"bot_id": "0000000000000b01", "x": 1.3052377797093864, "y": 1.6528589958892637, "z": 0, "MSE": 0.02944548157534217, "anchor 1 mse": 0.001516388696369775, "anchor 2 mse": 0.03887901943388915, "anchor 3 mse": 0.0014293689754906007, "anchor 4 mse": 0.03402326226149759}
{"bot_id": "0000000000000b01", "x": 1.3009958263104544, "y": 1.6724467207920188, "z": 0, "MSE": 0.027951336157317225, "anchor 1 mse": 0.0026771157924052615, "anchor 2 mse": 0.03195505216242395, "anchor 3 mse": 0.002264384019447619, "anchor 4 mse": 0.03180353824295179}
{"bot_id": "0000000000000b01", "x": 1.306161445269546, "y": 1.6818723845779147, "z": 0, "MSE": 0.026476252689410992, "anchor 1 mse": 0.0019168225741153175, "anchor 2 mse": 0.029864933878899616, "anchor 3 mse": 0.001532292620693307, "anchor 4 mse": 0.026014079457380244}
{"bot_id": "0000000000000b01", "x": 1.3008799612702395, "y": 1.6748841706667685, "z": 0, "MSE": 0.02649019851673834, "anchor 1 mse": 0.000858987241519305, "anchor 2 mse": 0.03336204426057453, "anchor 3 mse": 0.0015236656986140564, "anchor 4 mse": 0.030920692143444596}
{"bot_id": "0000000000000b01", "x": 1.3074748820939568, "y": 1.6702504105894243, "z": 0, "MSE": 0.026001229683813472, "anchor 1 mse": 0.0007998146983051657, "anchor 2 mse": 0.032095273316708604, "anchor 3 mse": 0.0010505050303056137, "anchor 4 mse": 0.029155797221607913}
{"bot_id": "0000000000000b01", "x": 1.3071822961773272, "y": 1.661131783477177, "z": 0, "MSE": 0.026750666349253306, "anchor 1 mse": 0.0014493312213675522, "anchor 2 mse": 0.033867610874931044, "anchor 3 mse": 0.0011560418268193521, "anchor 4 mse": 0.02568893723283968}
{"bot_id": "0000000000000b01", "x": 1.2837318333894938, "y": 1.633345389432434, "z": 0, "MSE": 0.029947869864677876, "anchor 1 mse": 0.0034662916314235487, "anchor 2 mse": 0.03972406926131663, "anchor 3 mse": 0.0035572341911796336, "anchor 4 mse": 0.03316670240219181}
{"bot_id": "0000000000000b01", "x": 1.2850544856842077, "y": 1.6392413937084578, "z": 0, "MSE": 0.03227024203941517, "anchor 1 mse": 0.004708083860669634, "anchor 2 mse": 0.03894794710763544, "anchor 3 mse": 0.0033403215823459183, "anchor 4 mse": 0.038674385700011825}
{"bot_id": "0000000000000b01", "x": 1.2923592658052254, "y": 1.633750937191615, "z": 0, "MSE": 0.03457593042311868, "anchor 1 mse": 0.005344627245512391, "anchor 2 mse": 0.04437169208987795, "anchor 3 mse": 0.002478999865076355, "anchor 4 mse": 0.03903945499731322}
{"bot_id": "0000000000000b01", "x": 1.2942088231042177, "y": 1.6453456771247503, "z": 0, "MSE": 0.031805842428841304, "anchor 1 mse": 0.002005647832187943, "anchor 2 mse": 0.039692984297584444, "anchor 3 mse": 0.000881346480870784, "anchor 4 mse": 0.03942943392915113}
{"bot_id": "0000000000000b01", "x": 1.294180161759485, "y": 1.6449964194829856, "z": 0, "MSE": 0.028847398687916605, "anchor 1 mse": 0.0017334811253198973, "anchor 2 mse": 0.03482201979369378, "anchor 3 mse": 0.0006574828360257324, "anchor 4 mse": 0.03283480999998977}
{"bot_id": "0000000000000b01", "x": 1.2861774823225685, "y": 1.6437100112901875, "z": 0, "MSE": 0.027144164073022663, "anchor 1 mse": 9.937720207312635e-05, "anchor 2 mse": 0.032099833848685776, "anchor 3 mse": 3.1009434034452646e-05, "anchor 4 mse": 0.03462583035022032}
{"bot_id": "0000000000000b01", "x": 1.3050005221468206, "y": 1.6541979034054095, "z": 0, "MSE": 0.02521319366599783, "anchor 1 mse": 9.07409642647558e-06, "anchor 2 mse": 0.029503349688036074, "anchor 3 mse": 9.965902489925531e-05, "anchor 4 mse": 0.027884772005498253}
{"bot_id": "0000000000000b01", "x": 1.3100558546150045, "y": 1.64981592498315, "z": 0, "MSE": 0.02713251624381975, "anchor 1 mse": 0.00038205528027177173, "anchor 2 mse": 0.03234930311596287, "anchor 3 mse": 0.0001256034458261043, "anchor 4 mse": 0.03302850212658269}
