{"bot_id": "0000000000000b01", "x": 1.101401810702658, "y": 2.032736713107231, "z": 0, "MSE": 0.026536473611435858, "anchor 1 mse": 0.023088256400065645, "anchor 2 mse": 0.015835474599045128, "anchor 3 mse": 0.025853976960458592, "anchor 4 mse": 0.0017215246528186961}
{"bot_id": "0000000000000b01", "x": 1.101401810702658, "y": 2.032736713107231, "z": 0, "MSE": 0.026536473611435858, "anchor 1 mse": 0.023088256400065645, "anchor 2 mse": 0.015835474599045128, "anchor 3 mse": 0.025853976960458592, "anchor 4 mse": 0.0017215246528186961}
{"bot_id": "0000000000000b01", "x": 1.101401810702658, "y": 2.032736713107231, "z": 0, "MSE": 0.026536473611435858, "anchor 1 mse": 0.023088256400065645, "anchor 2 mse": 0.015835474599045128, "anchor 3 mse": 0.025853976960458592, "anchor 4 mse": 0.0017215246528186961}
{"bot_id": "0000000000000b01", "x": 1.101401810702658, "y": 2.032736713107231, "z": 0, "MSE": 0.026536473611435858, "anchor 1 mse": 0.023088256400065645, "anchor 2 mse": 0.015835474599045128, "anchor 3 mse": 0.025853976960458592, "anchor 4 mse": 0.0017215246528186961}
{"bot_id": "0000000000000b01", "x": 1.1152302316851357, "y": 2.044040665313073, "z": 0, "MSE": 0.02672062831875766, "anchor 1 mse": 0.021207367448904484, "anchor 2 mse": 0.01928654487583178, "anchor 3 mse": 0.025298971279551642, "anchor 4 mse": 0.0016297657086677818}
{"bot_id": "0000000000000b01", "x": 1.1151731989093199, "y": 2.04714160802734, "z": 0, "MSE": 0.028322584306784557, "anchor 1 mse": 0.02328936523801259, "anchor 2 mse": 0.020724270407192946, "anchor 3 mse": 0.030074774834696994, "anchor 4 mse": 0.001474850481393721}
{"bot_id": "0000000000000b01", "x": 1.115102273246055, "y": 2.063131292977936, "z": 0, "MSE": 0.028003339200646977, "anchor 1 mse": 0.022775171302302784, "anchor 2 mse": 0.019799724754268153, "anchor 3 mse": 0.025336946012272897, "anchor 4 mse": 0.000914200123998822}
{"bot_id": "0000000000000b01", "x": 1.1199683387594614, "y": 2.073894569142526, "z": 0, "MSE": 0.02867739993034903, "anchor 1 mse": 0.025094152129794548, "anchor 2 mse": 0.01892220454358833, "anchor 3 mse": 0.028913949691645603, "anchor 4 mse": 0.001121736811670343}
{"bot_id": "0000000000000b01", "x": 1.1240882855330794, "y": 2.0692727578470134, "z": 0, "MSE": 0.030526449100975808, "anchor 1 mse": 0.027658852070750865, "anchor 2 mse": 0.019830690326501355, "anchor 3 mse": 0.0354930592057931, "anchor 4 mse": 0.0006693836774107621}
{"bot_id": "0000000000000b01", "x": 1.125469694891141, "y": 2.0693553274043532, "z": 0, "MSE": 0.02810818412006998, "anchor 1 mse": 0.023772896883712837, "anchor 2 mse": 0.018528345926214017, "anchor 3 mse": 0.03036821150794533, "anchor 4 mse": 0.0013274792398453351}
{"bot_id": "0000000000000b01", "x": 1.1167864186696552, "y": 2.05947979695354, "z": 0, "MSE": 0.027801628074493837, "anchor 1 mse": 0.0233450420268339, "anchor 2 mse": 0.018050146914621965, "anchor 3 mse": 0.027702157435055042, "anchor 4 mse": 0.002022810860397253}
{"bot_id": "0000000000000b01", "x": 1.114009263044698, "y": 2.0606174980732157, "z": 0, "MSE": 0.029767431434741337, "anchor 1 mse": 0.025934026203625053, "anchor 2 mse": 0.02083726582928453, "anchor 3 mse": 0.027410090394512535, "anchor 4 mse": 0.0022743024641574336}
{"bot_id": "0000000000000b01", "x": 1.1192552821157158, "y": 2.0553892301070684, "z": 0, "MSE": 0.032986884748482666, "anchor 1 mse": 0.030009533213302537, "anchor 2 mse": 0.023897859640146926, "anchor 3 mse": 0.035153456612666986, "anchor 4 mse": 0.002387539189452809}
{"bot_id": "0000000000000b01", "x": 1.1074133299413922, "y": 2.0442718677286362, "z": 0, "MSE": 0.027499628304655396, "anchor 1 mse": 0.020599588797667233, "anchor 2 mse": 0.02163387614849466, "anchor 3 mse": 0.028007777782387173, "anchor 4 mse": 0.002658349002526897}
{"bot_id": "0000000000000b01", "x": 1.1291487337708368, "y": 2.043040152027332, "z": 0, "MSE": 0.02956503149080624, "anchor 1 mse": 0.025606863674259083, "anchor 2 mse": 0.02044186439732401, "anchor 3 mse": 0.02604801307854413, "anchor 4 mse": 0.00380007180075597}
{"bot_id": "0000000000000b01", "x": 1.117710484745287, "y": 2.036831714197244, "z": 0, "MSE": 0.027299777326824676, "anchor 1 mse": 0.03257805503187587, "anchor 2 mse": 0.017963303151962356, "anchor 3 mse": 0.028456434381298277, "anchor 4 mse": 0.0014195295326642498}
{"bot_id": "0000000000000b01", "x": 1.1179996474267726, "y": 2.0233626908929416, "z": 0, "MSE": 0.03000382169646408, "anchor 1 mse": 0.028505200783130995, "anchor 2 mse": 0.01886729884331929, "anchor 3 mse": 0.029989412810044604, "anchor 4 mse": 0.0012072681061666589}
{"bot_id": "0000000000000b01", "x": 0.7385650621016103, "y": 1.4394887653105268, "z": 0, "MSE": 0.4399068004570931, "anchor 1 mse": 0.9148410499615962, "anchor 2 mse": 0.1504596856450305, "anchor 3 mse": 0.6407250919523462, "anchor 4 mse": 0.006062118010388365}
{"bot_id": "0000000000000b01", "x": 0.45034155704221623, "y": 0.921016577467416, "z": 0, "MSE": 1.4706602759869345, "anchor 1 mse": 3.378532971660171, "anchor 2 mse": 0.6241901958175151, "anchor 3 mse": 1.8220200287673052, "anchor 4 mse": 0.004199674725466676}
{"bot_id": "0000000000000b01", "x": 0.4499656227964477, "y": 0.9231784840894136, "z": 0, "MSE": 1.45718905401822, "anchor 1 mse": 3.3536048266992613, "anchor 2 mse": 0.6365879115734419, "anchor 3 mse": 1.7807893998088182, "anchor 4 mse": 0.003531977778578323}
{"bot_id": "0000000000000b01", "x": 0.449311409091104, "y": 0.9344388056004761, "z": 0, "MSE": 1.4085843901209232, "anchor 1 mse": 3.2543879689577353, "anchor 2 mse": 0.6324913199499215, "anchor 3 mse": 1.6881804207998854, "anchor 4 mse": 0.0031799477059687433}
{"bot_id": "0000000000000b01", "x": 0.45798267781014823, "y": 0.9264048897802123, "z": 0, "MSE": 1.4062121688306368, "anchor 1 mse": 3.2369142208579, "anchor 2 mse": 0.6503229402895513, "anchor 3 mse": 1.680159026990425, "anchor 4 mse": 0.002236614651559078}
{"bot_id": "0000000000000b01", "x": 0.7259878266739427, "y": 1.455421528784198, "z": 0, "MSE": 0.4004026193128985, "anchor 1 mse": 0.8268230144562289, "anchor 2 mse": 0.16539442611945498, "anchor 3 mse": 0.5609609534540014, "anchor 4 mse": 0.003116822756707251}
{"bot_id": "0000000000000b01", "x": 0.7340866407592012, "y": 1.4654774835570983, "z": 0, "MSE": 0.40873751819208914, "anchor 1 mse": 0.8368062828756212, "anchor 2 mse": 0.16431406642901986, "anchor 3 mse": 0.5877156595204175, "anchor 4 mse": 0.001841504623052727}
{"bot_id": "0000000000000b01", "x": 0.7456679160574211, "y": 1.4634300333532846, "z": 0, "MSE": 0.43021119075758296, "anchor 1 mse": 0.896312029457545, "anchor 2 mse": 0.16525365031839073, "anchor 3 mse": 0.6078164706430721, "anchor 4 mse": 0.00288857247581803}
{"bot_id": "0000000000000b01", "x": 0.7302918957985818, "y": 1.4504652826493134, "z": 0, "MSE": 0.4453130463993253, "anchor 1 mse": 0.9209331957937723, "anchor 2 mse": 0.18135805838946675, "anchor 3 mse": 0.6325787916695254, "anchor 4 mse": 0.002153934166713471}
{"bot_id": "0000000000000b01", "x": 0.7452980269105143, "y": 1.4551322719896607, "z": 0, "MSE": 0.4494827939566816, "anchor 1 mse": 0.9337797179143366, "anchor 2 mse": 0.17243326056708397, "anchor 3 mse": 0.6428125025462452, "anchor 4 mse": 0.002298600848566444}
{"bot_id": "0000000000000b01", "x": 1.0846977641301716, "y": 2.0426888435577926, "z": 0, "MSE": 0.02937141193201103, "anchor 1 mse": 0.02558884871428992, "anchor 2 mse": 0.021111118855350962, "anchor 3 mse": 0.027392467382638855, "anchor 4 mse": 0.0023758719875247828}
{"bot_id": "0000000000000b01", "x": 1.0797909156033207, "y": 2.035774974962697, "z": 0, "MSE": 0.026927181556259904, "anchor 1 mse": 0.021689063475397133, "anchor 2 mse": 0.02055211002368811, "anchor 3 mse": 0.02564273459086309, "anchor 4 mse": 0.0013740315401316121}
{"bot_id": "0000000000000b01", "x": 1.0808180830310194, "y": 2.0262212710921066, "z": 0, "MSE": 0.02550555663457907, "anchor 1 mse": 0.021034862801869645, "anchor 2 mse": 0.017031260707011404, "anchor 3 mse": 0.02445429956732107,