{"bot_id": "0000000000000b01", "x": 1.2831303017294013, "y": 1.6168987327082571, "z": 0, "MSE": 0.03283561347358764, "anchor 1 mse": 0.004117387698129715, "anchor 2 mse": 0.0426981178087173, "anchor 3 mse": 0.002989822390552949, "anchor 4 mse": 0.03935856522953138}
{"bot_id": "0000000000000b01", "x": 1.2831303017294013, "y": 1.6168987327082571, "z": 0, "MSE": 0.03283561347358764, "anchor 1 mse": 0.004117387698129715, "anchor 2 mse": 0.0426981178087173, "anchor 3 mse": 0.002989822390552949, "anchor 4 mse": 0.03935856522953138}
{"bot_id": "0000000000000b01", "x": 1.28449745913443, "y": 1.6120612988283598, "z": 0, "MSE": 0.032807519333907055, "anchor 1 mse": 0.004292507183052043, "anchor 2 mse": 0.04456860744817884, "anchor 3 mse": 0.0024513741383795557, "anchor 4 mse": 0.03602170581296209}
{"bot_id": "0000000000000b01", "x": 1.303322590915347, "y": 1.6291820943394282, "z": 0, "MSE": 0.02872966652655961, "anchor 1 mse": 0.002421997442940005, "anchor 2 mse": 0.03505109473925455, "anchor 3 mse": 0.00147408889956203, "anchor 4 mse": 0.03166133612615256}
{"bot_id": "0000000000000b01", "x": 1.3091266300411755, "y": 1.6333258220488007, "z": 0, "MSE": 0.026885883703975932, "anchor 1 mse": 0.001200454081645789, "anchor 2 mse": 0.033835025286681995, "anchor 3 mse": 0.0011650108264101438, "anchor 4 mse": 0.030197101863358645}
{"bot_id": "0000000000000b01", "x": 1.315386471177827, "y": 1.628995613185073, "z": 0, "MSE": 0.025215332824561766, "anchor 1 mse": 0.0015589232690174611, "anchor 2 mse": 0.03136976550860138, "anchor 3 mse": 0.0012148883358055866, "anchor 4 mse": 0.02441802101017599}
{"bot_id": "0000000000000b01", "x": 1.3121052669623527, "y": 1.6418811616019975, "z": 0, "MSE": 0.025651597766103356, "anchor 1 mse": 0.0012992743584127769, "anchor 2 mse": 0.03183151528111385, "anchor 3 mse": 0.0009442558217169673, "anchor 4 mse": 0.025742982446047055}
{"bot_id": "0000000000000b01", "x": 1.312763310586696, "y": 1.64746294747641, "z": 0, "MSE": 0.024211721578123537, "anchor 1 mse": 0.0008637859780539313, "anchor 2 mse": 0.028129642277975212, "anchor 3 mse": 0.0009613842071336453, "anchor 4 mse": 0.025925374813342818}
{"bot_id": "0000000000000b01", "x": 1.8386788714072908, "y": 1.492741598369312, "z": 0, "MSE": 7.873796193296199, "anchor 1 mse": 0.08815427974055147, "anchor 2 mse": 0.4285742407026989, "anchor 3 mse": 0.05228943148202829, "anchor 4 mse": 29.11214137294956}
{"bot_id": "0000000000000b01", "x": 1.8386520580906776, "y": 1.4993009996480682, "z": 0, "MSE": 7.906845775341076, "anchor 1 mse": 0.08890519331083552, "anchor 2 mse": 0.4305936188467966, "anchor 3 mse": 0.05535326641902576, "anchor 4 mse": 29.23001498438983}
{"bot_id": "0000000000000b01", "x": 1.848827987549555, "y": 1.517002312957667, "z": 0, "MSE": 7.956554635879154, "anchor 1 mse": 0.09265728627241598, "anchor 2 mse": 0.43011259271379115, "anchor 3 mse": 0.06310737287069351, "anchor 4 mse": 29.392425650199733}
{"bot_id": "0000000000000b01", "x": 1.8244721492366212, "y": 1.5112244779261004, "z": 0, "MSE": 8.005716582305723, "anchor 1 mse": 0.0827382447826127, "anchor 2 mse": 0.42318765934397246, "anchor 3 mse": 0.04786946348484107, "anchor 4 mse": 29.64358950881975}
{"bot_id": "0000000000000b01", "x": 1.7786521273863614, "y": 1.4675841432423327, "z": 0, "MSE": 7.964772866465428, "anchor 1 mse": 0.06921798899056417, "anchor 2 mse": 0.43639383020314265, "anchor 3 mse": 0.030021855071272006, "anchor 4 mse": 29.57063750220625}
{"bot_id": "0000000000000b01", "x": 1.3118446943470872, "y": 1.6462859327182218, "z": 0, "MSE": 0.03011180970269044, "anchor 1 mse": 0.003352092153645273, "anchor 2 mse": 0.03917403809609094, "anchor 3 mse": 0.0011483783058813001, "anchor 4 mse": 0.03588010759003148}
{"bot_id": "0000000000000b01", "x": 1.3013440449255826, "y": 1.638920555468761, "z": 0, "MSE": 0.03046421020878561, "anchor 1 mse": 0.0034167974560457655, "anchor 2 mse": 0.038395868578945974, "anchor 3 mse": 0.002179740574226462, "anchor 4 mse": 0.03358352829383074}
{"bot_id": "0000000000000b01", "x": 1.301820881080576, "y": 1.635685750084189, "z": 0, "MSE": 0.030664449976722616, "anchor 1 mse": 0.0036606907598230472, "anchor 2 mse": 0.03944879064289502, "anchor 3 mse": 0.0024769229676434856, "anchor 4 mse": 0.03264155109867374}
{"bot_id": "0000000000000b01", "x": 1.291472426403259, "y": 1.6353347807086769, "z": 0, "MSE": 0.028706471352909452, "anchor 1 mse": 0.002894399547004734, "anchor 2 mse": 0.03567787956798869, "anchor 3 mse": 0.002740567592699452, "anchor 4 mse": 0.032669980510621505}
{"bot_id": "0000000000000b01", "x": 1.3085302802183607, "y": 1.6283471775957996, "z": 0, "MSE": 0.026392513204253062, "anchor 1 mse": 0.0012025076648402697, "anchor 2 mse": 0.033431941494730395, "anchor 3 mse": 0.0011184177423625482, "anchor 4 mse": 0.028668554469726187}
{"bot_id": "0000000000000b01", "x": 1.327675820043397, "y": 1.6464133369355327, "z": 0, "MSE": 0.026636969314558515, "anchor 1 mse": 0.000492139539081993, "anchor 2 mse": 0.030484754253924547, "anchor 3 mse": 0.0001666241779298181, "anchor 4 mse": 0.030745782603169312}
{"bot_id": "0000000000000b01", "x": 1.3283551762736152, "y": 1.640583058981456, "z": 0, "MSE": 0.02617967306840828, "anchor 1 mse": 2.4509423539358015e-07, "anchor 2 mse": 0.033159453310425024, "anchor 3 mse": 1.0220042143398242e-05, "anchor 4 mse": 0.03064562735930506}
{"bot_id": "0000000000000b01", "x": 1.341358040894309, "y": 1.6315111030995009, "z": 0, "MSE": 0.023035153950296424, "anchor 1 mse": 4.513469982257096e-06, "anchor 2 mse": 0.02623151637241582, "anchor 3 mse": 0.00021318364307647264, "anchor 4 mse": 0.022757035650080516}
{"bot_id": "0000000000000b01", "x": 1.329025236736009, "y": 1.6548139092314198, "z": 0, "MSE": 0.023367104343804644, "anchor 1 mse": 1.0066606252550372e-06, "anchor 2 mse": 0.02731523304616006, "anchor 3 mse": 0.00011810238148110016, "anchor 4 mse": 0.026615983929250086}
{"bot_id": "0000000000000b01", "x": 1.3232723695853024, "y": 1.6604801831166511, "z": 0, "MSE": 0.026532551875066708, "anchor 1 mse": 0.00025984712765370516, "anchor 2 mse": 0.030395144485776824, "anchor 3 mse": 0.00025908755517341795, "anchor 4 mse": 0.03284025825450898}
{"bot_id": "0000000000000b01", "x": 1.305713656453021, "y": 1.6526867764858215, "z": 0, "MSE": 0.02717131415886582, "anchor 1 mse": 0.0015288612469573145, "anchor 2 mse": 0.035205944387284444, "anchor 3 mse": 0.0013041564578864372, "anchor 4 mse": 0.028317739642349897}
{"bot_id": "0000000000000b01", "x": 1.3070566475809688, "y": 1.6535303174524518, "z": 0, "MSE": 0.02802667085147483, "anchor 1 mse": 0.0015340224372620889, "anchor 2 mse": 0.036411942988633095, "anchor 3 mse": 0.0013983171965100381, "anchor 4 mse": 0.03064241937208089}
{"bot_id": "0000000000000b01", "x": 1.3110095019910133, "y": 1.6664431477486845, "z": 0, "MSE": 0.02699557079241785, "anchor 1 mse": 0.0003051307567238438, "anchor 2 mse": 0.032421159618198206, "anchor 3 mse": 0.0003134567095664698, "anchor 4 mse": 0.03286058201374524}
{"bot_id": "0000000000000b01", "x": 1.3053210123220762, "y": 1.6515981055824842, "z": 0, "MSE": 0.02750791095099121, "anchor 1 mse": 0.001042563642828593, "anchor 2 mse": 0.03539714360241683, "anchor 3 mse": 0.0008137714196243314, "anchor 4 mse": 0.029613452023239988}
{"bot_id": "0000000000000b01", "x": 1.2984633245999881, "y": 1.6567764943241245, "z": 0, "MSE": 0.027330547590108348, "anchor 1 mse": 0.00018347745630165635, "anchor 2 mse": 0.035967638734978435, "anchor 3 mse": 0.0009415526035637604, "anchor 4 mse": 0.028622765827617084}
{"bot_id": "0000000000000b01", "x": 1.3107311167474787, "y": 1.6592009297327337, "z": 0, "MSE": 0.02473992133538562, "anchor 1 mse": 0.0005306939218035982, "anchor 2 mse": 0.028669680919867675, "anchor 3 mse": 0.0007914332678326475, "anchor 4 mse": 0.028645474405452395}
{"bot_id": "0000000000000b01", "x": 1.3154380432643302, "y": 1.6567007161571274, "z": 0, "MSE": 0.027444627351951172, "anchor 1 mse": 0.0008000344033115553, "anchor 2 mse": 0.034003407499050536,