{"bot_id": "0001020300010203", "x": -0.7961996753479723, "y": 1.1910294837877446, "z": 0.0}
{"bot_id": "0001020300010203", "x": -0.7961996753479723, "y": 1.1910294837877446, "z": 0.0}
{"bot_id": "0001020300010203", "x": -0.7961996753479723, "y": 1.1910294837877446, "z": 0.0}
{"bot_id": "0001020300010203", "x": -0.7961996753479723, "y": 1.1910294837877446, "z": 0.0}
{"bot_id": "0001020300010203", "x": -0.7961996753479723, "y": 1.1910294837877446, "z": 0.0}
{"bot_id": "0001020300010203", "x": -0.7961996753479723, "y": 1.1910294837877446, "z": 0.0}
{"bot_id": "0001020300010203", "x": -0.8023855781197626, "y": 1.2023364125545042, "z": 0.0}
{"bot_id": "0001020300010203", "x": -0.8023855781197626, "y": 1.2023364125545042, "z": 0.0}
{"bot_id": "0001020300010203", "x": -0.8023855781197626, "y": 1.2023364125545042, "z": 0.0}
{"bot_id": "0001020300010203", "x": -0.8023855781197626, "y": 1.2023364125545042, "z": 0.0}
{"bot_id": "0001020300010203", "x": -0.8165196155817439, "y": 1.1980127960970948, "z": 0.0}
{"bot_id": "0001020300010203", "x": -0.8277230053924116, "y": 1.2078968428359413, "z": 0.0}
{"bot_id": "0001020300010203", "x": -0.8277230053924116, "y": 1.2078968428359413, "z": 0.0}
{"bot_id": "0001020300010203", "x": -0.8254146211623232, "y": 1.1818461249279486, "z": 0.0}
{"bot_id": "0001020300010203", "x": -0.8319867295345759, "y": 1.1847670751160742, "z": 0.0}
{"bot_id": "0001020300010203", "x": -0.8319867295345759, "y": 1.1847670751160742, "z": 0.0}
{"bot_id": "0001020300010203", "x": -0.8319867295345759, "y": 1.1847670751160742, "z": 0.0}
{"bot_id": "0001020300010203", "x": -0.8319867295345759, "y": 1.1847670751160742, "z": 0.0}
{"bot_id": "0001020300010203", "x": -0.8319867295345759, "y": 1.1847670751160742, "z": 0.0}
{"bot_id": "0001020300010203", "x": -0.8319867295345759, "y": 1.1847670751160742, "z": 0.0}
{"bot_id": "0001020300010203", "x": -0.935232099895519, "y": 1.267226282126403, "z": 0.0}
{"bot_id": "0001020300010203", "x": -0.935232099895519, "y": 1.267226282126403, "z": 0.0}
{"bot_id": "0001020300010203", "x": -0.935232099895519, "y": 1.267226282126403, "z": 0.0}
{"bot_id": "0001020300010203", "x": -0.49557633680535657, "y": 1.0206855565235144, "z": 0.0}
{"bot_id": "0001020300010203", "x": -0.9688748228259085, "y": 1.3070943530205659, "z": 0.0}
{"bot_id": "0001020300010203", "x": -0.9668055588253588, "y": 1.2841697824604628, "z": 0.0}
{"bot_id": "0001020300010203", "x": -0.9668055588253588, "y": 1.2841697824604628, "z": 0.0}
{"bot_id": "0001020300010203", "x": -0.8855025483106531, "y": 1.2217551168138097, "z": 0.0}
{"bot_id": "0001020300010203", "x": -0.8855025483106531, "y": 1.2217551168138097, "z": 0.0}
{"bot_id": "0001020300010203", "x": -0.8699251925505687, "y": 1.2240590271547436, "z": 0.0}
{"bot_id": "0001020300010203", "x": -0.8699251925505687, "y": 1.2240590271547436, "z": 0.0}
{"bot_id": "0001020300010203", "x": -0.8699251925505687, "y": 1.2240590271547436, "z": 0.0}
{"bot_id": "0001020300010203", "x": -0.8699251925505687, "y": 1.2240590271547436, "z": 0.0}
{"bot_id": "0001020300010203", "x": -0.8699251925505687, "y": 1.2240590271547436, "z": 0.0}
{"bot_id": "0001020300010203", "x": -0.8721999676115568, "y": 1.2459643233676294, "z": 0.0}
{"bot_id": "0001020300010203", "x": -0.8721999676115568, "y": 1.2459643233676294, "z": 0.0}
{"bot_id": "0001020300010203", "x": -0.8484082753580189, "y": 1.228744376070674, "z": 0.0}
{"bot_id": "0001020300010203", "x": -0.8484082753580189, "y": 1.228744376070674, "z": 0.0}
{"bot_id": "0001020300010203", "x": -0.8484082753580189, "y": 1.228744376070674, "z": 0.0}
{"bot_id": "0001020300010203", "x": -0.8484082753580189, "y": 1.228744376070674, "z": 0.0}
{"bot_id": "0001020300010203", "x": -0.8460433335464959, "y": 1.2068650719710612, "z": 0.0}
{"bot_id": "0001020300010203", "x": -0.8460433335464959, "y": 1.2068650719710612, "z": 0.0}
{"bot_id": "0001020300010203", "x": -0.8405865606387335, "y": 1.2042919722856178, "z": 0.0}
{"bot_id": "0001020300010203", "x": -0.8405865606387335, "y": 1.2042919722856178, "z": 0.0}
{"bot_id": "0001020300010203", "x": -0.8488854102121157, "y": 1.2091887592835744, "z": 0.0}
{"bot_id": "0001020300010203", "x": -0.8488854102121157, "y": 1.2091887592835744, "z": 0.0}
{"bot_id": "0001020300010203", "x": -0.8488854102121157, "y": 1.2091887592835744, "z": 0.0}
{"bot_id": "0001020300010203", "x": -0.8488854102121157, "y": 1.2091887592835744, "z": 0.0}
{"bot_id": "0001020300010203", "x": -0.9381692224626035, "y": 1.2744508905329588, "z": 0.0}
{"bot_id": "0001020300010203", "x": -0.9381692224626035, "y": 1.2744508905329588, "z": 0.0}
{"bot_id": "0001020300010203", "x": -0.9169650591567522, "y": 1.2780843041528196, "z": 0.0}
{"bot_id": "0001020300010203", "x": -0.9169650591567522, "y": 1.2780843041528196, "z": 0.0}
{"bot_id": "0001020300010203", "x": -0.9204378496619234, "y": 1.289944862962579, "z": 0.0}
{"bot_id": "0001020300010203", "x": -0.9204378496619234, "y": 1.289944862962579, "z": 0.0}
{"bot_id": "0001020300010203", "x": -0.9637677743592488, "y": 1.3055655980775893, "z": 0.0}
{"bot_id": "0001020300010203", "x": -0.9637677743592488, "y": 1.3055655980775893, "z": 0.0}
{"bot_id": "0001020300010203", "x": -0.9637677743592488, "y": 1.3055655980775893, "z": 0.0}
{"bot_id": "0001020300010203", "x": -0.9636299046906387, "y": 1.3028741528241736, "z": 0.0}
{"bot_id": "0001020300010203", "x": -0.8888939746744355, "y": 1.2374463712034294, "z": 0.0}
{"bot_id": "0001020300010203", "x": -0.8888939746744355, "y": 1.2374463712034294, "z": 0.0}
{"bot_id": "0001020300010203", "x": -0.8835217111531943, "y": 1.2294833573037431, "z": 0.0}
{"bot_id": "0001020300010203", "x": -0.863506714231463, "y": 1.2309802475111193, "z": 0.0}
{"bot_id": "0001020300010203", "x": -0.8456116575867878, "y": 1.223728922344197, "z": 0.0}
{"bot_id": "0001020300010203", "x": -0.8456116575867878, "y": 1.223728922344197, "z": 0.0}
{"bot_id": "0001020300010203", "x": -0.8456116575867878, "y": 1.223728922344197, "z": 0.0}
{"bot_id": "0001020300010203", "x": -0.8455198726593345, "y": 1.2210222115135803, "z": 0.0}
{"bot_id": "0001020300010203", "x": -0.9819000103960649, "y": 1.2791893363512867, "z": 0.0}
{"bot_id": "0001020300010203", "x": -0.9819000103960649, "y": 1.2791893363512867, "z": 0.0}
{"bot_id": "0001020300010203", "x": -0.9830409525231758, "y": 1.288021267696069, "z": 0.0}
{"bot_id": "0001020300010203", "x": -0.9885924048711878, "y": 1.2986854862586497, "z": 0.0}
{"bot_id": "0001020300010203", "x": -0.9885924048711878, "y": 1.2986854862586497, "z": 0.0}
{"bot_id": "0001020300010203", "x": -0.8855119939696305, "y": 1.2152593634086817, "z": 0.0}
{"bot_id": "0001020300010203", "x": -0.8900289089894882, "y": 1.2314305088561857, "z": 0.0}
{"bot_id": "0001020300010203", "x": -0.8900289089894882, "y": 1.2314305088561857, "z": 0.0}
{"bot_id": "0001020300010203", "x": -0.8900829314066692, "y": 1.2341544535929918, "z": 0.0}
{"bot_id": "0001020300010203", "x": -0.8900829314066692, "y": 1.2341544535929918, "z": 0.0}
{"bot_id": "0001020300010203", "x": -0.8803121773245222, "y": 1.2266826419306525, "z": 0.0}
{"bot_id": "0001020300010203", "x": -0.8803121773245222, "y": 1.2266826419306525, "z": 0.0}
{"bot_id": "0001020300010203", "x": -0.8568204386172281, "y": 1.2391001307131262, "z": 0.0}
{"bot_id": "0001020300010203", "x": -0.8568204386172281, "y": 1.2391001307131262, "z": 0.0}
{"bot_id": "0001020300010203", "x": -0.9545097785833754, "y": 1.293216255289486, "z": 0.0}
{"bot_id": "0001020300010203", "x": -0.9545097785833754, "y": 1.293216255289486, "z": 0.0}
{"bot_id": "0001020300010203", "x": -0.9419437110619775, "y": 1.284746904633102, "z": 0.0}
{"bot_id": "0001020300010203", "x": -0.9419437110619775, "y": 1.284746904633102, "z": 0.0}
{"bot_id": "0001020300010203", "x": -0.8459487652225641, "y": 1.2044381846055074, "z": 0.0}
{"bot_id": "0001020300010203", "x": -0.875950829366005, "y": 1.1934036620001178, "z": 0.0}
{"bot_id": "0001020300010203", "x": -0.875950829366005, "y": 1.1934036620001178,