{"bot_id": "0000000000000b01", "x": 0.9376837522801138, "y": 2.9313814375016003, "z": 0.0, "MSE": 10.709609931271373, "anchor 1 mse": 0.7368590578084544, "anchor 2 mse": 0.5633314665217195, "anchor 3 mse": 1.1132462348634127, "anchor 4 mse": 0.06845157170665103}
{"bot_id": "0000000000000b01", "x": 0.9376837522801138, "y": 2.9313814375016003, "z": 0.0, "MSE": 10.709609931271373, "anchor 1 mse": 0.7368590578084544, "anchor 2 mse": 0.5633314665217195, "anchor 3 mse": 1.1132462348634127, "anchor 4 mse": 0.06845157170665103}
{"bot_id": "0000000000000b01", "x": 0.9376837522801138, "y": 2.9313814375016003, "z": 0.0, "MSE": 10.709609931271373, "anchor 1 mse": 0.7368590578084544, "anchor 2 mse": 0.5633314665217195, "anchor 3 mse": 1.1132462348634127, "anchor 4 mse": 0.06845157170665103}
{"bot_id": "0000000000000b01", "x": 1.031635355327031, "y": 2.9045636793204097, "z": 0.0, "MSE": 10.620623053437312, "anchor 1 mse": 0.6288558672668401, "anchor 2 mse": 0.4668273120336616, "anchor 3 mse": 1.086790178714981, "anchor 4 mse": 0.0443209473109124}
{"bot_id": "0000000000000b01", "x": 0.8750543500690006, "y": 2.88192840250653, "z": 0.0, "MSE": 10.606559032161531, "anchor 1 mse": 0.550140589774374, "anchor 2 mse": 0.5372806316218426, "anchor 3 mse": 1.0105559284885717, "anchor 4 mse": 0.05418186377108043}
{"bot_id": "0000000000000b01", "x": 1.8172427616159486, "y": 2.761051577024791, "z": 0.0, "MSE": 10.77530095233334, "anchor 1 mse": 0.2719243441024378, "anchor 2 mse": 0.18770600468673734, "anchor 3 mse": 1.6046676959269404, "anchor 4 mse": 0.0010787876060637885}
{"bot_id": "0000000000000b01", "x": 1.5949798490401892, "y": 2.7713788213153707, "z": 0.0, "MSE": 10.978287114567335, "anchor 1 mse": 0.8957822179941923, "anchor 2 mse": 0.6048137081845002, "anchor 3 mse": 2.0878448815944455, "anchor 4 mse": 0.00022495165817661998}
{"bot_id": "0000000000000b01", "x": 1.3252821796377094, "y": 2.911707853691149, "z": 0.0, "MSE": 11.462275811152606, "anchor 1 mse": 1.0718605364749367, "anchor 2 mse": 0.6075780813774666, "anchor 3 mse": 1.504779496381851, "anchor 4 mse": 0.02439911389673687}
{"bot_id": "0000000000000b01", "x": 1.2796879852728862, "y": 2.884088922707988, "z": 0.0, "MSE": 10.706284413002397, "anchor 1 mse": 0.6821080944536978, "anchor 2 mse": 0.40973169527279557, "anchor 3 mse": 1.2337903916797481, "anchor 4 mse": 0.018686060325990142}
{"bot_id": "0000000000000b01", "x": 1.5508659923003763, "y": 2.82654793789883, "z": 0.0, "MSE": 10.516586855796064, "anchor 1 mse": 0.3498532076438861, "anchor 2 mse": 0.18781247835223655, "anchor 3 mse": 1.1208155478050439, "anchor 4 mse": 0.0018971080517012561}
{"bot_id": "0000000000000b01", "x": 1.630422075420195, "y": 2.8271131510135996, "z": 0.0, "MSE": 10.520651142001693, "anchor 1 mse": 0.34323952473790215, "anchor 2 mse": 0.14772561344793403, "anchor 3 mse": 0.99470850976844, "anchor 4 mse": 0.0014626140540090955}
{"bot_id": "0000000000000b01", "x": 1.5385920487367326, "y": 2.8460151099369333, "z": 0.0, "MSE": 10.593279717922746, "anchor 1 mse": 0.44779395939496247, "anchor 2 mse": 0.20274579441904278, "anchor 3 mse": 1.0323470639351633, "anchor 4 mse": 0.004101736879569745}
{"bot_id": "0000000000000b01", "x": 1.4359877237694112, "y": 2.8651040249346997, "z": 0.0, "MSE": 10.665315223525296, "anchor 1 mse": 0.5489987074294534, "anchor 2 mse": 0.27210346590831824, "anchor 3 mse": 1.0972617466580843, "anchor 4 mse": 0.008870826891520836}
{"bot_id": "0000000000000b01", "x": 1.359150938956861, "y": 2.862604263902143, "z": 0.0, "MSE": 10.593974912152696, "anchor 1 mse": 0.5441637331595133, "anchor 2 mse": 0.3162657091230414, "anchor 3 mse": 1.1676365767156522, "anchor 4 mse": 0.010485968392360647}
{"bot_id": "0000000000000b01", "x": 1.8150025360907425, "y": 2.7942770829382226, "z": 0.0, "MSE": 10.538727716619851, "anchor 1 mse": 0.2852262177479584, "anchor 2 mse": 0.11863370097535055, "anchor 3 mse": 1.0706892198613964, "anchor 4 mse": 1.3471677126446877e-07}
{"bot_id": "0000000000000b01", "x": 2.1259434155399375, "y": 2.6882263125284784, "z": 0.0, "MSE": 10.920499113640382, "anchor 1 mse": 0.20153266225905986, "anchor 2 mse": 0.1717019950743516, "anchor 3 mse": 0.763783660269205, "anchor 4 mse": 0.007402197842975478}
{"bot_id": "0000000000000b01", "x": 2.377509613819192, "y": 2.6207507082728805, "z": 0.0, "MSE": 12.116003854697999, "anchor 1 mse": 0.04448317062593657, "anchor 2 mse": 0.29941545612303777, "anchor 3 mse": 0.6067167482329904, "anchor 4 mse": 0.012171327118634714}
{"bot_id": "0000000000000b01", "x": 2.5082946236800128, "y": 2.5612207032266308, "z": 0.0, "MSE": 12.46421022924052, "anchor 1 mse": 0.032268386929136854, "anchor 2 mse": 0.281685873727137, "anchor 3 mse": 0.43378009036198584, "anchor 4 mse": 0.018658426796777813}
{"bot_id": "0000000000000b01", "x": 2.6425031954959524, "y": 2.503566039218741, "z": 0.0, "MSE": 12.27823359253615, "anchor 1 mse": 0.035267706383329316, "anchor 2 mse": 0.15359808537070363, "anchor 3 mse": 0.2901116445669729, "anchor 4 mse": 0.023233465177917113}
{"bot_id": "0000000000000b01", "x": 2.7093535299188276, "y": 2.494963485632641, "z": 0.0, "MSE": 12.262890329139646, "anchor 1 mse": 0.016622337687779234, "anchor 2 mse": 0.1126394898206713, "anchor 3 mse": 0.20533823105606697, "anchor 4 mse": 0.019163987213279204}
{"bot_id": "0000000000000b01", "x": 2.234161441606944, "y": 2.638792514481208, "z": 0.0, "MSE": 11.124988762249412, "anchor 1 mse": 0.1636586372013764, "anchor 2 mse": 0.1658225071923791, "anchor 3 mse": 0.4639408226864788, "anchor 4 mse": 0.014323286681890696}
{"bot_id": "0000000000000b01", "x": 1.9670869355406833, "y": 2.7685426097140833, "z": 0.0, "MSE": 10.651345167515226, "anchor 1 mse": 0.2509870823552761, "anchor 2 mse": 0.10994482686937426, "anchor 3 mse": 0.6281775314058647, "anchor 4 mse": 0.00041494836983775856}
{"bot_id": "0000000000000b01", "x": 1.5635701539939493, "y": 2.8632317561142666, "z": 0.0, "MSE": 10.785856944849451, "anchor 1 mse": 0.49474002037841486, "anchor 2 mse": 0.18289242810097117, "anchor 3 mse": 0.8886612474160536, "anchor 4 mse": 0.006245170018806036}
{"bot_id": "0000000000000b01", "x": 1.4533932003371886, "y": 2.8700647970706896, "z": 0.0, "MSE": 10.682844037000654, "anchor 1 mse": 0.5071218319219429, "anchor 2 mse": 0.22411925246987532, "anchor 3 mse": 0.9780844384062746, "anchor 4 mse": 0.009402775721203164}
{"bot_id": "0000000000000b01", "x": 1.5771140047039718, "y": 2.8557278990116393, "z": 0.0, "MSE": 10.686774229216383, "anchor 1 mse": 0.4351875259499887, "anchor 2 mse": 0.15819828097641417, "anchor 3 mse": 0.8519827620974882, "anchor 4 mse": 0.004964944245999024}
{"bot_id": "0000000000000b01", "x": 1.681420555656351, "y": 2.8397838539151072, "z": 0.0, "MSE": 10.659590472438689, "anchor 1 mse": 0.3681961217257458, "anchor 2 mse": 0.11850749086592646, "anchor 3 mse": 0.7494992819686609, "anchor 4 mse": 0.0023336810161921867}
{"bot_id": "0000000000000b01", "x": 1.7787944787293322, "y": 2.82281534467598, "z": 0.0, "MSE": 10.600731324935976, "anchor 1 mse": 0.28851141681689824, "anchor 2 mse": 0.087957950283653, "anchor 3 mse": 0.625627284438774, "anchor 4 mse": 0.0008377941645309778}
{"bot_id": "0000000000000b01", "x": 1.9461823658287898, "y": 2.7747882007162072, "z": 0.0, "MSE": 10.543400939523858, "anchor 1 mse": 0.19527881916389667, "anchor 2 mse": 0.09244476252262493, "anchor 3 mse": 0.6102404336273941, "anchor 4 mse": 0.00023452384263005033}
{"bot_id": "0000000000000b01", "x": 1.9567587119005516, "y": 2.7741064583893067, "z": 0.0, "MSE": 10.530705130108798, "anchor 1 mse": 0.18877169951687212, "anchor 2 mse": 0.08327361169671241, "anchor 3 mse": 0.7011122968783445, "anchor 4 mse": 0.00023772533989203877}
{"bot_id": "0000000000000b01", "x": 1.5933889855746042, "y": 2.8359755132559505, "z": 0.0, "MSE": 10.522011969181925, "anchor 1 mse": 0.34546592131456166, "anchor 2 mse": 0.14292074199641305, "anchor 3 mse": 0.9306385896611962, "anchor 4 mse": 0.0024543514533638335}
{"bot_id": "0000000000000b01", "x": 1.4499147302590951,