{"bot_id": "0000000000000b01", "x": 1.2784176785088257, "y": 1.6131292459910136, "z": 0, "MSE": 0.027657778320757935, "anchor 1 mse": 0.003397157755801029, "anchor 2 mse": 0.03467160576272286, "anchor 3 mse": 0.0025719049372981534, "anchor 4 mse": 0.028643488666723584}
{"bot_id": "0000000000000b01", "x": 1.2784176785088257, "y": 1.6131292459910136, "z": 0, "MSE": 0.027657778320757935, "anchor 1 mse": 0.003397157755801029, "anchor 2 mse": 0.03467160576272286, "anchor 3 mse": 0.0025719049372981534, "anchor 4 mse": 0.028643488666723584}
{"bot_id": "0000000000000b01", "x": 1.2784176785088257, "y": 1.6131292459910136, "z": 0, "MSE": 0.027657778320757935, "anchor 1 mse": 0.003397157755801029, "anchor 2 mse": 0.03467160576272286, "anchor 3 mse": 0.0025719049372981534, "anchor 4 mse": 0.028643488666723584}
