{"bot_id": "0000000000000b01", "x": 2.0617682384615685, "y": 2.339489373316269, "z": 0.0, "MSE": 0.028996696998485175, "anchor 1 mse": 0.0008036504480314056, "anchor 2 mse": 0.0012239907349448555, "anchor 3 mse": 0.11384651327161403, "anchor 4 mse": 0.0001126335393504091}
{"bot_id": "0000000000000b01", "x": 2.0617682384615685, "y": 2.339489373316269, "z": 0.0, "MSE": 0.028996696998485175, "anchor 1 mse": 0.0008036504480314056, "anchor 2 mse": 0.0012239907349448555, "anchor 3 mse": 0.11384651327161403, "anchor 4 mse": 0.0001126335393504091}
{"bot_id": "0000000000000b01", "x": 2.0617682384615685, "y": 2.339489373316269, "z": 0.0, "MSE": 0.028996696998485175, "anchor 1 mse": 0.0008036504480314056, "anchor 2 mse": 0.0012239907349448555, "anchor 3 mse": 0.11384651327161403, "anchor 4 mse": 0.0001126335393504091}
{"bot_id": "0000000000000b01", "x": 2.0617682384615685, "y": 2.339489373316269, "z": 0.0, "MSE": 0.028996696998485175, "anchor 1 mse": 0.0008036504480314056, "anchor 2 mse": 0.0012239907349448555, "anchor 3 mse": 0.11384651327161403, "anchor 4 mse": 0.0001126335393504091}
{"bot_id": "0000000000000b01", "x": 2.0617682384615685, "y": 2.339489373316269, "z": 0.0, "MSE": 0.028996696998485175, "anchor 1 mse": 0.0010650069025161491, "anchor 2 mse": 0.0012239907349448555, "anchor 3 mse": 0.11192661088242276, "anchor 4 mse": 0.00014499691269453775}
{"bot_id": "0000000000000b01", "x": 2.0579923276636656, "y": 2.3307826109517866, "z": 0.0, "MSE": 0.03089180888965534, "anchor 1 mse": 0.0009455650126001255, "anchor 2 mse": 0.0010652421953788677, "anchor 3 mse": 0.1213678089170744, "anchor 4 mse": 9.332705073362357e-05}
{"bot_id": "0000000000000b01", "x": 2.0538313075034416, "y": 2.3258169228441714, "z": 0.0, "MSE": 0.03268642947960089, "anchor 1 mse": 0.0013786935841639972, "anchor 2 mse": 0.0005327820976994638, "anchor 3 mse": 0.12883341756684202, "anchor 4 mse": 8.246696980812125e-07}
