{"bot_id": "0000000000000b01", "x": 3.232210787156705, "y": 3.317584074779943, "z": 0, "MSE": 0.25325542194091194, "anchor 1 mse": 0.02448131658226026, "anchor 2 mse": 0.47046615582282386, "anchor 3 mse": 0.47155577477500055, "anchor 4 mse": 0.011653704145949241}
{"bot_id": "0000000000000b01", "x": 3.232210787156705, "y": 3.317584074779943, "z": 0, "MSE": 0.25325542194091194, "anchor 1 mse": 0.02448131658226026, "anchor 2 mse": 0.47046615582282386, "anchor 3 mse": 0.47155577477500055, "anchor 4 mse": 0.011653704145949241}
{"bot_id": "0000000000000b01", "x": 3.232210787156705, "y": 3.317584074779943, "z": 0, "MSE": 0.25325542194091194, "anchor 1 mse": 0.02448131658226026, "anchor 2 mse": 0.47046615582282386, "anchor 3 mse": 0.47155577477500055, "anchor 4 mse": 0.011653704145949241}
{"bot_id": "0000000000000b01", "x": 3.232210787156705, "y": 3.317584074779943, "z": 0, "MSE": 0.25325542194091194, "anchor 1 mse": 0.02448131658226026, "anchor 2 mse": 0.47046615582282386, "anchor 3 mse": 0.47155577477500055, "anchor 4 mse": 0.011653704145949241}
{"bot_id": "0000000000000b01", "x": 3.232210787156705, "y": 3.317584074779943, "z": 0, "MSE": 0.25325542194091194, "anchor 1 mse": 0.02448131658226026, "anchor 2 mse": 0.47046615582282386, "anchor 3 mse": 0.47155577477500055, "anchor 4 mse": 0.011653704145949241}
{"bot_id": "0000000000000b01", "x": 3.232210787156705, "y": 3.317584074779943, "z": 0, "MSE": 0.25325542194091194, "anchor 1 mse": 0.02448131658226026, "anchor 2 mse": 0.47046615582282386, "anchor 3 mse": 0.47155577477500055, "anchor 4 mse": 0.011653704145949241}
{"bot_id": "0000000000000b01", "x": 3.232210787156705, "y": 3.317584074779943, "z": 0, "MSE": 0.25325542194091194, "anchor 1 mse": 0.02448131658226026, "anchor 2 mse": 0.47046615582282386, "anchor 3 mse": 0.47155577477500055, "anchor 4 mse": 0.011653704145949241}
{"bot_id": "0000000000000b01", "x": 3.232210787156705, "y": 3.317584074779943, "z": 0, "MSE": 0.25325542194091194, "anchor 1 mse": 0.02448131658226026, "anchor 2 mse": 0.47046615582282386, "anchor 3 mse": 0.47155577477500055, "anchor 4 mse": 0.011653704145949241}
{"bot_id": "0000000000000b01", "x": 3.232210787156705, "y": 3.317584074779943, "z": 0, "MSE": 0.25325542194091194, "anchor 1 mse": 0.02448131658226026, "anchor 2 mse": 0.47046615582282386, "anchor 3 mse": 0.47155577477500055, "anchor 4 mse": 0.011653704145949241}
{"bot_id": "0000000000000b01", "x": 3.232210787156705, "y": 3.317584074779943, "z": 0, "MSE": 0.25325542194091194, "anchor 1 mse": 0.02448131658226026, "anchor 2 mse": 0.47046615582282386, "anchor 3 mse": 0.47155577477500055, "anchor 4 mse": 0.011653704145949241}
{"bot_id": "0000000000000b01", "x": 3.232210787156705, "y": 3.317584074779943, "z": 0, "MSE": 0.25325542194091194, "anchor 1 mse": 0.02448131658226026, "anchor 2 mse": 0.47046615582282386, "anchor 3 mse": 0.47155577477500055, "anchor 4 mse": 0.011653704145949241}
{"bot_id": "0000000000000b01", "x": 3.232210787156705, "y": 3.317584074779943, "z": 0, "MSE": 0.25325542194091194, "anchor 1 mse": 0.02448131658226026, "anchor 2 mse": 0.47046615582282386, "anchor 3 mse": 0.47155577477500055, "anchor 4 mse": 0.011653704145949241}
{"bot_id": "0000000000000b01", "x": 3.232210787156705, "y": 3.317584074779943, "z": 0, "MSE": 0.25325542194091194, "anchor 1 mse": 0.02448131658226026, "anchor 2 mse": 0.47046615582282386, "anchor 3 mse": 0.47155577477500055, "anchor 4 mse": 0.011653704145949241}
{"bot_id": "0000000000000b01", "x": 3.232210787156705, "y": 3.317584074779943, "z": 0, "MSE": 0.25325542194091194, "anchor 1 mse": 0.02448131658226026, "anchor 2 mse": 0.47046615582282386, "anchor 3 mse": 0.47155577477500055, "anchor 4 mse": 0.011653704145949241}
{"bot_id": "0000000000000b01", "x": 3.232210787156705, "y": 3.317584074779943, "z": 0, "MSE": 0.25325542194091194, "anchor 1 mse": 0.02448131658226026, "anchor 2 mse": 0.47046615582282386, "anchor 3 mse": 0.47155577477500055, "anchor 4 mse": 0.011653704145949241}
{"bot_id": "0000000000000b01", "x": 3.232210787156705, "y": 3.317584074779943, "z": 0, "MSE": 0.25325542194091194, "anchor 1 mse": 0.02448131658226026, "anchor 2 mse": 0.47046615582282386, "anchor 3 mse": 0.47155577477500055, "anchor 4 mse": 0.011653704145949241}
{"bot_id": "0000000000000b01", "x": 3.232210787156705, "y": 3.317584074779943, "z": 0, "MSE": 0.25325542194091194, "anchor 1 mse": 0.02448131658226026, "anchor 2 mse": 0.47046615582282386, "anchor 3 mse": 0.47155577477500055, "anchor 4 mse": 0.011653704145949241}
{"bot_id": "0000000000000b01", "x": 3.232210787156705, "y": 3.317584074779943, "z": 0, "MSE": 0.25325542194091194, "anchor 1 mse": 0.02448131658226026, "anchor 2 mse": 0.47046615582282386, "anchor 3 mse": 0.47155577477500055, "anchor 4 mse": 0.011653704145949241}
{"bot_id": "0000000000000b01", "x": 3.232210787156705, "y": 3.317584074779943, "z": 0, "MSE": 0.25325542194091194, "anchor 1 mse": 0.02448131658226026, "anchor 2 mse": 0.47046615582282386, "anchor 3 mse": 0.47155577477500055, "anchor 4 mse": 0.011653704145949241}
{"bot_id": "0000000000000b01", "x": 3.232210787156705, "y": 3.317584074779943, "z": 0, "MSE": 0.25325542194091194, "anchor 1 mse": 0.02448131658226026, "anchor 2 mse": 0.47046615582282386, "anchor 3 mse": 0.47155577477500055, "anchor 4 mse": 0.011653704145949241}
{"bot_id": "0000000000000b01", "x": 3.232210787156705, "y": 3.317584074779943, "z": 0, "MSE": 0.25325542194091194, "anchor 1 mse": 0.02448131658226026, "anchor 2 mse": 0.47046615582282386, "anchor 3 mse": 0.47155577477500055, "anchor 4 mse": 0.011653704145949241}
{"bot_id": "0000000000000b01", "x": 3.232210787156705, "y": 3.317584074779943, "z": 0, "MSE": 0.25325542194091194, "anchor 1 mse": 0.02448131658226026, "anchor 2 mse": 0.47046615582282386, "anchor 3 mse": 0.47155577477500055, "anchor 4 mse": 0.011653704145949241}
{"bot_id": "0000000000000b01", "x": 3.232210787156705, "y": 3.317584074779943, "z": 0, "MSE": 0.25325542194091194, "anchor 1 mse": 0.02448131658226026, "anchor 2 mse": 0.47046615582282386, "anchor 3 mse": 0.47155577477500055, "anchor 4 mse": 0.011653704145949241}
{"bot_id": "0000000000000b01", "x": 3.232210787156705, "y": 3.317584074779943, "z": 0, "MSE": 0.25325542194091194, "anchor 1 mse": 0.02448131658226026, "anchor 2 mse": 0.47046615582282386, "anchor 3 mse": 0.47155577477500055, "anchor 4 mse": 0.011653704145949241}
{"bot_id": "0000000000000b01", "x": 3.232210787156705, "y": 3.317584074779943, "z": 0, "MSE": 0.25325542194091194, "anchor 1 mse": 0.02448131658226026, "anchor 2 mse": 0.47046615582282386, "anchor 3 mse": 0.47155577477500055, "anchor 4 mse": 0.011653704145949241}
{"bot_id": "0000000000000b01", "x": 3.232210787156705, "y": 3.317584074779943, "z": 0, "MSE": 0.25325542194091194, "anchor 1 mse": 0.02448131658226026, "anchor 2 mse": 0.47046615582282386, "anchor 3 mse": 0.47155577477500055, "anchor 4 mse": 0.011653704145949241}
{"bot_id": "0000000000000b01", "x": 3.232210787156705, "y": 3.317584074779943, "z": 0, "MSE": 0.25325542194091194, "anchor 1 mse": 0.02448131658226026, "anchor 2 mse": 0.47046615582282386, "anchor 3 mse": 0.47155577477500055, "anchor 4 mse": 0.011653704145949241}
{"bot_id": "0000000000000b01", "x": 3.232210787156705, "y": 3.317584074779943, "z": 0, "MSE": 0.25325542194091194, "anchor 1 mse": 0.02448131658226026, "anchor 2 mse": 0.47046615582282386, "anchor 3 mse": 0.47155577477500055, "anchor 4 mse": 0.011653704145949241}
{"bot_id": "0000000000000b01", "x": 3.232210787156705, "y": 3.317584074779943, "z": 0, "MSE": 0.25325542194091194, "anchor 1 mse": 0.02448131658226026, "anchor 2 mse": 0.47046615582282386, "anchor 3 mse": 0.47155577477500055, "anchor 4 mse": 0.011653704145949241}
{"bot_id": "0000000000000b01", "x": 3.232210787156705, "y": 3.317584074779943, "z": 0, "MSE": 0.25325542194091194, "anchor 1 mse": 0.02448131658226026, "anchor 2 mse": 0.47046615582282386, "anchor 3 mse": 0.47155577477500055, "anchor 4 mse": 0.011653704145949241}
{"bot_id": "0000000000000b01", "x": 3.232210787156705, "y": 3.317584074779943,