{"bot_id": "0000000000000b01", "x": 0.3998217551564486, "y": 4.3995868252097665, "z": 0, "MSE": 588385145.0458208, "anchor 1 mse": 2353561980.7674475, "anchor 2 mse": 0.3201881464419771, "anchor 3 mse": 2.1208298278787625, "anchor 4 mse": 21.316863349892518}
{"bot_id": "0000000000000b01", "x": 0.3998217551564486, "y": 4.3995868252097665, "z": 0, "MSE": 588385145.0458208, "anchor 1 mse": 2353561980.7674475, "anchor 2 mse": 0.3201881464419771, "anchor 3 mse": 2.1208298278787625, "anchor 4 mse": 21.316863349892518}
{"bot_id": "0000000000000b01", "x": 0.3998217551564486, "y": 4.3995868252097665, "z": 0, "MSE": 588385145.0458208, "anchor 1 mse": 2353561980.7674475, "anchor 2 mse": 0.3201881464419771, "anchor 3 mse": 2.1208298278787625, "anchor 4 mse": 21.316863349892518}
{"bot_id": "0000000000000b01", "x": 0.3998217551564486, "y": 4.3995868252097665, "z": 0, "MSE": 588385145.0458208, "anchor 1 mse": 2353561980.7674475, "anchor 2 mse": 0.3201881464419771, "anchor 3 mse": 2.1208298278787625, "anchor 4 mse": 21.316863349892518}
{"bot_id": "0000000000000b01", "x": 0.3998217551564486, "y": 4.3995868252097665, "z": 0, "MSE": 588385145.0458208, "anchor 1 mse": 2353561980.7674475, "anchor 2 mse": 0.3201881464419771, "anchor 3 mse": 2.1208298278787625, "anchor 4 mse": 21.316863349892518}
{"bot_id": "0000000000000b01", "x": 0.3998217551564486, "y": 4.3995868252097665, "z": 0, "MSE": 588385145.0458208, "anchor 1 mse": 2353561980.7674475, "anchor 2 mse": 0.3201881464419771, "anchor 3 mse": 2.1208298278787625, "anchor 4 mse": 21.316863349892518}
{"bot_id": "0000000000000b01", "x": 0.3998217551564486, "y": 4.3995868252097665, "z": 0, "MSE": 588385145.0458208, "anchor 1 mse": 2353561980.7674475, "anchor 2 mse": 0.3201881464419771, "anchor 3 mse": 2.1208298278787625, "anchor 4 mse": 21.316863349892518}
{"bot_id": "0000000000000b01", "x": 0.3998217551564486, "y": 4.3995868252097665, "z": 0, "MSE": 588385145.0458208, "anchor 1 mse": 2353561980.7674475, "anchor 2 mse": 0.3201881464419771, "anchor 3 mse": 2.1208298278787625, "anchor 4 mse": 21.316863349892518}
{"bot_id": "0000000000000b01", "x": 0.3998217551564486, "y": 4.3995868252097665, "z": 0, "MSE": 588385145.0458208, "anchor 1 mse": 2353561980.7674475, "anchor 2 mse": 0.3201881464419771, "anchor 3 mse": 2.1208298278787625, "anchor 4 mse": 21.316863349892518}
{"bot_id": "0000000000000b01", "x": 0.3998217551564486, "y": 4.3995868252097665, "z": 0, "MSE": 588385145.0458208, "anchor 1 mse": 2353561980.7674475, "anchor 2 mse": 0.3201881464419771, "anchor 3 mse": 2.1208298278787625, "anchor 4 mse": 21.316863349892518}
{"bot_id": "0000000000000b01", "x": 0.3998217551564486, "y": 4.3995868252097665, "z": 0, "MSE": 588385145.0458208, "anchor 1 mse": 2353561980.7674475, "anchor 2 mse": 0.3201881464419771, "anchor 3 mse": 2.1208298278787625, "anchor 4 mse": 21.316863349892518}
{"bot_id": "0000000000000b01", "x": 0.3998217551564486, "y": 4.3995868252097665, "z": 0, "MSE": 588385145.0458208, "anchor 1 mse": 2353561980.7674475, "anchor 2 mse": 0.3201881464419771, "anchor 3 mse": 2.1208298278787625, "anchor 4 mse": 21.316863349892518}
{"bot_id": "0000000000000b01", "x": 0.3998217551564486, "y": 4.3995868252097665, "z": 0, "MSE": 588385145.0458208, "anchor 1 mse": 2353561980.7674475, "anchor 2 mse": 0.3201881464419771, "anchor 3 mse": 2.1208298278787625, "anchor 4 mse": 21.316863349892518}
{"bot_id": "0000000000000b01", "x": 0.3998217551564486, "y": 4.3995868252097665, "z": 0, "MSE": 588385145.0458208, "anchor 1 mse": 2353561980.7674475, "anchor 2 mse": 0.3201881464419771, "anchor 3 mse": 2.1208298278787625, "anchor 4 mse": 21.316863349892518}
{"bot_id": "0000000000000b01", "x": 0.3998217551564486, "y": 4.3995868252097665, "z": 0, "MSE": 588385145.0458208, "anchor 1 mse": 2353561980.7674475, "anchor 2 mse": 0.3201881464419771, "anchor 3 mse": 2.1208298278787625, "anchor 4 mse": 21.316863349892518}
{"bot_id": "0000000000000b01", "x": 0.3998217551564486, "y": 4.3995868252097665, "z": 0, "MSE": 588385145.0458208, "anchor 1 mse": 2353561980.7674475, "anchor 2 mse": 0.3201881464419771, "anchor 3 mse": 2.1208298278787625, "anchor 4 mse": 21.316863349892518}
{"bot_id": "0000000000000b01", "x": 0.3998217551564486, "y": 4.3995868252097665, "z": 0, "MSE": 588385145.0458208, "anchor 1 mse": 2353561980.7674475, "anchor 2 mse": 0.3201881464419771, "anchor 3 mse": 2.1208298278787625, "anchor 4 mse": 21.316863349892518}
