{"bot_id": "0000000000000b01", "x": 1.5189292168150885, "y": 1.9800000000000002, "z": 0.0, "MSE": 6.2308011465766295, "anchor 1 mse": 6.227545965694499, "anchor 2 mse": 6.227545965694497, "anchor 3 mse": 6.234056327458759, "anchor 4 mse": 6.234056327458761}
{"bot_id": "0000000000000b01", "x": 1.5189292168150885, "y": 1.9800000000000002, "z": 0.0, "MSE": 6.2308011465766295, "anchor 1 mse": 6.227545965694499, "anchor 2 mse": 6.227545965694497, "anchor 3 mse": 6.234056327458759, "anchor 4 mse": 6.234056327458761}
{"bot_id": "0000000000000b01", "x": 1.5189292168150885, "y": 1.9800000000000002, "z": 0.0, "MSE": 6.2308011465766295, "anchor 1 mse": 6.227545965694499, "anchor 2 mse": 6.227545965694497, "anchor 3 mse": 6.234056327458759, "anchor 4 mse": 6.234056327458761}
{"bot_id": "0000000000000b01", "x": 1.5189292168150885, "y": 1.9800000000000002, "z": 0.0, "MSE": 6.2308011465766295, "anchor 1 mse": 6.227545965694499, "anchor 2 mse": 6.227545965694497, "anchor 3 mse": 6.234056327458759, "anchor 4 mse": 6.234056327458761}
{"bot_id": "0000000000000b01", "x": 1.5189292168150885, "y": 1.9800000000000002, "z": 0.0, "MSE": 6.2308011465766295, "anchor 1 mse": 6.227545965694499, "anchor 2 mse": 6.227545965694497, "anchor 3 mse": 6.234056327458759, "anchor 4 mse": 6.234056327458761}
{"bot_id": "0000000000000b01", "x": 1.5189292168150885, "y": 1.9800000000000002, "z": 0.0, "MSE": 6.2308011465766295, "anchor 1 mse": 6.227545965694499, "anchor 2 mse": 6.227545965694497, "anchor 3 mse": 6.234056327458759, "anchor 4 mse": 6.234056327458761}
{"bot_id": "0000000000000b01", "x": 1.5189292168150885, "y": 1.9800000000000002, "z": 0.0, "MSE": 6.2308011465766295, "anchor 1 mse": 6.227545965694499, "anchor 2 mse": 6.227545965694497, "anchor 3 mse": 6.234056327458759, "anchor 4 mse": 6.234056327458761}
{"bot_id": "0000000000000b01", "x": 1.5189292168150885, "y": 1.9800000000000002, "z": 0.0, "MSE": 6.2308011465766295, "anchor 1 mse": 6.227545965694499, "anchor 2 mse": 6.227545965694497, "anchor 3 mse": 6.234056327458759, "anchor 4 mse": 6.234056327458761}
{"bot_id": "0000000000000b01", "x": 1.5189292168150885, "y": 1.9800000000000002, "z": 0.0, "MSE": 6.2308011465766295, "anchor 1 mse": 6.227545965694499, "anchor 2 mse": 6.227545965694497, "anchor 3 mse": 6.234056327458759, "anchor 4 mse": 6.234056327458761}
{"bot_id": "0000000000000b01", "x": 1.5189292168150885, "y": 1.9800000000000002, "z": 0.0, "MSE": 6.2308011465766295, "anchor 1 mse": 6.227545965694499, "anchor 2 mse": 6.227545965694497, "anchor 3 mse": 6.234056327458759, "anchor 4 mse": 6.234056327458761}
{"bot_id": "0000000000000b01", "x": 1.5189292168150885, "y": 1.9800000000000002, "z": 0.0, "MSE": 6.2308011465766295, "anchor 1 mse": 6.227545965694499, "anchor 2 mse": 6.227545965694497, "anchor 3 mse": 6.234056327458759, "anchor 4 mse": 6.234056327458761}
{"bot_id": "0000000000000b01", "x": 1.5189292168150885, "y": 1.9800000000000002, "z": 0.0, "MSE": 6.2308011465766295, "anchor 1 mse": 6.227545965694499, "anchor 2 mse": 6.227545965694497, "anchor 3 mse": 6.234056327458759, "anchor 4 mse": 6.234056327458761}
{"bot_id": "0000000000000b01", "x": 1.5189292168150885, "y": 1.9800000000000002, "z": 0.0, "MSE": 6.2308011465766295, "anchor 1 mse": 6.227545965694499, "anchor 2 mse": 6.227545965694497, "anchor 3 mse": 6.234056327458759, "anchor 4 mse": 6.234056327458761}
{"bot_id": "0000000000000b01", "x": 1.5189292168150885, "y": 1.9800000000000002, "z": 0.0, "MSE": 6.2308011465766295, "anchor 1 mse": 6.227545965694499, "anchor 2 mse": 6.227545965694497, "anchor 3 mse": 6.234056327458759, "anchor 4 mse": 6.234056327458761}
{"bot_id": "0000000000000b01", "x": 1.5189292168150885, "y": 1.9800000000000002, "z": 0.0, "MSE": 6.2308011465766295, "anchor 1 mse": 6.227545965694499, "anchor 2 mse": 6.227545965694497, "anchor 3 mse": 6.234056327458759, "anchor 4 mse": 6.234056327458761}
{"bot_id": "0000000000000b01", "x": 1.5189292168150885, "y": 1.9800000000000002, "z": 0.0, "MSE": 6.2308011465766295, "anchor 1 mse": 6.227545965694499, "anchor 2 mse": 6.227545965694497, "anchor 3 mse": 6.234056327458759, "anchor 4 mse": 6.234056327458761}
{"bot_id": "0000000000000b01", "x": 1.5189292168150885, "y": 1.9800000000000002, "z": 0.0, "MSE": 6.2308011465766295, "anchor 1 mse": 6.227545965694499, "anchor 2 mse": 6.227545965694497, "anchor 3 mse": 6.234056327458759, "anchor 4 mse": 6.234056327458761}
{"bot_id": "0000000000000b01", "x": 1.5189292168150885, "y": 1.9800000000000002, "z": 0.0, "MSE": 6.2308011465766295, "anchor 1 mse": 6.227545965694499, "anchor 2 mse": 6.227545965694497, "anchor 3 mse": 6.234056327458759, "anchor 4 mse": 6.234056327458761}
{"bot_id": "0000000000000b01", "x": 1.5189292168150885, "y": 1.9800000000000002, "z": 0.0, "MSE": 6.2308011465766295, "anchor 1 mse": 6.227545965694499, "anchor 2 mse": 6.227545965694497, "anchor 3 mse": 6.234056327458759, "anchor 4 mse": 6.234056327458761}
{"bot_id": "0000000000000b01", "x": 1.5189292168150885, "y": 1.9800000000000002, "z": 0.0, "MSE": 6.2308011465766295, "anchor 1 mse": 6.227545965694499, "anchor 2 mse": 6.227545965694497, "anchor 3 mse": 6.234056327458759, "anchor 4 mse": 6.234056327458761}
{"bot_id": "0000000000000b01", "x": 1.5189292168150885, "y": 1.9800000000000002, "z": 0.0, "MSE": 6.2308011465766295, "anchor 1 mse": 6.227545965694499, "anchor 2 mse": 6.227545965694497, "anchor 3 mse": 6.234056327458759, "anchor 4 mse": 6.234056327458761}
{"bot_id": "0000000000000b01", "x": 1.5189292168150885, "y": 1.9800000000000002, "z": 0.0, "MSE": 6.2308011465766295, "anchor 1 mse": 6.227545965694499, "anchor 2 mse": 6.227545965694497, "anchor 3 mse": 6.234056327458759, "anchor 4 mse": 6.234056327458761}
{"bot_id": "0000000000000b01", "x": 1.5189292168150885, "y": 1.9800000000000002, "z": 0.0, "MSE": 6.2308011465766295, "anchor 1 mse": 6.227545965694499, "anchor 2 mse": 6.227545965694497, "anchor 3 mse": 6.234056327458759, "anchor 4 mse": 6.234056327458761}
{"bot_id": "0000000000000b01", "x": 1.5189292168150885, "y": 1.9800000000000002, "z": 0.0, "MSE": 6.2308011465766295, "anchor 1 mse": 6.227545965694499, "anchor 2 mse": 6.227545965694497, "anchor 3 mse": 6.234056327458759, "anchor 4 mse": 6.234056327458761}
{"bot_id": "0000000000000b01", "x": 1.5189292168150885, "y": 1.9800000000000002, "z": 0.0, "MSE": 6.2308011465766295, "anchor 1 mse": 6.227545965694499, "anchor 2 mse": 6.227545965694497, "anchor 3 mse": 6.234056327458759, "anchor 4 mse": 6.234056327458761}
{"bot_id": "0000000000000b01", "x": 1.5189292168150885, "y": 1.9800000000000002, "z": 0.0, "MSE": 6.2308011465766295, "anchor 1 mse": 6.227545965694499, "anchor 2 mse": 6.227545965694497, "anchor 3 mse": 6.234056327458759, "anchor 4 mse": 6.234056327458761}
{"bot_id": "0000000000000b01", "x": 1.5189292168150885, "y": 1.9800000000000002, "z": 0.0, "MSE": 6.2308011465766295, "anchor 1 mse": 6.227545965694499, "anchor 2 mse": 6.227545965694497, "anchor 3 mse": 6.234056327458759, "anchor 4 mse": 6.234056327458761}
{"bot_id": "0000000000000b01", "x": 1.5189292168150885, "y": 1.9800000000000002, "z": 0.0, "MSE": 6.2308011465766295, "anchor 1 mse": 6.227545965694499, "anchor 2 mse": 6.227545965694497, "anchor 3 mse": 6.234056327458759, "anchor 4 mse": 6.234056327458761}
{"bot_id": "0000000000000b01", "x": 1.5189292168150885, "y": 1.9800000000000002, "z": 0.0, "MSE": 6.2308011465766295, "anchor 1 mse": 6.227545965694499, "anchor 2 mse": 6.227545965694497, "anchor 3 mse": 6.234056327458759, "anchor 4 mse": 6.234056327458761}
{"bot_id": "0000000000000b01", "x": 1.5189292168150885, "y": 1.9800000000000002, "z": 0.0, "MSE": 6.2308011465766295, "anchor 1 mse": 6.227545965694499, "anchor 2 mse": 6.227545965694497, "anchor 3 mse": 6.234056327458759, "anchor 4 mse": 6.234056327458761}
{"bot_id": "0000000000000b01", "x": 1.5189292168150885, "y": 1.9800000000000002, "z": 0.0, "MSE": 6.2308011465766295, "anchor 1 mse": 6.227545965694499, "anchor 2 mse": 6.227545965694497, "anchor 3 mse": 6.234056327458759,