{"bot_id": "0000000000000b01", "x": 0.08780547828927665, "y": 1.0635401811662522, "z": 0.0, "MSE": 0.07228278236938096, "anchor 1 mse": 0.02040366000996871, "anchor 2 mse": 0.14778852188739805, "anchor 3 mse": 0.024746003105887093, "anchor 4 mse": 0.01412572627044581}
{"bot_id": "0000000000000b01", "x": 0.1383624615386219, "y": 1.1422742472636604, "z": 0.0, "MSE": 0.060675233801255876, "anchor 1 mse": 0.022313314349244724, "anchor 2 mse": 0.20810573429078444, "anchor 3 mse": 0.004326559673049904, "anchor 4 mse": 0.007955326891944454}
{"bot_id": "0000000000000b01", "x": 0.1383624615386219, "y": 1.1422742472636604, "z": 0.0, "MSE": 0.060675233801255876, "anchor 1 mse": 0.022313314349244724, "anchor 2 mse": 0.20810573429078444, "anchor 3 mse": 0.004326559673049904, "anchor 4 mse": 0.007955326891944454}
{"bot_id": "0000000000000b01", "x": 0.1653172366520796, "y": 1.198791529936342, "z": 0.0, "MSE": 0.029626835329575486, "anchor 1 mse": 0.00807540613024732, "anchor 2 mse": 0.10687272429831281, "anchor 3 mse": 0.0010234836361891, "anchor 4 mse": 0.004795283504747607}
{"bot_id": "0000000000000b01", "x": 0.166993115195048, "y": 1.194826405547429, "z": 0.0, "MSE": 0.02852001283852353, "anchor 1 mse": 0.003429304358782897, "anchor 2 mse": 0.10412982436077742, "anchor 3 mse": 0.0011246437291547353, "anchor 4 mse": 0.005396278905379073}
{"bot_id": "0000000000000b01", "x": 0.166993115195048, "y": 1.194826405547429, "z": 0.0, "MSE": 0.02852001283852353, "anchor 1 mse": 0.003429304358782897, "anchor 2 mse": 0.10412982436077742, "anchor 3 mse": 0.0011246437291547353, "anchor 4 mse": 0.0023483104514650213}
{"bot_id": "0000000000000b01", "x": 0.19513804856868092, "y": 1.1844454792421406, "z": 0.0, "MSE": 0.025956561613009105, "anchor 1 mse": 0.005563308755095666, "anchor 2 mse": 0.09389627927196338, "anchor 3 mse": 0.00043398976791549684, "anchor 4 mse": 0.005324420480267842}
{"bot_id": "0000000000000b01", "x": 0.19926747716519688, "y": 1.1889491189977646, "z": 0.0, "MSE": 0.026539054226191468, "anchor 1 mse": 0.004825795417741835, "anchor 2 mse": 0.09599383866998229, "anchor 3 mse": 0.008973077379558646, "anchor 4 mse": 0.005119718055307554}
{"bot_id": "0000000000000b01", "x": 0.33854857878020134, "y": 1.19511956546292, "z": 0.0, "MSE": 0.0211961551478946, "anchor 1 mse": 0.001079405665453282, "anchor 2 mse": 0.08226428625911049, "anchor 3 mse": 1.022999965728721e-05, "anchor 4 mse": 0.00981022408327662}
{"bot_id": "0000000000000b01", "x": 0.3431044192467826, "y": 1.1914629023416394, "z": 0.0, "MSE": 0.022873797605712048, "anchor 1 mse": 0.0012333556040645894, "anchor 2 mse": 0.027780920890760022, "anchor 3 mse": 1.0559443481294177e-05, "anchor 4 mse": 0.010909852464597174}
{"bot_id": "0000000000000b01", "x": 0.2506221383797657, "y": 1.1615338741766237, "z": 0.0, "MSE": 0.011215881947990095, "anchor 1 mse": 0.002837101363594933, "anchor 2 mse": 0.028858848287525003, "anchor 3 mse": 0.006326782207400157, "anchor 4 mse": 0.0068407959334402845}
{"bot_id": "0000000000000b01", "x": 0.2506221383797657, "y": 1.1615338741766237, "z": 0.0, "MSE": 0.011215881947990095, "anchor 1 mse": 0.002837101363594933, "anchor 2 mse": 0.028858848287525003, "anchor 3 mse": 0.006326782207400157, "anchor 4 mse": 0.0068407959334402845}
{"bot_id": "0000000000000b01", "x": 0.2506221383797657, "y": 1.1615338741766237, "z": 0.0, "MSE": 0.011215881947990095, "anchor 1 mse": 0.002837101363594933, "anchor 2 mse": 0.028858848287525003, "anchor 3 mse": 0.006326782207400157, "anchor 4 mse": 0.004584522804561444}
{"bot_id": "0000000000000b01", "x": 0.20351261410546476, "y": 1.135078343098253, "z": 0.0, "MSE": 0.007850633610472568, "anchor 1 mse": 0.0003304511817091434, "anchor 2 mse": 0.024479110885630807, "anchor 3 mse": 0.0025796026904272083, "anchor 4 mse": 0.004013369684123109}
{"bot_id": "0000000000000b01", "x": 0.2070549606263798, "y": 1.1404391658310178, "z": 0.0, "MSE": 0.007912689389776394, "anchor 1 mse": 8.249968841284768e-05, "anchor 2 mse": 0.025873566307552803, "anchor 3 mse": 0.0019755501488398987, "anchor 4 mse": 0.003719141414300025}
{"bot_id": "0000000000000b01", "x": 0.13022587163164095, "y": 1.1701681752268192, "z": 0.0, "MSE": 0.013291478214199258, "anchor 1 mse": 0.0007503313025221748, "anchor 2 mse": 0.04202997020070569, "anchor 3 mse": 0.005203418234866564, "anchor 4 mse": 0.005182193118702607}
{"bot_id": "0000000000000b01", "x": 0.13022587163164095, "y": 1.1701681752268192, "z": 0.0, "MSE": 0.013291478214199258, "anchor 1 mse": 0.0007503313025221748, "anchor 2 mse": 0.060030939967293175, "anchor 3 mse": 0.005203418234866564, "anchor 4 mse": 0.005182193118702607}
{"bot_id": "0000000000000b01", "x": 0.13009088209574185, "y": 1.1574407227272447, "z": 0.0, "MSE": 0.016989452509397936, "anchor 1 mse": 0.0006115026510458588, "anchor 2 mse": 0.05403620055122663, "anchor 3 mse": 0.006569497809187207, "anchor 4 mse": 0.0067406090261320495}
{"bot_id": "0000000000000b01", "x": 0.13009088209574185, "y": 1.1574407227272447, "z": 0.0, "MSE": 0.016989452509397936, "anchor 1 mse": 0.0006115026510458588, "anchor 2 mse": 0.05403620055122663, "anchor 3 mse": 0.006569497809187207, "anchor 4 mse": 0.0067406090261320495}
{"bot_id": "0000000000000b01", "x": 0.13195965354225533, "y": 1.1426286567941302, "z": 0.0, "MSE": 0.023569001036989914, "anchor 1 mse": 0.0001045154862771804, "anchor 2 mse": 0.07702457433544187, "anchor 3 mse": 0.006411786261263088, "anchor 4 mse": 0.009033655459996275}
{"bot_id": "0000000000000b01", "x": 0.12364818586161011, "y": 1.139669469768977, "z": 0.0, "MSE": 0.023101852932715064, "anchor 1 mse": 4.041700978511747e-05, "anchor 2 mse": 0.07608186957955528, "anchor 3 mse": 0.007756697709555123, "anchor 4 mse": 0.008528427431964743}
{"bot_id": "0000000000000b01", "x": 0.12364818586161011, "y": 1.139669469768977, "z": 0.0, "MSE": 0.023101852932715064, "anchor 1 mse": 4.041700978511747e-05, "anchor 2 mse": 0.07608186957955528, "anchor 3 mse": 0.007756697709555123, "anchor 4 mse": 0.008528427431964743}
{"bot_id": "0000000000000b01", "x": 0.1323599223470608, "y": 1.1586664054160107, "z": 0.0, "MSE": 0.024526823087586167, "anchor 1 mse": 0.0005663471858517827, "anchor 2 mse": 0.08603574623853366, "anchor 3 mse": 0.004701849258792707, "anchor 4 mse": 0.006803349667166521}
{"bot_id": "0000000000000b01", "x": 0.15767944410956572, "y": 1.148473387010019, "z": 0.0, "MSE": 0.022160096186451827, "anchor 1 mse": 0.0009457384998682347, "anchor 2 mse": 0.07783958898854162, "anchor 3 mse": 0.0033348903251854767, "anchor 4 mse": 0.006520166932211968}
{"bot_id": "0000000000000b01", "x": 0.15785873840708115, "y": 1.1458062011045473, "z": 0.0, "MSE": 0.023384427138152572, "anchor 1 mse": 0.001113606672078522, "anchor 2 mse": 0.08199183774587875, "anchor 3 mse": 0.0035426661337574967, "anchor 4 mse": 0.006889598000895535}
{"bot_id": "0000000000000b01", "x": 0.13704799323957206, "y": 1.1804038580380172, "z": 0.0, "MSE": 0.030670855646667806, "anchor 1 mse": 2.7787464304643374e-06, "anchor 2 mse": 0.10499199094036447, "anchor 3 mse": 0.008124521473889113, "anchor 4 mse": 0.00956413142598717}
{"bot_id": "0000000000000b01", "x": 0.13704799323957206, "y": 1.1804038580380172, "z": 0.0, "MSE": 0.030670855646667806, "anchor 1 mse": 0.0032111440425162427, "anchor 2 mse": 0.10499199094036447, "anchor 3 mse": 0.008124521473889113, "anchor 4 mse": 0.00956413142598717}
{"bot_id": "0000000000000b01", "x": 0.1518040437611222, "y": 1.2035770646477633, "z": 0.0, "MSE": 0.03280460332361429, "anchor 1 mse": 0.0010168052807064498, "anchor 2 mse": 0.11850025112445348, "anchor 3 mse": 0.004031901924228092, "anchor 4 mse": 0.007669454965069139}
{"bot_id": "0000000000000b01", "x": 0.15151739335426812, "y": 1.193187046695848, "z": 0.0, "MSE": 0.038983751344012024, "anchor 1 mse": 0.0017834720541102876, "anchor 2 mse": 0.13993811767475867, "anchor 3 mse": 0.00025095389721524047, "anchor 4 mse": 0.009194894059369256}
{"bot_id": "0000000000000b01", "x": 0.09776260163428255, "y": 1.1755027042792414, "z": 0.0,