{"bot_id": "0000000000000b01", "x": 0.12228428768274319, "y": 3.930537132783154, "z": 0, "MSE": 0.13110466298582296, "anchor 1 mse": 0.039030393409412376, "anchor 2 mse": 0.07956190632897486, "anchor 3 mse": 0.055153243986457955, "anchor 4 mse": 0.3081567759660569}
{"bot_id": "0000000000000b01", "x": 0.12228428768274319, "y": 3.930537132783154, "z": 0, "MSE": 0.13110466298582296, "anchor 1 mse": 0.039030393409412376, "anchor 2 mse": 0.07956190632897486, "anchor 3 mse": 0.055153243986457955, "anchor 4 mse": 0.3081567759660569}
{"bot_id": "0000000000000b01", "x": 0.12228428768274319, "y": 3.930537132783154, "z": 0, "MSE": 0.13110466298582296, "anchor 1 mse": 0.039030393409412376, "anchor 2 mse": 0.07956190632897486, "anchor 3 mse": 0.055153243986457955, "anchor 4 mse": 0.3081567759660569}
{"bot_id": "0000000000000b01", "x": 0.12228428768274319, "y": 3.930537132783154, "z": 0, "MSE": 0.13110466298582296, "anchor 1 mse": 0.039030393409412376, "anchor 2 mse": 0.07956190632897486, "anchor 3 mse": 0.055153243986457955, "anchor 4 mse": 0.3081567759660569}
{"bot_id": "0000000000000b01", "x": 0.12228428768274319, "y": 3.930537132783154, "z": 0, "MSE": 0.13110466298582296, "anchor 1 mse": 0.039030393409412376, "anchor 2 mse": 0.07956190632897486, "anchor 3 mse": 0.055153243986457955, "anchor 4 mse": 0.3081567759660569}
{"bot_id": "0000000000000b01", "x": 0.12228428768274319, "y": 3.930537132783154, "z": 0, "MSE": 0.13110466298582296, "anchor 1 mse": 0.039030393409412376, "anchor 2 mse": 0.07956190632897486, "anchor 3 mse": 0.055153243986457955, "anchor 4 mse": 0.3081567759660569}
{"bot_id": "0000000000000b01", "x": 0.12228428768274319, "y": 3.930537132783154, "z": 0, "MSE": 0.13110466298582296, "anchor 1 mse": 0.039030393409412376, "anchor 2 mse": 0.07956190632897486, "anchor 3 mse": 0.055153243986457955, "anchor 4 mse": 0.3081567759660569}
{"bot_id": "0000000000000b01", "x": 0.12228428768274319, "y": 3.930537132783154, "z": 0, "MSE": 0.13110466298582296, "anchor 1 mse": 0.039030393409412376, "anchor 2 mse": 0.07956190632897486, "anchor 3 mse": 0.055153243986457955, "anchor 4 mse": 0.3081567759660569}
{"bot_id": "0000000000000b01", "x": 0.12228428768274319, "y": 3.930537132783154, "z": 0, "MSE": 0.13110466298582296, "anchor 1 mse": 0.039030393409412376, "anchor 2 mse": 0.07956190632897486, "anchor 3 mse": 0.055153243986457955, "anchor 4 mse": 0.3081567759660569}
{"bot_id": "0000000000000b01", "x": 0.12228428768274319, "y": 3.930537132783154, "z": 0, "MSE": 0.13110466298582296, "anchor 1 mse": 0.039030393409412376, "anchor 2 mse": 0.07956190632897486, "anchor 3 mse": 0.055153243986457955, "anchor 4 mse": 0.3081567759660569}
{"bot_id": "0000000000000b01", "x": 0.12228428768274319, "y": 3.930537132783154, "z": 0, "MSE": 0.13110466298582296, "anchor 1 mse": 0.039030393409412376, "anchor 2 mse": 0.07956190632897486, "anchor 3 mse": 0.055153243986457955, "anchor 4 mse": 0.3081567759660569}
{"bot_id": "0000000000000b01", "x": 0.12228428768274319, "y": 3.930537132783154, "z": 0, "MSE": 0.13110466298582296, "anchor 1 mse": 0.039030393409412376, "anchor 2 mse": 0.07956190632897486, "anchor 3 mse": 0.055153243986457955, "anchor 4 mse": 0.3081567759660569}
{"bot_id": "0000000000000b01", "x": 0.12228428768274319, "y": 3.930537132783154, "z": 0, "MSE": 0.13110466298582296, "anchor 1 mse": 0.039030393409412376, "anchor 2 mse": 0.07956190632897486, "anchor 3 mse": 0.055153243986457955, "anchor 4 mse": 0.3081567759660569}
{"bot_id": "0000000000000b01", "x": 0.12228428768274319, "y": 3.930537132783154, "z": 0, "MSE": 0.13110466298582296, "anchor 1 mse": 0.039030393409412376, "anchor 2 mse": 0.07956190632897486, "anchor 3 mse": 0.055153243986457955, "anchor 4 mse": 0.3081567759660569}
{"bot_id": "0000000000000b01", "x": 0.12228428768274319, "y": 3.930537132783154, "z": 0, "MSE": 0.13110466298582296, "anchor 1 mse": 0.039030393409412376, "anchor 2 mse": 0.07956190632897486, "anchor 3 mse": 0.055153243986457955, "anchor 4 mse": 0.3081567759660569}
{"bot_id": "0000000000000b01", "x": 0.12228428768274319, "y": 3.930537132783154, "z": 0, "MSE": 0.13110466298582296, "anchor 1 mse": 0.039030393409412376, "anchor 2 mse": 0.07956190632897486, "anchor 3 mse": 0.055153243986457955, "anchor 4 mse": 0.3081567759660569}
{"bot_id": "0000000000000b01", "x": 0.12228428768274319, "y": 3.930537132783154, "z": 0, "MSE": 0.13110466298582296, "anchor 1 mse": 0.039030393409412376, "anchor 2 mse": 0.07956190632897486, "anchor 3 mse": 0.055153243986457955, "anchor 4 mse": 0.3081567759660569}
{"bot_id": "0000000000000b01", "x": 0.12228428768274319, "y": 3.930537132783154, "z": 0, "MSE": 0.13110466298582296, "anchor 1 mse": 0.039030393409412376, "anchor 2 mse": 0.07956190632897486, "anchor 3 mse": 0.055153243986457955, "anchor 4 mse": 0.3081567759660569}
{"bot_id": "0000000000000b01", "x": 0.12228428768274319, "y": 3.930537132783154, "z": 0, "MSE": 0.13110466298582296, "anchor 1 mse": 0.039030393409412376, "anchor 2 mse": 0.07956190632897486, "anchor 3 mse": 0.055153243986457955, "anchor 4 mse": 0.3081567759660569}
{"bot_id": "0000000000000b01", "x": 0.12228428768274319, "y": 3.930537132783154, "z": 0, "MSE": 0.13110466298582296, "anchor 1 mse": 0.039030393409412376, "anchor 2 mse": 0.07956190632897486, "anchor 3 mse": 0.055153243986457955, "anchor 4 mse": 0.3081567759660569}
{"bot_id": "0000000000000b01", "x": 0.12228428768274319, "y": 3.930537132783154, "z": 0, "MSE": 0.13110466298582296, "anchor 1 mse": 0.039030393409412376, "anchor 2 mse": 0.07956190632897486, "anchor 3 mse": 0.055153243986457955, "anchor 4 mse": 0.3081567759660569}
{"bot_id": "0000000000000b01", "x": 0.12228428768274319, "y": 3.930537132783154, "z": 0, "MSE": 0.13110466298582296, "anchor 1 mse": 0.039030393409412376, "anchor 2 mse": 0.07956190632897486, "anchor 3 mse": 0.055153243986457955, "anchor 4 mse": 0.3081567759660569}
{"bot_id": "0000000000000b01", "x": 0.12228428768274319, "y": 3.930537132783154, "z": 0, "MSE": 0.13110466298582296, "anchor 1 mse": 0.039030393409412376, "anchor 2 mse": 0.07956190632897486, "anchor 3 mse": 0.055153243986457955, "anchor 4 mse": 0.3081567759660569}
{"bot_id": "0000000000000b01", "x": 0.12228428768274319, "y": 3.930537132783154, "z": 0, "MSE": 0.13110466298582296, "anchor 1 mse": 0.039030393409412376, "anchor 2 mse": 0.07956190632897486, "anchor 3 mse": 0.055153243986457955, "anchor 4 mse": 0.3081567759660569}
{"bot_id": "0000000000000b01", "x": 0.12228428768274319, "y": 3.930537132783154, "z": 0, "MSE": 0.13110466298582296, "anchor 1 mse": 0.039030393409412376, "anchor 2 mse": 0.07956190632897486, "anchor 3 mse": 0.055153243986457955, "anchor 4 mse": 0.3081567759660569}
