{"bot_id": "0000000000000b01", "x": 1.2704253043077263, "y": -0.41603036882463396, "z": 0.0, "MSE": 0.07928268544672104, "anchor 1 mse": 0.16549460296910595, "anchor 2 mse": 0.03621959022534903, "anchor 3 mse": 0.04044827275442359, "anchor 4 mse": 0.07496827583800555}
{"bot_id": "0000000000000b01", "x": 1.2374379221534804, "y": -0.44964213494362815, "z": 0.0, "MSE": 0.07036821939422173, "anchor 1 mse": 0.14945812139595296, "anchor 2 mse": 0.02577668871922973, "anchor 3 mse": 0.03280531556770344, "anchor 4 mse": 0.10661344433232757}
{"bot_id": "0000000000000b01", "x": 1.2309146674107903, "y": -0.4446686020029647, "z": 0.0, "MSE": 0.07850190563983492, "anchor 1 mse": 0.09227671683287547, "anchor 2 mse": 0.028200281992748624, "anchor 3 mse": 0.030817827861088193, "anchor 4 mse": 0.11152217145311903}
{"bot_id": "0000000000000b01", "x": 1.2725853525804676, "y": -0.4328172804424062, "z": 0.0, "MSE": 0.0683377075089585, "anchor 1 mse": 0.21084094523041635, "anchor 2 mse": 0.025422641728118523, "anchor 3 mse": 0.006895738372253476, "anchor 4 mse": 0.0891014781096717}
{"bot_id": "0000000000000b01", "x": 1.1410796375482959, "y": -0.5089269819397813, "z": 0.0, "MSE": 0.06406741500270374, "anchor 1 mse": 0.13280750029766447, "anchor 2 mse": 0.0015034853004886812, "anchor 3 mse": 0.021871564669552052, "anchor 4 mse": 0.07945665321701144}
{"bot_id": "0000000000000b01", "x": 1.060336114749778, "y": -0.47108950862748716, "z": 0.0, "MSE": 0.05267395208552888, "anchor 1 mse": 0.07577630801075594, "anchor 2 mse": 0.011240926628705834, "anchor 3 mse": 0.011411795663968553, "anchor 4 mse": 0.11226677803868519}
{"bot_id": "0000000000000b01", "x": 1.060336114749778, "y": -0.47108950862748716, "z": 0.0, "MSE": 0.05267395208552888, "anchor 1 mse": 0.07577630801075594, "anchor 2 mse": 0.011240926628705834, "anchor 3 mse": 0.024594396313608477, "anchor 4 mse": 0.11226677803868519}
{"bot_id": "0000000000000b01", "x": 1.1048395767349057, "y": -0.43600456132041154, "z": 0.0, "MSE": 0.0630061478985603, "anchor 1 mse": 0.09166276374058047, "anchor 2 mse": 0.014437541206399136, "anchor 3 mse": 0.01519291294846772, "anchor 4 mse": 0.1572661293500064}
{"bot_id": "0000000000000b01", "x": 1.1049273322062394, "y": -0.4366928290814388, "z": 0.0, "MSE": 0.06955685529208569, "anchor 1 mse": 0.0918653818990351, "anchor 2 mse": 0.009898907410714435, "anchor 3 mse": 0.05241853298451596, "anchor 4 mse": 0.15671956617685132}
{"bot_id": "0000000000000b01", "x": 1.1748418457011565, "y": -0.3562594322673214, "z": 0.0, "MSE": 0.09044478988795532, "anchor 1 mse": 0.12792797940360467, "anchor 2 mse": 0.020189740445895027, "anchor 3 mse": 0.02332872381808174, "anchor 4 mse": 0.17484886238157188}
{"bot_id": "0000000000000b01", "x": 1.165718464401899, "y": -0.3582160097544958, "z": 0.0, "MSE": 0.0858490269611854, "anchor 1 mse": 0.12216114009790638, "anchor 2 mse": 0.02084993683478861, "anchor 3 mse": 0.02372573069109761, "anchor 4 mse": 0.176659300220949}
{"bot_id": "0000000000000b01", "x": 1.165718464401899, "y": -0.3582160097544958, "z": 0.0, "MSE": 0.0858490269611854, "anchor 1 mse": 0.12216114009790638, "anchor 2 mse": 0.02084993683478861, "anchor 3 mse": 0.02372573069109761, "anchor 4 mse": 0.176659300220949}
{"bot_id": "0000000000000b01", "x": 1.165718464401899, "y": -0.3582160097544958, "z": 0.0, "MSE": 0.0858490269611854, "anchor 1 mse": 0.04601693371607129, "anchor 2 mse": 0.008910429628935372, "anchor 3 mse": 0.02372573069109761, "anchor 4 mse": 0.176659300220949}
{"bot_id": "0000000000000b01", "x": 1.2117535834856206, "y": -0.3184002071539417, "z": 0.0, "MSE": 0.06860649204966329, "anchor 1 mse": 0.06144788646624909, "anchor 2 mse": 0.011886406156226503, "anchor 3 mse": 0.0007868301899895585, "anchor 4 mse": 0.18715575654208344}
{"bot_id": "0000000000000b01", "x": 1.141315327519905, "y": -0.3835394419190092, "z": 0.0, "MSE": 0.05478187750686582, "anchor 1 mse": 0.03961541046911982, "anchor 2 mse": 0.006773362935203953, "anchor 3 mse": 0.00769566156647138, "anchor 4 mse": 0.17745572321170613}
{"bot_id": "0000000000000b01", "x": 1.1417353908216556, "y": -0.38366275462170407, "z": 0.0, "MSE": 0.0578681229508815, "anchor 1 mse": 0.03978974340282228, "anchor 2 mse": 0.03686699081736344, "anchor 3 mse": 0.007721648844367641, "anchor 4 mse": 0.17723582219333417}
{"bot_id": "0000000000000b01", "x": 1.2152604931843523, "y": -0.4219404604558292, "z": 0.0, "MSE": 0.05978669524328138, "anchor 1 mse": 0.14548578309502766, "anchor 2 mse": 0.01569178758847491, "anchor 3 mse": 0.0792353528812958, "anchor 4 mse": 0.12696537941026356}
{"bot_id": "0000000000000b01", "x": 1.261793306679391, "y": -0.3346556779124851, "z": 0.0, "MSE": 0.09924835062272666, "anchor 1 mse": 0.16033476392337545, "anchor 2 mse": 0.032827633572169196, "anchor 3 mse": 0.039715602000885336, "anchor 4 mse": 0.15611317112925638}
{"bot_id": "0000000000000b01", "x": 1.2611815395278572, "y": -0.33470798495065107, "z": 0.0, "MSE": 0.0972190560964881, "anchor 1 mse": 0.15987229686137977, "anchor 2 mse": 0.03291640009099959, "anchor 3 mse": 0.03970918083145892, "anchor 4 mse": 0.1563783466021141}
{"bot_id": "0000000000000b01", "x": 1.2611815395278572, "y": -0.33470798495065107, "z": 0.0, "MSE": 0.0972190560964881, "anchor 1 mse": 0.14050527990076656, "anchor 2 mse": 0.03291640009099959, "anchor 3 mse": 0.03970918083145892, "anchor 4 mse": 0.1563783466021141}
{"bot_id": "0000000000000b01", "x": 1.2853928142109348, "y": -0.3382932978526302, "z": 0.0, "MSE": 0.09472765854405035, "anchor 1 mse": 0.1593319299185734, "anchor 2 mse": 0.034855116740937546, "anchor 3 mse": 0.010129468968245483, "anchor 4 mse": 0.14243361331436985}
{"bot_id": "0000000000000b01", "x": 1.2171801010952588, "y": -0.40934796301805104, "z": 0.0, "MSE": 0.07594166545994568, "anchor 1 mse": 0.1254365445678378, "anchor 2 mse": 0.024227234861960042, "anchor 3 mse": 0.026934236605906957, "anchor 4 mse": 0.13809185973088225}
{"bot_id": "0000000000000b01", "x": 1.2178167444537382, "y": -0.4094294481725004, "z": 0.0, "MSE": 0.07869858025650586, "anchor 1 mse": 0.13307877199439877, "anchor 2 mse": 0.024115340461617688, "anchor 3 mse": 0.026979680912839383, "anchor 4 mse": 0.13781652031051908}
{"bot_id": "0000000000000b01", "x": 1.2123574483904156, "y": -0.41092875289702624, "z": 0.0, "MSE": 0.08004180627503457, "anchor 1 mse": 0.12967679578780336, "anchor 2 mse": 0.0009865875632680565, "anchor 3 mse": 0.02731186929288837, "anchor 4 mse": 0.1462633530202874}
{"bot_id": "0000000000000b01", "x": 1.1721636461114517, "y": -0.3277244336683598, "z": 0.0, "MSE": 0.0867558869415358, "anchor 1 mse": 0.08827781010228956, "anchor 2 mse": 0.015326904937154794, "anchor 3 mse": 0.01797813078462456, "anchor 4 mse": 0.2254407019420743}
{"bot_id": "0000000000000b01", "x": 1.1721636461114517, "y": -0.3277244336683598, "z": 0.0, "MSE": 0.0867558869415358, "anchor 1 mse": 0.08827781010228956, "anchor 2 mse": 0.011837848604324136, "anchor 3 mse": 0.01797813078462456, "anchor 4 mse": 0.2254407019420743}
{"bot_id": "0000000000000b01", "x": 1.1621207452846187, "y": -0.3223359576968551, "z": 0.0, "MSE": 0.08664192384766548, "anchor 1 mse": 0.08179341421636482, "anchor 2 mse": 0.013953098899962898, "anchor 3 mse": 0.016380890116842246, "anchor 4 mse": 0.2344402921574919}
{"bot_id": "0000000000000b01", "x": 1.1621207452846187, "y": -0.3223359576968551, "z": 0.0, "MSE": 0.08664192384766548, "anchor 1 mse": 0.08179341421636482, "anchor 2 mse": 0.013953098899962898, "anchor 3 mse": 0.00032356279951391184, "anchor 4 mse": 0.2344402921574919}
{"bot_id": "0000000000000b01", "x": 1.06979695653619, "y": -0.4009540236843059, "z": 0.0, "MSE": 0.06432223027012669, "anchor 1 mse": 0.020296697848662615, "anchor 2 mse": 0.007481147539310889, "anchor 3 mse": 0.008458172982660266, "anchor 4 mse": 0.21903924305377956}
{"bot_id": "0000000000000b01", "x": 1.1234331364210823, "y": -0.3889529648467818, "z": 0.0, "MSE": 0.0665189781979193, "anchor 1 mse": 0.035667832920938274, "anchor 2 mse": 0.0016060925392828807,