{"bot_id": "0000000000000b01", "x": 1.5548762277686579, "y": 4.483149910494678, "z": 0.0, "MSE": 47.75936167005043, "anchor 1 mse": 0.8833527475060962, "anchor 2 mse": 0.19919039880950487, "anchor 3 mse": 0.31834786883048316, "anchor 4 mse": 1.1229438992667131}
{"bot_id": "0000000000000b01", "x": 1.7349911368171356, "y": 4.588988747367522, "z": 0.0, "MSE": 51.341646306546025, "anchor 1 mse": 1.191333100495267, "anchor 2 mse": 0.39084373504433095, "anchor 3 mse": 0.41468157049820187, "anchor 4 mse": 1.1338972176444937}
{"bot_id": "0000000000000b01", "x": 1.738336928658605, "y": 4.588462648511966, "z": 0.0, "MSE": 51.142709173786756, "anchor 1 mse": 1.1898224394604233, "anchor 2 mse": 0.3934908578431355, "anchor 3 mse": 0.4179000917447353, "anchor 4 mse": 1.0841837035518767}
{"bot_id": "0000000000000b01", "x": 1.897834194959352, "y": 4.633241041350636, "z": 0.0, "MSE": 54.74754318194829, "anchor 1 mse": 1.477768440942572, "anchor 2 mse": 0.6066030013114095, "anchor 3 mse": 0.48255038426294683, "anchor 4 mse": 1.0763439991231165}
{"bot_id": "0000000000000b01", "x": 1.9161090809693162, "y": 4.6331907881382115, "z": 0.0, "MSE": 54.43080553988557, "anchor 1 mse": 1.491392658974513, "anchor 2 mse": 0.5893550177020447, "anchor 3 mse": 0.47591285363374086, "anchor 4 mse": 1.0956122334983278}
{"bot_id": "0000000000000b01", "x": 1.911598463472437, "y": 4.630331065186135, "z": 0.0, "MSE": 54.099076778321766, "anchor 1 mse": 1.477662467035823, "anchor 2 mse": 0.5812641708591119, "anchor 3 mse": 0.47574900183015423, "anchor 4 mse": 1.052613138727407}
{"bot_id": "0000000000000b01", "x": 1.8048743887456722, "y": 4.595808577784393, "z": 0.0, "MSE": 52.149690654118025, "anchor 1 mse": 1.305278068261487, "anchor 2 mse": 0.4545265928688146, "anchor 3 mse": 0.4176743358172269, "anchor 4 mse": 1.1053136005117707}
{"bot_id": "0000000000000b01", "x": 1.8061926610035342, "y": 4.595488066588402, "z": 0.0, "MSE": 52.07489243288722, "anchor 1 mse": 1.304858264068774, "anchor 2 mse": 0.45557293344440286, "anchor 3 mse": 0.41902820105423183, "anchor 4 mse": 1.085723941651972}
{"bot_id": "0000000000000b01", "x": 1.6637007260576426, "y": 4.537324677728245, "z": 0.0, "MSE": 49.41049857503957, "anchor 1 mse": 1.0655950053730152, "anchor 2 mse": 0.294555929027104, "anchor 3 mse": 0.35470973890523605, "anchor 4 mse": 1.1235751292381904}
{"bot_id": "0000000000000b01", "x": 1.781839605160588, "y": 4.579677222278195, "z": 0.0, "MSE": 52.084835631776976, "anchor 1 mse": 1.2845916324460904, "anchor 2 mse": 0.4539336704186893, "anchor 3 mse": 0.40345744009758633, "anchor 4 mse": 1.0786494154594357}
{"bot_id": "0000000000000b01", "x": 1.782170477917229, "y": 4.579599964902236, "z": 0.0, "MSE": 52.06593954079579, "anchor 1 mse": 1.2844828617157515, "anchor 2 mse": 0.45419828973834775, "anchor 3 mse": 0.4037918944779083, "anchor 4 mse": 1.0737937211990602}
{"bot_id": "0000000000000b01", "x": 1.8479978829650787, "y": 4.5987465565652546, "z": 0.0, "MSE": 53.5136473073238, "anchor 1 mse": 1.4014666066920265, "anchor 2 mse": 0.5344790168869908, "anchor 3 mse": 0.4282941326233678, "anchor 4 mse": 1.095493874094221}
{"bot_id": "0000000000000b01", "x": 1.8479978829650787, "y": 4.5987465565652546, "z": 0.0, "MSE": 53.5136473073238, "anchor 1 mse": 1.4014666066920265, "anchor 2 mse": 0.5344790168869908, "anchor 3 mse": 0.4282941326233678, "anchor 4 mse": 1.095493874094221}
{"bot_id": "0000000000000b01", "x": 1.877733647538848, "y": 4.596412684975777, "z": 0.0, "MSE": 54.650745880000294, "anchor 1 mse": 1.4758167996056515, "anchor 2 mse": 0.5961897729378657, "anchor 3 mse": 0.4304493009386198, "anchor 4 mse": 1.1152701198399686}
{"bot_id": "0000000000000b01", "x": 1.83355038205324, "y": 4.591328260411522, "z": 0.0, "MSE": 52.96949985596424, "anchor 1 mse": 1.3714621845132469, "anchor 2 mse": 0.5045318816899259, "anchor 3 mse": 0.4153144825743421, "anchor 4 mse": 1.0979211001774405}
{"bot_id": "0000000000000b01", "x": 1.8338802442453264, "y": 4.591233088966646, "z": 0.0, "MSE": 52.95135848710163, "anchor 1 mse": 1.3713826359655106, "anchor 2 mse": 0.5047972262712521, "anchor 3 mse": 0.4156648262141931, "anchor 4 mse": 1.0930509243593294}
{"bot_id": "0000000000000b01", "x": 1.8261550614257227, "y": 4.602194524479219, "z": 0.0, "MSE": 52.9809653187707, "anchor 1 mse": 1.3542764122013435, "anchor 2 mse": 0.5067679824355431, "anchor 3 mse": 0.4340344246413085, "anchor 4 mse": 1.0721826069889941}
{"bot_id": "0000000000000b01", "x": 1.7661750239124396, "y": 4.581805612267154, "z": 0.0, "MSE": 51.985156343287585, "anchor 1 mse": 1.2590424333699672, "anchor 2 mse": 0.443511678536102, "anchor 3 mse": 0.4081945295802829, "anchor 4 mse": 1.0815470166332317}
{"bot_id": "0000000000000b01", "x": 1.7700900572534508, "y": 4.570031405583373, "z": 0.0, "MSE": 51.86949755448996, "anchor 1 mse": 1.2693229495851337, "anchor 2 mse": 0.43699403775604956, "anchor 3 mse": 0.3882393255534127, "anchor 4 mse": 1.1022095366279587}
{"bot_id": "0000000000000b01", "x": 1.8272241129624005, "y": 4.588481922027065, "z": 0.0, "MSE": 52.7907824870021, "anchor 1 mse": 1.3597464522915306, "anchor 2 mse": 0.4986639959837106, "anchor 3 mse": 0.4134399313646859, "anchor 4 mse": 1.0795487237061747}
{"bot_id": "0000000000000b01", "x": 1.6507055911438182, "y": 4.535365502439765, "z": 0.0, "MSE": 49.97772444247488, "anchor 1 mse": 1.0682792275143558, "anchor 2 mse": 0.3156959224093272, "anchor 3 mse": 0.3611990512071926, "anchor 4 mse": 1.1144568868447282}
{"bot_id": "0000000000000b01", "x": 1.648679977125559, "y": 4.535513217868166, "z": 0.0, "MSE": 50.10477012298248, "anchor 1 mse": 1.0694238798436166, "anchor 2 mse": 0.31414470372604586, "anchor 3 mse": 0.3594599258094864, "anchor 4 mse": 1.1448118915796646}
{"bot_id": "0000000000000b01", "x": 1.783871035437926, "y": 4.578528334848132, "z": 0.0, "MSE": 51.99307107578453, "anchor 1 mse": 1.285347872604799, "anchor 2 mse": 0.43825055192583995, "anchor 3 mse": 0.39354682213042913, "anchor 4 mse": 1.1346780043393305}
{"bot_id": "0000000000000b01", "x": 1.7866517530385222, "y": 4.581574565016053, "z": 0.0, "MSE": 52.57255028105539, "anchor 1 mse": 1.3050405395342939, "anchor 2 mse": 0.4673173775640062, "anchor 3 mse": 0.4020991881855292, "anchor 4 mse": 1.1299288055566077}
{"bot_id": "0000000000000b01", "x": 1.7949018522726563, "y": 4.581893752388218, "z": 0.0, "MSE": 52.72267812070016, "anchor 1 mse": 1.320391998549247, "anchor 2 mse": 0.4761012266105165, "anchor 3 mse": 0.40179114100884017, "anchor 4 mse": 1.1337517050612114}
{"bot_id": "0000000000000b01", "x": 1.8846141983898006, "y": 4.608100337580633, "z": 0.0, "MSE": 54.364658587885664, "anchor 1 mse": 1.4675139423712844, "anchor 2 mse": 0.5813296547356106, "anchor 3 mse": 0.4428143587372624, "anchor 4 mse": 1.1105618390092142}
{"bot_id": "0000000000000b01", "x": 1.8379530978438445, "y": 4.604447798958231, "z": 0.0, "MSE": 53.3723355079308, "anchor 1 mse": 1.3801024739754697, "anchor 2 mse": 0.52162856369185, "anchor 3 mse": 0.4341995890140059, "anchor 4 mse": 1.1049791392258133}
{"bot_id": "0000000000000b01", "x": 1.8301613473527247, "y": 4.595147316383623, "z": 0.0, "MSE": 53.41025431824773, "anchor 1 mse": 1.3778123783956406, "anchor 2 mse": 0.525992179673646, "anchor 3 mse": 0.4249281904560585, "anchor 4 mse": 1.0936574020643393}
{"bot_id": "0000000000000b01", "x": 1.8058241069402963, "y": 4.590140639216074, "z": 0.0, "MSE": 53.2677652235264, "anchor 1 mse": 1.345403510154491, "anchor 2 mse": 0.5092933966590317, "anchor 3 mse": 0.4178091158607716, "anchor 4 mse": 1.1121040625113163}
{"bot_id": "0000000000000b01", "x": 1.8580798816210922, "y": 4.599532070582788, "z": 0.0, "MSE": 54.318828175556035, "anchor 1 mse": 1.438414385581495, "anchor 2 mse": 0.572635261397735, "anchor 3 mse": 0.4318849842138954, "anchor 4 mse": 1.1200747748716284}
{"bot_id": "0000000000000b01", "x": 1.7895639243879575, "y": 4.579831355161371, "z": 0.0, "MSE": 52.270688411225805, "anchor 1 mse": 1.300623053090182, "anchor 2 mse": 0.4585097210546441,