{"bot_id": "0000000000000b01", "x": 0.13996942546641028, "y": 3.9197548834609246, "z": 0, "MSE": 0.12096612109474528, "anchor 1 mse": 0.047413689919013485, "anchor 2 mse": 0.06184308374289794, "anchor 3 mse": 0.04894113201953179, "anchor 4 mse": 0.28721682279917243}
{"bot_id": "0000000000000b01", "x": 0.13996942546641028, "y": 3.9197548834609246, "z": 0, "MSE": 0.12096612109474528, "anchor 1 mse": 0.047413689919013485, "anchor 2 mse": 0.06184308374289794, "anchor 3 mse": 0.04894113201953179, "anchor 4 mse": 0.28721682279917243}
{"bot_id": "0000000000000b01", "x": 0.13996942546641028, "y": 3.9197548834609246, "z": 0, "MSE": 0.12096612109474528, "anchor 1 mse": 0.047413689919013485, "anchor 2 mse": 0.06184308374289794, "anchor 3 mse": 0.04894113201953179, "anchor 4 mse": 0.28721682279917243}
{"bot_id": "0000000000000b01", "x": 0.13996942546641028, "y": 3.9197548834609246, "z": 0, "MSE": 0.12096612109474528, "anchor 1 mse": 0.047413689919013485, "anchor 2 mse": 0.06184308374289794, "anchor 3 mse": 0.04894113201953179, "anchor 4 mse": 0.28721682279917243}
{"bot_id": "0000000000000b01", "x": 0.13996942546641028, "y": 3.9197548834609246, "z": 0, "MSE": 0.12096612109474528, "anchor 1 mse": 0.047413689919013485, "anchor 2 mse": 0.06184308374289794, "anchor 3 mse": 0.04894113201953179, "anchor 4 mse": 0.28721682279917243}
{"bot_id": "0000000000000b01", "x": 0.13996942546641028, "y": 3.9197548834609246, "z": 0, "MSE": 0.12096612109474528, "anchor 1 mse": 0.047413689919013485, "anchor 2 mse": 0.06184308374289794, "anchor 3 mse": 0.04894113201953179, "anchor 4 mse": 0.28721682279917243}
{"bot_id": "0000000000000b01", "x": 0.13996942546641028, "y": 3.9197548834609246, "z": 0, "MSE": 0.12096612109474528, "anchor 1 mse": 0.047413689919013485, "anchor 2 mse": 0.06184308374289794, "anchor 3 mse": 0.04894113201953179, "anchor 4 mse": 0.28721682279917243}
{"bot_id": "0000000000000b01", "x": 0.13996942546641028, "y": 3.9197548834609246, "z": 0, "MSE": 0.12096612109474528, "anchor 1 mse": 0.047413689919013485, "anchor 2 mse": 0.06184308374289794, "anchor 3 mse": 0.04894113201953179, "anchor 4 mse": 0.28721682279917243}
{"bot_id": "0000000000000b01", "x": 0.13996942546641028, "y": 3.9197548834609246, "z": 0, "MSE": 0.12096612109474528, "anchor 1 mse": 0.047413689919013485, "anchor 2 mse": 0.06184308374289794, "anchor 3 mse": 0.04894113201953179, "anchor 4 mse": 0.28721682279917243}
{"bot_id": "0000000000000b01", "x": 0.13996942546641028, "y": 3.9197548834609246, "z": 0, "MSE": 0.12096612109474528, "anchor 1 mse": 0.047413689919013485, "anchor 2 mse": 0.06184308374289794, "anchor 3 mse": 0.04894113201953179, "anchor 4 mse": 0.28721682279917243}
{"bot_id": "0000000000000b01", "x": 0.13996942546641028, "y": 3.9197548834609246, "z": 0, "MSE": 0.12096612109474528, "anchor 1 mse": 0.047413689919013485, "anchor 2 mse": 0.06184308374289794, "anchor 3 mse": 0.04894113201953179, "anchor 4 mse": 0.28721682279917243}
{"bot_id": "0000000000000b01", "x": 0.13996942546641028, "y": 3.9197548834609246, "z": 0, "MSE": 0.12096612109474528, "anchor 1 mse": 0.047413689919013485, "anchor 2 mse": 0.06184308374289794, "anchor 3 mse": 0.04894113201953179, "anchor 4 mse": 0.28721682279917243}
{"bot_id": "0000000000000b01", "x": 0.13996942546641028, "y": 3.9197548834609246, "z": 0, "MSE": 0.12096612109474528, "anchor 1 mse": 0.047413689919013485, "anchor 2 mse": 0.06184308374289794, "anchor 3 mse": 0.04894113201953179, "anchor 4 mse": 0.28721682279917243}
{"bot_id": "0000000000000b01", "x": 0.13996942546641028, "y": 3.9197548834609246, "z": 0, "MSE": 0.12096612109474528, "anchor 1 mse": 0.047413689919013485, "anchor 2 mse": 0.06184308374289794, "anchor 3 mse": 0.04894113201953179, "anchor 4 mse": 0.28721682279917243}
{"bot_id": "0000000000000b01", "x": 0.13996942546641028, "y": 3.9197548834609246, "z": 0, "MSE": 0.12096612109474528, "anchor 1 mse": 0.047413689919013485, "anchor 2 mse": 0.06184308374289794, "anchor 3 mse": 0.04894113201953179, "anchor 4 mse": 0.292601084154986}
{"bot_id": "0000000000000b01", "x": 0.14133795421001477, "y": 3.9175894682185244, "z": 0, "MSE": 0.12224294237088253, "anchor 1 mse": 0.04562999283309663, "anchor 2 mse": 0.06310682215456824, "anchor 3 mse": 0.049435186726430276, "anchor 4 mse": 0.2898437748175747}
{"bot_id": "0000000000000b01", "x": 0.14945927075137894, "y": 3.9158817082966584, "z": 0, "MSE": 0.12241480746359612, "anchor 1 mse": 0.046232348604208634, "anchor 2 mse": 0.06554796534133844, "anchor 3 mse": 0.052997997288327124, "anchor 4 mse": 0.28989736324447374}
{"bot_id": "0000000000000b01", "x": 0.15116823853480094, "y": 3.9131791395006945, "z": 0, "MSE": 0.12402264838443104, "anchor 1 mse": 0.04737243375649985, "anchor 2 mse": 0.06717866440488356, "anchor 3 mse": 0.05421858784329997, "anchor 4 mse": 0.28647318681567413}
{"bot_id": "0000000000000b01", "x": 0.14168393539784524, "y": 3.9141043066218386, "z": 0, "MSE": 0.12406200517846618, "anchor 1 mse": 0.048216331057729704, "anchor 2 mse": 0.06479818263610711, "anchor 3 mse": 0.05109173554832773, "anchor 4 mse": 0.2933460631682214}
{"bot_id": "0000000000000b01", "x": 0.1412045359926432, "y": 3.9145875673545634, "z": 0, "MSE": 0.12534529240583758, "anchor 1 mse": 0.04801205810043929, "anchor 2 mse": 0.06447707903636321, "anchor 3 mse": 0.05434222266209745, "anchor 4 mse": 0.2940762490257696}
{"bot_id": "0000000000000b01", "x": 0.14256628009447442, "y": 3.9124342507271823, "z": 0, "MSE": 0.12664447246688548, "anchor 1 mse": 0.04675070127429277, "anchor 2 mse": 0.06575972805780866, "anchor 3 mse": 0.0548583037882738, "anchor 4 mse": 0.2967493934252261}
{"bot_id": "0000000000000b01", "x": 0.14181542542853082, "y": 3.9117497846273723, "z": 0, "MSE": 0.1263598131563349, "anchor 1 mse": 0.04814969699782527, "anchor 2 mse": 0.06593404643208693, "anchor 3 mse": 0.054472487296730265, "anchor 4 mse": 0.2966370941845672}
{"bot_id": "0000000000000b01", "x": 0.14181542542853082, "y": 3.9117497846273723, "z": 0, "MSE": 0.1263598131563349, "anchor 1 mse": 0.04814969699782527, "anchor 2 mse": 0.06593404643208693, "anchor 3 mse": 0.054472487296730265, "anchor 4 mse": 0.2966370941845672}
{"bot_id": "0000000000000b01", "x": 0.1435280914061236, "y": 3.9086429967100345, "z": 0, "MSE": 0.13041022114782302, "anchor 1 mse": 0.04949408681620016, "anchor 2 mse": 0.06775807702739191, "anchor 3 mse": 0.059894013912534884, "anchor 4 mse": 0.3023660000409951}
{"bot_id": "0000000000000b01", "x": 0.1435280914061236, "y": 3.9086429967100345, "z": 0, "MSE": 0.13041022114782302, "anchor 1 mse": 0.04949408681620016, "anchor 2 mse": 0.06775807702739191, "anchor 3 mse": 0.059894013912534884, "anchor 4 mse": 0.3023660000409951}
{"bot_id": "0000000000000b01", "x": 0.13398648131391128, "y": 3.9086964148090213, "z": 0, "MSE": 0.13067644882946677, "anchor 1 mse": 0.050179491490772464, "anchor 2 mse": 0.0658750267826519, "anchor 3 mse": 0.057126986764313124, "anchor 4 mse": 0.31009082579159636}
{"bot_id": "0000000000000b01", "x": 0.13398648131391128, "y": 3.9086964148090213, "z": 0, "MSE": 0.13067644882946677, "anchor 1 mse": 0.050179491490772464, "anchor 2 mse": 0.0658750267826519, "anchor 3 mse": 0.057126986764313124, "anchor 4 mse": 0.31009082579159636}
{"bot_id": "0000000000000b01", "x": 0.13372787116294033, "y": 3.898941843668728, "z": 0, "MSE": 0.13028015415709054, "anchor 1 mse": 0.05464630780103445, "anchor 2 mse": 0.07057844413264687, "anchor 3 mse": 0.05825074951901944, "anchor 4 mse": 0.301607368469003}
{"bot_id": "0000000000000b01", "x": 0.1351169997204396, "y": 3.9076825815436944, "z": 0, "MSE": 0.13248055956463922, "anchor 1 mse": 0.0511809756032045, "anchor 2 mse": 0.06657368814000322, "anchor 3 mse": 0.05942227444973235, "anchor 4 mse": 0.3126150399358466}
{"bot_id": "0000000000000b01", "x": 0.1351169997204396, "y": 3.9076825815436944, "z": 0, "MSE": 0.13248055956463922, "anchor 1 mse": 0.0511809756032045, "anchor 2 mse": 0.06657368814000322, "anchor 3 mse": 0.05942227444973235,