{"bot_id": "0000000000000b01", "x": -0.028391147861471774, "y": 1.7404151642334806, "z": 0, "MSE": 2.5320685962880534, "anchor 1 mse": 3.029851001170745, "anchor 2 mse": 5.903662836966927, "anchor 3 mse": 0.5836467155513919, "anchor 4 mse": 0.581230544175657}
{"bot_id": "0000000000000b01", "x": -0.028391147861471774, "y": 1.7404151642334806, "z": 0, "MSE": 2.5320685962880534, "anchor 1 mse": 3.029851001170745, "anchor 2 mse": 5.903662836966927, "anchor 3 mse": 0.5836467155513919, "anchor 4 mse": 0.581230544175657}
{"bot_id": "0000000000000b01", "x": -0.028391147861471774, "y": 1.7404151642334806, "z": 0, "MSE": 2.5320685962880534, "anchor 1 mse": 3.029851001170745, "anchor 2 mse": 5.903662836966927, "anchor 3 mse": 0.5836467155513919, "anchor 4 mse": 0.581230544175657}
{"bot_id": "0000000000000b01", "x": -0.028391147861471774, "y": 1.7404151642334806, "z": 0, "MSE": 2.5320685962880534, "anchor 1 mse": 3.029851001170745, "anchor 2 mse": 5.903662836966927, "anchor 3 mse": 0.5836467155513919, "anchor 4 mse": 0.581230544175657}
{"bot_id": "0000000000000b01", "x": -0.028391147861471774, "y": 1.7404151642334806, "z": 0, "MSE": 2.5320685962880534, "anchor 1 mse": 3.029851001170745, "anchor 2 mse": 5.903662836966927, "anchor 3 mse": 0.5836467155513919, "anchor 4 mse": 0.581230544175657}
{"bot_id": "0000000000000b01", "x": -0.028391147861471774, "y": 1.7404151642334806, "z": 0, "MSE": 2.5320685962880534, "anchor 1 mse": 3.029851001170745, "anchor 2 mse": 5.903662836966927, "anchor 3 mse": 0.5836467155513919, "anchor 4 mse": 0.581230544175657}
{"bot_id": "0000000000000b01", "x": -0.028391147861471774, "y": 1.7404151642334806, "z": 0, "MSE": 2.5320685962880534, "anchor 1 mse": 3.029851001170745, "anchor 2 mse": 5.903662836966927, "anchor 3 mse": 0.5836467155513919, "anchor 4 mse": 0.581230544175657}
{"bot_id": "0000000000000b01", "x": -0.028391147861471774, "y": 1.7404151642334806, "z": 0, "MSE": 2.5320685962880534, "anchor 1 mse": 3.029851001170745, "anchor 2 mse": 5.903662836966927, "anchor 3 mse": 0.5836467155513919, "anchor 4 mse": 0.581230544175657}
{"bot_id": "0000000000000b01", "x": -0.028391147861471774, "y": 1.7404151642334806, "z": 0, "MSE": 2.5320685962880534, "anchor 1 mse": 3.029851001170745, "anchor 2 mse": 5.903662836966927, "anchor 3 mse": 0.5836467155513919, "anchor 4 mse": 0.581230544175657}
{"bot_id": "0000000000000b01", "x": -0.028391147861471774, "y": 1.7404151642334806, "z": 0, "MSE": 2.5320685962880534, "anchor 1 mse": 3.029851001170745, "anchor 2 mse": 5.903662836966927, "anchor 3 mse": 0.5836467155513919, "anchor 4 mse": 0.581230544175657}
{"bot_id": "0000000000000b01", "x": -0.028391147861471774, "y": 1.7404151642334806, "z": 0, "MSE": 2.5320685962880534, "anchor 1 mse": 3.029851001170745, "anchor 2 mse": 5.903662836966927, "anchor 3 mse": 0.5836467155513919, "anchor 4 mse": 0.581230544175657}
{"bot_id": "0000000000000b01", "x": -0.028391147861471774, "y": 1.7404151642334806, "z": 0, "MSE": 2.5320685962880534, "anchor 1 mse": 3.029851001170745, "anchor 2 mse": 5.903662836966927, "anchor 3 mse": 0.5836467155513919, "anchor 4 mse": 0.581230544175657}
{"bot_id": "0000000000000b01", "x": -0.028391147861471774, "y": 1.7404151642334806, "z": 0, "MSE": 2.5320685962880534, "anchor 1 mse": 3.029851001170745, "anchor 2 mse": 5.903662836966927, "anchor 3 mse": 0.5836467155513919, "anchor 4 mse": 0.581230544175657}
{"bot_id": "0000000000000b01", "x": -0.028391147861471774, "y": 1.7404151642334806, "z": 0, "MSE": 2.5320685962880534, "anchor 1 mse": 3.029851001170745, "anchor 2 mse": 5.903662836966927, "anchor 3 mse": 0.5836467155513919, "anchor 4 mse": 0.581230544175657}
{"bot_id": "0000000000000b01", "x": -0.028391147861471774, "y": 1.7404151642334806, "z": 0, "MSE": 2.5320685962880534, "anchor 1 mse": 3.029851001170745, "anchor 2 mse": 5.903662836966927, "anchor 3 mse": 0.5836467155513919, "anchor 4 mse": 0.581230544175657}
{"bot_id": "0000000000000b01", "x": -0.028391147861471774, "y": 1.7404151642334806, "z": 0, "MSE": 2.5320685962880534, "anchor 1 mse": 3.029851001170745, "anchor 2 mse": 5.903662836966927, "anchor 3 mse": 0.5836467155513919, "anchor 4 mse": 0.581230544175657}
{"bot_id": "0000000000000b01", "x": -0.028391147861471774, "y": 1.7404151642334806, "z": 0, "MSE": 2.5320685962880534, "anchor 1 mse": 3.029851001170745, "anchor 2 mse": 5.903662836966927, "anchor 3 mse": 0.5836467155513919, "anchor 4 mse": 0.581230544175657}
{"bot_id": "0000000000000b01", "x": -0.028391147861471774, "y": 1.7404151642334806, "z": 0, "MSE": 2.5320685962880534, "anchor 1 mse": 3.029851001170745, "anchor 2 mse": 5.903662836966927, "anchor 3 mse": 0.5836467155513919, "anchor 4 mse": 0.581230544175657}
{"bot_id": "0000000000000b01", "x": -0.028391147861471774, "y": 1.7404151642334806, "z": 0, "MSE": 2.5320685962880534, "anchor 1 mse": 3.029851001170745, "anchor 2 mse": 5.903662836966927, "anchor 3 mse": 0.5836467155513919, "anchor 4 mse": 0.581230544175657}
{"bot_id": "0000000000000b01", "x": -0.028391147861471774, "y": 1.7404151642334806, "z": 0, "MSE": 2.5320685962880534, "anchor 1 mse": 3.029851001170745, "anchor 2 mse": 5.903662836966927, "anchor 3 mse": 0.5836467155513919, "anchor 4 mse": 0.581230544175657}
{"bot_id": "0000000000000b01", "x": -0.028391147861471774, "y": 1.7404151642334806, "z": 0, "MSE": 2.5320685962880534, "anchor 1 mse": 3.029851001170745, "anchor 2 mse": 5.903662836966927, "anchor 3 mse": 0.5836467155513919, "anchor 4 mse": 0.581230544175657}
{"bot_id": "0000000000000b01", "x": -0.028391147861471774, "y": 1.7404151642334806, "z": 0, "MSE": 2.5320685962880534, "anchor 1 mse": 3.029851001170745, "anchor 2 mse": 5.903662836966927, "anchor 3 mse": 0.5836467155513919, "anchor 4 mse": 0.581230544175657}
{"bot_id": "0000000000000b01", "x": -0.028391147861471774, "y": 1.7404151642334806, "z": 0, "MSE": 2.5320685962880534, "anchor 1 mse": 3.029851001170745, "anchor 2 mse": 5.903662836966927, "anchor 3 mse": 0.5836467155513919, "anchor 4 mse": 0.581230544175657}
{"bot_id": "0000000000000b01", "x": -0.028391147861471774, "y": 1.7404151642334806, "z": 0, "MSE": 2.5320685962880534, "anchor 1 mse": 3.029851001170745, "anchor 2 mse": 5.903662836966927, "anchor 3 mse": 0.5836467155513919, "anchor 4 mse": 0.581230544175657}
{"bot_id": "0000000000000b01", "x": -0.028391147861471774, "y": 1.7404151642334806, "z": 0, "MSE": 2.5320685962880534, "anchor 1 mse": 3.029851001170745, "anchor 2 mse": 5.903662836966927, "anchor 3 mse": 0.5836467155513919, "anchor 4 mse": 0.581230544175657}
{"bot_id": "0000000000000b01", "x": -0.028391147861471774, "y": 1.7404151642334806, "z": 0, "MSE": 2.5320685962880534, "anchor 1 mse": 3.029851001170745, "anchor 2 mse": 5.903662836966927, "anchor 3 mse": 0.5836467155513919, "anchor 4 mse": 0.581230544175657}
{"bot_id": "0000000000000b01", "x": -0.028391147861471774, "y": 1.7404151642334806, "z": 0, "MSE": 2.5320685962880534, "anchor 1 mse": 3.029851001170745, "anchor 2 mse": 5.903662836966927, "anchor 3 mse": 0.5836467155513919, "anchor 4 mse": 0.581230544175657}
{"bot_id": "0000000000000b01", "x": -0.028391147861471774, "y": 1.7404151642334806, "z": 0, "MSE": 2.5320685962880534, "anchor 1 mse": 3.029851001170745, "anchor 2 mse": 5.903662836966927, "anchor 3 mse": 0.5836467155513919, "anchor 4 mse": 0.581230544175657}
{"bot_id": "0000000000000b01", "x": -0.028391147861471774, "y": 1.7404151642334806, "z": 0, "MSE": 2.5320685962880534, "anchor 1 mse": 3.029851001170745, "anchor 2 mse": 5.903662836966927, "anchor 3 mse": 0.5836467155513919, "anchor 4 mse": 0.581230544175657}
{"bot_id": "0000000000000b01", "x": -0.028391147861471774, "y": 1.7404151642334806, "z": 0, "MSE": 2.5320685962880534, "anchor 1 mse": 3.029851001170745, "anchor 2 mse": 5.903662836966927, "anchor 3 mse": 0.5836467155513919, "anchor 4 mse": 0.581230544175657}
{"bot_id": "0000000000000b01", "x": -0.028391147861471774, "y": 1.7404151642334806, "z": 0, "MSE": 2.5320685962880534, "anchor 1 mse": 3.029851001170745, "anchor 2 mse": 5.903662836966927,