{"bot_id": "0000000000000b02", "x": 0.423848256789092, "y": 0.2852749677602144, "z": 0.0, "MSE": 8.84144142999196, "anchor 1 mse": 0.26102915201374344, "anchor 2 mse": 3.119929280972886, "anchor 3 mse": 0.040428586631224485, "anchor 4 mse": 0.4133326384355595}
{"bot_id": "0000000000000b02", "x": 0.423848256789092, "y": 0.2852749677602144, "z": 0.0, "MSE": 8.84144142999196, "anchor 1 mse": 0.26102915201374344, "anchor 2 mse": 3.119929280972886, "anchor 3 mse": 0.040428586631224485, "anchor 4 mse": 0.4133326384355595}
{"bot_id": "0000000000000b02", "x": 0.046022413987146966, "y": 0.041784277960190706, "z": 0.0, "MSE": 10.094129794769216, "anchor 1 mse": 0.0038639884738588194, "anchor 2 mse": 3.8367268766330955, "anchor 3 mse": 0.028301032911340143, "anchor 4 mse": 2.608937008229908e-05}
{"bot_id": "0000000000000b02", "x": 0.046022413987146966, "y": 0.041784277960190706, "z": 0.0, "MSE": 10.094129794769216, "anchor 1 mse": 0.0038639884738588194, "anchor 2 mse": 3.8367268766330955, "anchor 3 mse": 0.028301032911340143, "anchor 4 mse": 2.608937008229908e-05}
{"bot_id": "0000000000000b01", "x": 0.525934671099135, "y": 1.1993599206144518, "z": 0.0, "MSE": 7.800559067004317, "anchor 1 mse": 0.1932546511318325, "anchor 2 mse": 0.9176318149826521, "anchor 3 mse": 0.8657624727843819, "anchor 4 mse": 1.6632021552421896}
{"bot_id": "0000000000000b01", "x": 0.525934671099135, "y": 1.1993599206144518, "z": 0.0, "MSE": 7.800559067004317, "anchor 1 mse": 0.1932546511318325, "anchor 2 mse": 0.9176318149826521, "anchor 3 mse": 0.8657624727843819, "anchor 4 mse": 1.6632021552421896}
{"bot_id": "0000000000000b01", "x": 0.525934671099135, "y": 1.1993599206144518, "z": 0.0, "MSE": 7.800559067004317, "anchor 1 mse": 0.1932546511318325, "anchor 2 mse": 0.9176318149826521, "anchor 3 mse": 0.8657624727843819, "anchor 4 mse": 1.6632021552421896}
{"bot_id": "0000000000000b01", "x": 0.525934671099135, "y": 1.1993599206144518, "z": 0.0, "MSE": 7.800559067004317, "anchor 1 mse": 0.1932546511318325, "anchor 2 mse": 0.9176318149826521, "anchor 3 mse": 0.8657624727843819, "anchor 4 mse": 1.6632021552421896}
{"bot_id": "0000000000000b01", "x": 0.602602518735808, "y": 1.1413172836322039, "z": 0.0, "MSE": 6.627068423187306, "anchor 1 mse": 0.17693257592831169, "anchor 2 mse": 0.370918621956022, "anchor 3 mse": 0.8952607655039008, "anchor 4 mse": 1.4605299000327163}
{"bot_id": "0000000000000b01", "x": 0.602602518735808, "y": 1.1413172836322039, "z": 0.0, "MSE": 6.627068423187306, "anchor 1 mse": 0.17693257592831169, "anchor 2 mse": 0.370918621956022, "anchor 3 mse": 0.8952607655039008, "anchor 4 mse": 1.4605299000327163}
{"bot_id": "0000000000000b01", "x": 0.602602518735808, "y": 1.1413172836322039, "z": 0.0, "MSE": 6.627068423187306, "anchor 1 mse": 0.17693257592831169, "anchor 2 mse": 0.370918621956022, "anchor 3 mse": 0.8952607655039008, "anchor 4 mse": 1.4605299000327163}
{"bot_id": "0000000000000b01", "x": 0.5002307281771035, "y": 0.9334876926627009, "z": 0.0, "MSE": 4.009506286412365, "anchor 1 mse": 0.03574760573194533, "anchor 2 mse": 0.5446410449408177, "anchor 3 mse": 0.010444407293965008, "anchor 4 mse": 1.1211685974111214}
{"bot_id": "0000000000000b01", "x": 0.5002307281771035, "y": 0.9334876926627009, "z": 0.0, "MSE": 4.009506286412365, "anchor 1 mse": 0.03574760573194533, "anchor 2 mse": 0.5446410449408177, "anchor 3 mse": 0.010444407293965008, "anchor 4 mse": 1.1211685974111214}
{"bot_id": "0000000000000b01", "x": 0.5002307281771035, "y": 0.9334876926627009, "z": 0.0, "MSE": 4.009506286412365, "anchor 1 mse": 0.03574760573194533, "anchor 2 mse": 0.5446410449408177, "anchor 3 mse": 0.010444407293965008, "anchor 4 mse": 1.1211685974111214}
{"bot_id": "0000000000000b01", "x": 0.21605311810044203, "y": 1.0492540966271358, "z": 0.0, "MSE": 2.6027781152943765, "anchor 1 mse": 0.04050842855589716, "anchor 2 mse": 0.2862094837896131, "anchor 3 mse": 0.002278108995129907, "anchor 4 mse": 0.336137422685211}
{"bot_id": "0000000000000b01", "x": 0.21605311810044203, "y": 1.0492540966271358, "z": 0.0, "MSE": 2.6027781152943765, "anchor 1 mse": 0.04050842855589716, "anchor 2 mse": 0.2862094837896131, "anchor 3 mse": 0.002278108995129907, "anchor 4 mse": 0.336137422685211}
{"bot_id": "0000000000000b01", "x": 0.21605311810044203, "y": 1.0492540966271358, "z": 0.0, "MSE": 2.6027781152943765, "anchor 1 mse": 0.04050842855589716, "anchor 2 mse": 0.2862094837896131, "anchor 3 mse": 0.002278108995129907, "anchor 4 mse": 0.336137422685211}
{"bot_id": "0000000000000b01", "x": 0.21605311810044203, "y": 1.0492540966271358, "z": 0.0, "MSE": 2.6027781152943765, "anchor 1 mse": 0.04050842855589716, "anchor 2 mse": 0.2862094837896131, "anchor 3 mse": 0.002278108995129907, "anchor 4 mse": 0.336137422685211}
{"bot_id": "0000000000000b02", "x": 0.06218292555850321, "y": 0.9351879202433327, "z": 0.0, "MSE": 7.477116628387066, "anchor 1 mse": 0.04719886053650543, "anchor 2 mse": 1.137691481426734, "anchor 3 mse": 0.34937903898025957, "anchor 4 mse": 0.13279890280304077}
{"bot_id": "0000000000000b02", "x": 0.06218292555850321, "y": 0.9351879202433327, "z": 0.0, "MSE": 7.477116628387066, "anchor 1 mse": 0.04719886053650543, "anchor 2 mse": 1.137691481426734, "anchor 3 mse": 0.34937903898025957, "anchor 4 mse": 0.13279890280304077}
{"bot_id": "0000000000000b02", "x": 0.06218292555850321, "y": 0.9351879202433327, "z": 0.0, "MSE": 7.477116628387066, "anchor 1 mse": 0.04719886053650543, "anchor 2 mse": 1.137691481426734, "anchor 3 mse": 0.34937903898025957, "anchor 4 mse": 0.13279890280304077}
{"bot_id": "0000000000000b02", "x": 0.06218292555850321, "y": 0.9351879202433327, "z": 0.0, "MSE": 7.477116628387066, "anchor 1 mse": 0.04719886053650543, "anchor 2 mse": 1.137691481426734, "anchor 3 mse": 0.34937903898025957, "anchor 4 mse": 0.13279890280304077}
{"bot_id": "0000000000000b02", "x": 0.9528525044662716, "y": 0.4903865409001722, "z": 0.0, "MSE": 13.12691088359124, "anchor 1 mse": 0.12364890625744739, "anchor 2 mse": 0.34201670633494435, "anchor 3 mse": 0.24965059896647274, "anchor 4 mse": 0.21841808739572147}
{"bot_id": "0000000000000b02", "x": 0.9528525044662716, "y": 0.4903865409001722, "z": 0.0, "MSE": 13.12691088359124, "anchor 1 mse": 0.12364890625744739, "anchor 2 mse": 0.34201670633494435, "anchor 3 mse": 0.24965059896647274, "anchor 4 mse": 0.21841808739572147}
{"bot_id": "0000000000000b02", "x": 0.9528525044662716, "y": 0.4903865409001722, "z": 0.0, "MSE": 13.12691088359124, "anchor 1 mse": 0.12364890625744739, "anchor 2 mse": 0.34201670633494435, "anchor 3 mse": 0.24965059896647274, "anchor 4 mse": 0.21841808739572147}
{"bot_id": "0000000000000b02", "x": 0.9528525044662716, "y": 0.4903865409001722, "z": 0.0, "MSE": 13.12691088359124, "anchor 1 mse": 0.12364890625744739, "anchor 2 mse": 0.34201670633494435, "anchor 3 mse": 0.24965059896647274, "anchor 4 mse": 0.21841808739572147}
{"bot_id": "0000000000000b02", "x": 0.9528525044662716, "y": 0.4903865409001722, "z": 0.0, "MSE": 13.12691088359124, "anchor 1 mse": 0.12364890625744739, "anchor 2 mse": 0.34201670633494435, "anchor 3 mse": 0.24965059896647274, "anchor 4 mse": 0.21841808739572147}
{"bot_id": "0000000000000b02", "x": 0.9528525044662716, "y": 0.4903865409001722, "z": 0.0, "MSE": 13.12691088359124, "anchor 1 mse": 0.12364890625744739, "anchor 2 mse": 0.34201670633494435, "anchor 3 mse": 0.24965059896647274, "anchor 4 mse": 0.21841808739572147}
{"bot_id": "0000000000000b02", "x": 0.9528525044662716, "y": 0.4903865409001722, "z": 0.0, "MSE": 13.12691088359124, "anchor 1 mse": 0.12364890625744739, "anchor 2 mse": 0.34201670633494435, "anchor 3 mse": 0.24965059896647274, "anchor 4 mse": 0.21841808739572147}
{"bot_id": "0000000000000b02", "x": 0.9528525044662716, "y": 0.4903865409001722, "z": 0.0, "MSE": 13.12691088359124, "anchor 1 mse": 0.12364890625744739, "anchor 2 mse": 0.34201670633494435, "anchor 3 mse": 0.24965059896647274, "anchor 4 mse": 0.21841808739572147}
{"bot_id": "0000000000000b02", "x": 0.9528525044662716, "y": 0.4903865409001722,