{"bot_id": "0000000000000b01", "x": 0.6441463131061859, "y": -0.7577786144010273, "z": 0.0, "MSE": 0.00906993797254153, "anchor 1 mse": 0.0006032752800030309, "anchor 2 mse": 4.910723047303297e-05, "anchor 3 mse": 0.0005932701143335756, "anchor 4 mse": 0.03503409926535648}
{"bot_id": "0000000000000b01", "x": 0.16895524563708894, "y": -0.8009904185347719, "z": 0.0, "MSE": 0.028349252045581846, "anchor 1 mse": 0.022917231931034447, "anchor 2 mse": 0.006574204299858775, "anchor 3 mse": 1.1058011778645933e-05, "anchor 4 mse": 0.030352189679514852}
{"bot_id": "0000000000000b01", "x": 0.2169251084415966, "y": -0.7653623127072627, "z": 0.0, "MSE": 0.009769103615432817, "anchor 1 mse": 0.02087739419504876, "anchor 2 mse": 0.0023870516586210477, "anchor 3 mse": 0.0025910898889629237, "anchor 4 mse": 0.013220878719098534}
{"bot_id": "0000000000000b01", "x": 0.2169251084415966, "y": -0.7653623127072627, "z": 0.0, "MSE": 0.009769103615432817, "anchor 1 mse": 0.02087739419504876, "anchor 2 mse": 0.0023870516586210477, "anchor 3 mse": 0.0025910898889629237, "anchor 4 mse": 0.013220878719098534}
{"bot_id": "0000000000000b01", "x": 0.3571977726719596, "y": -0.7289044824852396, "z": 0.0, "MSE": 0.004429760057676193, "anchor 1 mse": 0.016455341983134995, "anchor 2 mse": 0.00073890223270478, "anchor 3 mse": 0.00045840726903273384, "anchor 4 mse": 6.638874583226418e-05}
{"bot_id": "0000000000000b01", "x": 0.3571977726719596, "y": -0.7289044824852396, "z": 0.0, "MSE": 0.004429760057676193, "anchor 1 mse": 0.016455341983134995, "anchor 2 mse": 0.00073890223270478, "anchor 3 mse": 0.00045840726903273384, "anchor 4 mse": 0.02305905148854774}
{"bot_id": "0000000000000b01", "x": 0.42335294564476417, "y": -0.7276054670398168, "z": 0.0, "MSE": 0.006003404115535976, "anchor 1 mse": 0.0010116250597642523, "anchor 2 mse": 0.0012435746176651082, "anchor 3 mse": 0.0013768491949246668, "anchor 4 mse": 0.011751141583658212}
{"bot_id": "0000000000000b01", "x": 0.48587788319353753, "y": -0.7005772679917235, "z": 0.0, "MSE": 0.0010830880816820921, "anchor 1 mse": 0.001812715277986637, "anchor 2 mse": 1.1281730322743087e-06, "anchor 3 mse": 0.00011925321255255801, "anchor 4 mse": 0.0023992556631568995}
{"bot_id": "0000000000000b01", "x": 0.48587788319353753, "y": -0.7005772679917235, "z": 0.0, "MSE": 0.0010830880816820921, "anchor 1 mse": 0.001812715277986637, "anchor 2 mse": 1.1281730322743087e-06, "anchor 3 mse": 0.00011925321255255801, "anchor 4 mse": 0.0008399677667386516}
{"bot_id": "0000000000000b01", "x": 0.478936554256446, "y": -0.7010678088200957, "z": 0.0, "MSE": 0.0006833450741788932, "anchor 1 mse": 0.0002545830055884712, "anchor 2 mse": 3.2391530427764895e-06, "anchor 3 mse": 8.339452311518367e-05, "anchor 4 mse": 0.0011222859376636362}
{"bot_id": "0000000000000b01", "x": 0.5026336615190256, "y": -0.7033375738384438, "z": 0.0, "MSE": 0.00015216338519436151, "anchor 1 mse": 2.7120057146919733e-07, "anchor 2 mse": 2.1791116290029437e-05, "anchor 3 mse": 0.00012746143563503682, "anchor 4 mse": 0.00045912978828091067}
{"bot_id": "0000000000000b01", "x": 0.9460400087549469, "y": -0.6959972232136085, "z": 0.0, "MSE": 0.03398126489575215, "anchor 1 mse": 0.09577801861729784, "anchor 2 mse": 0.01162835369070901, "anchor 3 mse": 0.00837905345898813, "anchor 4 mse": 0.020139633816013608}
{"bot_id": "0000000000000b01", "x": 0.9589086999831588, "y": -0.6898282524911773, "z": 0.0, "MSE": 0.02980712957814164, "anchor 1 mse": 0.10001870765655439, "anchor 2 mse": 0.011959528672611186, "anchor 3 mse": 0.007249177339403833, "anchor 4 mse": 1.1046439971459027e-06}
{"bot_id": "0000000000000b01", "x": 1.013901391203761, "y": -0.6827513933506374, "z": 0.0, "MSE": 0.019800345254987004, "anchor 1 mse": 0.06368175575626314, "anchor 2 mse": 0.009418233249954604, "anchor 3 mse": 0.006050881152991042, "anchor 4 mse": 5.051086073921848e-05}
{"bot_id": "0000000000000b01", "x": 1.013901391203761, "y": -0.6827513933506374, "z": 0.0, "MSE": 0.019800345254987004, "anchor 1 mse": 0.06368175575626314, "anchor 2 mse": 0.03723063545714835, "anchor 3 mse": 0.006050881152991042, "anchor 4 mse": 5.051086073921848e-05}
{"bot_id": "0000000000000b01", "x": 0.7721179373133304, "y": -0.5447242199381128, "z": 0.0, "MSE": 0.011890554368814006, "anchor 1 mse": 0.0008957377519532281, "anchor 2 mse": 0.00024701587045709167, "anchor 3 mse": 0.00039630276284409417, "anchor 4 mse": 0.04602316109000161}
{"bot_id": "0000000000000b01", "x": 0.7721179373133304, "y": -0.5447242199381128, "z": 0.0, "MSE": 0.011890554368814006, "anchor 1 mse": 0.0008957377519532281, "anchor 2 mse": 0.0009435180267738892, "anchor 3 mse": 0.00039630276284409417, "anchor 4 mse": 0.04602316109000161}
{"bot_id": "0000000000000b01", "x": 0.7939723078165493, "y": -0.5488279521451185, "z": 0.0, "MSE": 0.009765247090014684, "anchor 1 mse": 0.0025196814885640214, "anchor 2 mse": 0.000415000857003744, "anchor 3 mse": 0.033175432610365055, "anchor 4 mse": 0.03563607134752646}
{"bot_id": "0000000000000b01", "x": 0.9835705707329461, "y": -0.43809676464476116, "z": 0.0, "MSE": 0.03678975539006134, "anchor 1 mse": 0.014817328027546543, "anchor 2 mse": 0.003719007125751146, "anchor 3 mse": 0.0039881902516048975, "anchor 4 mse": 0.11329638035318175}
{"bot_id": "0000000000000b01", "x": 1.0099880383822248, "y": -0.4333123138897896, "z": 0.0, "MSE": 0.03597122507555352, "anchor 1 mse": 0.02074050745786608, "anchor 2 mse": 0.0019886097676506545, "anchor 3 mse": 0.003402717048902066, "anchor 4 mse": 0.11667183223764885}
{"bot_id": "0000000000000b01", "x": 0.6624624799914018, "y": -0.5195292057301256, "z": 0.0, "MSE": 0.025080070092348337, "anchor 1 mse": 0.012795435895628569, "anchor 2 mse": 0.00022997302623003295, "anchor 3 mse": 4.154889221278286e-06, "anchor 4 mse": 0.08729071655831347}
{"bot_id": "0000000000000b01", "x": 0.6583042081125776, "y": -0.5196562116125804, "z": 0.0, "MSE": 0.024622083602452213, "anchor 1 mse": 0.01238910751369974, "anchor 2 mse": 0.010153897868297878, "anchor 3 mse": 7.3967318768704245e-06, "anchor 4 mse": 0.0858892391033823}
{"bot_id": "0000000000000b01", "x": 0.8048125075406098, "y": -0.5621548717932696, "z": 0.0, "MSE": 0.02615198077500695, "anchor 1 mse": 0.0010050960965429794, "anchor 2 mse": 0.00037698583997534474, "anchor 3 mse": 0.07000199648145541, "anchor 4 mse": 0.10235092959723956}
{"bot_id": "0000000000000b01", "x": 1.0865841058296888, "y": -0.3907383888703219, "z": 0.0, "MSE": 0.0801891109167981, "anchor 1 mse": 0.041903759519488736, "anchor 2 mse": 0.006228399558058694, "anchor 3 mse": 0.007622295804772579, "anchor 4 mse": 0.2650019887848724}
{"bot_id": "0000000000000b01", "x": 1.186632073396027, "y": -0.3654422225169345, "z": 0.0, "MSE": 0.08094880548989328, "anchor 1 mse": 0.02453278517534426, "anchor 2 mse": 0.0034344111696462992, "anchor 3 mse": 0.1038171039737613, "anchor 4 mse": 0.2912320828223588}
{"bot_id": "0000000000000b01", "x": 0.7181347806307008, "y": -0.7090656190425937, "z": 0.0, "MSE": 0.0070399493383621805, "anchor 1 mse": 0.008874291090365801, "anchor 2 mse": 0.0010475954485898678, "anchor 3 mse": 0.12509626731344478, "anchor 4 mse": 0.017414823006520676}
{"bot_id": "0000000000000b01", "x": 1.0600750626134057, "y": -0.4682230546332968, "z": 0.0, "MSE": 0.06423380333494624, "anchor 1 mse": 0.059475163278998024, "anchor 2 mse": 0.00879097780231637, "anchor 3 mse": 0.00979190239059093, "anchor 4 mse": 0.17887716986787963}
{"bot_id": "0000000000000b01", "x": 1.0600750626134057, "y": -0.4682230546332968, "z": 0.0, "MSE": 0.06423380333494624, "anchor 1 mse": 0.059475163278998024, "anchor 2 mse": 0.00879097780231637, "anchor 3 mse": 0.00979190239059093, "anchor 4 mse": 0.17887716986787963}
{"bot_id": "0000000000000b01", "x": 1.07991365792605, "y": -0.4624800413981091, "z": 0.0, "MSE": 0.049098713857595, "anchor 1 mse": 0.05279752792503415, "anchor 2 mse": 0.008304690932492986, "anchor 3 mse": 0.008794013113611499, "anchor 4 mse": 0.12649862345924134}
{"bot_id": "0000000000000b01", "x": 1.1427101737553622,