{"bot_id": "0000000000000b01", "x": 0.11460237826377956, "y": 3.9222357306103723, "z": 0, "MSE": 0.13291240632718762, "anchor 1 mse": 0.03462962356953898, "anchor 2 mse": 0.09438536091896234, "anchor 3 mse": 0.05583680928326413, "anchor 4 mse": 0.30585820685886}
{"bot_id": "0000000000000b01", "x": 0.11460237826377956, "y": 3.9222357306103723, "z": 0, "MSE": 0.13291240632718762, "anchor 1 mse": 0.03462962356953898, "anchor 2 mse": 0.09438536091896234, "anchor 3 mse": 0.05583680928326413, "anchor 4 mse": 0.30585820685886}
{"bot_id": "0000000000000b01", "x": 0.11460237826377956, "y": 3.9222357306103723, "z": 0, "MSE": 0.13291240632718762, "anchor 1 mse": 0.03462962356953898, "anchor 2 mse": 0.09438536091896234, "anchor 3 mse": 0.05583680928326413, "anchor 4 mse": 0.30585820685886}
{"bot_id": "0000000000000b01", "x": 0.11460237826377956, "y": 3.9222357306103723, "z": 0, "MSE": 0.13291240632718762, "anchor 1 mse": 0.03462962356953898, "anchor 2 mse": 0.09438536091896234, "anchor 3 mse": 0.05583680928326413, "anchor 4 mse": 0.30585820685886}
{"bot_id": "0000000000000b01", "x": 0.11460237826377956, "y": 3.9222357306103723, "z": 0, "MSE": 0.13291240632718762, "anchor 1 mse": 0.03462962356953898, "anchor 2 mse": 0.09438536091896234, "anchor 3 mse": 0.05583680928326413, "anchor 4 mse": 0.30585820685886}
{"bot_id": "0000000000000b01", "x": 0.11460237826377956, "y": 3.9222357306103723, "z": 0, "MSE": 0.13291240632718762, "anchor 1 mse": 0.03462962356953898, "anchor 2 mse": 0.09438536091896234, "anchor 3 mse": 0.05583680928326413, "anchor 4 mse": 0.30585820685886}
{"bot_id": "0000000000000b01", "x": 0.11460237826377956, "y": 3.9222357306103723, "z": 0, "MSE": 0.13291240632718762, "anchor 1 mse": 0.03462962356953898, "anchor 2 mse": 0.09438536091896234, "anchor 3 mse": 0.05583680928326413, "anchor 4 mse": 0.30585820685886}
{"bot_id": "0000000000000b01", "x": 0.11460237826377956, "y": 3.9222357306103723, "z": 0, "MSE": 0.13291240632718762, "anchor 1 mse": 0.03462962356953898, "anchor 2 mse": 0.09438536091896234, "anchor 3 mse": 0.05583680928326413, "anchor 4 mse": 0.30585820685886}
{"bot_id": "0000000000000b01", "x": 0.11460237826377956, "y": 3.9222357306103723, "z": 0, "MSE": 0.13291240632718762, "anchor 1 mse": 0.03462962356953898, "anchor 2 mse": 0.09438536091896234, "anchor 3 mse": 0.05583680928326413, "anchor 4 mse": 0.30585820685886}
{"bot_id": "0000000000000b01", "x": 0.11460237826377956, "y": 3.9222357306103723, "z": 0, "MSE": 0.13291240632718762, "anchor 1 mse": 0.03462962356953898, "anchor 2 mse": 0.09438536091896234, "anchor 3 mse": 0.05583680928326413, "anchor 4 mse": 0.30585820685886}
{"bot_id": "0000000000000b01", "x": 0.11460237826377956, "y": 3.9222357306103723, "z": 0, "MSE": 0.13291240632718762, "anchor 1 mse": 0.03462962356953898, "anchor 2 mse": 0.09438536091896234, "anchor 3 mse": 0.05583680928326413, "anchor 4 mse": 0.30585820685886}
{"bot_id": "0000000000000b01", "x": 0.11460237826377956, "y": 3.9222357306103723, "z": 0, "MSE": 0.13291240632718762, "anchor 1 mse": 0.03462962356953898, "anchor 2 mse": 0.09438536091896234, "anchor 3 mse": 0.05583680928326413, "anchor 4 mse": 0.30585820685886}
{"bot_id": "0000000000000b01", "x": 0.11460237826377956, "y": 3.9222357306103723, "z": 0, "MSE": 0.13291240632718762, "anchor 1 mse": 0.03462962356953898, "anchor 2 mse": 0.09438536091896234, "anchor 3 mse": 0.05583680928326413, "anchor 4 mse": 0.30585820685886}
{"bot_id": "0000000000000b01", "x": 0.11460237826377956, "y": 3.9222357306103723, "z": 0, "MSE": 0.13291240632718762, "anchor 1 mse": 0.03462962356953898, "anchor 2 mse": 0.09438536091896234, "anchor 3 mse": 0.05583680928326413, "anchor 4 mse": 0.30585820685886}
{"bot_id": "0000000000000b01", "x": 0.11460237826377956, "y": 3.9222357306103723, "z": 0, "MSE": 0.13291240632718762, "anchor 1 mse": 0.03462962356953898, "anchor 2 mse": 0.09438536091896234, "anchor 3 mse": 0.05583680928326413, "anchor 4 mse": 0.30585820685886}
