{"bot_id": "0000000000000b01", "x": 0.7752745750808864, "y": -0.5118740174969691, "z": 0.0, "MSE": 0.041936880828407574, "anchor 1 mse": 0.04796681732061881, "anchor 2 mse": 0.005070190094732993, "anchor 3 mse": 0.005170550491540127, "anchor 4 mse": 0.10953996540673838}
{"bot_id": "0000000000000b01", "x": 0.7519111259456104, "y": -0.5177004727846893, "z": 0.0, "MSE": 0.05749334589973687, "anchor 1 mse": 0.04116790121592292, "anchor 2 mse": 0.005244398549574179, "anchor 3 mse": 0.006383054673601908, "anchor 4 mse": 0.17717802915984845}
