{"bot_id": "0000000000000b01", "x": 3.5825072742273534, "y": 1.6045505885891023, "z": 0.0, "MSE": 2.3926181462049017, "anchor 1 mse": 0.6965197825804541, "anchor 2 mse": 1.341284400151775, "anchor 3 mse": 2.97948144166606, "anchor 4 mse": 3.2844010984676393, "anchor 5 mse": 3.6614040081585806}
{"bot_id": "0000000000000b01", "x": 1.7962651777844205, "y": 4.209833863052581, "z": 0.0, "MSE": 4.438694176566463, "anchor 1 mse": 0.033475377659719294, "anchor 2 mse": 0.07784831190399298, "anchor 3 mse": 1.9412162035333396, "anchor 4 mse": 1.8650883494550117, "anchor 5 mse": 18.275842640280253}
{"bot_id": "0000000000000b01", "x": 1.7962651777844205, "y": 4.209833863052581, "z": 0.0, "MSE": 4.438694176566463, "anchor 1 mse": 0.033475377659719294, "anchor 2 mse": 0.07784831190399298, "anchor 3 mse": 1.9412162035333396, "anchor 4 mse": 1.8650883494550117, "anchor 5 mse": 18.275842640280253}
{"bot_id": "0000000000000b01", "x": 1.7962651777844205, "y": 4.209833863052581, "z": 0.0, "MSE": 4.438694176566463, "anchor 1 mse": 0.033475377659719294, "anchor 2 mse": 0.07784831190399298, "anchor 3 mse": 1.9412162035333396, "anchor 4 mse": 1.8650883494550117, "anchor 5 mse": 18.275842640280253}
{"bot_id": "0000000000000b01", "x": 1.7962651777844205, "y": 4.209833863052581, "z": 0.0, "MSE": 4.438694176566463, "anchor 1 mse": 0.033475377659719294, "anchor 2 mse": 0.07784831190399298, "anchor 3 mse": 1.9412162035333396, "anchor 4 mse": 1.8650883494550117, "anchor 5 mse": 18.275842640280253}
{"bot_id": "0000000000000b01", "x": 1.7962651777844205, "y": 4.209833863052581, "z": 0.0, "MSE": 4.438694176566463, "anchor 1 mse": 0.033475377659719294, "anchor 2 mse": 0.07784831190399298, "anchor 3 mse": 1.9412162035333396, "anchor 4 mse": 1.8650883494550117, "anchor 5 mse": 18.275842640280253}
{"bot_id": "0000000000000b01", "x": 1.812820020141932, "y": 4.214123740164755, "z": 0.0, "MSE": 4.4421866574321935, "anchor 1 mse": 0.0345340653354613, "anchor 2 mse": 0.06256998077064133, "anchor 3 mse": 1.9558976003502064, "anchor 4 mse": 1.8634538444700612, "anchor 5 mse": 18.287629620526562}
{"bot_id": "0000000000000b01", "x": 1.7965118650151868, "y": 4.2149306885902265, "z": 0.0, "MSE": 4.448482787302254, "anchor 1 mse": 0.03667647580552639, "anchor 2 mse": 0.06877928478401008, "anchor 3 mse": 1.9668676444953883, "anchor 4 mse": 1.897311750480826, "anchor 5 mse": 18.31841531648288}
{"bot_id": "0000000000000b01", "x": 1.7803497408646578, "y": 4.222725730658247, "z": 0.0, "MSE": 4.461693000390644, "anchor 1 mse": 0.03634445787962149, "anchor 2 mse": 0.07276297244662937, "anchor 3 mse": 1.9241846157087057, "anchor 4 mse": 1.8666918433506403, "anchor 5 mse": 18.408481112567625}
{"bot_id": "0000000000000b01", "x": 1.7803497408646578, "y": 4.222725730658247, "z": 0.0, "MSE": 4.461693000390644, "anchor 1 mse": 0.03634445787962149, "anchor 2 mse": 0.07276297244662937, "anchor 3 mse": 1.9241846157087057, "anchor 4 mse": 1.8666918433506403, "anchor 5 mse": 18.408481112567625}
{"bot_id": "0000000000000b01", "x": 1.7803497408646578, "y": 4.222725730658247, "z": 0.0, "MSE": 4.461693000390644, "anchor 1 mse": 0.03634445787962149, "anchor 2 mse": 0.07276297244662937, "anchor 3 mse": 1.9241846157087057, "anchor 4 mse": 1.8666918433506403, "anchor 5 mse": 18.408481112567625}
{"bot_id": "0000000000000b01", "x": 1.7803497408646578, "y": 4.222725730658247, "z": 0.0, "MSE": 4.461693000390644, "anchor 1 mse": 0.03634445787962149, "anchor 2 mse": 0.07276297244662937, "anchor 3 mse": 1.9241846157087057, "anchor 4 mse": 1.8666918433506403, "anchor 5 mse": 18.408481112567625}
{"bot_id": "0000000000000b01", "x": 1.7803497408646578, "y": 4.222725730658247, "z": 0.0, "MSE": 4.461693000390644, "anchor 1 mse": 0.03634445787962149, "anchor 2 mse": 0.07276297244662937, "anchor 3 mse": 1.9241846157087057, "anchor 4 mse": 1.8666918433506403, "anchor 5 mse": 18.408481112567625}
{"bot_id": "0000000000000b01", "x": 1.7704547713707437, "y": 4.222073696739586, "z": 0.0, "MSE": 4.45984895718724, "anchor 1 mse": 0.03805566039609476, "anchor 2 mse": 0.06992117061866973, "anchor 3 mse": 1.9107522557164187, "anchor 4 mse": 1.8624095395986877, "anchor 5 mse": 18.418106159606328}
{"bot_id": "0000000000000b01", "x": 1.7704547713707437, "y": 4.222073696739586, "z": 0.0, "MSE": 4.45984895718724, "anchor 1 mse": 0.03805566039609476, "anchor 2 mse": 0.06992117061866973, "anchor 3 mse": 1.9107522557164187, "anchor 4 mse": 1.8624095395986877, "anchor 5 mse": 18.418106159606328}
{"bot_id": "0000000000000b01", "x": 1.7704547713707437, "y": 4.222073696739586, "z": 0.0, "MSE": 4.45984895718724, "anchor 1 mse": 0.03805566039609476, "anchor 2 mse": 0.06992117061866973, "anchor 3 mse": 1.9107522557164187, "anchor 4 mse": 1.8624095395986877, "anchor 5 mse": 18.418106159606328}
{"bot_id": "0000000000000b01", "x": 1.775557361304149, "y": 4.225828812019891, "z": 0.0, "MSE": 4.464307451931308, "anchor 1 mse": 0.03853679913248976, "anchor 2 mse": 0.06661719143744171, "anchor 3 mse": 1.909756197184096, "anchor 4 mse": 1.864625375548793, "anchor 5 mse": 18.44200169635372}
{"bot_id": "0000000000000b01", "x": 1.7706511053142269, "y": 4.225500605553265, "z": 0.0, "MSE": 4.463405723240033, "anchor 1 mse": 0.03940578316680149, "anchor 2 mse": 0.06523316230177893, "anchor 3 mse": 1.9031255257290411, "anchor 4 mse": 1.8625110557173192, "anchor 5 mse": 18.446753089285224}
{"bot_id": "0000000000000b01", "x": 1.7706511053142269, "y": 4.225500605553265, "z": 0.0, "MSE": 4.463405723240033, "anchor 1 mse": 0.03940578316680149, "anchor 2 mse": 0.06523316230177893, "anchor 3 mse": 1.9031255257290411, "anchor 4 mse": 1.8625110557173192, "anchor 5 mse": 18.446753089285224}
{"bot_id": "0000000000000b01", "x": 1.775455955897745, "y": 4.224504905555724, "z": 0.0, "MSE": 4.45737870805859, "anchor 1 mse": 0.03903300624469948, "anchor 2 mse": 0.06368738861476685, "anchor 3 mse": 1.8851135535959795, "anchor 4 mse": 1.8680902994008948, "anchor 5 mse": 18.430969292436608}
{"bot_id": "0000000000000b01", "x": 1.775455955897745, "y": 4.224504905555724, "z": 0.0, "MSE": 4.45737870805859, "anchor 1 mse": 0.03903300624469948, "anchor 2 mse": 0.06368738861476685, "anchor 3 mse": 1.8851135535959795, "anchor 4 mse": 1.8680902994008948, "anchor 5 mse": 18.430969292436608}
{"bot_id": "0000000000000b01", "x": 1.5524457024308755, "y": 4.324655590555789, "z": 0.0, "MSE": 4.654999710943215, "anchor 1 mse": 0.034277012348315726, "anchor 2 mse": 0.12130184766174479, "anchor 3 mse": 1.3527461082559264, "anchor 4 mse": 2.0887641188773984, "anchor 5 mse": 19.67790946757269}
{"bot_id": "0000000000000b01", "x": 1.5524457024308755, "y": 4.324655590555789, "z": 0.0, "MSE": 4.654999710943215, "anchor 1 mse": 0.034277012348315726, "anchor 2 mse": 0.12130184766174479, "anchor 3 mse": 1.3527461082559264, "anchor 4 mse": 2.0887641188773984, "anchor 5 mse": 19.67790946757269}
{"bot_id": "0000000000000b01", "x": 1.5593470510092708, "y": 4.32557274318783, "z": 0.0, "MSE": 4.6563916966555805, "anchor 1 mse": 0.033102677265217546, "anchor 2 mse": 0.12446447706956415, "anchor 3 mse": 1.3762533943893696, "anchor 4 mse": 2.0914755707006685, "anchor 5 mse": 19.6722597629737}
{"bot_id": "0000000000000b01", "x": 1.5557902200737286, "y": 4.326047311978536, "z": 0.0, "MSE": 4.660108348094191, "anchor 1 mse": 0.03337923975369348, "anchor 2 mse": 0.12598880948277202, "anchor 3 mse": 1.3703785701475053, "anchor 4 mse": 2.087440884707746, "anchor 5 mse": 19.683354236379238}
{"bot_id": "0000000000000b01", "x": 1.5557902200737286, "y": 4.326047311978536, "z": 0.0, "MSE": 4.660108348094191, "anchor 1 mse": 0.03337923975369348, "anchor 2 mse": 0.12598880948277202, "anchor 3 mse": 1.3703785701475053, "anchor 4 mse": 2.087440884707746, "anchor 5 mse": 19.683354236379238}
{"bot_id": "0000000000000b01", "x": 1.5557902200737286, "y": 4.326047311978536, "z": 0.0, "MSE": 4.660108348094191, "anchor 1 mse": 0.03337923975369348, "anchor 2 mse": 0.12598880948277202, "anchor 3 mse": 1.3703785701475053, "anchor 4 mse": 2.087440884707746,