{"bot_id": "0000000000000b01", "x": 0.0, "y": 1.0, "z": 0, "MSE": 1.5, "anchor 1 mse": 1.0, "anchor 2 mse": 1.0, "anchor 3 mse": 2.0000000000000004, "anchor 4 mse": 2.0000000000000004}
{"bot_id": "0000000000000b01", "x": 0.4974180952193751, "y": 1.0070875716038359, "z": 0, "MSE": 1.250056899903536, "anchor 1 mse": 1.261650138330583, "anchor 2 mse": 1.2332998519152392, "anchor 3 mse": 1.238463661476489, "anchor 4 mse": 1.2668139478918325}
{"bot_id": "0000000000000b01", "x": 0.4974180952193751, "y": 1.0070875716038359, "z": 0, "MSE": 1.250056899903536, "anchor 1 mse": 1.261650138330583, "anchor 2 mse": 1.2332998519152392, "anchor 3 mse": 1.238463661476489, "anchor 4 mse": 1.2668139478918325}
{"bot_id": "0000000000000b01", "x": 0.4939437564154194, "y": 0.9870166785753708, "z": 0.0, "MSE": 1.250205244721571, "anchor 1 mse": 1.218182358287732, "anchor 2 mse": 1.2701156439862489, "anchor 3 mse": 1.2822281311554102, "anchor 4 mse": 1.230294845456893}
{"bot_id": "0000000000000b01", "x": 0.48049078484619934, "y": 0.9364104017439154, "z": 0.0, "MSE": 1.2544242464822877, "anchor 1 mse": 1.1077358348163178, "anchor 2 mse": 1.362094227840656, "anchor 3 mse": 1.4011126581482576, "anchor 4 mse": 1.1467542651239193}
{"bot_id": "0000000000000b01", "x": 0.495047865129059, "y": 0.9106368713731018, "z": 0.0, "MSE": 1.2580102923977674, "anchor 1 mse": 1.0743319002730303, "anchor 2 mse": 1.4317844147806227, "anchor 3 mse": 1.4416886845225045, "anchor 4 mse": 1.0842361700149121}
{"bot_id": "0000000000000b01", "x": 0.5268599995601246, "y": 0.9401929060215735, "z": 0.0, "MSE": 1.2542983480665142, "anchor 1 mse": 1.1615441596697857, "anchor 2 mse": 1.4007725355834921, "anchor 3 mse": 1.3470525364632424, "anchor 4 mse": 1.1078241605495363}
{"bot_id": "0000000000000b01", "x": 0.5497994809727085, "y": 0.9746419271665427, "z": 0.0, "MSE": 1.253123020162978, "anchor 1 mse": 1.2522063554687717, "anchor 2 mse": 1.3536386468026012, "anchor 3 mse": 1.254039684857184, "anchor 4 mse": 1.1526073935233547}
{"bot_id": "0000000000000b01", "x": 0.463175310550657, "y": 1.0615466863936065, "z": 0.0, "MSE": 1.2551440523590733, "anchor 1 mse": 1.3414127356969434, "anchor 2 mse": 1.0952259901225174, "anchor 3 mse": 1.1688753690212033, "anchor 4 mse": 1.4150621145956293}
{"bot_id": "0000000000000b01", "x": 0.4761629659729075, "y": 1.0264100279136086, "z": 0.0, "MSE": 1.2512656937656064, "anchor 1 mse": 1.280248715565731, "anchor 2 mse": 1.1746086039112968, "anchor 3 mse": 1.2222826719654818, "anchor 4 mse": 1.327922783619916}
{"bot_id": "0000000000000b01", "x": 0.554217051651238, "y": 0.8876949389820813, "z": 0.0, "MSE": 1.2655519154199915, "anchor 1 mse": 1.0951588450353917, "anchor 2 mse": 1.5443790891070672, "anchor 3 mse": 1.4359449858045912, "anchor 4 mse": 0.986724741732916}
{"bot_id": "0000000000000b01", "x": 0.3024118829881897, "y": 1.0311275109185747, "z": 0.0, "MSE": 1.290009985920259, "anchor 1 mse": 1.1546768907455982, "anchor 2 mse": 1.030166847071299, "anchor 3 mse": 1.42534308109492, "anchor 4 mse": 1.5498531247692189}
{"bot_id": "0000000000000b01", "x": 0.308582962454879, "y": 1.0036160804945415, "z": 0.0, "MSE": 1.286653558300693, "anchor 1 mse": 1.102468681744655, "anchor 2 mse": 1.0880043597664892, "anchor 3 mse": 1.4708384348567314, "anchor 4 mse": 1.485302756834897}
{"bot_id": "0000000000000b01", "x": 0.5751208457896725, "y": 1.0749186386366845, "z": 0.0, "MSE": 1.2612559438873296, "anchor 1 mse": 1.4862140669503712, "anchor 2 mse": 1.1865395124036333, "anchor 3 mse": 1.0362978208242886, "anchor 4 mse": 1.335972375371026}
{"bot_id": "0000000000000b01", "x": 0.48857917818522095, "y": 1.217200006118347, "z": 0.0, "MSE": 1.297306277828735, "anchor 1 mse": 1.7202854682506497, "anchor 2 mse": 0.8514854437772618, "anchor 3 mse": 0.87432708740682, "anchor 4 mse": 1.7431271118802083}
{"bot_id": "0000000000000b01", "x": 0.45995461010640115, "y": 1.147078044975828, "z": 0.0, "MSE": 1.2732355845656418, "anchor 1 mse": 1.5273462846236991, "anchor 2 mse": 0.9390341047203873, "anchor 3 mse": 1.0191248845075849, "anchor 4 mse": 1.6074370644108966}
{"bot_id": "0000000000000b01", "x": 0.48030096178082227, "y": 0.9906050937366639, "z": 0.0, "MSE": 1.2504763163704573, "anchor 1 mse": 1.211987465624608, "anchor 2 mse": 1.2495670906779515, "anchor 3 mse": 1.2889651671163074, "anchor 4 mse": 1.251385542062963}
{"bot_id": "0000000000000b01", "x": 0.5168152849822664, "y": 0.9535050987147503, "z": 0.0, "MSE": 1.2524445296545597, "anchor 1 mse": 1.1762700120663268, "anchor 2 mse": 1.362249617207325, "anchor 3 mse": 1.3286190472427926, "anchor 4 mse": 1.142639442101794}
{"bot_id": "0000000000000b01", "x": 0.5168152849822664, "y": 0.9535050987147503, "z": 0.0, "MSE": 1.2524445296545597, "anchor 1 mse": 1.1762700120663268, "anchor 2 mse": 1.362249617207325, "anchor 3 mse": 1.3286190472427926, "anchor 4 mse": 1.142639442101794}
{"bot_id": "0000000000000b01", "x": 0.3127159980200886, "y": 1.0767233866101686, "z": 0.0, "MSE": 1.290961775450545, "anchor 1 mse": 1.2571245466909704, "anchor 2 mse": 0.9502310002502963, "anchor 3 mse": 1.324799004210119, "anchor 4 mse": 1.6316925506507935}
{"bot_id": "0000000000000b01", "x": 0.3725980641544026, "y": 1.0556555301522659, "z": 0.0, "MSE": 1.2693287912937352, "anchor 1 mse": 1.2532379157526694, "anchor 2 mse": 1.0306157951436064, "anchor 3 mse": 1.285419666834801, "anchor 4 mse": 1.5080417874438647}
{"bot_id": "0000000000000b01", "x": 0.3827500108102393, "y": 1.0367650986054846, "z": 0.0, "MSE": 1.2650992324404702, "anchor 1 mse": 1.2213794404616782, "anchor 2 mse": 1.0743190460397403, "anchor 3 mse": 1.3088190244192617, "anchor 4 mse": 1.4558794188411999}
{"bot_id": "0000000000000b01", "x": 0.5200071048225734, "y": 0.944253308280306, "z": 0.0, "MSE": 1.253507977881072, "anchor 1 mse": 1.1620216992642571, "anchor 2 mse": 1.3850084661430337, "anchor 3 mse": 1.3449942564978867, "anchor 4 mse": 1.1220074896191108}
{"bot_id": "0000000000000b01", "x": 0.5023687209741131, "y": 1.019917995354637, "z": 0.0, "MSE": 1.2504023373780004, "anchor 1 mse": 1.2926070490613872, "anchor 2 mse": 1.2129350676428399, "anchor 3 mse": 1.2081976256946139, "anchor 4 mse": 1.2878696071131612}
{"bot_id": "0000000000000b01", "x": 0.5135488820800962, "y": 1.0423617060165147, "z": 0.0, "MSE": 1.2519780863422498, "anchor 1 mse": 1.3502503804553756, "anchor 2 mse": 1.1808035563893167, "anchor 3 mse": 1.153705792229124, "anchor 4 mse": 1.3231526162951828}
{"bot_id": "0000000000000b01", "x": 0.5835304795629012, "y": 1.0689186646040931, "z": 0.0, "MSE": 1.2617271233468197, "anchor 1 mse": 1.483094932117907, "anchor 2 mse": 1.2074202737015347, "anchor 3 mse": 1.0403593145757324, "anchor 4 mse": 1.316033972992105}
{"bot_id": "0000000000000b01", "x": 0.5768063053665429, "y": 1.0434873884776255, "z": 0.0, "MSE": 1.2577903615006627, "anchor 1 mse": 1.4215714438224563, "anchor 2 mse": 1.2476218899119542, "anchor 3 mse": 1.094009279178869, "anchor 4 mse": 1.2679588330893705}
{"bot_id": "0000000000000b01", "x": 0.5768063053665429, "y": 1.0434873884776255, "z": 0.0, "MSE": 1.2577903615006627, "anchor 1 mse": 1.4215714438224563, "anchor 2 mse": 1.2476218899119542, "anchor 3 mse": 1.094009279178869, "anchor 4 mse": 1.2679588330893705}
{"bot_id": "0000000000000b01", "x": 0.5064615414972549, "y": 1.152681544960324, "z": 0.0, "MSE": 1.273353405689992, "anchor 1 mse": 1.5851780371078952, "anchor 2 mse": 0.9744518572665989, "anchor 3 mse": 0.9615287742720892, "anchor 4 mse": 1.5722549541133852}
{"bot_id": "0000000000000b01", "x": 0.5064615414972549, "y": 1.152681544960324, "z": 0.0, "MSE": 1.273353405689992, "anchor 1 mse": 1.5851780371078952, "anchor 2 mse": 0.9744518572665989, "anchor 3 mse": 0.9615287742720892, "anchor 4 mse": 1.5722549541133852}
{"bot_id": "0000000000000b01", "x": 0.5342872484411236, "y": 0.8243980956265157, "z": 0.0, "MSE": 1.2820116442252578, "anchor 1 mse": 0.9650950839194126, "anchor 2 mse": 1.66750270141335, "anchor 3 mse": 1.598928204531103,