{"bot_id": "0000000000000b01", "x": 1.0212526539815145, "y": 1.4354637601747875, "z": 0, "MSE": 4.571439281643986, "anchor 1 mse": 3.1035131900394273, "anchor 2 mse": 8.964571228553734, "anchor 3 mse": 0.00405286204582559, "anchor 4 mse": 6.135897053831818}
{"bot_id": "0000000000000b01", "x": 1.0212526539815145, "y": 1.4354637601747875, "z": 0, "MSE": 4.571439281643986, "anchor 1 mse": 3.1035131900394273, "anchor 2 mse": 8.964571228553734, "anchor 3 mse": 0.00405286204582559, "anchor 4 mse": 6.135897053831818}
{"bot_id": "0000000000000b01", "x": 1.0212526539815145, "y": 1.4354637601747875, "z": 0, "MSE": 4.571439281643986, "anchor 1 mse": 3.1035131900394273, "anchor 2 mse": 8.964571228553734, "anchor 3 mse": 0.00405286204582559, "anchor 4 mse": 6.135897053831818}
{"bot_id": "0000000000000b01", "x": 1.0212526539815145, "y": 1.4354637601747875, "z": 0, "MSE": 4.571439281643986, "anchor 1 mse": 3.1035131900394273, "anchor 2 mse": 8.964571228553734, "anchor 3 mse": 0.00405286204582559, "anchor 4 mse": 6.135897053831818}
{"bot_id": "0000000000000b01", "x": 1.0212526539815145, "y": 1.4354637601747875, "z": 0, "MSE": 4.571439281643986, "anchor 1 mse": 3.1035131900394273, "anchor 2 mse": 8.964571228553734, "anchor 3 mse": 0.00405286204582559, "anchor 4 mse": 6.135897053831818}
{"bot_id": "0000000000000b01", "x": 1.0212526539815145, "y": 1.4354637601747875, "z": 0, "MSE": 4.571439281643986, "anchor 1 mse": 3.1035131900394273, "anchor 2 mse": 8.964571228553734, "anchor 3 mse": 0.00405286204582559, "anchor 4 mse": 6.135897053831818}
{"bot_id": "0000000000000b01", "x": 1.0212526539815145, "y": 1.4354637601747875, "z": 0, "MSE": 4.571439281643986, "anchor 1 mse": 3.1035131900394273, "anchor 2 mse": 8.964571228553734, "anchor 3 mse": 0.00405286204582559, "anchor 4 mse": 6.135897053831818}
{"bot_id": "0000000000000b01", "x": 1.0212526539815145, "y": 1.4354637601747875, "z": 0, "MSE": 4.571439281643986, "anchor 1 mse": 3.1035131900394273, "anchor 2 mse": 8.964571228553734, "anchor 3 mse": 0.00405286204582559, "anchor 4 mse": 6.135897053831818}
{"bot_id": "0000000000000b01", "x": -0.2703568891573601, "y": 1.8839001802080482, "z": 0, "MSE": 1.5422165113949329, "anchor 1 mse": 3.622172736502761, "anchor 2 mse": 0.9438036648863956, "anchor 3 mse": 0.4475823889460459, "anchor 4 mse": 1.1048599415627174}
{"bot_id": "0000000000000b01", "x": -0.2703568891573601, "y": 1.8839001802080482, "z": 0, "MSE": 1.5422165113949329, "anchor 1 mse": 3.622172736502761, "anchor 2 mse": 0.9438036648863956, "anchor 3 mse": 0.4475823889460459, "anchor 4 mse": 1.1048599415627174}
{"bot_id": "0000000000000b01", "x": -0.2703568891573601, "y": 1.8839001802080482, "z": 0, "MSE": 1.5422165113949329, "anchor 1 mse": 3.622172736502761, "anchor 2 mse": 0.9438036648863956, "anchor 3 mse": 0.4475823889460459, "anchor 4 mse": 1.1048599415627174}
{"bot_id": "0000000000000b01", "x": -0.2703568891573601, "y": 1.8839001802080482, "z": 0, "MSE": 1.5422165113949329, "anchor 1 mse": 3.622172736502761, "anchor 2 mse": 0.9438036648863956, "anchor 3 mse": 0.4475823889460459, "anchor 4 mse": 1.1048599415627174}
{"bot_id": "0000000000000b01", "x": -0.2703568891573601, "y": 1.8839001802080482, "z": 0, "MSE": 1.5422165113949329, "anchor 1 mse": 3.622172736502761, "anchor 2 mse": 0.9438036648863956, "anchor 3 mse": 0.4475823889460459, "anchor 4 mse": 1.1048599415627174}
{"bot_id": "0000000000000b01", "x": -0.2703568891573601, "y": 1.8839001802080482, "z": 0, "MSE": 1.5422165113949329, "anchor 1 mse": 3.622172736502761, "anchor 2 mse": 0.9438036648863956, "anchor 3 mse": 0.4475823889460459, "anchor 4 mse": 1.1048599415627174}
{"bot_id": "0000000000000b01", "x": -0.2703568891573601, "y": 1.8839001802080482, "z": 0, "MSE": 1.5422165113949329, "anchor 1 mse": 3.622172736502761, "anchor 2 mse": 0.9438036648863956, "anchor 3 mse": 0.4475823889460459, "anchor 4 mse": 1.1048599415627174}
{"bot_id": "0000000000000b01", "x": -0.2703568891573601, "y": 1.8839001802080482, "z": 0, "MSE": 1.5422165113949329, "anchor 1 mse": 3.622172736502761, "anchor 2 mse": 0.9438036648863956, "anchor 3 mse": 0.4475823889460459, "anchor 4 mse": 1.1048599415627174}
