{"bot_id": "0000000000000b01", "x": -0.5123660583695951, "y": 3.2599817518248164, "z": 0, "MSE": 0, "anchor 1 mse": 0.0, "anchor 2 mse": 1.232595164407831e-32}
{"bot_id": "0000000000000b01", "x": -0.5123660583695951, "y": 3.2599817518248164, "z": 0, "MSE": 0, "anchor 1 mse": 0.0, "anchor 2 mse": 1.232595164407831e-32}
{"bot_id": "0000000000000b01", "x": -0.5084166243315276, "y": 3.2403568532035685, "z": 0, "MSE": 0, "anchor 1 mse": 0.0, "anchor 2 mse": 1.4914401489334754e-30}
{"bot_id": "0000000000000b01", "x": -0.5084166243315276, "y": 3.2403568532035685, "z": 0, "MSE": 0, "anchor 1 mse": 0.0, "anchor 2 mse": 1.4914401489334754e-30}
{"bot_id": "0000000000000b01", "x": -0.5084166243315276, "y": 3.2403568532035685, "z": 0, "MSE": 0, "anchor 1 mse": 0.0, "anchor 2 mse": 1.4914401489334754e-30}
{"bot_id": "0000000000000b01", "x": -0.5343830097895356, "y": 3.212524330900243, "z": 0, "MSE": 0, "anchor 1 mse": 0.0, "anchor 2 mse": 4.930380657631324e-32}
{"bot_id": "0000000000000b01", "x": -0.5343830097895356, "y": 3.212524330900243, "z": 0, "MSE": 0, "anchor 1 mse": 0.0, "anchor 2 mse": 4.930380657631324e-32}
{"bot_id": "0000000000000b01", "x": -0.5447619766817661, "y": 3.210780616382806, "z": 0, "MSE": 0, "anchor 1 mse": 0.0, "anchor 2 mse": 1.9721522630525295e-31}
{"bot_id": "0000000000000b01", "x": -0.5447619766817661, "y": 3.210780616382806, "z": 0, "MSE": 0, "anchor 1 mse": 0.0, "anchor 2 mse": 1.9721522630525295e-31}
{"bot_id": "0000000000000b01", "x": -0.5764760342904651, "y": 3.171364557988645, "z": 0, "MSE": 0, "anchor 1 mse": 0.0, "anchor 2 mse": 1.1093356479670479e-31}
{"bot_id": "0000000000000b01", "x": -0.5716476534173751, "y": 3.172238442822384, "z": 0, "MSE": 0, "anchor 1 mse": 0.0, "anchor 2 mse": 4.930380657631324e-32}
{"bot_id": "0000000000000b01", "x": -0.5716476534173751, "y": 3.172238442822384, "z": 0, "MSE": 0, "anchor 1 mse": 0.0, "anchor 2 mse": 4.930380657631324e-32}
{"bot_id": "0000000000000b01", "x": -0.5716476534173751, "y": 3.172238442822384, "z": 0, "MSE": 0, "anchor 1 mse": 0.0, "anchor 2 mse": 4.930380657631324e-32}
