{"bot_id": "0000000000000b01", "x": 0.7727203420059567, "y": -0.6600847287662359, "z": 0.0, "MSE": 0.02791869109891233, "anchor 1 mse": 0.0011375846841228379, "anchor 2 mse": 1.9956890157753404e-09, "anchor 3 mse": 0.0003911117834054637, "anchor 4 mse": 0.110146065932432}
{"bot_id": "0000000000000b01", "x": 0.3222272145331993, "y": -0.7602895072993863, "z": 0.0, "MSE": 0.006416313498870962, "anchor 1 mse": 0.018021851274820883, "anchor 2 mse": 0.0015236330527044926, "anchor 3 mse": 7.380692715405831e-06, "anchor 4 mse": 0.004697216962829353}
{"bot_id": "0000000000000b01", "x": 0.37338231935342414, "y": -0.7464655259407251, "z": 0.0, "MSE": 0.004527242157201486, "anchor 1 mse": 0.015714948129640516, "anchor 2 mse": 0.0010067934573509197, "anchor 3 mse": 0.0007816798048907035, "anchor 4 mse": 0.0006055472369238049}
{"bot_id": "0000000000000b01", "x": 0.37338231935342414, "y": -0.7464655259407251, "z": 0.0, "MSE": 0.004527242157201486, "anchor 1 mse": 0.015714948129640516, "anchor 2 mse": 0.0010067934573509197, "anchor 3 mse": 0.0007816798048907035, "anchor 4 mse": 0.008029570260287696}
{"bot_id": "0000000000000b01", "x": 0.33218900428023584, "y": -0.7185329276866612, "z": 0.0, "MSE": 0.010505816993437911, "anchor 1 mse": 0.033633580832302695, "anchor 2 mse": 0.0023769051813567308, "anchor 3 mse": 0.025806564162570253, "anchor 4 mse": 0.009206225622371339}
{"bot_id": "0000000000000b01", "x": 0.18604244908953008, "y": -0.7611018541008658, "z": 0.0, "MSE": 0.02547248760954727, "anchor 1 mse": 0.12708516328820366, "anchor 2 mse": 0.005984957389612425, "anchor 3 mse": 0.006629569200782388, "anchor 4 mse": 0.016734557221298282}
{"bot_id": "0000000000000b01", "x": 0.19254114511530024, "y": -0.7742210809832177, "z": 0.0, "MSE": 0.03705472498026257, "anchor 1 mse": 0.11709846597739935, "anchor 2 mse": 0.0019452875395136549, "anchor 3 mse": 3.2022333767435456e-05, "anchor 4 mse": 0.017865938202799855}
{"bot_id": "0000000000000b01", "x": 0.5129773784614436, "y": -0.8241847818617171, "z": 0.0, "MSE": 0.008077087293648302, "anchor 1 mse": 0.028633223069944015, "anchor 2 mse": 0.002060674662398195, "anchor 3 mse": 0.0008485583322776939, "anchor 4 mse": 0.0007658931099733073}
{"bot_id": "0000000000000b01", "x": 0.5129773784614436, "y": -0.8241847818617171, "z": 0.0, "MSE": 0.008077087293648302, "anchor 1 mse": 0.028633223069944015, "anchor 2 mse": 0.002060674662398195, "anchor 3 mse": 0.0008485583322776939, "anchor 4 mse": 0.0007658931099733073}
{"bot_id": "0000000000000b01", "x": 0.5129773784614436, "y": -0.8241847818617171, "z": 0.0, "MSE": 0.008077087293648302, "anchor 1 mse": 0.028633223069944015, "anchor 2 mse": 0.002060674662398195, "anchor 3 mse": 0.0008485583322776939, "anchor 4 mse": 0.0007658931099733073}
{"bot_id": "0000000000000b01", "x": 0.5129773784614436, "y": -0.8241847818617171, "z": 0.0, "MSE": 0.008077087293648302, "anchor 1 mse": 0.028633223069944015, "anchor 2 mse": 0.017002765937179625, "anchor 3 mse": 0.0008485583322776939, "anchor 4 mse": 0.0007658931099733073}
{"bot_id": "0000000000000b01", "x": 0.3812935870843707, "y": -0.781892797650114, "z": 0.0, "MSE": 0.01993574087202567, "anchor 1 mse": 0.03425878928609344, "anchor 2 mse": 0.004610650059601008, "anchor 3 mse": 0.0012345342486044387, "anchor 4 mse": 0.00014575012542555844}
{"bot_id": "0000000000000b01", "x": 0.3442872502553439, "y": -0.7702403698756183, "z": 0.0, "MSE": 0.01236922601688049, "anchor 1 mse": 0.04465413971859288, "anchor 2 mse": 0.0026576613148106224, "anchor 3 mse": 0.00146030459745893, "anchor 4 mse": 0.0007047984366595276}
{"bot_id": "0000000000000b01", "x": 0.3442872502553439, "y": -0.7702403698756183, "z": 0.0, "MSE": 0.01236922601688049, "anchor 1 mse": 0.04465413971859288, "anchor 2 mse": 0.0026576613148106224, "anchor 3 mse": 0.00146030459745893, "anchor 4 mse": 0.0007047984366595276}
{"bot_id": "0000000000000b01", "x": 0.2977038197486754, "y": -0.7701407829915004, "z": 0.0, "MSE": 0.01405566211734173, "anchor 1 mse": 0.052588515738862016, "anchor 2 mse": 0.002124454091072801, "anchor 3 mse": 0.0007409917038013585, "anchor 4 mse": 0.0007686869356307469}
{"bot_id": "0000000000000b01", "x": 0.2977038197486754, "y": -0.7701407829915004, "z": 0.0, "MSE": 0.01405566211734173, "anchor 1 mse": 0.04593385992152809, "anchor 2 mse": 0.002124454091072801, "anchor 3 mse": 0.0007409917038013585, "anchor 4 mse": 0.0007686869356307469}
{"bot_id": "0000000000000b01", "x": 0.2890526544820483, "y": -0.7686075103731771, "z": 0.0, "MSE": 0.012757588661515464, "anchor 1 mse": 0.047889560749269006, "anchor 2 mse": 1.8071775431731803e-06, "anchor 3 mse": 0.0003397397587052231, "anchor 4 mse": 0.0005291179042063261}
{"bot_id": "0000000000000b01", "x": 0.43619659723824966, "y": -0.7761543059943781, "z": 0.0, "MSE": 0.008834924640431856, "anchor 1 mse": 0.022401870553781306, "anchor 2 mse": 0.0006357231532160558, "anchor 3 mse": 5.1456497698371295e-05, "anchor 4 mse": 0.0291325660025095}
{"bot_id": "0000000000000b01", "x": 0.3253092995282623, "y": -0.7671746817275334, "z": 0.0, "MSE": 0.004423244100258507, "anchor 1 mse": 0.00588341994133921, "anchor 2 mse": 1.5147752942735438e-06, "anchor 3 mse": 6.787492903340379e-05, "anchor 4 mse": 0.01174016675536714}
{"bot_id": "0000000000000b01", "x": 0.3253092995282623, "y": -0.7671746817275334, "z": 0.0, "MSE": 0.004423244100258507, "anchor 1 mse": 0.00588341994133921, "anchor 2 mse": 0.004066515705068147, "anchor 3 mse": 6.787492903340379e-05, "anchor 4 mse": 0.01174016675536714}
{"bot_id": "0000000000000b01", "x": 0.42508124100386163, "y": -0.8029679686244455, "z": 0.0, "MSE": 0.005242071863410136, "anchor 1 mse": 2.1208653419738463e-06, "anchor 2 mse": 0.0002244791679662055, "anchor 3 mse": 0.00045460849504266355, "anchor 4 mse": 0.020287078925289703}
{"bot_id": "0000000000000b01", "x": 0.521885101419352, "y": -0.7755025706279287, "z": 0.0, "MSE": 0.012636901907475646, "anchor 1 mse": 0.0006128467336871527, "anchor 2 mse": 0.0006686311970166715, "anchor 3 mse": 0.0013236603344106055, "anchor 4 mse": 0.017944662315314077}
{"bot_id": "0000000000000b01", "x": 0.703935220295219, "y": -0.8196953553003622, "z": 0.0, "MSE": 0.01885413563415164, "anchor 1 mse": 0.038210302714533524, "anchor 2 mse": 0.004065869562310783, "anchor 3 mse": 0.003046596314766272, "anchor 4 mse": 0.03009377394499597}
{"bot_id": "0000000000000b01", "x": 0.6968747190490915, "y": -0.8225846087955128, "z": 0.0, "MSE": 0.01811133429105319, "anchor 1 mse": 0.03728406414297318, "anchor 2 mse": 0.003926439997475935, "anchor 3 mse": 0.002896020207704696, "anchor 4 mse": 0.028338812816058958}
{"bot_id": "0000000000000b01", "x": 0.7130030961221543, "y": -0.8190174456749206, "z": 0.0, "MSE": 0.015377663188446295, "anchor 1 mse": 0.040357883478350065, "anchor 2 mse": 0.003870296120044654, "anchor 3 mse": 0.0023608902511157823, "anchor 4 mse": 0.014921582904274672}
{"bot_id": "0000000000000b01", "x": 0.752635001478883, "y": -0.8182841019322671, "z": 0.0, "MSE": 0.011898288785558996, "anchor 1 mse": 0.024579058639057523, "anchor 2 mse": 4.205327104040294e-06, "anchor 3 mse": 0.0019464924851878382, "anchor 4 mse": 0.018263974527267395}
{"bot_id": "0000000000000b01", "x": 0.8426521701228563, "y": -0.7290281876051192, "z": 0.0, "MSE": 0.022969219860024502, "anchor 1 mse": 0.025359378500144743, "anchor 2 mse": 0.0034619893846630934, "anchor 3 mse": 0.003429336040991729, "anchor 4 mse": 0.059626175514298434}
{"bot_id": "0000000000000b01", "x": 0.8426521701228563, "y": -0.7290281876051192, "z": 0.0, "MSE": 0.022969219860024502, "anchor 1 mse": 0.025359378500144743, "anchor 2 mse": 0.0034619893846630934, "anchor 3 mse": 0.003429336040991729, "anchor 4 mse": 0.025339773799068148}
{"bot_id": "0000000000000b01", "x": 0.6964381301135438, "y": -0.6741782557998414, "z": 0.0, "MSE": 0.007010173741458154, "anchor 1 mse": 0.00020448851983336972, "anchor 2 mse": 0.00013508164251653718, "anchor 3 mse": 0.0002674095629146145, "anchor 4 mse": 0.027433715240568094}
{"bot_id": "0000000000000b01",