{"bot_id": "0000000000000b01", "x": 0.0, "y": 1.9024999999999999, "z": 0, "MSE": 0.26789973034543896, "anchor 1 mse": 6.2499999999997335e-06, "anchor 2 mse": 0.009506250000000029, "anchor 3 mse": 1.0095062499999998, "anchor 4 mse": 0.052580171381755865}
{"bot_id": "0000000000000b01", "x": 0.4560896646824264, "y": 1.8207053920847869, "z": 0.0, "MSE": 0.10624165559654646, "anchor 1 mse": 0.0005307548746513569, "anchor 2 mse": 0.09605930298734358, "anchor 3 mse": 0.32798500929274527, "anchor 4 mse": 0.0003915552314456174}
{"bot_id": "0000000000000b01", "x": 0.7770621763593846, "y": 1.8512194560975717, "z": 0.0, "MSE": 0.12627216049020618, "anchor 1 mse": 0.09162424606933016, "anchor 2 mse": 7.784275471727486e-05, "anchor 3 mse": 0.4121330435515335, "anchor 4 mse": 0.0012535095852437739}
{"bot_id": "0000000000000b01", "x": 0.7770621763593846, "y": 1.8512194560975717, "z": 0.0, "MSE": 0.12627216049020618, "anchor 1 mse": 0.09162424606933016, "anchor 2 mse": 7.784275471727486e-05, "anchor 3 mse": 0.4121330435515335, "anchor 4 mse": 0.0012535095852437739}
{"bot_id": "0000000000000b01", "x": 0.730747320248614, "y": 1.8834302209565006, "z": 0.0, "MSE": 0.12079131347867006, "anchor 1 mse": 0.09936555120275341, "anchor 2 mse": 0.0036016088886051947, "anchor 3 mse": 0.380191443190229, "anchor 4 mse": 6.650633092639234e-06}
{"bot_id": "0000000000000b01", "x": 0.4430556097100847, "y": 1.7277201976235281, "z": 0.0, "MSE": 0.043969559987708795, "anchor 1 mse": 0.0061817678119713, "anchor 2 mse": 0.07838139027271254, "anchor 3 mse": 0.08413586052786412, "anchor 4 mse": 0.007179221338287226}
{"bot_id": "0000000000000b01", "x": 0.3342145555088283, "y": 1.8108530876392062, "z": 0.0, "MSE": 0.05999455324067659, "anchor 1 mse": 0.01861491042610655, "anchor 2 mse": 0.17303441753492738, "anchor 3 mse": 0.04746643170248131, "anchor 4 mse": 0.0008624532991911171}
{"bot_id": "0000000000000b01", "x": 0.1081741124409013, "y": 1.7260930533681593, "z": 0, "MSE": 0.06462498161426336, "anchor 1 mse": 0.0005992392191887097, "anchor 2 mse": 0.2555364224956089, "anchor 3 mse": 0.0005262776693356989, "anchor 4 mse": 0.0018379870729201527}
{"bot_id": "0000000000000b01", "x": 0.13833612647645377, "y": 1.6907915128526412, "z": 0, "MSE": 0.05321662849287865, "anchor 1 mse": 7.325266005632818e-05, "anchor 2 mse": 0.21275808491436377, "anchor 3 mse": 2.9856395200950768e-05, "anchor 4 mse": 5.320001893547681e-06}
{"bot_id": "0000000000000b01", "x": 0.13833612647645377, "y": 1.6907915128526412, "z": 0, "MSE": 0.05321662849287865, "anchor 1 mse": 7.325266005632818e-05, "anchor 2 mse": 0.21275808491436377, "anchor 3 mse": 2.9856395200950768e-05, "anchor 4 mse": 5.320001893547681e-06}
{"bot_id": "0000000000000b01", "x": 0.1442388231007048, "y": 1.6786353992865126, "z": 0, "MSE": 0.050288596461177455, "anchor 1 mse": 0.00040719395987256335, "anchor 2 mse": 0.20048008514971255, "anchor 3 mse": 1.691596680727198e-05, "anchor 4 mse": 0.0002501907683174198}
{"bot_id": "0000000000000b01", "x": 0.17669261413673962, "y": 1.717377961196685, "z": 0, "MSE": 0.05496073239947055, "anchor 1 mse": 0.00045982596277090306, "anchor 2 mse": 0.21779963925905357, "anchor 3 mse": 0.0015629729776276899, "anchor 4 mse": 2.0491398430015892e-05}
{"bot_id": "0000000000000b01", "x": 0.09991940225303478, "y": 1.7988914539512895, "z": 0, "MSE": 0.111249125110115, "anchor 1 mse": 0.00934399226787563, "anchor 2 mse": 0.4230683104580121, "anchor 3 mse": 0.00015065638155477455, "anchor 4 mse": 0.012433541333017563}
{"bot_id": "0000000000000b01", "x": 0.14037119700023146, "y": 1.6735663426606389, "z": 0, "MSE": 0.06778506432260822, "anchor 1 mse": 0.0006531665493107298, "anchor 2 mse": 0.27005164880341687, "anchor 3 mse": 9.066748063646452e-05, "anchor 4 mse": 0.00034477445706882826}
{"bot_id": "0000000000000b01", "x": 0.11827364041550072, "y": 1.626218868683638, "z": 0, "MSE": 0.06538972196455616, "anchor 1 mse": 0.005548138673941668, "anchor 2 mse": 0.233243430288785, "anchor 3 mse": 0.020254577455161456, "anchor 4 mse": 0.0025127414403365127}
{"bot_id": "0000000000000b01", "x": 0.11827364041550072, "y": 1.626218868683638, "z": 0, "MSE": 0.06538972196455616, "anchor 1 mse": 0.005548138673941668, "anchor 2 mse": 0.233243430288785, "anchor 3 mse": 0.020254577455161456, "anchor 4 mse": 0.0025127414403365127}
{"bot_id": "0000000000000b01", "x": 0.09623088529991997, "y": 1.5837033909077896, "z": 0, "MSE": 0.056706278109753885, "anchor 1 mse": 0.014012795583889045, "anchor 2 mse": 0.20045838355908582, "anchor 3 mse": 0.011016930939463246, "anchor 4 mse": 0.0013370023565774309}
{"bot_id": "0000000000000b01", "x": 0.18358906911207432, "y": 1.6581692386827667, "z": 0, "MSE": 0.07120766666358526, "anchor 1 mse": 0.00027883714460990244, "anchor 2 mse": 0.23715743321434662, "anchor 3 mse": 0.04618854943998887, "anchor 4 mse": 0.00013791015826349428}
{"bot_id": "0000000000000b01", "x": 0.14793370217865287, "y": 1.6935851290973423, "z": 0, "MSE": 0.09975970031760965, "anchor 1 mse": 0.00022601557219939516, "anchor 2 mse": 0.359692322974658, "anchor 3 mse": 0.03783523373975717, "anchor 4 mse": 0.0012852289838240437}
{"bot_id": "0000000000000b01", "x": 0.13129056258959884, "y": 1.661594281225442, "z": 0, "MSE": 0.09040793315029967, "anchor 1 mse": 0.0003322176927790955, "anchor 2 mse": 0.3329502333251749, "anchor 3 mse": 0.02812486806724964, "anchor 4 mse": 0.0002244135159950386}
{"bot_id": "0000000000000b01", "x": 0.1350148450798604, "y": 1.6558538862552912, "z": 0, "MSE": 0.10025008393642308, "anchor 1 mse": 0.0005593612420852904, "anchor 2 mse": 0.3252614257093288, "anchor 3 mse": 0.07511283373050158, "anchor 4 mse": 6.671506377662118e-05}
{"bot_id": "0000000000000b01", "x": 0.3242501423308237, "y": 1.7959121571204784, "z": 0.0, "MSE": 0.14556353799730515, "anchor 1 mse": 0.01958570559911651, "anchor 2 mse": 0.3101021540301207, "anchor 3 mse": 0.2491044104491981, "anchor 4 mse": 0.00346188191078536}
{"bot_id": "0000000000000b01", "x": -0.054258737684219745, "y": 1.6807611644297682, "z": 0.0, "MSE": 0.09820081865150913, "anchor 1 mse": 1.1311563522328316e-05, "anchor 2 mse": 0.3796814985042043, "anchor 3 mse": 0.010705422904010881, "anchor 4 mse": 0.002405041634299002}
{"bot_id": "0000000000000b01", "x": -0.07652205457819392, "y": 1.6494615887747541, "z": 0.0, "MSE": 0.09257664323802392, "anchor 1 mse": 0.025996933449169205, "anchor 2 mse": 0.3378009520041006, "anchor 3 mse": 0.005306267419444604, "anchor 4 mse": 0.001202420079381237}
{"bot_id": "0000000000000b01", "x": -0.058299287390779844, "y": 1.6497734576723053, "z": 0.0, "MSE": 0.09420053430184867, "anchor 1 mse": 0.02585767530792982, "anchor 2 mse": 0.3421715515861619, "anchor 3 mse": 0.00814599760380384, "anchor 4 mse": 0.0006269127094991045}
{"bot_id": "0000000000000b01", "x": -0.05985610727043985, "y": 1.6534313556202218, "z": 0.0, "MSE": 0.09552161418947462, "anchor 1 mse": 0.02706499790169908, "anchor 2 mse": 0.346097410479908, "anchor 3 mse": 0.008085494553955849, "anchor 4 mse": 0.0008385538223355601}
{"bot_id": "0000000000000b01", "x": -0.07138890937239356, "y": 1.700907373582466, "z": 0.0, "MSE": 0.11171739767947968, "anchor 1 mse": 0.04511581987744887, "anchor 2 mse": 0.38751328372156413, "anchor 3 mse": 0.008583350196559673, "anchor 4 mse": 0.0056571369223460625}
{"bot_id": "0000000000000b01", "x": -0.07138890937239356, "y": 1.700907373582466, "z": 0.0, "MSE": 0.11171739767947968, "anchor 1 mse": 0.04511581987744887, "anchor 2 mse": 0.38751328372156413, "anchor 3 mse": 0.008583350196559673, "anchor 4 mse": 0.0056571369223460625}
{"bot_id": "0000000000000b01", "x": 0.015705772136470064, "y": 1.6723610651489105, "z": 0.0, "MSE": 0.1023825807374917, "anchor 1 mse": 0.033282460969261914, "anchor 2 mse": 0.362385751776118, "anchor 3 mse": 0.013831614798777762, "anchor 4 mse": 3.0495405809135433e-05}
{"bot_id": "0000000000000b01", "x": 0.015705772136470064, "y": 1.6723610651489105, "z": 0.0, "MSE": 0.1105220288860045, "anchor 1 mse": 0.033282460969261914,