{"bot_id": "0000000000000b01", "x": 0.10060925864590727, "y": 3.7631185177326945, "z": 0, "MSE": 0.13819039231328506, "anchor 1 mse": 0.005544768495924446, "anchor 2 mse": 0.24717580070008763, "anchor 3 mse": 0.03260138063609065, "anchor 4 mse": 0.2256701552717992}
{"bot_id": "0000000000000b01", "x": 0.10060925864590727, "y": 3.7631185177326945, "z": 0, "MSE": 0.13819039231328506, "anchor 1 mse": 0.005544768495924446, "anchor 2 mse": 0.24717580070008763, "anchor 3 mse": 0.03260138063609065, "anchor 4 mse": 0.2256701552717992}
{"bot_id": "0000000000000b01", "x": 0.10060925864590727, "y": 3.7631185177326945, "z": 0, "MSE": 0.13819039231328506, "anchor 1 mse": 0.005544768495924446, "anchor 2 mse": 0.24717580070008763, "anchor 3 mse": 0.03260138063609065, "anchor 4 mse": 0.2256701552717992}
{"bot_id": "0000000000000b01", "x": 0.10060925864590727, "y": 3.7631185177326945, "z": 0, "MSE": 0.13819039231328506, "anchor 1 mse": 0.005544768495924446, "anchor 2 mse": 0.24717580070008763, "anchor 3 mse": 0.03260138063609065, "anchor 4 mse": 0.2256701552717992}
{"bot_id": "0000000000000b01", "x": 0.10060925864590727, "y": 3.7631185177326945, "z": 0, "MSE": 0.13819039231328506, "anchor 1 mse": 0.005544768495924446, "anchor 2 mse": 0.24717580070008763, "anchor 3 mse": 0.03260138063609065, "anchor 4 mse": 0.2256701552717992}
{"bot_id": "0000000000000b01", "x": 0.10060925864590727, "y": 3.7631185177326945, "z": 0, "MSE": 0.13819039231328506, "anchor 1 mse": 0.005544768495924446, "anchor 2 mse": 0.24717580070008763, "anchor 3 mse": 0.03260138063609065, "anchor 4 mse": 0.2256701552717992}
{"bot_id": "0000000000000b01", "x": 0.10060925864590727, "y": 3.7631185177326945, "z": 0, "MSE": 0.13819039231328506, "anchor 1 mse": 0.005544768495924446, "anchor 2 mse": 0.24717580070008763, "anchor 3 mse": 0.03260138063609065, "anchor 4 mse": 0.2256701552717992}
{"bot_id": "0000000000000b01", "x": 0.10060925864590727, "y": 3.7631185177326945, "z": 0, "MSE": 0.13819039231328506, "anchor 1 mse": 0.005544768495924446, "anchor 2 mse": 0.24717580070008763, "anchor 3 mse": 0.03260138063609065, "anchor 4 mse": 0.2256701552717992}
{"bot_id": "0000000000000b01", "x": 0.10060925864590727, "y": 3.7631185177326945, "z": 0, "MSE": 0.13819039231328506, "anchor 1 mse": 0.005544768495924446, "anchor 2 mse": 0.24717580070008763, "anchor 3 mse": 0.03260138063609065, "anchor 4 mse": 0.2256701552717992}
{"bot_id": "0000000000000b01", "x": 0.10060925864590727, "y": 3.7631185177326945, "z": 0, "MSE": 0.13819039231328506, "anchor 1 mse": 0.005544768495924446, "anchor 2 mse": 0.24717580070008763, "anchor 3 mse": 0.03260138063609065, "anchor 4 mse": 0.2256701552717992}
{"bot_id": "0000000000000b01", "x": 0.10060925864590727, "y": 3.7631185177326945, "z": 0, "MSE": 0.13819039231328506, "anchor 1 mse": 0.005544768495924446, "anchor 2 mse": 0.24717580070008763, "anchor 3 mse": 0.03260138063609065, "anchor 4 mse": 0.2256701552717992}
{"bot_id": "0000000000000b01", "x": 0.10060925864590727, "y": 3.7631185177326945, "z": 0, "MSE": 0.13819039231328506, "anchor 1 mse": 0.005544768495924446, "anchor 2 mse": 0.24717580070008763, "anchor 3 mse": 0.03260138063609065, "anchor 4 mse": 0.2256701552717992}
{"bot_id": "0000000000000b01", "x": 0.10060925864590727, "y": 3.7631185177326945, "z": 0, "MSE": 0.13819039231328506, "anchor 1 mse": 0.005544768495924446, "anchor 2 mse": 0.24717580070008763, "anchor 3 mse": 0.03260138063609065, "anchor 4 mse": 0.2256701552717992}
{"bot_id": "0000000000000b01", "x": 0.10060925864590727, "y": 3.7631185177326945, "z": 0, "MSE": 0.13819039231328506, "anchor 1 mse": 0.005544768495924446, "anchor 2 mse": 0.24717580070008763, "anchor 3 mse": 0.03260138063609065, "anchor 4 mse": 0.2256701552717992}
{"bot_id": "0000000000000b01", "x": 0.10060925864590727, "y": 3.7631185177326945, "z": 0, "MSE": 0.13819039231328506, "anchor 1 mse": 0.005544768495924446, "anchor 2 mse": 0.24717580070008763, "anchor 3 mse": 0.03260138063609065, "anchor 4 mse": 0.2256701552717992}
{"bot_id": "0000000000000b01", "x": 0.10060925864590727, "y": 3.7631185177326945, "z": 0, "MSE": 0.13819039231328506, "anchor 1 mse": 0.005544768495924446, "anchor 2 mse": 0.24717580070008763, "anchor 3 mse": 0.03260138063609065, "anchor 4 mse": 0.2256701552717992}
{"bot_id": "0000000000000b01", "x": 0.10060925864590727, "y": 3.7631185177326945, "z": 0, "MSE": 0.13819039231328506, "anchor 1 mse": 0.005544768495924446, "anchor 2 mse": 0.24717580070008763, "anchor 3 mse": 0.03260138063609065, "anchor 4 mse": 0.2256701552717992}
{"bot_id": "0000000000000b01", "x": 0.10060925864590727, "y": 3.7631185177326945, "z": 0, "MSE": 0.13819039231328506, "anchor 1 mse": 0.005544768495924446, "anchor 2 mse": 0.24717580070008763, "anchor 3 mse": 0.03260138063609065, "anchor 4 mse": 0.2256701552717992}
{"bot_id": "0000000000000b01", "x": 0.10060925864590727, "y": 3.7631185177326945, "z": 0, "MSE": 0.13819039231328506, "anchor 1 mse": 0.005544768495924446, "anchor 2 mse": 0.24717580070008763, "anchor 3 mse": 0.03260138063609065, "anchor 4 mse": 0.2256701552717992}
{"bot_id": "0000000000000b01", "x": 0.10060925864590727, "y": 3.7631185177326945, "z": 0, "MSE": 0.13819039231328506, "anchor 1 mse": 0.005544768495924446, "anchor 2 mse": 0.24717580070008763, "anchor 3 mse": 0.03260138063609065, "anchor 4 mse": 0.2256701552717992}
{"bot_id": "0000000000000b01", "x": 0.10060925864590727, "y": 3.7631185177326945, "z": 0, "MSE": 0.13819039231328506, "anchor 1 mse": 0.005544768495924446, "anchor 2 mse": 0.24717580070008763, "anchor 3 mse": 0.03260138063609065, "anchor 4 mse": 0.2256701552717992}
{"bot_id": "0000000000000b01", "x": 0.10060925864590727, "y": 3.7631185177326945, "z": 0, "MSE": 0.13819039231328506, "anchor 1 mse": 0.005544768495924446, "anchor 2 mse": 0.24717580070008763, "anchor 3 mse": 0.03260138063609065, "anchor 4 mse": 0.2256701552717992}
{"bot_id": "0000000000000b01", "x": 0.10060925864590727, "y": 3.7631185177326945, "z": 0, "MSE": 0.13819039231328506, "anchor 1 mse": 0.005544768495924446, "anchor 2 mse": 0.24717580070008763, "anchor 3 mse": 0.03260138063609065, "anchor 4 mse": 0.2256701552717992}
{"bot_id": "0000000000000b01", "x": 0.10060925864590727, "y": 3.7631185177326945, "z": 0, "MSE": 0.13819039231328506, "anchor 1 mse": 0.005544768495924446, "anchor 2 mse": 0.24717580070008763, "anchor 3 mse": 0.03260138063609065, "anchor 4 mse": 0.2256701552717992}
