{"bot_id": "0000000000000b01", "x": 0.11117669856959474, "y": 3.946717322951481, "z": 0, "MSE": 0.14479704594937687, "anchor 1 mse": 0.03302110318249346, "anchor 2 mse": 0.10434064050255074, "anchor 3 mse": 0.05546776330469248, "anchor 4 mse": 0.34191067024786015}
{"bot_id": "0000000000000b01", "x": 0.11117669856959474, "y": 3.946717322951481, "z": 0, "MSE": 0.14479704594937687, "anchor 1 mse": 0.03302110318249346, "anchor 2 mse": 0.10434064050255074, "anchor 3 mse": 0.05546776330469248, "anchor 4 mse": 0.34191067024786015}
{"bot_id": "0000000000000b01", "x": 0.11117669856959474, "y": 3.946717322951481, "z": 0, "MSE": 0.14479704594937687, "anchor 1 mse": 0.03302110318249346, "anchor 2 mse": 0.10434064050255074, "anchor 3 mse": 0.05546776330469248, "anchor 4 mse": 0.34191067024786015}
{"bot_id": "0000000000000b01", "x": 0.11117669856959474, "y": 3.946717322951481, "z": 0, "MSE": 0.14479704594937687, "anchor 1 mse": 0.03302110318249346, "anchor 2 mse": 0.10434064050255074, "anchor 3 mse": 0.05546776330469248, "anchor 4 mse": 0.34191067024786015}
{"bot_id": "0000000000000b01", "x": 0.11117669856959474, "y": 3.946717322951481, "z": 0, "MSE": 0.14479704594937687, "anchor 1 mse": 0.03302110318249346, "anchor 2 mse": 0.10434064050255074, "anchor 3 mse": 0.05546776330469248, "anchor 4 mse": 0.34191067024786015}
{"bot_id": "0000000000000b01", "x": 0.11117669856959474, "y": 3.946717322951481, "z": 0, "MSE": 0.14479704594937687, "anchor 1 mse": 0.03302110318249346, "anchor 2 mse": 0.10434064050255074, "anchor 3 mse": 0.05546776330469248, "anchor 4 mse": 0.34191067024786015}
{"bot_id": "0000000000000b01", "x": 0.11117669856959474, "y": 3.946717322951481, "z": 0, "MSE": 0.14479704594937687, "anchor 1 mse": 0.03302110318249346, "anchor 2 mse": 0.10434064050255074, "anchor 3 mse": 0.05546776330469248, "anchor 4 mse": 0.34191067024786015}
{"bot_id": "0000000000000b01", "x": 0.11117669856959474, "y": 3.946717322951481, "z": 0, "MSE": 0.14479704594937687, "anchor 1 mse": 0.03302110318249346, "anchor 2 mse": 0.10434064050255074, "anchor 3 mse": 0.05546776330469248, "anchor 4 mse": 0.34191067024786015}
{"bot_id": "0000000000000b01", "x": 0.11117669856959474, "y": 3.946717322951481, "z": 0, "MSE": 0.14479704594937687, "anchor 1 mse": 0.03302110318249346, "anchor 2 mse": 0.10434064050255074, "anchor 3 mse": 0.05546776330469248, "anchor 4 mse": 0.34191067024786015}
{"bot_id": "0000000000000b01", "x": 0.11117669856959474, "y": 3.946717322951481, "z": 0, "MSE": 0.14479704594937687, "anchor 1 mse": 0.03302110318249346, "anchor 2 mse": 0.10434064050255074, "anchor 3 mse": 0.05546776330469248, "anchor 4 mse": 0.34191067024786015}
{"bot_id": "0000000000000b01", "x": 0.11117669856959474, "y": 3.946717322951481, "z": 0, "MSE": 0.14479704594937687, "anchor 1 mse": 0.03302110318249346, "anchor 2 mse": 0.10434064050255074, "anchor 3 mse": 0.05546776330469248, "anchor 4 mse": 0.34191067024786015}
{"bot_id": "0000000000000b01", "x": 0.11117669856959474, "y": 3.946717322951481, "z": 0, "MSE": 0.14479704594937687, "anchor 1 mse": 0.03302110318249346, "anchor 2 mse": 0.10434064050255074, "anchor 3 mse": 0.05546776330469248, "anchor 4 mse": 0.34191067024786015}
{"bot_id": "0000000000000b01", "x": 0.11117669856959474, "y": 3.946717322951481, "z": 0, "MSE": 0.14479704594937687, "anchor 1 mse": 0.03302110318249346, "anchor 2 mse": 0.10434064050255074, "anchor 3 mse": 0.05546776330469248, "anchor 4 mse": 0.34191067024786015}
{"bot_id": "0000000000000b01", "x": 0.11117669856959474, "y": 3.946717322951481, "z": 0, "MSE": 0.14479704594937687, "anchor 1 mse": 0.03302110318249346, "anchor 2 mse": 0.10434064050255074, "anchor 3 mse": 0.05546776330469248, "anchor 4 mse": 0.34191067024786015}
{"bot_id": "0000000000000b01", "x": 0.11117669856959474, "y": 3.946717322951481, "z": 0, "MSE": 0.14479704594937687, "anchor 1 mse": 0.03302110318249346, "anchor 2 mse": 0.10434064050255074, "anchor 3 mse": 0.05546776330469248, "anchor 4 mse": 0.34191067024786015}
{"bot_id": "0000000000000b01", "x": 0.11117669856959474, "y": 3.946717322951481, "z": 0, "MSE": 0.14479704594937687, "anchor 1 mse": 0.03302110318249346, "anchor 2 mse": 0.10434064050255074, "anchor 3 mse": 0.05546776330469248, "anchor 4 mse": 0.34191067024786015}
{"bot_id": "0000000000000b01", "x": 0.11117669856959474, "y": 3.946717322951481, "z": 0, "MSE": 0.14479704594937687, "anchor 1 mse": 0.03302110318249346, "anchor 2 mse": 0.10434064050255074, "anchor 3 mse": 0.05546776330469248, "anchor 4 mse": 0.34191067024786015}
{"bot_id": "0000000000000b01", "x": 0.11117669856959474, "y": 3.946717322951481, "z": 0, "MSE": 0.14479704594937687, "anchor 1 mse": 0.03302110318249346, "anchor 2 mse": 0.10434064050255074, "anchor 3 mse": 0.05546776330469248, "anchor 4 mse": 0.34191067024786015}
{"bot_id": "0000000000000b01", "x": 0.11117669856959474, "y": 3.946717322951481, "z": 0, "MSE": 0.14479704594937687, "anchor 1 mse": 0.03302110318249346, "anchor 2 mse": 0.10434064050255074, "anchor 3 mse": 0.05546776330469248, "anchor 4 mse": 0.34191067024786015}
{"bot_id": "0000000000000b01", "x": 0.11117669856959474, "y": 3.946717322951481, "z": 0, "MSE": 0.14479704594937687, "anchor 1 mse": 0.03302110318249346, "anchor 2 mse": 0.10434064050255074, "anchor 3 mse": 0.05546776330469248, "anchor 4 mse": 0.34191067024786015}
{"bot_id": "0000000000000b01", "x": 0.11117669856959474, "y": 3.946717322951481, "z": 0, "MSE": 0.14479704594937687, "anchor 1 mse": 0.03302110318249346, "anchor 2 mse": 0.10434064050255074, "anchor 3 mse": 0.05546776330469248, "anchor 4 mse": 0.34191067024786015}
{"bot_id": "0000000000000b01", "x": 0.11117669856959474, "y": 3.946717322951481, "z": 0, "MSE": 0.14479704594937687, "anchor 1 mse": 0.03302110318249346, "anchor 2 mse": 0.10434064050255074, "anchor 3 mse": 0.05546776330469248, "anchor 4 mse": 0.34191067024786015}
{"bot_id": "0000000000000b01", "x": 0.11117669856959474, "y": 3.946717322951481, "z": 0, "MSE": 0.14479704594937687, "anchor 1 mse": 0.03302110318249346, "anchor 2 mse": 0.10434064050255074, "anchor 3 mse": 0.05546776330469248, "anchor 4 mse": 0.34191067024786015}
{"bot_id": "0000000000000b01", "x": 0.11117669856959474, "y": 3.946717322951481, "z": 0, "MSE": 0.14479704594937687, "anchor 1 mse": 0.03302110318249346, "anchor 2 mse": 0.10434064050255074, "anchor 3 mse": 0.05546776330469248, "anchor 4 mse": 0.34191067024786015}
{"bot_id": "0000000000000b01", "x": 0.11117669856959474, "y": 3.946717322951481, "z": 0, "MSE": 0.14479704594937687, "anchor 1 mse": 0.03302110318249346, "anchor 2 mse": 0.10434064050255074, "anchor 3 mse": 0.05546776330469248, "anchor 4 mse": 0.34191067024786015}
{"bot_id": "0000000000000b01", "x": 0.11117669856959474, "y": 3.946717322951481, "z": 0, "MSE": 0.14479704594937687, "anchor 1 mse": 0.03302110318249346, "anchor 2 mse": 0.10434064050255074, "anchor 3 mse": 0.05546776330469248, "anchor 4 mse": 0.34191067024786015}
{"bot_id": "0000000000000b01", "x": 0.11117669856959474, "y": 3.946717322951481, "z": 0, "MSE": 0.14479704594937687, "anchor 1 mse": 0.03302110318249346, "anchor 2 mse": 0.10434064050255074, "anchor 3 mse": 0.05546776330469248, "anchor 4 mse": 0.34191067024786015}
{"bot_id": "0000000000000b01", "x": 0.11117669856959474, "y": 3.946717322951481, "z": 0, "MSE": 0.14479704594937687, "anchor 1 mse": 0.03302110318249346, "anchor 2 mse": 0.10434064050255074, "anchor 3 mse": 0.05546776330469248, "anchor 4 mse": 0.34191067024786015}
{"bot_id": "0000000000000b01", "x": 0.11043802862863546, "y": 3.9460359143643307, "z": 0, "MSE": 0.14454410739145468, "anchor 1 mse": 0.032370835437493854, "anchor 2 mse": 0.10459072352370782, "anchor 3 mse": 0.05508923631262725, "anchor 4 mse": 0.34178566391413784}
{"bot_id": "0000000000000b01", "x": 0.11043802862863546, "y": 3.9460359143643307, "z": 0, "MSE": 0.14454410739145468, "anchor 1 mse": 0.032370835437493854, "anchor 2 mse": 0.10459072352370782, "anchor 3 mse": 0.05508923631262725, "anchor 4 mse": 0.34178566391413784}
{"bot_id": "0000000000000b01",