{"bot_id": "0000000000000b01", "x": 2.5295500257244212, "y": 2.7003790412808435, "z": 0, "MSE": 3.2280550550818083, "anchor 1 mse": 0.20241848632310386, "anchor 2 mse": 2.422601058000196, "anchor 3 mse": 2.6618842919396175, "anchor 4 mse": 7.552606142826786}
{"bot_id": "0000000000000b01", "x": 2.5295500257244212, "y": 2.7003790412808435, "z": 0, "MSE": 3.2280550550818083, "anchor 1 mse": 0.20241848632310386, "anchor 2 mse": 2.422601058000196, "anchor 3 mse": 2.6618842919396175, "anchor 4 mse": 7.552606142826786}
{"bot_id": "0000000000000b01", "x": 2.5295500257244212, "y": 2.7003790412808435, "z": 0, "MSE": 3.2280550550818083, "anchor 1 mse": 0.20241848632310386, "anchor 2 mse": 2.422601058000196, "anchor 3 mse": 2.6618842919396175, "anchor 4 mse": 7.552606142826786}
{"bot_id": "0000000000000b01", "x": 2.5295500257244212, "y": 2.7003790412808435, "z": 0, "MSE": 3.2280550550818083, "anchor 1 mse": 0.20241848632310386, "anchor 2 mse": 2.422601058000196, "anchor 3 mse": 2.6618842919396175, "anchor 4 mse": 7.552606142826786}
{"bot_id": "0000000000000b01", "x": 2.5295500257244212, "y": 2.7003790412808435, "z": 0, "MSE": 3.2280550550818083, "anchor 1 mse": 0.20241848632310386, "anchor 2 mse": 2.422601058000196, "anchor 3 mse": 2.6618842919396175, "anchor 4 mse": 7.552606142826786}
{"bot_id": "0000000000000b01", "x": 2.5295500257244212, "y": 2.7003790412808435, "z": 0, "MSE": 3.2280550550818083, "anchor 1 mse": 0.20241848632310386, "anchor 2 mse": 2.422601058000196, "anchor 3 mse": 2.6618842919396175, "anchor 4 mse": 7.552606142826786}
{"bot_id": "0000000000000b01", "x": 2.5295500257244212, "y": 2.7003790412808435, "z": 0, "MSE": 3.2280550550818083, "anchor 1 mse": 0.20241848632310386, "anchor 2 mse": 2.422601058000196, "anchor 3 mse": 2.6618842919396175, "anchor 4 mse": 7.552606142826786}
{"bot_id": "0000000000000b01", "x": 2.5295500257244212, "y": 2.7003790412808435, "z": 0, "MSE": 3.2280550550818083, "anchor 1 mse": 0.20241848632310386, "anchor 2 mse": 2.422601058000196, "anchor 3 mse": 2.6618842919396175, "anchor 4 mse": 7.552606142826786}
{"bot_id": "0000000000000b01", "x": 2.5295500257244212, "y": 2.7003790412808435, "z": 0, "MSE": 3.2280550550818083, "anchor 1 mse": 0.20241848632310386, "anchor 2 mse": 2.422601058000196, "anchor 3 mse": 2.6618842919396175, "anchor 4 mse": 7.552606142826786}
{"bot_id": "0000000000000b01", "x": 2.5295500257244212, "y": 2.7003790412808435, "z": 0, "MSE": 3.2280550550818083, "anchor 1 mse": 0.20241848632310386, "anchor 2 mse": 2.422601058000196, "anchor 3 mse": 2.6618842919396175, "anchor 4 mse": 7.552606142826786}
{"bot_id": "0000000000000b01", "x": 2.5295500257244212, "y": 2.7003790412808435, "z": 0, "MSE": 3.2280550550818083, "anchor 1 mse": 0.20241848632310386, "anchor 2 mse": 2.422601058000196, "anchor 3 mse": 2.6618842919396175, "anchor 4 mse": 7.552606142826786}
{"bot_id": "0000000000000b01", "x": 2.5295500257244212, "y": 2.7003790412808435, "z": 0, "MSE": 3.2280550550818083, "anchor 1 mse": 0.20241848632310386, "anchor 2 mse": 2.422601058000196, "anchor 3 mse": 2.6618842919396175, "anchor 4 mse": 7.552606142826786}
{"bot_id": "0000000000000b01", "x": 2.5295500257244212, "y": 2.7003790412808435, "z": 0, "MSE": 3.2280550550818083, "anchor 1 mse": 0.20241848632310386, "anchor 2 mse": 2.422601058000196, "anchor 3 mse": 2.6618842919396175, "anchor 4 mse": 7.552606142826786}
{"bot_id": "0000000000000b01", "x": 2.5295500257244212, "y": 2.7003790412808435, "z": 0, "MSE": 3.2280550550818083, "anchor 1 mse": 0.20241848632310386, "anchor 2 mse": 2.422601058000196, "anchor 3 mse": 2.6618842919396175, "anchor 4 mse": 7.552606142826786}
{"bot_id": "0000000000000b01", "x": 2.5295500257244212, "y": 2.7003790412808435, "z": 0, "MSE": 3.2280550550818083, "anchor 1 mse": 0.20241848632310386, "anchor 2 mse": 2.422601058000196, "anchor 3 mse": 2.6618842919396175, "anchor 4 mse": 7.552606142826786}
{"bot_id": "0000000000000b01", "x": 2.5295500257244212, "y": 2.7003790412808435, "z": 0, "MSE": 3.2280550550818083, "anchor 1 mse": 0.20241848632310386, "anchor 2 mse": 2.422601058000196, "anchor 3 mse": 2.6618842919396175, "anchor 4 mse": 7.552606142826786}
{"bot_id": "0000000000000b01", "x": 2.5295500257244212, "y": 2.7003790412808435, "z": 0, "MSE": 3.2280550550818083, "anchor 1 mse": 0.20241848632310386, "anchor 2 mse": 2.422601058000196, "anchor 3 mse": 2.6618842919396175, "anchor 4 mse": 7.552606142826786}
{"bot_id": "0000000000000b01", "x": 2.5295500257244212, "y": 2.7003790412808435, "z": 0, "MSE": 3.2280550550818083, "anchor 1 mse": 0.20241848632310386, "anchor 2 mse": 2.422601058000196, "anchor 3 mse": 2.6618842919396175, "anchor 4 mse": 7.552606142826786}
{"bot_id": "0000000000000b01", "x": 2.5295500257244212, "y": 2.7003790412808435, "z": 0, "MSE": 3.2280550550818083, "anchor 1 mse": 0.20241848632310386, "anchor 2 mse": 2.422601058000196, "anchor 3 mse": 2.6618842919396175, "anchor 4 mse": 7.552606142826786}
{"bot_id": "0000000000000b01", "x": 2.5295500257244212, "y": 2.7003790412808435, "z": 0, "MSE": 3.2280550550818083, "anchor 1 mse": 0.20241848632310386, "anchor 2 mse": 2.422601058000196, "anchor 3 mse": 2.6618842919396175, "anchor 4 mse": 7.552606142826786}
{"bot_id": "0000000000000b01", "x": 2.5295500257244212, "y": 2.7003790412808435, "z": 0, "MSE": 3.2280550550818083, "anchor 1 mse": 0.20241848632310386, "anchor 2 mse": 2.422601058000196, "anchor 3 mse": 2.6618842919396175, "anchor 4 mse": 7.552606142826786}
{"bot_id": "0000000000000b01", "x": 2.5295500257244212, "y": 2.7003790412808435, "z": 0, "MSE": 3.2280550550818083, "anchor 1 mse": 0.20241848632310386, "anchor 2 mse": 2.422601058000196, "anchor 3 mse": 2.6618842919396175, "anchor 4 mse": 7.552606142826786}
{"bot_id": "0000000000000b01", "x": 2.5295500257244212, "y": 2.7003790412808435, "z": 0, "MSE": 3.2280550550818083, "anchor 1 mse": 0.20241848632310386, "anchor 2 mse": 2.422601058000196, "anchor 3 mse": 2.6618842919396175, "anchor 4 mse": 7.552606142826786}
{"bot_id": "0000000000000b01", "x": 2.5295500257244212, "y": 2.7003790412808435, "z": 0, "MSE": 3.2280550550818083, "anchor 1 mse": 0.20241848632310386, "anchor 2 mse": 2.422601058000196, "anchor 3 mse": 2.6618842919396175, "anchor 4 mse": 7.552606142826786}
{"bot_id": "0000000000000b01", "x": 2.5295500257244212, "y": 2.7003790412808435, "z": 0, "MSE": 3.2280550550818083, "anchor 1 mse": 0.20241848632310386, "anchor 2 mse": 2.422601058000196, "anchor 3 mse": 2.6618842919396175, "anchor 4 mse": 7.552606142826786}
{"bot_id": "0000000000000b01", "x": 2.5295500257244212, "y": 2.7003790412808435, "z": 0, "MSE": 3.2280550550818083, "anchor 1 mse": 0.20241848632310386, "anchor 2 mse": 2.422601058000196, "anchor 3 mse": 2.6618842919396175, "anchor 4 mse": 7.552606142826786}
{"bot_id": "0000000000000b01", "x": 2.5295500257244212, "y": 2.7003790412808435, "z": 0, "MSE": 3.2280550550818083, "anchor 1 mse": 0.20241848632310386, "anchor 2 mse": 2.422601058000196, "anchor 3 mse": 2.6618842919396175, "anchor 4 mse": 7.552606142826786}
{"bot_id": "0000000000000b01", "x": 2.5295500257244212, "y": 2.7003790412808435, "z": 0, "MSE": 3.2280550550818083, "anchor 1 mse": 0.20241848632310386, "anchor 2 mse": 2.422601058000196, "anchor 3 mse": 2.6618842919396175, "anchor 4 mse": 7.552606142826786}
{"bot_id": "0000000000000b01", "x": 2.5295500257244212, "y": 2.7003790412808435, "z": 0, "MSE": 3.2280550550818083, "anchor 1 mse": 0.20241848632310386, "anchor 2 mse": 2.422601058000196, "anchor 3 mse": 2.6618842919396175, "anchor 4 mse": 7.552606142826786}
{"bot_id": "0000000000000b01", "x": 2.5295500257244212, "y": 2.7003790412808435, "z": 0, "MSE": 3.2280550550818083, "anchor 1 mse": 0.20241848632310386, "anchor 2 mse": 2.422601058000196, "anchor 3 mse": 2.6618842919396175, "anchor 4 mse": 7.552606142826786}
{"bot_id": "0000000000000b01", "x": 2.5295500257244212, "y": 2.7003790412808435, "z": 0, "MSE": 3.2280550550818083, "anchor 1 mse": 0.20241848632310386, "anchor 2 mse": 2.422601058000196, "anchor 3 mse": 2.6618842919396175,