{"bot_id": "0000000000000b01", "x": 0.9549796708825432, "y": -0.3741323982307655, "z": 0.0, "MSE": 20.603938179288402, "anchor 1 mse": 0.0002449728667388348, "anchor 2 mse": 0.0016808427308794614, "anchor 3 mse": 0.714770117800637, "anchor 4 mse": 0.14200188143974823}
{"bot_id": "0000000000000b01", "x": 0.9549796708825432, "y": -0.3741323982307655, "z": 0.0, "MSE": 20.603938179288402, "anchor 1 mse": 0.0002449728667388348, "anchor 2 mse": 0.0016808427308794614, "anchor 3 mse": 0.714770117800637, "anchor 4 mse": 0.14200188143974823}
{"bot_id": "0000000000000b02", "x": 0.6883692986437262, "y": 0.5919882162819013, "z": 0.0, "MSE": 25.771885877304822, "anchor 1 mse": 0.8243023395318827, "anchor 2 mse": 0.6934316966883364, "anchor 3 mse": 2.0796108771168242, "anchor 4 mse": 0.4475637422444303}
{"bot_id": "0000000000000b02", "x": 1.0113705635350394, "y": -0.18381701120330485, "z": 0.0, "MSE": 12.698852626507732, "anchor 1 mse": 0.16165284328679336, "anchor 2 mse": 4.4120135646916765e-05, "anchor 3 mse": 0.031030015830260133, "anchor 4 mse": 0.03391798332282027}
{"bot_id": "0000000000000b02", "x": 1.0113705635350394, "y": -0.18381701120330485, "z": 0.0, "MSE": 12.698852626507732, "anchor 1 mse": 0.16165284328679336, "anchor 2 mse": 4.4120135646916765e-05, "anchor 3 mse": 0.031030015830260133, "anchor 4 mse": 0.03391798332282027}
{"bot_id": "0000000000000b02", "x": 1.0113705635350394, "y": -0.18381701120330485, "z": 0.0, "MSE": 12.698852626507732, "anchor 1 mse": 0.16165284328679336, "anchor 2 mse": 4.4120135646916765e-05, "anchor 3 mse": 0.031030015830260133, "anchor 4 mse": 0.03391798332282027}
{"bot_id": "0000000000000b02", "x": 1.0113705635350394, "y": -0.18381701120330485, "z": 0.0, "MSE": 12.698852626507732, "anchor 1 mse": 0.16165284328679336, "anchor 2 mse": 4.4120135646916765e-05, "anchor 3 mse": 0.031030015830260133, "anchor 4 mse": 0.03391798332282027}
{"bot_id": "0000000000000b02", "x": 1.0113705635350394, "y": -0.18381701120330485, "z": 0.0, "MSE": 12.698852626507732, "anchor 1 mse": 0.16165284328679336, "anchor 2 mse": 4.4120135646916765e-05, "anchor 3 mse": 0.031030015830260133, "anchor 4 mse": 0.03391798332282027}
{"bot_id": "0000000000000b02", "x": 1.0113705635350394, "y": -0.18381701120330485, "z": 0.0, "MSE": 12.698852626507732, "anchor 1 mse": 0.16165284328679336, "anchor 2 mse": 4.4120135646916765e-05, "anchor 3 mse": 0.031030015830260133, "anchor 4 mse": 0.03391798332282027}
{"bot_id": "0000000000000b02", "x": 0.529253343249852, "y": 0.8140085306229335, "z": 0.0, "MSE": 9.10556424049372, "anchor 1 mse": 0.21073868132949036, "anchor 2 mse": 1.2128081170702105, "anchor 3 mse": 1.1750541477914351, "anchor 4 mse": 0.3477158549006394}
{"bot_id": "0000000000000b02", "x": 0.529253343249852, "y": 0.8140085306229335, "z": 0.0, "MSE": 9.10556424049372, "anchor 1 mse": 0.21073868132949036, "anchor 2 mse": 1.2128081170702105, "anchor 3 mse": 1.1750541477914351, "anchor 4 mse": 0.3477158549006394}
{"bot_id": "0000000000000b02", "x": 0.529253343249852, "y": 0.8140085306229335, "z": 0.0, "MSE": 9.10556424049372, "anchor 1 mse": 0.21073868132949036, "anchor 2 mse": 1.2128081170702105, "anchor 3 mse": 1.1750541477914351, "anchor 4 mse": 0.3477158549006394}
{"bot_id": "0000000000000b02", "x": 0.529253343249852, "y": 0.8140085306229335, "z": 0.0, "MSE": 9.10556424049372, "anchor 1 mse": 0.21073868132949036, "anchor 2 mse": 1.2128081170702105, "anchor 3 mse": 1.1750541477914351, "anchor 4 mse": 0.3477158549006394}
{"bot_id": "0000000000000b02", "x": 0.529253343249852, "y": 0.8140085306229335, "z": 0.0, "MSE": 9.10556424049372, "anchor 1 mse": 0.21073868132949036, "anchor 2 mse": 1.2128081170702105, "anchor 3 mse": 1.1750541477914351, "anchor 4 mse": 0.3477158549006394}
{"bot_id": "0000000000000b02", "x": 0.529253343249852, "y": 0.8140085306229335, "z": 0.0, "MSE": 9.10556424049372, "anchor 1 mse": 0.21073868132949036, "anchor 2 mse": 1.2128081170702105, "anchor 3 mse": 1.1750541477914351, "anchor 4 mse": 0.3477158549006394}
{"bot_id": "0000000000000b02", "x": 0.529253343249852, "y": 0.8140085306229335, "z": 0.0, "MSE": 9.10556424049372, "anchor 1 mse": 0.21073868132949036, "anchor 2 mse": 1.2128081170702105, "anchor 3 mse": 1.1750541477914351, "anchor 4 mse": 0.3477158549006394}
{"bot_id": "0000000000000b02", "x": 0.529253343249852, "y": 0.8140085306229335, "z": 0.0, "MSE": 9.10556424049372, "anchor 1 mse": 0.21073868132949036, "anchor 2 mse": 1.2128081170702105, "anchor 3 mse": 1.1750541477914351, "anchor 4 mse": 0.3477158549006394}
{"bot_id": "0000000000000b02", "x": 0.529253343249852, "y": 0.8140085306229335, "z": 0.0, "MSE": 9.10556424049372, "anchor 1 mse": 0.21073868132949036, "anchor 2 mse": 1.2128081170702105, "anchor 3 mse": 1.1750541477914351, "anchor 4 mse": 0.3477158549006394}
{"bot_id": "0000000000000b02", "x": 0.529253343249852, "y": 0.8140085306229335, "z": 0.0, "MSE": 9.10556424049372, "anchor 1 mse": 0.21073868132949036, "anchor 2 mse": 1.2128081170702105, "anchor 3 mse": 1.1750541477914351, "anchor 4 mse": 0.3477158549006394}
{"bot_id": "0000000000000b02", "x": 0.529253343249852, "y": 0.8140085306229335, "z": 0.0, "MSE": 9.10556424049372, "anchor 1 mse": 0.21073868132949036, "anchor 2 mse": 1.2128081170702105, "anchor 3 mse": 1.1750541477914351, "anchor 4 mse": 0.3477158549006394}
{"bot_id": "0000000000000b02", "x": 0.529253343249852, "y": 0.8140085306229335, "z": 0.0, "MSE": 9.10556424049372, "anchor 1 mse": 0.21073868132949036, "anchor 2 mse": 1.2128081170702105, "anchor 3 mse": 1.1750541477914351, "anchor 4 mse": 0.3477158549006394}
{"bot_id": "0000000000000b02", "x": 0.529253343249852, "y": 0.8140085306229335, "z": 0.0, "MSE": 9.10556424049372, "anchor 1 mse": 0.21073868132949036, "anchor 2 mse": 1.2128081170702105, "anchor 3 mse": 1.1750541477914351, "anchor 4 mse": 0.3477158549006394}
{"bot_id": "0000000000000b02", "x": 0.529253343249852, "y": 0.8140085306229335, "z": 0.0, "MSE": 9.10556424049372, "anchor 1 mse": 0.21073868132949036, "anchor 2 mse": 1.2128081170702105, "anchor 3 mse": 1.1750541477914351, "anchor 4 mse": 0.3477158549006394}
{"bot_id": "0000000000000b02", "x": 0.529253343249852, "y": 0.8140085306229335, "z": 0.0, "MSE": 9.10556424049372, "anchor 1 mse": 0.21073868132949036, "anchor 2 mse": 1.2128081170702105, "anchor 3 mse": 1.1750541477914351, "anchor 4 mse": 0.3477158549006394}
{"bot_id": "0000000000000b02", "x": 0.529253343249852, "y": 0.8140085306229335, "z": 0.0, "MSE": 9.10556424049372, "anchor 1 mse": 0.21073868132949036, "anchor 2 mse": 1.2128081170702105, "anchor 3 mse": 1.1750541477914351, "anchor 4 mse": 0.3477158549006394}
{"bot_id": "0000000000000b02", "x": 0.529253343249852, "y": 0.8140085306229335, "z": 0.0, "MSE": 9.10556424049372, "anchor 1 mse": 0.21073868132949036, "anchor 2 mse": 1.2128081170702105, "anchor 3 mse": 1.1750541477914351, "anchor 4 mse": 0.3477158549006394}
{"bot_id": "0000000000000b02", "x": 0.529253343249852, "y": 0.8140085306229335, "z": 0.0, "MSE": 9.10556424049372, "anchor 1 mse": 0.21073868132949036, "anchor 2 mse": 1.2128081170702105, "anchor 3 mse": 1.1750541477914351, "anchor 4 mse": 0.3477158549006394}
{"bot_id": "0000000000000b02", "x": 0.529253343249852, "y": 0.8140085306229335, "z": 0.0, "MSE": 9.10556424049372, "anchor 1 mse": 0.21073868132949036, "anchor 2 mse": 1.2128081170702105, "anchor 3 mse": 1.1750541477914351, "anchor 4 mse": 0.3477158549006394}
{"bot_id": "0000000000000b01", "x": 0.9549796708825432, "y": -0.3741323982307655, "z": 0.0, "MSE": 20.603938179288402, "anchor 1 mse": 0.0002449728667388348, "anchor 2 mse": 0.0016808427308794614, "anchor 3 mse": 0.714770117800637, "anchor 4 mse": 0.14200188143974823}
{"bot_id": "0000000000000b01", "x": 0.9274922525616391, "y": -0.3691243460954656, "z": 0.0, "MSE": 22.545042425734547, "anchor 1 mse": 0.033579020321789596, "anchor 2 mse": 0.0031127977325407425, "anchor 3 mse": 0.7221028549311513, "anchor 4 mse": 0.14151015631899022}
{"bot_id": "0000000000000b01", "x": 0.9274922525616391, "y": -0.3691243460954656,