{"bot_id": "0000000000000b01", "x": 1.523827676567304, "y": 2.125, "z": 0, "MSE": 6.846805186421365, "anchor 1 mse": 6.837675787872508, "anchor 2 mse": 6.837675787872508, "anchor 3 mse": 6.8144035143433, "anchor 4 mse": 6.8144035143433}
{"bot_id": "0000000000000b01", "x": 0.6380542007864276, "y": 3.348083166589285, "z": 0, "MSE": 5.7878881096652215, "anchor 1 mse": 11.61677405353974, "anchor 2 mse": 1.2205671375308182, "anchor 3 mse": 6.582797596749337, "anchor 4 mse": 3.6842546653601795}
{"bot_id": "0000000000000b01", "x": 0.6380542007864276, "y": 3.348083166589285, "z": 0, "MSE": 5.7878881096652215, "anchor 1 mse": 11.61677405353974, "anchor 2 mse": 1.2205671375308182, "anchor 3 mse": 6.582797596749337, "anchor 4 mse": 3.6842546653601795}
{"bot_id": "0000000000000b01", "x": 0.6380542007864276, "y": 3.348083166589285, "z": 0, "MSE": 5.7878881096652215, "anchor 1 mse": 11.61677405353974, "anchor 2 mse": 1.2205671375308182, "anchor 3 mse": 6.582797596749337, "anchor 4 mse": 3.6842546653601795}
{"bot_id": "0000000000000b01", "x": 0.6380542007864276, "y": 3.348083166589285, "z": 0, "MSE": 5.7878881096652215, "anchor 1 mse": 11.61677405353974, "anchor 2 mse": 1.2205671375308182, "anchor 3 mse": 6.582797596749337, "anchor 4 mse": 3.6842546653601795}
{"bot_id": "0000000000000b01", "x": 0.6380542007864276, "y": 3.348083166589285, "z": 0, "MSE": 5.7878881096652215, "anchor 1 mse": 11.61677405353974, "anchor 2 mse": 1.2205671375308182, "anchor 3 mse": 6.582797596749337, "anchor 4 mse": 3.6842546653601795}
{"bot_id": "0000000000000b01", "x": 0.6380542007864276, "y": 3.348083166589285, "z": 0, "MSE": 5.7878881096652215, "anchor 1 mse": 11.61677405353974, "anchor 2 mse": 1.2205671375308182, "anchor 3 mse": 6.582797596749337, "anchor 4 mse": 3.6842546653601795}
{"bot_id": "0000000000000b01", "x": 0.6380542007864276, "y": 3.348083166589285, "z": 0, "MSE": 5.7878881096652215, "anchor 1 mse": 11.61677405353974, "anchor 2 mse": 1.2205671375308182, "anchor 3 mse": 6.582797596749337, "anchor 4 mse": 3.6842546653601795}
{"bot_id": "0000000000000b01", "x": 0.6380542007864276, "y": 3.348083166589285, "z": 0, "MSE": 5.7878881096652215, "anchor 1 mse": 11.61677405353974, "anchor 2 mse": 1.2205671375308182, "anchor 3 mse": 6.582797596749337, "anchor 4 mse": 3.6842546653601795}
{"bot_id": "0000000000000b01", "x": 0.6380542007864276, "y": 3.348083166589285, "z": 0, "MSE": 5.7878881096652215, "anchor 1 mse": 11.61677405353974, "anchor 2 mse": 1.2205671375308182, "anchor 3 mse": 6.582797596749337, "anchor 4 mse": 3.6842546653601795}
