{"bot_id": "0000000000000b01", "x": 0.5002911952389599, "y": -0.8476904626088538, "z": 0.0, "MSE": 0.01931822245591558, "anchor 1 mse": 0.005522295018099305, "anchor 2 mse": 0.007448184319452751, "anchor 3 mse": 0.0019182518430053994, "anchor 4 mse": 0.06970458822993925}
{"bot_id": "0000000000000b01", "x": 0.4106471199599892, "y": -0.805297412930115, "z": 0.0, "MSE": 0.020601651916567213, "anchor 1 mse": 0.000838402863787718, "anchor 2 mse": 0.0009116735304109374, "anchor 3 mse": 0.0034180035449292837, "anchor 4 mse": 0.07723852772714092}
{"bot_id": "0000000000000b01", "x": 0.49751365815299275, "y": -0.8475771414250035, "z": 0.0, "MSE": 0.01532156701121049, "anchor 1 mse": 0.011622047755930549, "anchor 2 mse": 5.068330380215724e-07, "anchor 3 mse": 0.0011174373234979268, "anchor 4 mse": 0.048546276132375464}
{"bot_id": "0000000000000b01", "x": 0.6520895952280904, "y": -0.784947327519668, "z": 0.0, "MSE": 0.007712314335875064, "anchor 1 mse": 0.021162109113525198, "anchor 2 mse": 0.0008837899115051462, "anchor 3 mse": 4.3488791591325876e-05, "anchor 4 mse": 0.00875986952687859}
{"bot_id": "0000000000000b01", "x": 0.644275627423218, "y": -0.786442357014232, "z": 0.0, "MSE": 0.006423702247565248, "anchor 1 mse": 0.020065480810200834, "anchor 2 mse": 0.0009026023206243457, "anchor 3 mse": 8.202798820565433e-05, "anchor 4 mse": 0.004644697871230156}
{"bot_id": "0000000000000b01", "x": 0.658338987040095, "y": -0.786894723710927, "z": 0.0, "MSE": 0.004835790995714393, "anchor 1 mse": 0.014633633269225461, "anchor 2 mse": 0.0006970755863816198, "anchor 3 mse": 6.021271161233329e-05, "anchor 4 mse": 0.003952242415638158}
{"bot_id": "0000000000000b01", "x": 0.41247075252381943, "y": -0.6987032748593542, "z": 0.0, "MSE": 0.006336078185596631, "anchor 1 mse": 0.008766910276653881, "anchor 2 mse": 0.001227969561919413, "anchor 3 mse": 0.0014502532892139905, "anchor 4 mse": 0.01389917961459924}
{"bot_id": "0000000000000b01", "x": 0.4514107785266547, "y": -0.7037255269248839, "z": 0.0, "MSE": 0.009246867592571506, "anchor 1 mse": 0.023696605815450612, "anchor 2 mse": 0.002129824072739864, "anchor 3 mse": 0.001695880969146948, "anchor 4 mse": 0.009465159512948601}
{"bot_id": "0000000000000b01", "x": 0.5429826234356755, "y": -0.707779319841139, "z": 0.0, "MSE": 0.003390175951853585, "anchor 1 mse": 0.009591074219324373, "anchor 2 mse": 0.00047019945568340375, "anchor 3 mse": 0.00019387610443423478, "anchor 4 mse": 0.0033055540279723294}
{"bot_id": "0000000000000b01", "x": 0.5429826234356755, "y": -0.707779319841139, "z": 0.0, "MSE": 0.003390175951853585, "anchor 1 mse": 0.009591074219324373, "anchor 2 mse": 0.00047019945568340375, "anchor 3 mse": 0.01297866409948342, "anchor 4 mse": 0.0033055540279723294}
{"bot_id": "0000000000000b01", "x": 0.38771304356429753, "y": -0.7543749950983328, "z": 0.0, "MSE": 0.007109215967324766, "anchor 1 mse": 0.020113961631240837, "anchor 2 mse": 0.00172464947903679, "anchor 3 mse": 0.001473874571562852, "anchor 4 mse": 0.0017292924520103466}
{"bot_id": "0000000000000b01", "x": 0.3748534183683656, "y": -0.7546354401800007, "z": 0.0, "MSE": 0.006766867502045044, "anchor 1 mse": 0.021724140823419766, "anchor 2 mse": 0.0035971625809225524, "anchor 3 mse": 0.0012474079407872214, "anchor 4 mse": 0.0024940286990649467}
{"bot_id": "0000000000000b01", "x": 0.49954548268220084, "y": -0.8031451483071818, "z": 0.0, "MSE": 0.00016931529558647342, "anchor 1 mse": 0.00020088734676187815, "anchor 2 mse": 5.342114797343049e-05, "anchor 3 mse": 0.00015703590500155777, "anchor 4 mse": 0.00026591678260902727}
