{"bot_id": "0000000000000b01", "x": -0.5354737059983921, "y": 3.1751642335766426, "z": 0, "MSE": 0, "anchor 1 mse": 0.0, "anchor 2 mse": 4.437342591868191e-31}
{"bot_id": "0000000000000b01", "x": -0.5188986217535051, "y": 3.1948012976480125, "z": 0, "MSE": 0, "anchor 1 mse": 0.0, "anchor 2 mse": 4.930380657631324e-30}
{"bot_id": "0000000000000b01", "x": -0.5188986217535051, "y": 3.1948012976480125, "z": 0, "MSE": 0, "anchor 1 mse": 0.0, "anchor 2 mse": 4.930380657631324e-30}
{"bot_id": "0000000000000b01", "x": -0.5494335967893047, "y": 3.189691808596918, "z": 0, "MSE": 0, "anchor 1 mse": 0.0, "anchor 2 mse": 1.9721522630525295e-31}
{"bot_id": "0000000000000b01", "x": -0.5461854674506444, "y": 3.1936313868613144, "z": 0, "MSE": 0, "anchor 1 mse": 0.0, "anchor 2 mse": 1.232595164407831e-30}
{"bot_id": "0000000000000b01", "x": -0.5461854674506444, "y": 3.1936313868613144, "z": 0, "MSE": 0, "anchor 1 mse": 0.0, "anchor 2 mse": 1.232595164407831e-30}
{"bot_id": "0000000000000b01", "x": -0.5461854674506444, "y": 3.1936313868613144, "z": 0, "MSE": 0, "anchor 1 mse": 0.0, "anchor 2 mse": 1.232595164407831e-30}
{"bot_id": "0000000000000b01", "x": -0.5461854674506444, "y": 3.1936313868613144, "z": 0, "MSE": 0, "anchor 1 mse": 0.0, "anchor 2 mse": 1.232595164407831e-30}
{"bot_id": "0000000000000b01", "x": -0.5255788663432509, "y": 3.21735401459854, "z": 0, "MSE": 0, "anchor 1 mse": 0.0, "anchor 2 mse": 4.930380657631324e-32}
{"bot_id": "0000000000000b01", "x": -0.5308515814465622, "y": 3.216488240064882, "z": 0, "MSE": 0, "anchor 1 mse": 0.0, "anchor 2 mse": 4.930380657631324e-32}
{"bot_id": "0000000000000b01", "x": -0.5308515814465622, "y": 3.216488240064882, "z": 0, "MSE": 0, "anchor 1 mse": 0.0, "anchor 2 mse": 4.930380657631324e-32}
{"bot_id": "0000000000000b01", "x": -0.5308515814465622, "y": 3.216488240064882, "z": 0, "MSE": 0, "anchor 1 mse": 0.0, "anchor 2 mse": 4.930380657631324e-32}
{"bot_id": "0000000000000b01", "x": -0.5084166243315276, "y": 3.2403568532035685, "z": 0, "MSE": 0, "anchor 1 mse": 0.0, "anchor 2 mse": 1.232595164407831e-30}
{"bot_id": "0000000000000b01", "x": -0.5084166243315276, "y": 3.2403568532035685, "z": 0, "MSE": 0, "anchor 1 mse": 0.0, "anchor 2 mse": 1.232595164407831e-30}
{"bot_id": "0000000000000b01", "x": -0.5028676540046972, "y": 3.2412226277372262, "z": 0, "MSE": 0, "anchor 1 mse": 0.0, "anchor 2 mse": 2.4158865222393487e-30}
{"bot_id": "0000000000000b01", "x": -0.5028676540046972, "y": 3.2412226277372262, "z": 0, "MSE": 0, "anchor 1 mse": 0.0, "anchor 2 mse": 2.4158865222393487e-30}
{"bot_id": "0000000000000b01", "x": -0.48599379916572355, "y": 3.243795620437956, "z": 0, "MSE": 0, "anchor 1 mse": 0.0, "anchor 2 mse": 7.888609052210118e-31}
{"bot_id": "0000000000000b01", "x": -0.4775739367433913, "y": 3.251784266017842, "z": 0, "MSE": 0, "anchor 1 mse": 0.0, "anchor 2 mse": 2.4158865222393487e-30}
{"bot_id": "0000000000000b01", "x": -0.4775739367433913, "y": 3.251784266017842, "z": 0, "MSE": 0, "anchor 1 mse": 0.0, "anchor 2 mse": 2.4158865222393487e-30}
{"bot_id": "0000000000000b01", "x": -0.49808673815841636, "y": 3.2318430656934303, "z": 0, "MSE": 0, "anchor 1 mse": 0.0, "anchor 2 mse": 3.993608332681372e-30}
{"bot_id": "0000000000000b01", "x": -0.49808673815841636, "y": 3.2318430656934303, "z": 0, "MSE": 0, "anchor 1 mse": 0.0, "anchor 2 mse": 3.993608332681372e-30}
{"bot_id": "0000000000000b01", "x": -0.49808673815841636, "y": 3.2318430656934303, "z": 0, "MSE": 0, "anchor 1 mse": 0.0, "anchor 2 mse": 3.993608332681372e-30}
{"bot_id": "0000000000000b01", "x": -0.49808673815841636, "y": 3.2318430656934303, "z": 0, "MSE": 0, "anchor 1 mse": 0.0, "anchor 2 mse": 3.993608332681372e-30}
{"bot_id": "0000000000000b01", "x": -0.5275071621824663, "y": 3.2001480129764803, "z": 0, "MSE": 0, "anchor 1 mse": 0.0, "anchor 2 mse": 1.7749370367472766e-30}
{"bot_id": "0000000000000b01", "x": -0.5275071621824663, "y": 3.2001480129764803, "z": 0, "MSE": 0, "anchor 1 mse": 0.0, "anchor 2 mse": 1.7749370367472766e-30}
{"bot_id": "0000000000000b01", "x": -0.5326597678916646, "y": 3.1992944038929445, "z": 0, "MSE": 0, "anchor 1 mse": 0.0, "anchor 2 mse": 4.437342591868191e-31}
{"bot_id": "0000000000000b01", "x": -0.5326597678916646, "y": 3.1992944038929445, "z": 0, "MSE": 0, "anchor 1 mse": 0.0, "anchor 2 mse": 4.437342591868191e-31}
{"bot_id": "0000000000000b01", "x": -0.5112228671162301, "y": 3.223041362530414, "z": 0, "MSE": 0, "anchor 1 mse": 0.0, "anchor 2 mse": 3.0814879110195774e-31}
{"bot_id": "0000000000000b01", "x": -0.5166010635631346, "y": 3.2221836982968375, "z": 0, "MSE": 0, "anchor 1 mse": 0.0, "anchor 2 mse": 1.1093356479670479e-31}
{"bot_id": "0000000000000b01", "x": -0.5166010635631346, "y": 3.2221836982968375, "z": 0, "MSE": 0, "anchor 1 mse": 0.0, "anchor 2 mse": 1.1093356479670479e-31}
{"bot_id": "0000000000000b01", "x": -0.5166010635631346, "y": 3.2221836982968375, "z": 0, "MSE": 0, "anchor 1 mse": 0.0, "anchor 2 mse": 1.1093356479670479e-31}
{"bot_id": "0000000000000b01", "x": -0.5090664041947326, "y": 3.230131792376318, "z": 0, "MSE": 0, "anchor 1 mse": 0.0, "anchor 2 mse": 6.039716305598372e-31}
{"bot_id": "0000000000000b01", "x": -0.5464703728474419, "y": 3.224014598540146, "z": 0, "MSE": 0, "anchor 1 mse": 0.0, "anchor 2 mse": 1.9721522630525295e-31}
{"bot_id": "0000000000000b01", "x": -0.5464703728474419, "y": 3.224014598540146, "z": 0, "MSE": 0, "anchor 1 mse": 0.0, "anchor 2 mse": 1.9721522630525295e-31}
{"bot_id": "0000000000000b01", "x": -0.5723358323592621, "y": 3.2195235198702354, "z": 0, "MSE": 0, "anchor 1 mse": 0.0, "anchor 2 mse": 1.4914401489334754e-30}
{"bot_id": "0000000000000b01", "x": -0.5756437599958014, "y": 3.2155474452554746, "z": 0, "MSE": 0, "anchor 1 mse": 0.0, "anchor 2 mse": 6.039716305598372e-31}
{"bot_id": "0000000000000b01", "x": -0.5756437599958014, "y": 3.2155474452554746, "z": 0, "MSE": 0, "anchor 1 mse": 0.0, "anchor 2 mse": 6.039716305598372e-31}
{"bot_id": "0000000000000b01", "x": -0.5756437599958014, "y": 3.2155474452554746, "z": 0, "MSE": 0, "anchor 1 mse": 0.0, "anchor 2 mse": 6.039716305598372e-31}
{"bot_id": "0000000000000b01", "x": -0.5756437599958014, "y": 3.2155474452554746, "z": 0, "MSE": 0, "anchor 1 mse": 0.0, "anchor 2 mse": 6.039716305598372e-31}
{"bot_id": "0000000000000b01", "x": -0.558357297258148, "y": 3.2050608272506085, "z": 0, "MSE": 0, "anchor 1 mse": 0.0, "anchor 2 mse": 1.1093356479670479e-31}
{"bot_id": "0000000000000b01", "x": -0.558357297258148, "y": 3.2050608272506085, "z": 0, "MSE": 0, "anchor 1 mse": 0.0, "anchor 2 mse": 1.1093356479670479e-31}
{"bot_id": "0000000000000b01", "x": -0.558357297258148, "y": 3.2050608272506085, "z": 0, "MSE": 0, "anchor 1 mse": 0.0, "anchor 2 mse": 1.1093356479670479e-31}
{"bot_id": "0000000000000b01", "x": -0.5680221228981271, "y": 3.193205596107056, "z": 0, "MSE": 0, "anchor 1 mse": 0.0, "anchor 2 mse": 3.1554436208840472e-30}
{"bot_id": "0000000000000b01", "x": -0.5530113361212876, "y": 3.1958394160583947, "z": 0, "MSE": 0, "anchor 1 mse": 0.0, "anchor 2 mse": 7.888609052210118e-31}
{"bot_id": "0000000000000b01", "x": -0.5530113361212876, "y": 3.1958394160583947, "z": 0, "MSE": 0, "anchor 1 mse": 0.0, "anchor 2 mse": 7.888609052210118e-31}
{"bot_id": "0000000000000b01", "x": -0.5530113361212876, "y": 3.1958394160583947, "z": 0, "MSE": 0, "anchor 1 mse": 0.0, "anchor 2 mse": 7.888609052210118e-31}
{"bot_id": "0000000000000b01", "x": -0.5625448832936726, "y": 3.1840206812652068, "z": 0, "MSE": 0, "anchor 1 mse": 0.0, "anchor 2 mse": 7.888609052210118e-31}
{"bot_id": "0000000000000b01", "x": -0.5223217910006883, "y": 3.1908657745336573, "z": 0, "MSE": 0, "anchor 1 mse": 0.0, "anchor 2 mse": 7.888609052210118e-31}
{"bot_id": "0000000000000b01", "x": -0.5223217910006883, "y": 3.1908657745336573, "z": 0, "MSE": 0, "anchor 1 mse": 0.0, "anchor 2 mse": 7.888609052210118e-31}
{"bot_id": "0000000000000b01", "x": -0.5118818660872632, "y": 3.2026845093268452, "z": 0, "MSE": 0, "anchor 1 mse": 0.0,