{"bot_id": "0000000000000b01", "x": -0.1095571361642493, "y": -0.827027922019628, "z": 0.0, "MSE": 0.07712066902437925, "anchor 1 mse": 3.302882274001183e-05, "anchor 2 mse": 0.025328717744492916, "anchor 3 mse": 0.03921476396183632, "anchor 4 mse": 0.24390616556844777}
{"bot_id": "0000000000000b01", "x": 0.04842870219714648, "y": -0.9137894086178038, "z": 0.0, "MSE": 0.07671551290111324, "anchor 1 mse": 0.005635777070309757, "anchor 2 mse": 0.013039775407512577, "anchor 3 mse": 0.02882065106086295, "anchor 4 mse": 0.2593658480657677}
{"bot_id": "0000000000000b01", "x": 0.04842870219714648, "y": -0.9137894086178038, "z": 0.0, "MSE": 0.07671551290111324, "anchor 1 mse": 0.005635777070309757, "anchor 2 mse": 0.013039775407512577, "anchor 3 mse": 0.02882065106086295, "anchor 4 mse": 0.2593658480657677}
{"bot_id": "0000000000000b01", "x": 0.04842870219714648, "y": -0.9137894086178038, "z": 0.0, "MSE": 0.07671551290111324, "anchor 1 mse": 0.005635777070309757, "anchor 2 mse": 0.013039775407512577, "anchor 3 mse": 0.02882065106086295, "anchor 4 mse": 0.29624042948718504}
{"bot_id": "0000000000000b01", "x": 0.06176648486164023, "y": -0.9149352436190958, "z": 0.0, "MSE": 0.08397512849295842, "anchor 1 mse": 0.0010251378811244403, "anchor 2 mse": 0.013360949979359686, "anchor 3 mse": 0.029856411223038712, "anchor 4 mse": 0.286751415187258}
{"bot_id": "0000000000000b01", "x": 0.25727895127794176, "y": -1.0211857000030737, "z": 0.0, "MSE": 0.07104555950542671, "anchor 1 mse": 0.02825650583604121, "anchor 2 mse": 0.0027165596900268953, "anchor 3 mse": 0.007032351605265083, "anchor 4 mse": 0.23786809148208068}
{"bot_id": "0000000000000b01", "x": 0.3223188000108877, "y": -1.0053759197315317, "z": 0.0, "MSE": 0.07794216379706329, "anchor 1 mse": 0.01981884044470431, "anchor 2 mse": 0.001815648973129361, "anchor 3 mse": 0.013033946254458974, "anchor 4 mse": 0.26775345530704975}
{"bot_id": "0000000000000b01", "x": 0.32969873404896904, "y": -1.0072474472174022, "z": 0.0, "MSE": 0.07528269850170055, "anchor 1 mse": 0.020976965123190732, "anchor 2 mse": 0.060155742608467275, "anchor 3 mse": 0.012985642018992808, "anchor 4 mse": 0.26511911486195044}
{"bot_id": "0000000000000b01", "x": 0.11582783691547974, "y": -0.8962743145760091, "z": 0.0, "MSE": 0.09002340167694571, "anchor 1 mse": 0.00012706500890221083, "anchor 2 mse": 0.014063465564903288, "anchor 3 mse": 0.02781287248839891, "anchor 4 mse": 0.31809020364557844}
{"bot_id": "0000000000000b01", "x": 0.11123602578916635, "y": -0.8980059991929447, "z": 0.0, "MSE": 0.0915401106145256, "anchor 1 mse": 0.00010263356866495466, "anchor 2 mse": 0.014433628100186236, "anchor 3 mse": 0.028484155839953538, "anchor 4 mse": 0.2899327809999917}
{"bot_id": "0000000000000b01", "x": 0.10084747524285946, "y": -0.8972807416460372, "z": 0.0, "MSE": 0.0848313306405643, "anchor 1 mse": 4.9982099290341184e-05, "anchor 2 mse": 0.014169412440199251, "anchor 3 mse": 0.027689947422906324, "anchor 4 mse": 0.29732028258058896}
{"bot_id": "0000000000000b01", "x": 0.1000786838186395, "y": -0.8969357297164808, "z": 0.0, "MSE": 0.08487735284065027, "anchor 1 mse": 5.622344196845781e-05, "anchor 2 mse": 0.014081119521602842, "anchor 3 mse": 0.027723745835903695, "anchor 4 mse": 0.2976483225631261}
{"bot_id": "0000000000000b01", "x": 0.1000786838186395, "y": -0.8969357297164808, "z": 0.0, "MSE": 0.08487735284065027, "anchor 1 mse": 5.622344196845781e-05, "anchor 2 mse": 0.014081119521602842, "anchor 3 mse": 0.027723745835903695, "anchor 4 mse": 0.2976483225631261}
{"bot_id": "0000000000000b01", "x": 0.12084070261847416, "y": -0.9088463002004468, "z": 0.0, "MSE": 0.08236909071338148, "anchor 1 mse": 4.6848939213905694e-05, "anchor 2 mse": 0.012399987185273461, "anchor 3 mse": 0.01855033116018631, "anchor 4 mse": 0.2910442155468208}
{"bot_id": "0000000000000b01", "x": 0.1442981459589345, "y": -0.9001535994125774, "z": 0.0, "MSE": 0.07522553491923509, "anchor 1 mse": 2.709366819647996e-06, "anchor 2 mse": 0.010762232952443839, "anchor 3 mse": 0.022873936459210324, "anchor 4 mse": 0.16972348850142066}
{"bot_id": "0000000000000b01", "x": 0.0599910757682347, "y": -0.8730231550437585, "z": 0.0, "MSE": 0.06003628597339746, "anchor 1 mse": 0.00010164501530150918, "anchor 2 mse": 0.011804696070216232, "anchor 3 mse": 0.02313670360770482, "anchor 4 mse": 0.2051020992003673}
{"bot_id": "0000000000000b01", "x": 0.0599910757682347, "y": -0.8730231550437585, "z": 0.0, "MSE": 0.06003628597339746, "anchor 1 mse": 0.00010164501530150918, "anchor 2 mse": 0.011804696070216232, "anchor 3 mse": 0.02313670360770482, "anchor 4 mse": 0.2051020992003673}
{"bot_id": "0000000000000b01", "x": 0.0599910757682347, "y": -0.8730231550437585, "z": 0.0, "MSE": 0.06003628597339746, "anchor 1 mse": 0.00010164501530150918, "anchor 2 mse": 0.011804696070216232, "anchor 3 mse": 0.008483798853914348, "anchor 4 mse": 0.2051020992003673}
{"bot_id": "0000000000000b01", "x": 0.11514389773164652, "y": -0.8529157954956621, "z": 0.0, "MSE": 0.04593703843820766, "anchor 1 mse": 1.8896989940088043e-05, "anchor 2 mse": 0.008142979344291854, "anchor 3 mse": 0.01638700589786421, "anchor 4 mse": 0.17555918487993463}
{"bot_id": "0000000000000b01", "x": 0.12358414984530258, "y": -0.8534951275755942, "z": 0.0, "MSE": 0.04901358377676684, "anchor 1 mse": 6.780471563804691e-06, "anchor 2 mse": 0.008311982188156016, "anchor 3 mse": 0.016886319769607253, "anchor 4 mse": 0.1708492526777403}
{"bot_id": "0000000000000b01", "x": 0.12358414984530258, "y": -0.8534951275755942, "z": 0.0, "MSE": 0.04901358377676684, "anchor 1 mse": 6.780471563804691e-06, "anchor 2 mse": 0.008311982188156016, "anchor 3 mse": 0.016886319769607253, "anchor 4 mse": 0.1708492526777403}
{"bot_id": "0000000000000b01", "x": 0.12358414984530258, "y": -0.8534951275755942, "z": 0.0, "MSE": 0.04901358377676684, "anchor 1 mse": 6.780471563804691e-06, "anchor 2 mse": 0.0001247705280479042, "anchor 3 mse": 0.016886319769607253, "anchor 4 mse": 0.1708492526777403}
{"bot_id": "0000000000000b01", "x": 0.2642579873803273, "y": -0.8825009704520489, "z": 0.0, "MSE": 0.03215819158241446, "anchor 1 mse": 0.003160319701264513, "anchor 2 mse": 0.002459045787032441, "anchor 3 mse": 0.00811503782561759, "anchor 4 mse": 0.1148983630157433}
{"bot_id": "0000000000000b01", "x": 0.2657966930896421, "y": -0.8818553018394347, "z": 0.0, "MSE": 0.03395361560558051, "anchor 1 mse": 0.004361423128441897, "anchor 2 mse": 0.0024095047220692107, "anchor 3 mse": 0.008297272059206544, "anchor 4 mse": 0.12074626251260437}
{"bot_id": "0000000000000b01", "x": 0.3003863823149762, "y": -0.8983176053868909, "z": 0.0, "MSE": 0.03290763214177682, "anchor 1 mse": 0.008502656329091213, "anchor 2 mse": 0.001508723884133123, "anchor 3 mse": 0.006962118240794894, "anchor 4 mse": 0.11465703011308803}
{"bot_id": "0000000000000b01", "x": 0.3003863823149762, "y": -0.8983176053868909, "z": 0.0, "MSE": 0.03290763214177682, "anchor 1 mse": 0.008502656329091213, "anchor 2 mse": 0.001508723884133123, "anchor 3 mse": 0.006962118240794894, "anchor 4 mse": 0.11465703011308803}
{"bot_id": "0000000000000b01", "x": 0.3500022075598116, "y": -0.8807121037615511, "z": 0.0, "MSE": 0.02514485100737645, "anchor 1 mse": 0.00859525277528265, "anchor 2 mse": 0.0007234260994786859, "anchor 3 mse": 0.004471086115925153, "anchor 4 mse": 0.06482157399629955}
{"bot_id": "0000000000000b01", "x": 0.3347351260307246, "y": -0.881229291871197, "z": 0.0, "MSE": 0.020519776450889093, "anchor 1 mse": 0.0076847213964408925, "anchor 2 mse": 0.0006557967436639155, "anchor 3 mse": 0.003964514704772298, "anchor 4 mse": 0.06977407295867927}
{"bot_id": "0000000000000b01", "x": 0.3347351260307246, "y": -0.881229291871197, "z": 0.0, "MSE": 0.020519776450889093, "anchor 1 mse": 0.0162977248141801, "anchor 2 mse": 0.0006557967436639155, "anchor 3 mse": 0.003964514704772298, "anchor 4 mse": 0.06977407295867927}
{"bot_id": "0000000000000b01", "x": 0.18443765370621618, "y": -0.8106618574985094, "z": 0.0, "MSE": 0.0272125950746325,