{"bot_id": "0000000000000b01", "x": 0.0, "y": 1.7298, "z": 0, "MSE": 0.3076022993219178, "anchor 1 mse": 0.0003920400000000016, "anchor 2 mse": 0.04008004, "anchor 3 mse": 1.0730080400000002, "anchor 4 mse": 0.11692907728767103}
{"bot_id": "0000000000000b01", "x": 0.08694887434678815, "y": 1.9837399759632433, "z": 0, "MSE": 0.04040953057747689, "anchor 1 mse": 0.0759799346085139, "anchor 2 mse": 0.0003406304449171362, "anchor 3 mse": 0.060912265219624985, "anchor 4 mse": 0.024405292036851555}
{"bot_id": "0000000000000b01", "x": -0.03414299688789011, "y": 1.7526124027928855, "z": 0, "MSE": 0.03413456703517738, "anchor 1 mse": 0.0018442682632976595, "anchor 2 mse": 0.032303804613621465, "anchor 3 mse": 0.009346755192411222, "anchor 4 mse": 0.09304344007137919}
{"bot_id": "0000000000000b01", "x": -0.03414299688789011, "y": 1.7526124027928855, "z": 0, "MSE": 0.03413456703517738, "anchor 1 mse": 0.0018442682632976595, "anchor 2 mse": 0.032303804613621465, "anchor 3 mse": 0.009346755192411222, "anchor 4 mse": 0.09304344007137919}
{"bot_id": "0000000000000b01", "x": -0.05382172131078562, "y": 1.9259075142047644, "z": 0.0, "MSE": 0.019763051135075385, "anchor 1 mse": 0.04694130543081302, "anchor 2 mse": 0.00046559690140507697, "anchor 3 mse": 0.010728159453530584, "anchor 4 mse": 0.02091714275455287}
{"bot_id": "0000000000000b01", "x": -0.03661599552135845, "y": 1.9656676448900312, "z": 0.0, "MSE": 0.02372000445501141, "anchor 1 mse": 0.06554043010156463, "anchor 2 mse": 0.00039227601841743684, "anchor 3 mse": 0.015083677148052695, "anchor 4 mse": 0.013863634552010878}
{"bot_id": "0000000000000b01", "x": -0.06922722545266603, "y": 1.9204388721471062, "z": 0.0, "MSE": 0.01848403809575803, "anchor 1 mse": 0.04481104937741239, "anchor 2 mse": 0.0012576033326591072, "anchor 3 mse": 0.007711788859110133, "anchor 4 mse": 0.020155710813850498}
{"bot_id": "0000000000000b01", "x": -0.07105632810565721, "y": 2.0077444318606967, "z": 0.0, "MSE": 0.025365451006428705, "anchor 1 mse": 0.0894018491425903, "anchor 2 mse": 2.181869136134596e-06, "anchor 3 mse": 0.007905997016699634, "anchor 4 mse": 0.0041517759972887515}
{"bot_id": "0000000000000b01", "x": -0.07105632810565721, "y": 2.0077444318606967, "z": 0.0, "MSE": 0.025365451006428705, "anchor 1 mse": 0.0894018491425903, "anchor 2 mse": 2.181869136134596e-06, "anchor 3 mse": 0.007905997016699634, "anchor 4 mse": 0.0041517759972887515}
{"bot_id": "0000000000000b01", "x": -0.07105632810565721, "y": 2.0077444318606967, "z": 0.0, "MSE": 0.024508870820713635, "anchor 1 mse": 0.0894018491425903, "anchor 2 mse": 2.181869136134596e-06, "anchor 3 mse": 0.007905997016699634, "anchor 4 mse": 0.0007254552544284596}
{"bot_id": "0000000000000b01", "x": -0.12642313945096803, "y": 2.029475010192182, "z": 0.0, "MSE": 0.02740483383687571, "anchor 1 mse": 0.10459329633399371, "anchor 2 mse": 0.0035776739649272973, "anchor 3 mse": 0.0011016618383611163, "anchor 4 mse": 0.00034670321022072263}
{"bot_id": "0000000000000b01", "x": -0.12642313945096803, "y": 2.029475010192182, "z": 0.0, "MSE": 0.02740483383687571, "anchor 1 mse": 0.10459329633399371, "anchor 2 mse": 0.0035776739649272973, "anchor 3 mse": 0.0011016618383611163, "anchor 4 mse": 0.00034670321022072263}
{"bot_id": "0000000000000b01", "x": -0.03922838988491995, "y": 1.92033166657844, "z": 0.0, "MSE": 0.01819533829314171, "anchor 1 mse": 0.044408103138110284, "anchor 2 mse": 0.0003535394937494175, "anchor 3 mse": 0.013858552818604947, "anchor 4 mse": 0.014161157722102191}
{"bot_id": "0000000000000b01", "x": -0.04952162014137353, "y": 1.9675212833929003, "z": 0.0, "MSE": 0.021000264354384884, "anchor 1 mse": 0.06663853285337906, "anchor 2 mse": 2.9656506686233286e-06, "anchor 3 mse": 0.012094710353640264, "anchor 4 mse": 0.005264848559851585}
{"bot_id": "0000000000000b01", "x": -0.02293309891340204, "y": 1.9198711074918549, "z": 0.0, "MSE": 0.019716983395636663, "anchor 1 mse": 0.044103390290130356, "anchor 2 mse": 0.0006680190416771203, "anchor 3 mse": 0.017938143022152773, "anchor 4 mse": 0.016158381228586396}
{"bot_id": "0000000000000b01", "x": -0.02293309891340204, "y": 1.9198711074918549, "z": 0.0, "MSE": 0.019716983395636663, "anchor 1 mse": 0.044103390290130356, "anchor 2 mse": 0.0006680190416771203, "anchor 3 mse": 0.017938143022152773, "anchor 4 mse": 0.016158381228586396}
{"bot_id": "0000000000000b01", "x": -0.02293309891340204, "y": 1.9198711074918549, "z": 0.0, "MSE": 0.019716983395636663, "anchor 1 mse": 0.044103390290130356, "anchor 2 mse": 0.0006680190416771203, "anchor 3 mse": 0.017938143022152773, "anchor 4 mse": 0.016158381228586396}
{"bot_id": "0000000000000b01", "x": -0.02982018422111918, "y": 1.8807065241147678, "z": 0.0, "MSE": 0.018441926758668112, "anchor 1 mse": 0.029221482346781725, "anchor 2 mse": 0.004285552055312311, "anchor 3 mse": 0.015201265964053474, "anchor 4 mse": 0.02505940666852494}
{"bot_id": "0000000000000b01", "x": -0.02438750496856416, "y": 2.019654670440297, "z": 0.0, "MSE": 0.02910980477002977, "anchor 1 mse": 0.0959772207692999, "anchor 2 mse": 0.0006852970574673949, "anchor 3 mse": 0.018339648325646943, "anchor 4 mse": 0.0014370529277048408}
{"bot_id": "0000000000000b01", "x": -0.041234240858400315, "y": 1.8203061952560597, "z": 0, "MSE": 0.020313683899797243, "anchor 1 mse": 0.012270693398019467, "anchor 2 mse": 0.016094503112396064, "anchor 3 mse": 0.010686173708763194, "anchor 4 mse": 0.04220336538001025}
{"bot_id": "0000000000000b01", "x": -0.041234240858400315, "y": 1.8203061952560597, "z": 0, "MSE": 0.018498220661734427, "anchor 1 mse": 0.00500884044576819, "anchor 2 mse": 0.016094503112396064, "anchor 3 mse": 0.010686173708763194, "anchor 4 mse": 0.04220336538001025}
{"bot_id": "0000000000000b01", "x": 0.007375059960218037, "y": 2.05249696462195, "z": 0, "MSE": 0.029898563791792693, "anchor 1 mse": 0.0915124299748324, "anchor 2 mse": 2.013785537363159e-05, "anchor 3 mse": 0.02755195824272649, "anchor 4 mse": 0.0005097290942382367}
{"bot_id": "0000000000000b01", "x": -0.19302213038626687, "y": 1.8953335847520816, "z": 0.0, "MSE": 0.013927994299392807, "anchor 1 mse": 0.02406748482278017, "anchor 2 mse": 0.02626787800779634, "anchor 3 mse": 0.0014141085828640522, "anchor 4 mse": 0.00396250578413066}
{"bot_id": "0000000000000b01", "x": -0.1628903656156155, "y": 1.8902637583240476, "z": 0.0, "MSE": 0.01227180863764235, "anchor 1 mse": 0.021688211833191, "anchor 2 mse": 0.019294874793176642, "anchor 3 mse": 0.0011863529823512116, "anchor 4 mse": 0.006917794941850555}
{"bot_id": "0000000000000b01", "x": -0.1628903656156155, "y": 1.8902637583240476, "z": 0.0, "MSE": 0.01077757246885723, "anchor 1 mse": 0.021688211833191, "anchor 2 mse": 0.019294874793176642, "anchor 3 mse": 0.0011863529823512116, "anchor 4 mse": 0.0009408502667100697}
{"bot_id": "0000000000000b01", "x": -0.19302213038626687, "y": 1.8953335847520816, "z": 0.0, "MSE": 0.012617124318525717, "anchor 1 mse": 0.02406748482278017, "anchor 2 mse": 0.02626787800779634, "anchor 3 mse": 2.3964597262032508e-05, "anchor 4 mse": 0.0001091698462643202}
{"bot_id": "0000000000000b01", "x": -0.19302213038626687, "y": 1.8953335847520816, "z": 0.0, "MSE": 0.009107107168284482, "anchor 1 mse": 0.010027416221815227, "anchor 2 mse": 0.02626787800779634, "anchor 3 mse": 2.3964597262032508e-05, "anchor 4 mse": 0.0001091698462643202}
{"bot_id": "0000000000000b01", "x": -0.18274364396817755, "y": 1.9403742170442222, "z": 0.0, "MSE": 0.01044722696893866, "anchor 1 mse": 0.02072464853386987, "anchor 2 mse": 0.02022796747880773, "anchor 3 mse": 0.00033322126623389997, "anchor 4 mse": 0.0005030705968431426}
{"bot_id": "0000000000000b01", "x": -0.14103102057379896, "y": 1.9372087998264633, "z": 0.0, "MSE": 0.008331986049784778, "anchor 1 mse": 0.018861074088232132, "anchor 2 mse": 0.010894710562796917, "anchor 3 mse": 0.0035691756681797246, "anchor 4 mse": 2.9838799303337396e-06}
{"bot_id": "0000000000000b01", "x": -0.1142311499614842, "y": 1.9523464263805146, "z": 0.0, "MSE": 0.008086340977859978,