{"bot_id": "0000000000000b01", "x": 0.9, "y": 2.4, "z": 0, "MSE": 6.846805186421365, "anchor 1 mse": 6.837675787872508, "anchor 2 mse": 6.837675787872508, "anchor 3 mse": 6.8144035143433, "anchor 4 mse": 6.8144035143433}
{"bot_id": "0000000000000b01", "x": 0.9, "y": 2.4, "z": 0, "MSE": 5.340955814582122, "anchor 1 mse": 2.306383989475434, "anchor 2 mse": 0.20647513421041142, "anchor 3 mse": 1.5228130512782474, "anchor 4 mse": 11.030301620011963}
{"bot_id": "0000000000000b01", "x": 0.9, "y": 2.4, "z": 0, "MSE": 0.7740782453972122, "anchor 1 mse": 0.017938992847047367, "anchor 2 mse": 0.4637470826673108, "anchor 3 mse": 1.1260697403845656, "anchor 4 mse": 1.2663175919186018}
{"bot_id": "0000000000000b01", "x": 0.9, "y": 2.4, "z": 0, "MSE": 0.7740782453972122, "anchor 1 mse": 0.017938992847047367, "anchor 2 mse": 0.4637470826673108, "anchor 3 mse": 1.1260697403845656, "anchor 4 mse": 1.2663175919186018}
{"bot_id": "0000000000000b01", "x": 0.9, "y": 2.4, "z": 0, "MSE": 0.7740782453972122, "anchor 1 mse": 0.017938992847047367, "anchor 2 mse": 0.4637470826673108, "anchor 3 mse": 1.1260697403845656, "anchor 4 mse": 1.2663175919186018}
{"bot_id": "0000000000000b01", "x": 0.9, "y": 2.4, "z": 0, "MSE": 0.7740782453972122, "anchor 1 mse": 0.017938992847047367, "anchor 2 mse": 0.4637470826673108, "anchor 3 mse": 1.1260697403845656, "anchor 4 mse": 1.2663175919186018}
{"bot_id": "0000000000000b01", "x": 0.9, "y": 2.4, "z": 0, "MSE": 0.7740782453972122, "anchor 1 mse": 0.017938992847047367, "anchor 2 mse": 0.4637470826673108, "anchor 3 mse": 1.1260697403845656, "anchor 4 mse": 1.2663175919186018}
{"bot_id": "0000000000000b01", "x": 0.9, "y": 2.4, "z": 0, "MSE": 0.7740782453972122, "anchor 1 mse": 0.017938992847047367, "anchor 2 mse": 0.4637470826673108, "anchor 3 mse": 1.1260697403845656, "anchor 4 mse": 1.2663175919186018}
{"bot_id": "0000000000000b01", "x": 0.9, "y": 2.4, "z": 0, "MSE": 0.7740782453972122, "anchor 1 mse": 0.017938992847047367, "anchor 2 mse": 0.4637470826673108, "anchor 3 mse": 1.1260697403845656, "anchor 4 mse": 1.2663175919186018}
{"bot_id": "0000000000000b01", "x": 0.9, "y": 2.4, "z": 0, "MSE": 0.7740782453972122, "anchor 1 mse": 0.017938992847047367, "anchor 2 mse": 0.4637470826673108, "anchor 3 mse": 1.1260697403845656, "anchor 4 mse": 1.2663175919186018}
{"bot_id": "0000000000000b01", "x": 0.9, "y": 2.4, "z": 0, "MSE": 0.7740782453972122, "anchor 1 mse": 0.017938992847047367, "anchor 2 mse": 0.4637470826673108, "anchor 3 mse": 1.1260697403845656, "anchor 4 mse": 1.2663175919186018}
{"bot_id": "0000000000000b01", "x": 0.9, "y": 2.4, "z": 0, "MSE": 0.7740782453972122, "anchor 1 mse": 0.017938992847047367, "anchor 2 mse": 0.4637470826673108, "anchor 3 mse": 1.1260697403845656, "anchor 4 mse": 1.2663175919186018}
{"bot_id": "0000000000000b01", "x": 0.9, "y": 2.4, "z": 0, "MSE": 0.7740782453972122, "anchor 1 mse": 0.017938992847047367, "anchor 2 mse": 0.4637470826673108, "anchor 3 mse": 1.1260697403845656, "anchor 4 mse": 1.2663175919186018}
{"bot_id": "0000000000000b01", "x": 0.9, "y": 2.4, "z": 0, "MSE": 0.7740782453972122, "anchor 1 mse": 0.017938992847047367, "anchor 2 mse": 0.4637470826673108, "anchor 3 mse": 1.1260697403845656, "anchor 4 mse": 1.2663175919186018}
{"bot_id": "0000000000000b01", "x": 0.9, "y": 2.4, "z": 0, "MSE": 0.7740782453972122, "anchor 1 mse": 0.017938992847047367, "anchor 2 mse": 0.4637470826673108, "anchor 3 mse": 1.1260697403845656, "anchor 4 mse": 1.2663175919186018}
