{"bot_id": "0000000000000b01", "x": 0.886012038288633, "y": -0.4736644223333356, "z": 0.0, "MSE": 0.04805268330027927, "anchor 1 mse": 2.1871734475061257e-05, "anchor 2 mse": 5.546280154568786e-05, "anchor 3 mse": 0.0004532362928247304, "anchor 4 mse": 0.19168016237227162}
{"bot_id": "0000000000000b01", "x": 0.886012038288633, "y": -0.4736644223333356, "z": 0.0, "MSE": 0.04805268330027927, "anchor 1 mse": 2.1871734475061257e-05, "anchor 2 mse": 5.546280154568786e-05, "anchor 3 mse": 0.0004532362928247304, "anchor 4 mse": 0.19168016237227162}
{"bot_id": "0000000000000b01", "x": 0.886012038288633, "y": -0.4736644223333356, "z": 0.0, "MSE": 0.04805268330027927, "anchor 1 mse": 2.1871734475061257e-05, "anchor 2 mse": 5.546280154568786e-05, "anchor 3 mse": 0.0004532362928247304, "anchor 4 mse": 0.19168016237227162}
{"bot_id": "0000000000000b01", "x": 0.886012038288633, "y": -0.4736644223333356, "z": 0.0, "MSE": 0.04805268330027927, "anchor 1 mse": 2.1871734475061257e-05, "anchor 2 mse": 5.546280154568786e-05, "anchor 3 mse": 0.0004532362928247304, "anchor 4 mse": 0.19168016237227162}
{"bot_id": "0000000000000b01", "x": 0.886012038288633, "y": -0.4736644223333356, "z": 0.0, "MSE": 0.04805268330027927, "anchor 1 mse": 2.1871734475061257e-05, "anchor 2 mse": 5.546280154568786e-05, "anchor 3 mse": 0.0004532362928247304, "anchor 4 mse": 0.19168016237227162}
{"bot_id": "0000000000000b01", "x": 0.886012038288633, "y": -0.4736644223333356, "z": 0.0, "MSE": 0.04805268330027927, "anchor 1 mse": 2.1871734475061257e-05, "anchor 2 mse": 5.546280154568786e-05, "anchor 3 mse": 0.0004532362928247304, "anchor 4 mse": 0.19168016237227162}
{"bot_id": "0000000000000b01", "x": 0.886012038288633, "y": -0.4736644223333356, "z": 0.0, "MSE": 0.04805268330027927, "anchor 1 mse": 2.1871734475061257e-05, "anchor 2 mse": 5.546280154568786e-05, "anchor 3 mse": 0.0004532362928247304, "anchor 4 mse": 0.19168016237227162}
{"bot_id": "0000000000000b01", "x": 0.886012038288633, "y": -0.4736644223333356, "z": 0.0, "MSE": 0.04805268330027927, "anchor 1 mse": 2.1871734475061257e-05, "anchor 2 mse": 5.546280154568786e-05, "anchor 3 mse": 0.0004532362928247304, "anchor 4 mse": 0.19168016237227162}
{"bot_id": "0000000000000b01", "x": 0.886012038288633, "y": -0.4736644223333356, "z": 0.0, "MSE": 0.04805268330027927, "anchor 1 mse": 2.1871734475061257e-05, "anchor 2 mse": 5.546280154568786e-05, "anchor 3 mse": 0.0004532362928247304, "anchor 4 mse": 0.19168016237227162}
{"bot_id": "0000000000000b01", "x": 0.886012038288633, "y": -0.4736644223333356, "z": 0.0, "MSE": 0.04805268330027927, "anchor 1 mse": 2.1871734475061257e-05, "anchor 2 mse": 5.546280154568786e-05, "anchor 3 mse": 0.005820064455431746, "anchor 4 mse": 0.17456764514042758}
{"bot_id": "0000000000000b01", "x": 0.989591711121893, "y": -0.4259373534248341, "z": 0.0, "MSE": 0.058018126207250144, "anchor 1 mse": 0.001794755496493477, "anchor 2 mse": 0.0002246348964297283, "anchor 3 mse": 0.000673905052406365, "anchor 4 mse": 0.229379209383671}
{"bot_id": "0000000000000b01", "x": 0.989591711121893, "y": -0.4259373534248341, "z": 0.0, "MSE": 0.058018126207250144, "anchor 1 mse": 0.001794755496493477, "anchor 2 mse": 0.0002246348964297283, "anchor 3 mse": 0.000673905052406365, "anchor 4 mse": 0.229379209383671}
{"bot_id": "0000000000000b01", "x": 0.989591711121893, "y": -0.4259373534248341, "z": 0.0, "MSE": 0.058018126207250144, "anchor 1 mse": 0.001794755496493477, "anchor 2 mse": 0.0002246348964297283, "anchor 3 mse": 0.000673905052406365, "anchor 4 mse": 0.229379209383671}
{"bot_id": "0000000000000b01", "x": 0.989591711121893, "y": -0.4259373534248341, "z": 0.0, "MSE": 0.058018126207250144, "anchor 1 mse": 0.001794755496493477, "anchor 2 mse": 0.0002246348964297283, "anchor 3 mse": 0.000673905052406365, "anchor 4 mse": 0.229379209383671}
{"bot_id": "0000000000000b01", "x": 0.989591711121893, "y": -0.4259373534248341, "z": 0.0, "MSE": 0.058018126207250144, "anchor 1 mse": 0.001794755496493477, "anchor 2 mse": 0.0002246348964297283, "anchor 3 mse": 0.08067890265585465, "anchor 4 mse": 0.229379209383671}
{"bot_id": "0000000000000b01", "x": 0.5633424367351455, "y": -0.6539298464423892, "z": 0.0, "MSE": 0.011373040941941191, "anchor 1 mse": 0.029542174686995697, "anchor 2 mse": 0.0014486164493189109, "anchor 3 mse": 0.0004156648826897092, "anchor 4 mse": 0.014085707748760445}
