{"bot_id": "0000000000000b01", "x": -0.52753104718973, "y": 1.5083647483977383, "z": 0, "MSE": 1.5305433360200773, "anchor 1 mse": 2.5534532199580653, "anchor 2 mse": 0.3503768281535126, "anchor 3 mse": 0.21097089769114202, "anchor 4 mse": 2.6787914972241014}
{"bot_id": "0000000000000b01", "x": -0.52753104718973, "y": 1.5083647483977383, "z": 0, "MSE": 1.5305433360200773, "anchor 1 mse": 2.5534532199580653, "anchor 2 mse": 0.3503768281535126, "anchor 3 mse": 0.21097089769114202, "anchor 4 mse": 2.6787914972241014}
{"bot_id": "0000000000000b01", "x": -0.52753104718973, "y": 1.5083647483977383, "z": 0, "MSE": 1.5305433360200773, "anchor 1 mse": 2.5534532199580653, "anchor 2 mse": 0.3503768281535126, "anchor 3 mse": 0.21097089769114202, "anchor 4 mse": 2.6787914972241014}
{"bot_id": "0000000000000b01", "x": -0.52753104718973, "y": 1.5083647483977383, "z": 0, "MSE": 1.5305433360200773, "anchor 1 mse": 2.5534532199580653, "anchor 2 mse": 0.3503768281535126, "anchor 3 mse": 0.21097089769114202, "anchor 4 mse": 2.6787914972241014}
{"bot_id": "0000000000000b01", "x": -0.52753104718973, "y": 1.5083647483977383, "z": 0, "MSE": 1.5305433360200773, "anchor 1 mse": 2.5534532199580653, "anchor 2 mse": 0.3503768281535126, "anchor 3 mse": 0.21097089769114202, "anchor 4 mse": 2.6787914972241014}
{"bot_id": "0000000000000b01", "x": -0.52753104718973, "y": 1.5083647483977383, "z": 0, "MSE": 1.5305433360200773, "anchor 1 mse": 2.5534532199580653, "anchor 2 mse": 0.3503768281535126, "anchor 3 mse": 0.21097089769114202, "anchor 4 mse": 2.6787914972241014}
{"bot_id": "0000000000000b01", "x": -0.52753104718973, "y": 1.5083647483977383, "z": 0, "MSE": 1.5305433360200773, "anchor 1 mse": 2.5534532199580653, "anchor 2 mse": 0.3503768281535126, "anchor 3 mse": 0.21097089769114202, "anchor 4 mse": 2.6787914972241014}
{"bot_id": "0000000000000b01", "x": -0.52753104718973, "y": 1.5083647483977383, "z": 0, "MSE": 1.5305433360200773, "anchor 1 mse": 2.5534532199580653, "anchor 2 mse": 0.3503768281535126, "anchor 3 mse": 0.21097089769114202, "anchor 4 mse": 2.6787914972241014}
{"bot_id": "0000000000000b01", "x": -0.52753104718973, "y": 1.5083647483977383, "z": 0, "MSE": 1.5305433360200773, "anchor 1 mse": 2.5534532199580653, "anchor 2 mse": 0.3503768281535126, "anchor 3 mse": 0.21097089769114202, "anchor 4 mse": 2.6787914972241014}
{"bot_id": "0000000000000b01", "x": -0.52753104718973, "y": 1.5083647483977383, "z": 0, "MSE": 1.5305433360200773, "anchor 1 mse": 2.5534532199580653, "anchor 2 mse": 0.3503768281535126, "anchor 3 mse": 0.21097089769114202, "anchor 4 mse": 2.6787914972241014}
{"bot_id": "0000000000000b01", "x": -0.52753104718973, "y": 1.5083647483977383, "z": 0, "MSE": 1.5305433360200773, "anchor 1 mse": 2.5534532199580653, "anchor 2 mse": 0.3503768281535126, "anchor 3 mse": 0.21097089769114202, "anchor 4 mse": 2.6787914972241014}
{"bot_id": "0000000000000b01", "x": -0.52753104718973, "y": 1.5083647483977383, "z": 0, "MSE": 1.5305433360200773, "anchor 1 mse": 2.5534532199580653, "anchor 2 mse": 0.3503768281535126, "anchor 3 mse": 0.21097089769114202, "anchor 4 mse": 2.6787914972241014}
{"bot_id": "0000000000000b01", "x": -0.52753104718973, "y": 1.5083647483977383, "z": 0, "MSE": 1.5305433360200773, "anchor 1 mse": 2.5534532199580653, "anchor 2 mse": 0.3503768281535126, "anchor 3 mse": 0.21097089769114202, "anchor 4 mse": 2.6787914972241014}
{"bot_id": "0000000000000b01", "x": -0.52753104718973, "y": 1.5083647483977383, "z": 0, "MSE": 1.5305433360200773, "anchor 1 mse": 2.5534532199580653, "anchor 2 mse": 0.3503768281535126, "anchor 3 mse": 0.21097089769114202, "anchor 4 mse": 2.6787914972241014}
{"bot_id": "0000000000000b01", "x": -0.52753104718973, "y": 1.5083647483977383, "z": 0, "MSE": 1.5305433360200773, "anchor 1 mse": 2.5534532199580653, "anchor 2 mse": 0.3503768281535126, "anchor 3 mse": 0.21097089769114202, "anchor 4 mse": 2.6787914972241014}
{"bot_id": "0000000000000b01", "x": -0.52753104718973, "y": 1.5083647483977383, "z": 0, "MSE": 1.5305433360200773, "anchor 1 mse": 2.5534532199580653, "anchor 2 mse": 0.3503768281535126, "anchor 3 mse": 0.21097089769114202, "anchor 4 mse": 2.6787914972241014}
{"bot_id": "0000000000000b01", "x": -0.52753104718973, "y": 1.5083647483977383, "z": 0, "MSE": 1.5305433360200773, "anchor 1 mse": 2.5534532199580653, "anchor 2 mse": 0.3503768281535126, "anchor 3 mse": 0.21097089769114202, "anchor 4 mse": 2.6787914972241014}
{"bot_id": "0000000000000b01", "x": -0.52753104718973, "y": 1.5083647483977383, "z": 0, "MSE": 1.5305433360200773, "anchor 1 mse": 2.5534532199580653, "anchor 2 mse": 0.3503768281535126, "anchor 3 mse": 0.21097089769114202, "anchor 4 mse": 2.6787914972241014}
{"bot_id": "0000000000000b01", "x": -0.52753104718973, "y": 1.5083647483977383, "z": 0, "MSE": 1.5305433360200773, "anchor 1 mse": 2.5534532199580653, "anchor 2 mse": 0.3503768281535126, "anchor 3 mse": 0.21097089769114202, "anchor 4 mse": 2.6787914972241014}
{"bot_id": "0000000000000b01", "x": -0.52753104718973, "y": 1.5083647483977383, "z": 0, "MSE": 1.5305433360200773, "anchor 1 mse": 2.5534532199580653, "anchor 2 mse": 0.3503768281535126, "anchor 3 mse": 0.21097089769114202, "anchor 4 mse": 2.6787914972241014}
{"bot_id": "0000000000000b01", "x": -0.52753104718973, "y": 1.5083647483977383, "z": 0, "MSE": 1.5305433360200773, "anchor 1 mse": 2.5534532199580653, "anchor 2 mse": 0.3503768281535126, "anchor 3 mse": 0.21097089769114202, "anchor 4 mse": 2.6787914972241014}
{"bot_id": "0000000000000b01", "x": -0.52753104718973, "y": 1.5083647483977383, "z": 0, "MSE": 1.5305433360200773, "anchor 1 mse": 2.5534532199580653, "anchor 2 mse": 0.3503768281535126, "anchor 3 mse": 0.21097089769114202, "anchor 4 mse": 2.6787914972241014}
{"bot_id": "0000000000000b01", "x": -0.52753104718973, "y": 1.5083647483977383, "z": 0, "MSE": 1.5305433360200773, "anchor 1 mse": 2.5534532199580653, "anchor 2 mse": 0.3503768281535126, "anchor 3 mse": 0.21097089769114202, "anchor 4 mse": 2.6787914972241014}
{"bot_id": "0000000000000b01", "x": -0.52753104718973, "y": 1.5083647483977383, "z": 0, "MSE": 1.5305433360200773, "anchor 1 mse": 2.5534532199580653, "anchor 2 mse": 0.3503768281535126, "anchor 3 mse": 0.21097089769114202, "anchor 4 mse": 2.6787914972241014}
{"bot_id": "0000000000000b01", "x": -0.52753104718973, "y": 1.5083647483977383, "z": 0, "MSE": 1.5305433360200773, "anchor 1 mse": 2.5534532199580653, "anchor 2 mse": 0.3503768281535126, "anchor 3 mse": 0.21097089769114202, "anchor 4 mse": 2.6787914972241014}
{"bot_id": "0000000000000b01", "x": -0.52753104718973, "y": 1.5083647483977383, "z": 0, "MSE": 1.5305433360200773, "anchor 1 mse": 2.5534532199580653, "anchor 2 mse": 0.3503768281535126, "anchor 3 mse": 0.21097089769114202, "anchor 4 mse": 2.6787914972241014}
{"bot_id": "0000000000000b01", "x": -0.52753104718973, "y": 1.5083647483977383, "z": 0, "MSE": 1.5305433360200773, "anchor 1 mse": 2.5534532199580653, "anchor 2 mse": 0.3503768281535126, "anchor 3 mse": 0.21097089769114202, "anchor 4 mse": 2.6787914972241014}
{"bot_id": "0000000000000b01", "x": -0.52753104718973, "y": 1.5083647483977383, "z": 0, "MSE": 1.5305433360200773, "anchor 1 mse": 2.5534532199580653, "anchor 2 mse": 0.3503768281535126, "anchor 3 mse": 0.21097089769114202, "anchor 4 mse": 2.6787914972241014}
{"bot_id": "0000000000000b01", "x": -0.52753104718973, "y": 1.5083647483977383, "z": 0, "MSE": 1.5305433360200773, "anchor 1 mse": 2.5534532199580653, "anchor 2 mse": 0.3503768281535126, "anchor 3 mse": 0.21097089769114202, "anchor 4 mse": 2.6787914972241014}
{"bot_id": "0000000000000b01", "x": -0.52753104718973, "y": 1.5083647483977383, "z": 0, "MSE": 1.5305433360200773, "anchor 1 mse": 2.5534532199580653, "anchor 2 mse": 0.3503768281535126, "anchor 3 mse": 0.21097089769114202, "anchor 4 mse": 2.6787914972241014}
{"bot_id": "0000000000000b01", "x": -0.52753104718973, "y": 1.5083647483977383, "z": 0, "MSE": 1.5305433360200773, "anchor 1 mse": 2.5534532199580653, "anchor 2 mse": 0.3503768281535126,