{"bot_id": "0000000000000b01", "x": 1.3698013235438864, "y": 1.37, "z": 0.0, "MSE": 3.7538000394723343, "anchor 1 mse": 3.753255665982583, "anchor 2 mse": 3.753255665982583, "anchor 3 mse": 3.754344412962086, "anchor 4 mse": 3.754344412962086}
{"bot_id": "0000000000000b01", "x": 1.3698013235438864, "y": 1.37, "z": 0.0, "MSE": 3.7538000394723343, "anchor 1 mse": 3.753255665982583, "anchor 2 mse": 3.753255665982583, "anchor 3 mse": 3.754344412962086, "anchor 4 mse": 3.754344412962086}
{"bot_id": "0000000000000b01", "x": 1.3698013235438864, "y": 1.37, "z": 0.0, "MSE": 3.7538000394723343, "anchor 1 mse": 3.753255665982583, "anchor 2 mse": 3.753255665982583, "anchor 3 mse": 3.754344412962086, "anchor 4 mse": 3.754344412962086}
{"bot_id": "0000000000000b01", "x": 1.3698013235438864, "y": 1.37, "z": 0.0, "MSE": 3.7538000394723343, "anchor 1 mse": 3.753255665982583, "anchor 2 mse": 3.753255665982583, "anchor 3 mse": 3.754344412962086, "anchor 4 mse": 3.754344412962086}
{"bot_id": "0000000000000b01", "x": 1.3698013235438864, "y": 1.37, "z": 0.0, "MSE": 3.7538000394723343, "anchor 1 mse": 3.753255665982583, "anchor 2 mse": 3.753255665982583, "anchor 3 mse": 3.754344412962086, "anchor 4 mse": 3.754344412962086}
{"bot_id": "0000000000000b01", "x": 1.3698013235438864, "y": 1.37, "z": 0.0, "MSE": 3.7538000394723343, "anchor 1 mse": 3.753255665982583, "anchor 2 mse": 3.753255665982583, "anchor 3 mse": 3.754344412962086, "anchor 4 mse": 3.754344412962086}
{"bot_id": "0000000000000b01", "x": 1.3698013235438864, "y": 1.37, "z": 0.0, "MSE": 3.7538000394723343, "anchor 1 mse": 3.753255665982583, "anchor 2 mse": 3.753255665982583, "anchor 3 mse": 3.754344412962086, "anchor 4 mse": 3.754344412962086}
{"bot_id": "0000000000000b01", "x": 1.3698013235438864, "y": 1.37, "z": 0.0, "MSE": 3.7538000394723343, "anchor 1 mse": 3.753255665982583, "anchor 2 mse": 3.753255665982583, "anchor 3 mse": 3.754344412962086, "anchor 4 mse": 3.754344412962086}
{"bot_id": "0000000000000b01", "x": 1.3698013235438864, "y": 1.37, "z": 0.0, "MSE": 3.7538000394723343, "anchor 1 mse": 3.753255665982583, "anchor 2 mse": 3.753255665982583, "anchor 3 mse": 3.754344412962086, "anchor 4 mse": 3.754344412962086}
{"bot_id": "0000000000000b01", "x": 1.3698013235438864, "y": 1.37, "z": 0.0, "MSE": 3.7538000394723343, "anchor 1 mse": 3.753255665982583, "anchor 2 mse": 3.753255665982583, "anchor 3 mse": 3.754344412962086, "anchor 4 mse": 3.754344412962086}
{"bot_id": "0000000000000b01", "x": 1.3698013235438864, "y": 1.37, "z": 0.0, "MSE": 3.7538000394723343, "anchor 1 mse": 3.753255665982583, "anchor 2 mse": 3.753255665982583, "anchor 3 mse": 3.754344412962086, "anchor 4 mse": 3.754344412962086}
{"bot_id": "0000000000000b01", "x": 1.3698013235438864, "y": 1.37, "z": 0.0, "MSE": 3.7538000394723343, "anchor 1 mse": 3.753255665982583, "anchor 2 mse": 3.753255665982583, "anchor 3 mse": 3.754344412962086, "anchor 4 mse": 3.754344412962086}
{"bot_id": "0000000000000b01", "x": 1.3698013235438864, "y": 1.37, "z": 0.0, "MSE": 3.7538000394723343, "anchor 1 mse": 3.753255665982583, "anchor 2 mse": 3.753255665982583, "anchor 3 mse": 3.754344412962086, "anchor 4 mse": 3.754344412962086}
{"bot_id": "0000000000000b01", "x": 1.3698013235438864, "y": 1.37, "z": 0.0, "MSE": 3.7538000394723343, "anchor 1 mse": 3.753255665982583, "anchor 2 mse": 3.753255665982583, "anchor 3 mse": 3.754344412962086, "anchor 4 mse": 3.754344412962086}
{"bot_id": "0000000000000b01", "x": 1.3698013235438864, "y": 1.37, "z": 0.0, "MSE": 3.7538000394723343, "anchor 1 mse": 3.753255665982583, "anchor 2 mse": 3.753255665982583, "anchor 3 mse": 3.754344412962086, "anchor 4 mse": 3.754344412962086}
{"bot_id": "0000000000000b01", "x": 1.3698013235438864, "y": 1.37, "z": 0.0, "MSE": 3.7538000394723343, "anchor 1 mse": 3.753255665982583, "anchor 2 mse": 3.753255665982583, "anchor 3 mse": 3.754344412962086, "anchor 4 mse": 3.754344412962086}
{"bot_id": "0000000000000b01", "x": 1.3698013235438864, "y": 1.37, "z": 0.0, "MSE": 3.7538000394723343, "anchor 1 mse": 3.753255665982583, "anchor 2 mse": 3.753255665982583, "anchor 3 mse": 3.754344412962086, "anchor 4 mse": 3.754344412962086}
{"bot_id": "0000000000000b01", "x": 1.3698013235438864, "y": 1.37, "z": 0.0, "MSE": 3.7538000394723343, "anchor 1 mse": 3.753255665982583, "anchor 2 mse": 3.753255665982583, "anchor 3 mse": 3.754344412962086, "anchor 4 mse": 3.754344412962086}
{"bot_id": "0000000000000b01", "x": 1.3698013235438864, "y": 1.37, "z": 0.0, "MSE": 3.7538000394723343, "anchor 1 mse": 3.753255665982583, "anchor 2 mse": 3.753255665982583, "anchor 3 mse": 3.754344412962086, "anchor 4 mse": 3.754344412962086}
{"bot_id": "0000000000000b01", "x": 1.3698013235438864, "y": 1.37, "z": 0.0, "MSE": 3.7538000394723343, "anchor 1 mse": 3.753255665982583, "anchor 2 mse": 3.753255665982583, "anchor 3 mse": 3.754344412962086, "anchor 4 mse": 3.754344412962086}
{"bot_id": "0000000000000b01", "x": 1.3698013235438864, "y": 1.37, "z": 0.0, "MSE": 3.7538000394723343, "anchor 1 mse": 3.753255665982583, "anchor 2 mse": 3.753255665982583, "anchor 3 mse": 3.754344412962086, "anchor 4 mse": 3.754344412962086}
{"bot_id": "0000000000000b01", "x": 1.3698013235438864, "y": 1.37, "z": 0.0, "MSE": 3.7538000394723343, "anchor 1 mse": 3.753255665982583, "anchor 2 mse": 3.753255665982583, "anchor 3 mse": 3.754344412962086, "anchor 4 mse": 3.754344412962086}
{"bot_id": "0000000000000b01", "x": 1.3698013235438864, "y": 1.37, "z": 0.0, "MSE": 3.7538000394723343, "anchor 1 mse": 3.753255665982583, "anchor 2 mse": 3.753255665982583, "anchor 3 mse": 3.754344412962086, "anchor 4 mse": 3.754344412962086}
{"bot_id": "0000000000000b01", "x": 1.3698013235438864, "y": 1.37, "z": 0.0, "MSE": 3.7538000394723343, "anchor 1 mse": 3.753255665982583, "anchor 2 mse": 3.753255665982583, "anchor 3 mse": 3.754344412962086, "anchor 4 mse": 3.754344412962086}
{"bot_id": "0000000000000b01", "x": 1.3698013235438864, "y": 1.37, "z": 0.0, "MSE": 3.7538000394723343, "anchor 1 mse": 3.753255665982583, "anchor 2 mse": 3.753255665982583, "anchor 3 mse": 3.754344412962086, "anchor 4 mse": 3.754344412962086}
{"bot_id": "0000000000000b01", "x": 1.3698013235438864, "y": 1.37, "z": 0.0, "MSE": 3.7538000394723343, "anchor 1 mse": 3.753255665982583, "anchor 2 mse": 3.753255665982583, "anchor 3 mse": 3.754344412962086, "anchor 4 mse": 3.754344412962086}
{"bot_id": "0000000000000b01", "x": 1.3698013235438864, "y": 1.37, "z": 0.0, "MSE": 3.7538000394723343, "anchor 1 mse": 3.753255665982583, "anchor 2 mse": 3.753255665982583, "anchor 3 mse": 3.754344412962086, "anchor 4 mse": 3.754344412962086}
{"bot_id": "0000000000000b01", "x": 1.3698013235438864, "y": 1.37, "z": 0.0, "MSE": 3.7538000394723343, "anchor 1 mse": 3.753255665982583, "anchor 2 mse": 3.753255665982583, "anchor 3 mse": 3.754344412962086, "anchor 4 mse": 3.754344412962086}
{"bot_id": "0000000000000b01", "x": 1.3698013235438864, "y": 1.37, "z": 0.0, "MSE": 3.7538000394723343, "anchor 1 mse": 3.753255665982583, "anchor 2 mse": 3.753255665982583, "anchor 3 mse": 3.754344412962086, "anchor 4 mse": 3.754344412962086}
{"bot_id": "0000000000000b01", "x": 1.3698013235438864, "y": 1.37, "z": 0.0, "MSE": 3.7538000394723343, "anchor 1 mse": 3.753255665982583, "anchor 2 mse": 3.753255665982583, "anchor 3 mse": 3.754344412962086, "anchor 4 mse": 3.754344412962086}
{"bot_id": "0000000000000b01", "x": 1.3698013235438864, "y": 1.37, "z": 0.0, "MSE": 3.7538000394723343, "anchor 1 mse": 3.753255665982583, "anchor 2 mse": 3.753255665982583, "anchor 3 mse": 3.754344412962086, "anchor 4 mse": 3.754344412962086}
{"bot_id": "0000000000000b01", "x": 1.3698013235438864, "y": 1.37, "z": 0.0, "MSE": 3.7538000394723343, "anchor 1 mse": 3.753255665982583, "anchor 2 mse": 3.753255665982583, "anchor 3 mse": 3.754344412962086, "anchor 4 mse": 3.754344412962086}
{"bot_id": "0000000000000b01", "x": 1.3698013235438864, "y": 1.37, "z": 0.0, "MSE": 3.7538000394723343, "anchor 1 mse": 3.753255665982583, "anchor 2 mse": 3.753255665982583,