{"bot_id": "0000000000000b01", "x": 1.5158139534883726, "y": 1.52, "z": 0, "MSE": 4.639980313683072, "anchor 1 mse": 4.608091941590049, "anchor 2 mse": 4.608091941590049, "anchor 3 mse": 4.633543104380745, "anchor 4 mse": 4.633543104380745}
{"bot_id": "0000000000000b01", "x": 1.5158139534883726, "y": 1.52, "z": 0, "MSE": 4.639980313683072, "anchor 1 mse": 4.608091941590049, "anchor 2 mse": 4.608091941590049, "anchor 3 mse": 4.633543104380745, "anchor 4 mse": 4.633543104380745}
{"bot_id": "0000000000000b01", "x": 1.5158139534883726, "y": 1.52, "z": 0, "MSE": 4.639980313683072, "anchor 1 mse": 4.608091941590049, "anchor 2 mse": 4.608091941590049, "anchor 3 mse": 4.633543104380745, "anchor 4 mse": 4.633543104380745}
{"bot_id": "0000000000000b01", "x": 1.5158139534883726, "y": 1.52, "z": 0, "MSE": 4.639980313683072, "anchor 1 mse": 4.608091941590049, "anchor 2 mse": 4.608091941590049, "anchor 3 mse": 4.633543104380745, "anchor 4 mse": 4.633543104380745}
{"bot_id": "0000000000000b01", "x": 1.5158139534883726, "y": 1.52, "z": 0, "MSE": 4.639980313683072, "anchor 1 mse": 4.608091941590049, "anchor 2 mse": 4.608091941590049, "anchor 3 mse": 4.633543104380745, "anchor 4 mse": 4.633543104380745}
{"bot_id": "0000000000000b01", "x": 1.5158139534883726, "y": 1.52, "z": 0, "MSE": 4.639980313683072, "anchor 1 mse": 4.608091941590049, "anchor 2 mse": 4.608091941590049, "anchor 3 mse": 4.633543104380745, "anchor 4 mse": 4.633543104380745}
{"bot_id": "0000000000000b01", "x": 1.5158139534883726, "y": 1.52, "z": 0, "MSE": 4.639980313683072, "anchor 1 mse": 4.608091941590049, "anchor 2 mse": 4.608091941590049, "anchor 3 mse": 4.633543104380745, "anchor 4 mse": 4.633543104380745}
{"bot_id": "0000000000000b01", "x": 1.5158139534883726, "y": 1.52, "z": 0, "MSE": 4.639980313683072, "anchor 1 mse": 4.608091941590049, "anchor 2 mse": 4.608091941590049, "anchor 3 mse": 4.633543104380745, "anchor 4 mse": 4.633543104380745}
{"bot_id": "0000000000000b01", "x": 1.5158139534883726, "y": 1.52, "z": 0, "MSE": 4.639980313683072, "anchor 1 mse": 4.608091941590049, "anchor 2 mse": 4.608091941590049, "anchor 3 mse": 4.633543104380745, "anchor 4 mse": 4.633543104380745}
{"bot_id": "0000000000000b01", "x": 1.5158139534883726, "y": 1.52, "z": 0, "MSE": 4.639980313683072, "anchor 1 mse": 4.608091941590049, "anchor 2 mse": 4.608091941590049, "anchor 3 mse": 4.633543104380745, "anchor 4 mse": 4.633543104380745}
{"bot_id": "0000000000000b01", "x": 1.5158139534883726, "y": 1.52, "z": 0, "MSE": 4.639980313683072, "anchor 1 mse": 4.608091941590049, "anchor 2 mse": 4.608091941590049, "anchor 3 mse": 4.633543104380745, "anchor 4 mse": 4.633543104380745}
{"bot_id": "0000000000000b01", "x": 1.5158139534883726, "y": 1.52, "z": 0, "MSE": 4.639980313683072, "anchor 1 mse": 4.608091941590049, "anchor 2 mse": 4.608091941590049, "anchor 3 mse": 4.633543104380745, "anchor 4 mse": 4.633543104380745}
{"bot_id": "0000000000000b01", "x": 1.5158139534883726, "y": 1.52, "z": 0, "MSE": 4.639980313683072, "anchor 1 mse": 4.608091941590049, "anchor 2 mse": 4.608091941590049, "anchor 3 mse": 4.633543104380745, "anchor 4 mse": 4.633543104380745}
{"bot_id": "0000000000000b01", "x": 1.5158139534883726, "y": 1.52, "z": 0, "MSE": 4.639980313683072, "anchor 1 mse": 4.608091941590049, "anchor 2 mse": 4.608091941590049, "anchor 3 mse": 4.633543104380745, "anchor 4 mse": 4.633543104380745}
{"bot_id": "0000000000000b01", "x": 1.5158139534883726, "y": 1.52, "z": 0, "MSE": 4.639980313683072, "anchor 1 mse": 4.608091941590049, "anchor 2 mse": 4.608091941590049, "anchor 3 mse": 4.633543104380745, "anchor 4 mse": 4.633543104380745}
{"bot_id": "0000000000000b01", "x": 1.5158139534883726, "y": 1.52, "z": 0, "MSE": 4.639980313683072, "anchor 1 mse": 4.608091941590049, "anchor 2 mse": 4.608091941590049, "anchor 3 mse": 4.633543104380745, "anchor 4 mse": 4.633543104380745}
{"bot_id": "0000000000000b01", "x": 1.5158139534883726, "y": 1.52, "z": 0, "MSE": 4.639980313683072, "anchor 1 mse": 4.608091941590049, "anchor 2 mse": 4.608091941590049, "anchor 3 mse": 4.633543104380745, "anchor 4 mse": 4.633543104380745}
{"bot_id": "0000000000000b01", "x": 1.5158139534883726, "y": 1.52, "z": 0, "MSE": 4.639980313683072, "anchor 1 mse": 4.608091941590049, "anchor 2 mse": 4.608091941590049, "anchor 3 mse": 4.633543104380745, "anchor 4 mse": 4.633543104380745}
{"bot_id": "0000000000000b01", "x": 1.5158139534883726, "y": 1.52, "z": 0, "MSE": 4.639980313683072, "anchor 1 mse": 4.608091941590049, "anchor 2 mse": 4.608091941590049, "anchor 3 mse": 4.633543104380745, "anchor 4 mse": 4.633543104380745}
{"bot_id": "0000000000000b01", "x": 1.5158139534883726, "y": 1.52, "z": 0, "MSE": 4.639980313683072, "anchor 1 mse": 4.608091941590049, "anchor 2 mse": 4.608091941590049, "anchor 3 mse": 4.633543104380745, "anchor 4 mse": 4.633543104380745}
{"bot_id": "0000000000000b01", "x": 1.5158139534883726, "y": 1.52, "z": 0, "MSE": 4.639980313683072, "anchor 1 mse": 4.608091941590049, "anchor 2 mse": 4.608091941590049, "anchor 3 mse": 4.633543104380745, "anchor 4 mse": 4.633543104380745}
{"bot_id": "0000000000000b01", "x": 1.5158139534883726, "y": 1.52, "z": 0, "MSE": 4.639980313683072, "anchor 1 mse": 4.608091941590049, "anchor 2 mse": 4.608091941590049, "anchor 3 mse": 4.633543104380745, "anchor 4 mse": 4.633543104380745}
{"bot_id": "0000000000000b01", "x": 1.5158139534883726, "y": 1.52, "z": 0, "MSE": 4.639980313683072, "anchor 1 mse": 4.608091941590049, "anchor 2 mse": 4.608091941590049, "anchor 3 mse": 4.633543104380745, "anchor 4 mse": 4.633543104380745}
{"bot_id": "0000000000000b01", "x": 1.5158139534883726, "y": 1.52, "z": 0, "MSE": 4.639980313683072, "anchor 1 mse": 4.608091941590049, "anchor 2 mse": 4.608091941590049, "anchor 3 mse": 4.633543104380745, "anchor 4 mse": 4.633543104380745}
{"bot_id": "0000000000000b01", "x": 1.5158139534883726, "y": 1.52, "z": 0, "MSE": 4.639980313683072, "anchor 1 mse": 4.608091941590049, "anchor 2 mse": 4.608091941590049, "anchor 3 mse": 4.633543104380745, "anchor 4 mse": 4.633543104380745}
{"bot_id": "0000000000000b01", "x": 1.5158139534883726, "y": 1.52, "z": 0, "MSE": 4.639980313683072, "anchor 1 mse": 4.608091941590049, "anchor 2 mse": 4.608091941590049, "anchor 3 mse": 4.633543104380745, "anchor 4 mse": 4.633543104380745}
{"bot_id": "0000000000000b01", "x": 1.5158139534883726, "y": 1.52, "z": 0, "MSE": 4.639980313683072, "anchor 1 mse": 4.608091941590049, "anchor 2 mse": 4.608091941590049, "anchor 3 mse": 4.633543104380745, "anchor 4 mse": 4.633543104380745}
{"bot_id": "0000000000000b01", "x": 1.5158139534883726, "y": 1.52, "z": 0, "MSE": 4.639980313683072, "anchor 1 mse": 4.608091941590049, "anchor 2 mse": 4.608091941590049, "anchor 3 mse": 4.633543104380745, "anchor 4 mse": 4.633543104380745}
{"bot_id": "0000000000000b01", "x": 1.5158139534883726, "y": 1.52, "z": 0, "MSE": 4.639980313683072, "anchor 1 mse": 4.608091941590049, "anchor 2 mse": 4.608091941590049, "anchor 3 mse": 4.633543104380745, "anchor 4 mse": 4.633543104380745}
{"bot_id": "0000000000000b01", "x": 1.5158139534883726, "y": 1.52, "z": 0, "MSE": 4.639980313683072, "anchor 1 mse": 4.608091941590049, "anchor 2 mse": 4.608091941590049, "anchor 3 mse": 4.633543104380745, "anchor 4 mse": 4.633543104380745}
{"bot_id": "0000000000000b01", "x": 1.5158139534883726, "y": 1.52, "z": 0, "MSE": 4.639980313683072, "anchor 1 mse": 4.608091941590049, "anchor 2 mse": 4.608091941590049, "anchor 3 mse": 4.633543104380745, "anchor 4 mse": 4.633543104380745}
{"bot_id": "0000000000000b01", "x": 1.5158139534883726, "y": 1.52, "z": 0, "MSE": 4.639980313683072, "anchor 1 mse": 4.608091941590049, "anchor 2 mse": 4.608091941590049, "anchor 3 mse": 4.633543104380745, "anchor 4 mse": 4.633543104380745}
{"bot_id": "0000000000000b01", "x": 1.5158139534883726, "y": 1.52, "z": 0, "MSE": 4.639980313683072, "anchor 1 mse": 4.608091941590049, "anchor 2 mse": 4.608091941590049, "anchor 3 mse": 4.633543104380745, "anchor 4 mse": 4.633543104380745}
{"bot_id": "0000000000000b01",