{"bot_id": "0000000000000b01", "x": 0.43732590529247906, "y": 0.9999999999999999, "z": 0.0, "MSE": 10.0, "anchor 1 mse": 1.1912539474398862, "anchor 2 mse": 1.1912539474398862, "anchor 3 mse": 1.316602136854928, "anchor 4 mse": 1.316602136854928}
{"bot_id": "0000000000000b01", "x": 0.43732590529247906, "y": 0.9999999999999999, "z": 0.0, "MSE": 10.0, "anchor 1 mse": 1.1912539474398862, "anchor 2 mse": 1.1912539474398862, "anchor 3 mse": 1.316602136854928, "anchor 4 mse": 1.316602136854928}
{"bot_id": "0000000000000b01", "x": 0.43732590529247906, "y": 0.9999999999999999, "z": 0.0, "MSE": 10.0, "anchor 1 mse": 1.1912539474398862, "anchor 2 mse": 1.1912539474398862, "anchor 3 mse": 1.316602136854928, "anchor 4 mse": 1.316602136854928}
{"bot_id": "0000000000000b01", "x": 0.43732590529247906, "y": 0.9999999999999999, "z": 0.0, "MSE": 10.0, "anchor 1 mse": 1.1912539474398862, "anchor 2 mse": 1.1912539474398862, "anchor 3 mse": 1.316602136854928, "anchor 4 mse": 1.316602136854928}
{"bot_id": "0000000000000b01", "x": 0.43732590529247906, "y": 0.9999999999999999, "z": 0.0, "MSE": 10.0, "anchor 1 mse": 1.1912539474398862, "anchor 2 mse": 1.1912539474398862, "anchor 3 mse": 1.316602136854928, "anchor 4 mse": 1.316602136854928}
{"bot_id": "0000000000000b01", "x": 0.43732590529247906, "y": 0.9999999999999999, "z": 0.0, "MSE": 10.0, "anchor 1 mse": 1.1912539474398862, "anchor 2 mse": 1.1912539474398862, "anchor 3 mse": 1.316602136854928, "anchor 4 mse": 1.316602136854928}
{"bot_id": "0000000000000b01", "x": 0.43732590529247906, "y": 0.9999999999999999, "z": 0.0, "MSE": 10.0, "anchor 1 mse": 1.1912539474398862, "anchor 2 mse": 1.1912539474398862, "anchor 3 mse": 1.316602136854928, "anchor 4 mse": 1.316602136854928}
{"bot_id": "0000000000000b01", "x": 0.43732590529247906, "y": 0.9999999999999999, "z": 0.0, "MSE": 10.0, "anchor 1 mse": 1.1912539474398862, "anchor 2 mse": 1.1912539474398862, "anchor 3 mse": 1.316602136854928, "anchor 4 mse": 1.316602136854928}
{"bot_id": "0000000000000b01", "x": 0.43732590529247906, "y": 0.9999999999999999, "z": 0.0, "MSE": 10.0, "anchor 1 mse": 1.1912539474398862, "anchor 2 mse": 1.1912539474398862, "anchor 3 mse": 1.316602136854928, "anchor 4 mse": 1.316602136854928}
{"bot_id": "0000000000000b01", "x": 0.43732590529247906, "y": 0.9999999999999999, "z": 0.0, "MSE": 10.0, "anchor 1 mse": 1.1912539474398862, "anchor 2 mse": 1.1912539474398862, "anchor 3 mse": 1.316602136854928, "anchor 4 mse": 1.316602136854928}
{"bot_id": "0000000000000b01", "x": 0.43732590529247906, "y": 0.9999999999999999, "z": 0.0, "MSE": 10.0, "anchor 1 mse": 1.1912539474398862, "anchor 2 mse": 1.1912539474398862, "anchor 3 mse": 1.316602136854928, "anchor 4 mse": 1.316602136854928}
{"bot_id": "0000000000000b01", "x": 0.43732590529247906, "y": 0.9999999999999999, "z": 0.0, "MSE": 10.0, "anchor 1 mse": 1.1912539474398862, "anchor 2 mse": 1.1912539474398862, "anchor 3 mse": 1.316602136854928, "anchor 4 mse": 1.316602136854928}
{"bot_id": "0000000000000b01", "x": 0.43732590529247906, "y": 0.9999999999999999, "z": 0.0, "MSE": 10.0, "anchor 1 mse": 1.1912539474398862, "anchor 2 mse": 1.1912539474398862, "anchor 3 mse": 1.316602136854928, "anchor 4 mse": 1.316602136854928}
{"bot_id": "0000000000000b01", "x": 0.43732590529247906, "y": 0.9999999999999999, "z": 0.0, "MSE": 10.0, "anchor 1 mse": 1.1912539474398862, "anchor 2 mse": 1.1912539474398862, "anchor 3 mse": 1.316602136854928, "anchor 4 mse": 1.316602136854928}
{"bot_id": "0000000000000b01", "x": 0.43732590529247906, "y": 0.9999999999999999, "z": 0.0, "MSE": 10.0, "anchor 1 mse": 1.1912539474398862, "anchor 2 mse": 1.1912539474398862, "anchor 3 mse": 1.316602136854928, "anchor 4 mse": 1.316602136854928}
{"bot_id": "0000000000000b01", "x": 0.43732590529247906, "y": 0.9999999999999999, "z": 0.0, "MSE": 10.0, "anchor 1 mse": 1.1912539474398862, "anchor 2 mse": 1.1912539474398862, "anchor 3 mse": 1.316602136854928, "anchor 4 mse": 1.316602136854928}
{"bot_id": "0000000000000b01", "x": 0.43732590529247906, "y": 0.9999999999999999, "z": 0.0, "MSE": 10.0, "anchor 1 mse": 1.1912539474398862, "anchor 2 mse": 1.1912539474398862, "anchor 3 mse": 1.316602136854928, "anchor 4 mse": 1.316602136854928}
{"bot_id": "0000000000000b01", "x": 0.43732590529247906, "y": 0.9999999999999999, "z": 0.0, "MSE": 10.0, "anchor 1 mse": 1.1912539474398862, "anchor 2 mse": 1.1912539474398862, "anchor 3 mse": 1.316602136854928, "anchor 4 mse": 1.316602136854928}
{"bot_id": "0000000000000b01", "x": 0.43732590529247906, "y": 0.9999999999999999, "z": 0.0, "MSE": 10.0, "anchor 1 mse": 1.1912539474398862, "anchor 2 mse": 1.1912539474398862, "anchor 3 mse": 1.316602136854928, "anchor 4 mse": 1.316602136854928}
{"bot_id": "0000000000000b01", "x": 0.43732590529247906, "y": 0.9999999999999999, "z": 0.0, "MSE": 10.0, "anchor 1 mse": 1.1912539474398862, "anchor 2 mse": 1.1912539474398862, "anchor 3 mse": 1.316602136854928, "anchor 4 mse": 1.316602136854928}
{"bot_id": "0000000000000b01", "x": 0.43732590529247906, "y": 0.9999999999999999, "z": 0.0, "MSE": 10.0, "anchor 1 mse": 1.1912539474398862, "anchor 2 mse": 1.1912539474398862, "anchor 3 mse": 1.316602136854928, "anchor 4 mse": 1.316602136854928}
{"bot_id": "0000000000000b01", "x": 0.43732590529247906, "y": 0.9999999999999999, "z": 0.0, "MSE": 10.0, "anchor 1 mse": 1.1912539474398862, "anchor 2 mse": 1.1912539474398862, "anchor 3 mse": 1.316602136854928, "anchor 4 mse": 1.316602136854928}
{"bot_id": "0000000000000b01", "x": 0.43732590529247906, "y": 0.9999999999999999, "z": 0.0, "MSE": 10.0, "anchor 1 mse": 1.1912539474398862, "anchor 2 mse": 1.1912539474398862, "anchor 3 mse": 1.316602136854928, "anchor 4 mse": 1.316602136854928}
{"bot_id": "0000000000000b01", "x": 0.43732590529247906, "y": 0.9999999999999999, "z": 0.0, "MSE": 10.0, "anchor 1 mse": 1.1912539474398862, "anchor 2 mse": 1.1912539474398862, "anchor 3 mse": 1.316602136854928, "anchor 4 mse": 1.316602136854928}
{"bot_id": "0000000000000b01", "x": 0.43732590529247906, "y": 0.9999999999999999, "z": 0.0, "MSE": 10.0, "anchor 1 mse": 1.1912539474398862, "anchor 2 mse": 1.1912539474398862, "anchor 3 mse": 1.316602136854928, "anchor 4 mse": 1.316602136854928}
{"bot_id": "0000000000000b01", "x": 0.43732590529247906, "y": 0.9999999999999999, "z": 0.0, "MSE": 10.0, "anchor 1 mse": 1.1912539474398862, "anchor 2 mse": 1.1912539474398862, "anchor 3 mse": 1.316602136854928, "anchor 4 mse": 1.316602136854928}
{"bot_id": "0000000000000b01", "x": 0.43732590529247906, "y": 0.9999999999999999, "z": 0.0, "MSE": 10.0, "anchor 1 mse": 1.1912539474398862, "anchor 2 mse": 1.1912539474398862, "anchor 3 mse": 1.316602136854928, "anchor 4 mse": 1.316602136854928}
{"bot_id": "0000000000000b01", "x": 0.43732590529247906, "y": 0.9999999999999999, "z": 0.0, "MSE": 10.0, "anchor 1 mse": 1.1912539474398862, "anchor 2 mse": 1.1912539474398862, "anchor 3 mse": 1.316602136854928, "anchor 4 mse": 1.316602136854928}
{"bot_id": "0000000000000b01", "x": 0.43732590529247906, "y": 0.9999999999999999, "z": 0.0, "MSE": 10.0, "anchor 1 mse": 1.1912539474398862, "anchor 2 mse": 1.1912539474398862, "anchor 3 mse": 1.316602136854928, "anchor 4 mse": 1.316602136854928}
{"bot_id": "0000000000000b01", "x": 0.43732590529247906, "y": 0.9999999999999999, "z": 0.0, "MSE": 10.0, "anchor 1 mse": 1.1912539474398862, "anchor 2 mse": 1.1912539474398862, "anchor 3 mse": 1.316602136854928, "anchor 4 mse": 1.316602136854928}
{"bot_id": "0000000000000b01", "x": 0.43732590529247906, "y": 0.9999999999999999, "z": 0.0, "MSE": 10.0, "anchor 1 mse": 1.1912539474398862, "anchor 2 mse": 1.1912539474398862, "anchor 3 mse": 1.316602136854928, "anchor 4 mse": 1.316602136854928}
{"bot_id": "0000000000000b01", "x": 0.43732590529247906, "y": 0.9999999999999999, "z": 0.0, "MSE": 10.0, "anchor 1 mse": 1.1912539474398862, "anchor 2 mse": 1.1912539474398862, "anchor 3 mse": 1.316602136854928, "anchor 4 mse": 1.316602136854928}
{"bot_id": "0000000000000b01", "x": 0.43732590529247906, "y": 0.9999999999999999, "z": 0.0,