{"bot_id": "0000000000000b01", "x": 0.3571469703630511, "y": 5.509621730686442, "z": 0, "MSE": 0.5027137376853836, "anchor 1 mse": 0.029304359087553147, "anchor 2 mse": 0.5787026201977093, "anchor 3 mse": 0.470815606383154, "anchor 4 mse": 0.8800350365660287}
{"bot_id": "0000000000000b01", "x": 0.3571469703630511, "y": 5.509621730686442, "z": 0, "MSE": 0.5027137376853836, "anchor 1 mse": 0.029304359087553147, "anchor 2 mse": 0.5787026201977093, "anchor 3 mse": 0.470815606383154, "anchor 4 mse": 0.8800350365660287}
{"bot_id": "0000000000000b01", "x": 0.3571469703630511, "y": 5.509621730686442, "z": 0, "MSE": 0.5027137376853836, "anchor 1 mse": 0.029304359087553147, "anchor 2 mse": 0.5787026201977093, "anchor 3 mse": 0.470815606383154, "anchor 4 mse": 0.8800350365660287}
{"bot_id": "0000000000000b01", "x": 0.3571469703630511, "y": 5.509621730686442, "z": 0, "MSE": 0.5027137376853836, "anchor 1 mse": 0.029304359087553147, "anchor 2 mse": 0.5787026201977093, "anchor 3 mse": 0.470815606383154, "anchor 4 mse": 0.8800350365660287}
{"bot_id": "0000000000000b01", "x": 0.3571469703630511, "y": 5.509621730686442, "z": 0, "MSE": 0.5027137376853836, "anchor 1 mse": 0.029304359087553147, "anchor 2 mse": 0.5787026201977093, "anchor 3 mse": 0.470815606383154, "anchor 4 mse": 0.8800350365660287}
{"bot_id": "0000000000000b01", "x": 0.3571469703630511, "y": 5.509621730686442, "z": 0, "MSE": 0.5027137376853836, "anchor 1 mse": 0.029304359087553147, "anchor 2 mse": 0.5787026201977093, "anchor 3 mse": 0.470815606383154, "anchor 4 mse": 0.8800350365660287}
{"bot_id": "0000000000000b01", "x": 0.3571469703630511, "y": 5.509621730686442, "z": 0, "MSE": 0.5027137376853836, "anchor 1 mse": 0.029304359087553147, "anchor 2 mse": 0.5787026201977093, "anchor 3 mse": 0.470815606383154, "anchor 4 mse": 0.8800350365660287}
{"bot_id": "0000000000000b01", "x": 0.3571469703630511, "y": 5.509621730686442, "z": 0, "MSE": 0.5027137376853836, "anchor 1 mse": 0.029304359087553147, "anchor 2 mse": 0.5787026201977093, "anchor 3 mse": 0.470815606383154, "anchor 4 mse": 0.8800350365660287}
{"bot_id": "0000000000000b01", "x": 0.3571469703630511, "y": 5.509621730686442, "z": 0, "MSE": 0.5027137376853836, "anchor 1 mse": 0.029304359087553147, "anchor 2 mse": 0.5787026201977093, "anchor 3 mse": 0.470815606383154, "anchor 4 mse": 0.8800350365660287}
{"bot_id": "0000000000000b01", "x": 0.3571469703630511, "y": 5.509621730686442, "z": 0, "MSE": 0.5027137376853836, "anchor 1 mse": 0.029304359087553147, "anchor 2 mse": 0.5787026201977093, "anchor 3 mse": 0.470815606383154, "anchor 4 mse": 0.8800350365660287}
{"bot_id": "0000000000000b01", "x": 0.3571469703630511, "y": 5.509621730686442, "z": 0, "MSE": 0.5027137376853836, "anchor 1 mse": 0.029304359087553147, "anchor 2 mse": 0.5787026201977093, "anchor 3 mse": 0.470815606383154, "anchor 4 mse": 0.8800350365660287}
{"bot_id": "0000000000000b01", "x": 0.3571469703630511, "y": 5.509621730686442, "z": 0, "MSE": 0.5027137376853836, "anchor 1 mse": 0.029304359087553147, "anchor 2 mse": 0.5787026201977093, "anchor 3 mse": 0.470815606383154, "anchor 4 mse": 0.8800350365660287}
{"bot_id": "0000000000000b01", "x": 0.3571469703630511, "y": 5.509621730686442, "z": 0, "MSE": 0.5027137376853836, "anchor 1 mse": 0.029304359087553147, "anchor 2 mse": 0.5787026201977093, "anchor 3 mse": 0.470815606383154, "anchor 4 mse": 0.8800350365660287}
{"bot_id": "0000000000000b01", "x": 0.3571469703630511, "y": 5.509621730686442, "z": 0, "MSE": 0.5027137376853836, "anchor 1 mse": 0.029304359087553147, "anchor 2 mse": 0.5787026201977093, "anchor 3 mse": 0.470815606383154, "anchor 4 mse": 0.8800350365660287}
{"bot_id": "0000000000000b01", "x": 0.3571469703630511, "y": 5.509621730686442, "z": 0, "MSE": 0.5027137376853836, "anchor 1 mse": 0.029304359087553147, "anchor 2 mse": 0.5787026201977093, "anchor 3 mse": 0.470815606383154, "anchor 4 mse": 0.8800350365660287}
{"bot_id": "0000000000000b01", "x": 0.3571469703630511, "y": 5.509621730686442, "z": 0, "MSE": 0.5027137376853836, "anchor 1 mse": 0.029304359087553147, "anchor 2 mse": 0.5787026201977093, "anchor 3 mse": 0.470815606383154, "anchor 4 mse": 0.8800350365660287}
{"bot_id": "0000000000000b01", "x": 0.3571469703630511, "y": 5.509621730686442, "z": 0, "MSE": 0.5027137376853836, "anchor 1 mse": 0.029304359087553147, "anchor 2 mse": 0.5787026201977093, "anchor 3 mse": 0.470815606383154, "anchor 4 mse": 0.8800350365660287}
{"bot_id": "0000000000000b01", "x": 0.3571469703630511, "y": 5.509621730686442, "z": 0, "MSE": 0.5027137376853836, "anchor 1 mse": 0.029304359087553147, "anchor 2 mse": 0.5787026201977093, "anchor 3 mse": 0.470815606383154, "anchor 4 mse": 0.8800350365660287}
{"bot_id": "0000000000000b01", "x": 0.3571469703630511, "y": 5.509621730686442, "z": 0, "MSE": 0.5027137376853836, "anchor 1 mse": 0.029304359087553147, "anchor 2 mse": 0.5787026201977093, "anchor 3 mse": 0.470815606383154, "anchor 4 mse": 0.8800350365660287}
