{"bot_id": "0000000000000b02", "x": 0.7849248808656162, "y": 0.3712883027961438, "z": 0.0, "MSE": 17.88723892228099, "anchor 1 mse": 0.7539620723951428, "anchor 2 mse": 0.2937805297402079, "anchor 3 mse": 0.2528590337061325, "anchor 4 mse": 0.18411231066391032}
{"bot_id": "0000000000000b02", "x": 0.773694310525131, "y": 0.374415703129513, "z": 0.0, "MSE": 17.262466374396976, "anchor 1 mse": 0.7387900048889254, "anchor 2 mse": 0.3021557080797048, "anchor 3 mse": 0.2512628653583354, "anchor 4 mse": 0.107252607338433}
{"bot_id": "0000000000000b02", "x": 0.773694310525131, "y": 0.374415703129513, "z": 0.0, "MSE": 17.262466374396976, "anchor 1 mse": 0.7387900048889254, "anchor 2 mse": 0.3021557080797048, "anchor 3 mse": 0.2512628653583354, "anchor 4 mse": 0.107252607338433}
{"bot_id": "0000000000000b02", "x": 0.773694310525131, "y": 0.374415703129513, "z": 0.0, "MSE": 17.262466374396976, "anchor 1 mse": 0.7387900048889254, "anchor 2 mse": 0.3021557080797048, "anchor 3 mse": 0.2512628653583354, "anchor 4 mse": 0.107252607338433}
{"bot_id": "0000000000000b02", "x": 0.773694310525131, "y": 0.374415703129513, "z": 0.0, "MSE": 17.262466374396976, "anchor 1 mse": 0.7387900048889254, "anchor 2 mse": 0.3021557080797048, "anchor 3 mse": 0.2512628653583354, "anchor 4 mse": 0.107252607338433}
{"bot_id": "0000000000000b02", "x": 0.773694310525131, "y": 0.374415703129513, "z": 0.0, "MSE": 17.262466374396976, "anchor 1 mse": 0.7387900048889254, "anchor 2 mse": 0.3021557080797048, "anchor 3 mse": 0.2512628653583354, "anchor 4 mse": 0.107252607338433}
{"bot_id": "0000000000000b01", "x": 0.5540260672795725, "y": 1.3413688187921082, "z": 0.0, "MSE": 8.234123030546135, "anchor 1 mse": 0.06826751796684702, "anchor 2 mse": 0.7407399160845722, "anchor 3 mse": 0.632687781525427, "anchor 4 mse": 1.9981630566938604}
{"bot_id": "0000000000000b01", "x": 0.5540260672795725, "y": 1.3413688187921082, "z": 0.0, "MSE": 8.234123030546135, "anchor 1 mse": 0.06826751796684702, "anchor 2 mse": 0.7407399160845722, "anchor 3 mse": 0.632687781525427, "anchor 4 mse": 1.9981630566938604}
{"bot_id": "0000000000000b01", "x": 0.9006877760091533, "y": 1.0336953399250908, "z": 0.0, "MSE": 7.059708593692999, "anchor 1 mse": 0.0327773096680788, "anchor 2 mse": 0.022794389566092994, "anchor 3 mse": 0.943607613916494, "anchor 4 mse": 1.078388973616857}
{"bot_id": "0000000000000b01", "x": 0.9006877760091533, "y": 1.0336953399250908, "z": 0.0, "MSE": 7.059708593692999, "anchor 1 mse": 0.0327773096680788, "anchor 2 mse": 0.022794389566092994, "anchor 3 mse": 0.943607613916494, "anchor 4 mse": 1.078388973616857}
{"bot_id": "0000000000000b01", "x": 0.9006877760091533, "y": 1.0336953399250908, "z": 0.0, "MSE": 7.059708593692999, "anchor 1 mse": 0.0327773096680788, "anchor 2 mse": 0.022794389566092994, "anchor 3 mse": 0.943607613916494, "anchor 4 mse": 1.078388973616857}
{"bot_id": "0000000000000b01", "x": 0.9006877760091533, "y": 1.0336953399250908, "z": 0.0, "MSE": 7.059708593692999, "anchor 1 mse": 0.0327773096680788, "anchor 2 mse": 0.022794389566092994, "anchor 3 mse": 0.943607613916494, "anchor 4 mse": 1.078388973616857}
{"bot_id": "0000000000000b01", "x": 0.821857949054118, "y": 0.3552292063652786, "z": 0.0, "MSE": 5.132419616696928, "anchor 1 mse": 0.08682301427608895, "anchor 2 mse": 0.4471246905233254, "anchor 3 mse": 0.08738540042798457, "anchor 4 mse": 0.1579223793701109}
{"bot_id": "0000000000000b01", "x": 0.821857949054118, "y": 0.3552292063652786, "z": 0.0, "MSE": 5.132419616696928, "anchor 1 mse": 0.08682301427608895, "anchor 2 mse": 0.4471246905233254, "anchor 3 mse": 0.08738540042798457, "anchor 4 mse": 0.1579223793701109}
{"bot_id": "0000000000000b01", "x": 0.821857949054118, "y": 0.3552292063652786, "z": 0.0, "MSE": 5.132419616696928, "anchor 1 mse": 0.08682301427608895, "anchor 2 mse": 0.4471246905233254, "anchor 3 mse": 0.08738540042798457, "anchor 4 mse": 0.1579223793701109}
{"bot_id": "0000000000000b01", "x": -0.4506922129151459, "y": 0.9972504960141994, "z": 0.0, "MSE": 4.221321793473928, "anchor 1 mse": 0.009146291853618196, "anchor 2 mse": 0.004987592043725608, "anchor 3 mse": 0.03477355597224785, "anchor 4 mse": 0.5189795518306293}
{"bot_id": "0000000000000b01", "x": -0.4506922129151459, "y": 0.9972504960141994, "z": 0.0, "MSE": 4.221321793473928, "anchor 1 mse": 0.009146291853618196, "anchor 2 mse": 0.004987592043725608, "anchor 3 mse": 0.03477355597224785, "anchor 4 mse": 0.5189795518306293}
{"bot_id": "0000000000000b01", "x": -0.4506922129151459, "y": 0.9972504960141994, "z": 0.0, "MSE": 4.221321793473928, "anchor 1 mse": 0.009146291853618196, "anchor 2 mse": 0.004987592043725608, "anchor 3 mse": 0.03477355597224785, "anchor 4 mse": 0.5189795518306293}
{"bot_id": "0000000000000b01", "x": -0.4506922129151459, "y": 0.9972504960141994, "z": 0.0, "MSE": 4.221321793473928, "anchor 1 mse": 0.009146291853618196, "anchor 2 mse": 0.004987592043725608, "anchor 3 mse": 0.03477355597224785, "anchor 4 mse": 0.5189795518306293}
{"bot_id": "0000000000000b01", "x": -0.4506922129151459, "y": 0.9972504960141994, "z": 0.0, "MSE": 4.221321793473928, "anchor 1 mse": 0.009146291853618196, "anchor 2 mse": 0.004987592043725608, "anchor 3 mse": 0.03477355597224785, "anchor 4 mse": 0.5189795518306293}
{"bot_id": "0000000000000b02", "x": 0.2922760410644195, "y": 1.3524838027959554, "z": 0.0, "MSE": 10.270198857053789, "anchor 1 mse": 0.22685754868840027, "anchor 2 mse": 2.6882088826992874, "anchor 3 mse": 0.03267247221923064, "anchor 4 mse": 2.0063640420108455}
{"bot_id": "0000000000000b02", "x": 0.2922760410644195, "y": 1.3524838027959554, "z": 0.0, "MSE": 10.270198857053789, "anchor 1 mse": 0.22685754868840027, "anchor 2 mse": 2.6882088826992874, "anchor 3 mse": 0.03267247221923064, "anchor 4 mse": 2.0063640420108455}
{"bot_id": "0000000000000b02", "x": 0.2922760410644195, "y": 1.3524838027959554, "z": 0.0, "MSE": 10.270198857053789, "anchor 1 mse": 0.22685754868840027, "anchor 2 mse": 2.6882088826992874, "anchor 3 mse": 0.03267247221923064, "anchor 4 mse": 2.0063640420108455}
{"bot_id": "0000000000000b02", "x": 0.2922760410644195, "y": 1.3524838027959554, "z": 0.0, "MSE": 10.270198857053789, "anchor 1 mse": 0.22685754868840027, "anchor 2 mse": 2.6882088826992874, "anchor 3 mse": 0.03267247221923064, "anchor 4 mse": 2.0063640420108455}
{"bot_id": "0000000000000b02", "x": 0.2922760410644195, "y": 1.3524838027959554, "z": 0.0, "MSE": 10.270198857053789, "anchor 1 mse": 0.22685754868840027, "anchor 2 mse": 2.6882088826992874, "anchor 3 mse": 0.03267247221923064, "anchor 4 mse": 2.0063640420108455}
{"bot_id": "0000000000000b02", "x": 0.2922760410644195, "y": 1.3524838027959554, "z": 0.0, "MSE": 10.270198857053789, "anchor 1 mse": 0.22685754868840027, "anchor 2 mse": 2.6882088826992874, "anchor 3 mse": 0.03267247221923064, "anchor 4 mse": 2.0063640420108455}
{"bot_id": "0000000000000b02", "x": 0.2922760410644195, "y": 1.3524838027959554, "z": 0.0, "MSE": 10.270198857053789, "anchor 1 mse": 0.22685754868840027, "anchor 2 mse": 2.6882088826992874, "anchor 3 mse": 0.03267247221923064, "anchor 4 mse": 2.0063640420108455}
{"bot_id": "0000000000000b02", "x": 0.2922760410644195, "y": 1.3524838027959554, "z": 0.0, "MSE": 10.270198857053789, "anchor 1 mse": 0.22685754868840027, "anchor 2 mse": 2.6882088826992874, "anchor 3 mse": 0.03267247221923064, "anchor 4 mse": 2.0063640420108455}
{"bot_id": "0000000000000b02", "x": 0.2922760410644195, "y": 1.3524838027959554, "z": 0.0, "MSE": 10.270198857053789, "anchor 1 mse": 0.22685754868840027, "anchor 2 mse": 2.6882088826992874, "anchor 3 mse": 0.03267247221923064, "anchor 4 mse": 2.0063640420108455}
{"bot_id": "0000000000000b02", "x": 0.2922760410644195, "y": 1.3524838027959554, "z": 0.0, "MSE": 10.270198857053789, "anchor 1 mse": 0.22685754868840027, "anchor 2 mse": 2.6882088826992874, "anchor 3 mse": 0.03267247221923064, "anchor 4 mse": 2.0063640420108455}
{"bot_id": "0000000000000b02", "x": 0.2922760410644195, "y": 1.3524838027959554, "z": 0.0,