{"bot_id": "0000000000000b01", "x": 0.015151115254347453, "y": 5.601762956639514, "z": 0, "MSE": 0.40660910972912484, "anchor 1 mse": 0.33847197832965464, "anchor 2 mse": 0.5900577041351834, "anchor 3 mse": 0.32131705008551575, "anchor 4 mse": 0.2268379969928899}
{"bot_id": "0000000000000b01", "x": 0.015151115254347453, "y": 5.601762956639514, "z": 0, "MSE": 0.40660910972912484, "anchor 1 mse": 0.33847197832965464, "anchor 2 mse": 0.5900577041351834, "anchor 3 mse": 0.32131705008551575, "anchor 4 mse": 0.2268379969928899}
{"bot_id": "0000000000000b01", "x": 0.015151115254347453, "y": 5.601762956639514, "z": 0, "MSE": 0.40660910972912484, "anchor 1 mse": 0.33847197832965464, "anchor 2 mse": 0.5900577041351834, "anchor 3 mse": 0.32131705008551575, "anchor 4 mse": 0.2268379969928899}
{"bot_id": "0000000000000b01", "x": 0.015151115254347453, "y": 5.601762956639514, "z": 0, "MSE": 0.40660910972912484, "anchor 1 mse": 0.33847197832965464, "anchor 2 mse": 0.5900577041351834, "anchor 3 mse": 0.32131705008551575, "anchor 4 mse": 0.2268379969928899}
{"bot_id": "0000000000000b01", "x": 0.015151115254347453, "y": 5.601762956639514, "z": 0, "MSE": 0.40660910972912484, "anchor 1 mse": 0.33847197832965464, "anchor 2 mse": 0.5900577041351834, "anchor 3 mse": 0.32131705008551575, "anchor 4 mse": 0.2268379969928899}
{"bot_id": "0000000000000b01", "x": 0.015151115254347453, "y": 5.601762956639514, "z": 0, "MSE": 0.40660910972912484, "anchor 1 mse": 0.33847197832965464, "anchor 2 mse": 0.5900577041351834, "anchor 3 mse": 0.32131705008551575, "anchor 4 mse": 0.2268379969928899}
{"bot_id": "0000000000000b01", "x": 0.015151115254347453, "y": 5.601762956639514, "z": 0, "MSE": 0.40660910972912484, "anchor 1 mse": 0.33847197832965464, "anchor 2 mse": 0.5900577041351834, "anchor 3 mse": 0.32131705008551575, "anchor 4 mse": 0.2268379969928899}
{"bot_id": "0000000000000b01", "x": 0.015151115254347453, "y": 5.601762956639514, "z": 0, "MSE": 0.40660910972912484, "anchor 1 mse": 0.33847197832965464, "anchor 2 mse": 0.5900577041351834, "anchor 3 mse": 0.32131705008551575, "anchor 4 mse": 0.2268379969928899}
{"bot_id": "0000000000000b01", "x": 0.015151115254347453, "y": 5.601762956639514, "z": 0, "MSE": 0.40660910972912484, "anchor 1 mse": 0.33847197832965464, "anchor 2 mse": 0.5900577041351834, "anchor 3 mse": 0.32131705008551575, "anchor 4 mse": 0.2268379969928899}
{"bot_id": "0000000000000b01", "x": 0.015151115254347453, "y": 5.601762956639514, "z": 0, "MSE": 0.40660910972912484, "anchor 1 mse": 0.33847197832965464, "anchor 2 mse": 0.5900577041351834, "anchor 3 mse": 0.32131705008551575, "anchor 4 mse": 0.2268379969928899}
{"bot_id": "0000000000000b01", "x": 0.015151115254347453, "y": 5.601762956639514, "z": 0, "MSE": 0.40660910972912484, "anchor 1 mse": 0.33847197832965464, "anchor 2 mse": 0.5900577041351834, "anchor 3 mse": 0.32131705008551575, "anchor 4 mse": 0.2268379969928899}
{"bot_id": "0000000000000b01", "x": 0.015151115254347453, "y": 5.601762956639514, "z": 0, "MSE": 0.40660910972912484, "anchor 1 mse": 0.33847197832965464, "anchor 2 mse": 0.5900577041351834, "anchor 3 mse": 0.32131705008551575, "anchor 4 mse": 0.2268379969928899}
{"bot_id": "0000000000000b01", "x": 0.015151115254347453, "y": 5.601762956639514, "z": 0, "MSE": 0.40660910972912484, "anchor 1 mse": 0.33847197832965464, "anchor 2 mse": 0.5900577041351834, "anchor 3 mse": 0.32131705008551575, "anchor 4 mse": 0.2268379969928899}
{"bot_id": "0000000000000b01", "x": 0.015151115254347453, "y": 5.601762956639514, "z": 0, "MSE": 0.40660910972912484, "anchor 1 mse": 0.33847197832965464, "anchor 2 mse": 0.5900577041351834, "anchor 3 mse": 0.32131705008551575, "anchor 4 mse": 0.2268379969928899}
{"bot_id": "0000000000000b01", "x": 0.015151115254347453, "y": 5.601762956639514, "z": 0, "MSE": 0.40660910972912484, "anchor 1 mse": 0.33847197832965464, "anchor 2 mse": 0.5900577041351834, "anchor 3 mse": 0.32131705008551575, "anchor 4 mse": 0.2268379969928899}
{"bot_id": "0000000000000b01", "x": 0.015151115254347453, "y": 5.601762956639514, "z": 0, "MSE": 0.40660910972912484, "anchor 1 mse": 0.33847197832965464, "anchor 2 mse": 0.5900577041351834, "anchor 3 mse": 0.32131705008551575, "anchor 4 mse": 0.2268379969928899}
{"bot_id": "0000000000000b01", "x": 0.015151115254347453, "y": 5.601762956639514, "z": 0, "MSE": 0.40660910972912484, "anchor 1 mse": 0.33847197832965464, "anchor 2 mse": 0.5900577041351834, "anchor 3 mse": 0.32131705008551575, "anchor 4 mse": 0.2268379969928899}
{"bot_id": "0000000000000b01", "x": 0.015151115254347453, "y": 5.601762956639514, "z": 0, "MSE": 0.40660910972912484, "anchor 1 mse": 0.33847197832965464, "anchor 2 mse": 0.5900577041351834, "anchor 3 mse": 0.32131705008551575, "anchor 4 mse": 0.2268379969928899}
{"bot_id": "0000000000000b01", "x": 0.015151115254347453, "y": 5.601762956639514, "z": 0, "MSE": 0.40660910972912484, "anchor 1 mse": 0.33847197832965464, "anchor 2 mse": 0.5900577041351834, "anchor 3 mse": 0.32131705008551575, "anchor 4 mse": 0.2268379969928899}
{"bot_id": "0000000000000b01", "x": 0.015151115254347453, "y": 5.601762956639514, "z": 0, "MSE": 0.40660910972912484, "anchor 1 mse": 0.33847197832965464, "anchor 2 mse": 0.5900577041351834, "anchor 3 mse": 0.32131705008551575, "anchor 4 mse": 0.2268379969928899}
{"bot_id": "0000000000000b01", "x": 0.015151115254347453, "y": 5.601762956639514, "z": 0, "MSE": 0.40660910972912484, "anchor 1 mse": 0.33847197832965464, "anchor 2 mse": 0.5900577041351834, "anchor 3 mse": 0.32131705008551575, "anchor 4 mse": 0.2268379969928899}
{"bot_id": "0000000000000b01", "x": 0.015151115254347453, "y": 5.601762956639514, "z": 0, "MSE": 0.40660910972912484, "anchor 1 mse": 0.33847197832965464, "anchor 2 mse": 0.5900577041351834, "anchor 3 mse": 0.32131705008551575, "anchor 4 mse": 0.2268379969928899}
{"bot_id": "0000000000000b01", "x": 0.015151115254347453, "y": 5.601762956639514, "z": 0, "MSE": 0.40660910972912484, "anchor 1 mse": 0.33847197832965464, "anchor 2 mse": 0.5900577041351834, "anchor 3 mse": 0.32131705008551575, "anchor 4 mse": 0.2268379969928899}
{"bot_id": "0000000000000b01", "x": 0.015151115254347453, "y": 5.601762956639514, "z": 0, "MSE": 0.40660910972912484, "anchor 1 mse": 0.33847197832965464, "anchor 2 mse": 0.5900577041351834, "anchor 3 mse": 0.32131705008551575, "anchor 4 mse": 0.2268379969928899}
{"bot_id": "0000000000000b01", "x": 0.015151115254347453, "y": 5.601762956639514, "z": 0, "MSE": 0.40660910972912484, "anchor 1 mse": 0.33847197832965464, "anchor 2 mse": 0.5900577041351834, "anchor 3 mse": 0.32131705008551575, "anchor 4 mse": 0.2268379969928899}
{"bot_id": "0000000000000b01", "x": 0.015151115254347453, "y": 5.601762956639514, "z": 0, "MSE": 0.40660910972912484, "anchor 1 mse": 0.33847197832965464, "anchor 2 mse": 0.5900577041351834, "anchor 3 mse": 0.32131705008551575, "anchor 4 mse": 0.2268379969928899}
{"bot_id": "0000000000000b01", "x": 0.015151115254347453, "y": 5.601762956639514, "z": 0, "MSE": 0.40660910972912484, "anchor 1 mse": 0.33847197832965464, "anchor 2 mse": 0.5900577041351834, "anchor 3 mse": 0.32131705008551575, "anchor 4 mse": 0.2268379969928899}
{"bot_id": "0000000000000b01", "x": 0.015151115254347453, "y": 5.601762956639514, "z": 0, "MSE": 0.40660910972912484, "anchor 1 mse": 0.33847197832965464, "anchor 2 mse": 0.5900577041351834, "anchor 3 mse": 0.32131705008551575, "anchor 4 mse": 0.2268379969928899}
{"bot_id": "0000000000000b01", "x": 0.012368138160984948, "y": 5.601829348930704, "z": 0, "MSE": 0.4075753552405128, "anchor 1 mse": 0.33854127963349273, "anchor 2 mse": 0.5899992292251204, "anchor 3 mse": 0.3184122313580303, "anchor 4 mse": 0.2378086661971316}
{"bot_id": "0000000000000b01", "x": 0.012368138160984948, "y": 5.601829348930704, "z": 0, "MSE": 0.4075753552405128, "anchor 1 mse": 0.33854127963349273, "anchor 2 mse": 0.5842524361772078, "anchor 3 mse": 0.3184122313580303, "anchor 4 mse": 0.2378086661971316}
{"bot_id": "0000000000000b01", "x": 0.017406901705681627, "y": 5.591199366996465,