{"bot_id": "0000000000000b01", "x": 0.46982587095262063, "y": 5.677545178392667, "z": 0, "MSE": 0.3893492319587116, "anchor 1 mse": 0.018755694321530562, "anchor 2 mse": 0.36860548418613476, "anchor 3 mse": 0.40958252213689245, "anchor 4 mse": 0.6925565016711549}
{"bot_id": "0000000000000b01", "x": 0.46982587095262063, "y": 5.677545178392667, "z": 0, "MSE": 0.3893492319587116, "anchor 1 mse": 0.018755694321530562, "anchor 2 mse": 0.36860548418613476, "anchor 3 mse": 0.40958252213689245, "anchor 4 mse": 0.6925565016711549}
{"bot_id": "0000000000000b01", "x": 0.46982587095262063, "y": 5.677545178392667, "z": 0, "MSE": 0.3893492319587116, "anchor 1 mse": 0.018755694321530562, "anchor 2 mse": 0.36860548418613476, "anchor 3 mse": 0.40958252213689245, "anchor 4 mse": 0.6925565016711549}
{"bot_id": "0000000000000b01", "x": 0.46982587095262063, "y": 5.677545178392667, "z": 0, "MSE": 0.3893492319587116, "anchor 1 mse": 0.018755694321530562, "anchor 2 mse": 0.36860548418613476, "anchor 3 mse": 0.40958252213689245, "anchor 4 mse": 0.6925565016711549}
{"bot_id": "0000000000000b01", "x": 0.46982587095262063, "y": 5.677545178392667, "z": 0, "MSE": 0.3893492319587116, "anchor 1 mse": 0.018755694321530562, "anchor 2 mse": 0.36860548418613476, "anchor 3 mse": 0.40958252213689245, "anchor 4 mse": 0.6925565016711549}
{"bot_id": "0000000000000b01", "x": 0.46982587095262063, "y": 5.677545178392667, "z": 0, "MSE": 0.3893492319587116, "anchor 1 mse": 0.018755694321530562, "anchor 2 mse": 0.36860548418613476, "anchor 3 mse": 0.40958252213689245, "anchor 4 mse": 0.6925565016711549}
{"bot_id": "0000000000000b01", "x": 0.46982587095262063, "y": 5.677545178392667, "z": 0, "MSE": 0.3893492319587116, "anchor 1 mse": 0.018755694321530562, "anchor 2 mse": 0.36860548418613476, "anchor 3 mse": 0.40958252213689245, "anchor 4 mse": 0.6925565016711549}
{"bot_id": "0000000000000b01", "x": 0.46982587095262063, "y": 5.677545178392667, "z": 0, "MSE": 0.3893492319587116, "anchor 1 mse": 0.018755694321530562, "anchor 2 mse": 0.36860548418613476, "anchor 3 mse": 0.40958252213689245, "anchor 4 mse": 0.6925565016711549}
{"bot_id": "0000000000000b01", "x": 0.46982587095262063, "y": 5.677545178392667, "z": 0, "MSE": 0.3893492319587116, "anchor 1 mse": 0.018755694321530562, "anchor 2 mse": 0.36860548418613476, "anchor 3 mse": 0.40958252213689245, "anchor 4 mse": 0.6925565016711549}
{"bot_id": "0000000000000b01", "x": 0.46982587095262063, "y": 5.677545178392667, "z": 0, "MSE": 0.3893492319587116, "anchor 1 mse": 0.018755694321530562, "anchor 2 mse": 0.36860548418613476, "anchor 3 mse": 0.40958252213689245, "anchor 4 mse": 0.6925565016711549}
{"bot_id": "0000000000000b01", "x": 0.46982587095262063, "y": 5.677545178392667, "z": 0, "MSE": 0.3893492319587116, "anchor 1 mse": 0.018755694321530562, "anchor 2 mse": 0.36860548418613476, "anchor 3 mse": 0.40958252213689245, "anchor 4 mse": 0.6925565016711549}
{"bot_id": "0000000000000b01", "x": 0.46982587095262063, "y": 5.677545178392667, "z": 0, "MSE": 0.3893492319587116, "anchor 1 mse": 0.018755694321530562, "anchor 2 mse": 0.36860548418613476, "anchor 3 mse": 0.40958252213689245, "anchor 4 mse": 0.6925565016711549}
{"bot_id": "0000000000000b01", "x": 0.46982587095262063, "y": 5.677545178392667, "z": 0, "MSE": 0.3893492319587116, "anchor 1 mse": 0.018755694321530562, "anchor 2 mse": 0.36860548418613476, "anchor 3 mse": 0.40958252213689245, "anchor 4 mse": 0.6925565016711549}
{"bot_id": "0000000000000b01", "x": 0.46982587095262063, "y": 5.677545178392667, "z": 0, "MSE": 0.3893492319587116, "anchor 1 mse": 0.018755694321530562, "anchor 2 mse": 0.36860548418613476, "anchor 3 mse": 0.40958252213689245, "anchor 4 mse": 0.6925565016711549}
{"bot_id": "0000000000000b01", "x": 0.46982587095262063, "y": 5.677545178392667, "z": 0, "MSE": 0.3893492319587116, "anchor 1 mse": 0.018755694321530562, "anchor 2 mse": 0.36860548418613476, "anchor 3 mse": 0.40958252213689245, "anchor 4 mse": 0.6925565016711549}
{"bot_id": "0000000000000b01", "x": 0.46982587095262063, "y": 5.677545178392667, "z": 0, "MSE": 0.3893492319587116, "anchor 1 mse": 0.018755694321530562, "anchor 2 mse": 0.36860548418613476, "anchor 3 mse": 0.40958252213689245, "anchor 4 mse": 0.6925565016711549}
{"bot_id": "0000000000000b01", "x": 0.46982587095262063, "y": 5.677545178392667, "z": 0, "MSE": 0.3893492319587116, "anchor 1 mse": 0.018755694321530562, "anchor 2 mse": 0.36860548418613476, "anchor 3 mse": 0.40958252213689245, "anchor 4 mse": 0.6925565016711549}
{"bot_id": "0000000000000b01", "x": 0.46982587095262063, "y": 5.677545178392667, "z": 0, "MSE": 0.3893492319587116, "anchor 1 mse": 0.018755694321530562, "anchor 2 mse": 0.36860548418613476, "anchor 3 mse": 0.40958252213689245, "anchor 4 mse": 0.6925565016711549}
{"bot_id": "0000000000000b01", "x": 0.46982587095262063, "y": 5.677545178392667, "z": 0, "MSE": 0.3893492319587116, "anchor 1 mse": 0.018755694321530562, "anchor 2 mse": 0.36860548418613476, "anchor 3 mse": 0.40958252213689245, "anchor 4 mse": 0.6925565016711549}
{"bot_id": "0000000000000b01", "x": 0.46982587095262063, "y": 5.677545178392667, "z": 0, "MSE": 0.3893492319587116, "anchor 1 mse": 0.018755694321530562, "anchor 2 mse": 0.36860548418613476, "anchor 3 mse": 0.40958252213689245, "anchor 4 mse": 0.6925565016711549}
{"bot_id": "0000000000000b01", "x": 0.46982587095262063, "y": 5.677545178392667, "z": 0, "MSE": 0.3893492319587116, "anchor 1 mse": 0.018755694321530562, "anchor 2 mse": 0.36860548418613476, "anchor 3 mse": 0.40958252213689245, "anchor 4 mse": 0.6925565016711549}
{"bot_id": "0000000000000b01", "x": 0.46982587095262063, "y": 5.677545178392667, "z": 0, "MSE": 0.3893492319587116, "anchor 1 mse": 0.018755694321530562, "anchor 2 mse": 0.36860548418613476, "anchor 3 mse": 0.40958252213689245, "anchor 4 mse": 0.6925565016711549}
{"bot_id": "0000000000000b01", "x": 0.46982587095262063, "y": 5.677545178392667, "z": 0, "MSE": 0.3893492319587116, "anchor 1 mse": 0.018755694321530562, "anchor 2 mse": 0.36860548418613476, "anchor 3 mse": 0.40958252213689245, "anchor 4 mse": 0.6925565016711549}
{"bot_id": "0000000000000b01", "x": 0.46982587095262063, "y": 5.677545178392667, "z": 0, "MSE": 0.3893492319587116, "anchor 1 mse": 0.018755694321530562, "anchor 2 mse": 0.36860548418613476, "anchor 3 mse": 0.40958252213689245, "anchor 4 mse": 0.6925565016711549}
{"bot_id": "0000000000000b01", "x": 0.46982587095262063, "y": 5.677545178392667, "z": 0, "MSE": 0.3893492319587116, "anchor 1 mse": 0.018755694321530562, "anchor 2 mse": 0.36860548418613476, "anchor 3 mse": 0.40958252213689245, "anchor 4 mse": 0.6925565016711549}
{"bot_id": "0000000000000b01", "x": 0.46982587095262063, "y": 5.677545178392667, "z": 0, "MSE": 0.3893492319587116, "anchor 1 mse": 0.018755694321530562, "anchor 2 mse": 0.36860548418613476, "anchor 3 mse": 0.40958252213689245, "anchor 4 mse": 0.6925565016711549}
{"bot_id": "0000000000000b01", "x": 0.46982587095262063, "y": 5.677545178392667, "z": 0, "MSE": 0.3893492319587116, "anchor 1 mse": 0.018755694321530562, "anchor 2 mse": 0.36860548418613476, "anchor 3 mse": 0.40958252213689245, "anchor 4 mse": 0.6925565016711549}
{"bot_id": "0000000000000b01", "x": 0.46982587095262063, "y": 5.677545178392667, "z": 0, "MSE": 0.3893492319587116, "anchor 1 mse": 0.018755694321530562, "anchor 2 mse": 0.36860548418613476, "anchor 3 mse": 0.40958252213689245, "anchor 4 mse": 0.6925565016711549}
{"bot_id": "0000000000000b01", "x": 0.46982587095262063, "y": 5.677545178392667, "z": 0, "MSE": 0.3893492319587116, "anchor 1 mse": 0.018755694321530562, "anchor 2 mse": 0.36860548418613476, "anchor 3 mse": 0.40958252213689245, "anchor 4 mse": 0.6925565016711549}
{"bot_id": "0000000000000b01", "x": 0.4678945956577365, "y": 5.67712373275283, "z": 0, "MSE": 0.38859547068970557, "anchor 1 mse": 0.01859744848289512, "anchor 2 mse": 0.3667901146623588, "anchor 3 mse": 0.4076852651348814, "anchor 4 mse": 0.6932437772608145}
{"bot_id": "0000000000000b01", "x": 0.4678945956577365, "y": 5.67712373275283,