{"bot_id": "0000000000000b01", "x": 0.607952549896174, "y": 4.777840579368582, "z": 0.0, "MSE": 0.04809568793783643, "anchor 1 mse": 0.0010910573399082661, "anchor 2 mse": 0.16273668746454073, "anchor 3 mse": 0.05633890505829119, "anchor 4 mse": 0.0012046755035965647, "anchor 5 mse": 0.019701283035363164}
{"bot_id": "0000000000000b01", "x": 0.5995170375021412, "y": 4.77926748592485, "z": 0.0, "MSE": 0.04658488496117287, "anchor 1 mse": 0.0021830185676909274, "anchor 2 mse": 0.15557785801785526, "anchor 3 mse": 0.05150040871270934, "anchor 4 mse": 0.0011086475792493073, "anchor 5 mse": 0.02098198667675305}
{"bot_id": "0000000000000b01", "x": 0.5827184592421037, "y": 4.770609653311977, "z": 0.0, "MSE": 0.04753724045580765, "anchor 1 mse": 0.0013008079157625218, "anchor 2 mse": 0.16600222086586494, "anchor 3 mse": 0.04870529107917133, "anchor 4 mse": 0.0011763221624460955, "anchor 5 mse": 0.023465233439366708}
{"bot_id": "0000000000000b01", "x": 0.5646770472670596, "y": 4.765394642446044, "z": 0.0, "MSE": 0.051971059025799474, "anchor 1 mse": 0.0008256323564167577, "anchor 2 mse": 0.1424026055551265, "anchor 3 mse": 0.05974087663722395, "anchor 4 mse": 0.0009974655043701267, "anchor 5 mse": 0.024099699266251197}
{"bot_id": "0000000000000b01", "x": 0.5499052386888852, "y": 4.758752480535664, "z": 0.0, "MSE": 0.04647209110323202, "anchor 1 mse": 0.00041696432027279713, "anchor 2 mse": 0.15030423778513288, "anchor 3 mse": 0.0566902308095258, "anchor 4 mse": 0.00013146529201976987, "anchor 5 mse": 0.0229381237935003}
{"bot_id": "0000000000000b01", "x": 0.5914774359494386, "y": 4.762035369903511, "z": 0.0, "MSE": 0.04220295945117376, "anchor 1 mse": 0.0006397977016121953, "anchor 2 mse": 0.14432278261158835, "anchor 3 mse": 0.05120304008871788, "anchor 4 mse": 0.0006613778311815174, "anchor 5 mse": 0.019208666372813966}
{"bot_id": "0000000000000b01", "x": 0.5966538700553139, "y": 4.761658792678769, "z": 0.0, "MSE": 0.0439156463222823, "anchor 1 mse": 0.0006533832360763755, "anchor 2 mse": 0.14348975804288627, "anchor 3 mse": 0.053041187509388625, "anchor 4 mse": 0.0009935550536268058, "anchor 5 mse": 0.021400347769433392}
{"bot_id": "0000000000000b01", "x": 0.6005223358294021, "y": 4.763679368680176, "z": 0.0, "MSE": 0.043601592822434025, "anchor 1 mse": 0.0006108430355115518, "anchor 2 mse": 0.1411994390564014, "anchor 3 mse": 0.053699509586971575, "anchor 4 mse": 0.00170273602096075, "anchor 5 mse": 0.021520720853220425}
{"bot_id": "0000000000000b01", "x": 0.5981850984206452, "y": 4.767007507376123, "z": 0.0, "MSE": 0.044719259571710704, "anchor 1 mse": 0.0007687142931466496, "anchor 2 mse": 0.14687061793716244, "anchor 3 mse": 0.05186844059728037, "anchor 4 mse": 0.0013890979433440315, "anchor 5 mse": 0.022699427087620034}
{"bot_id": "0000000000000b01", "x": 0.5981850984206452, "y": 4.767007507376123, "z": 0.0, "MSE": 0.044719259571710704, "anchor 1 mse": 0.0007687142931466496, "anchor 2 mse": 0.14687061793716244, "anchor 3 mse": 0.05186844059728037, "anchor 4 mse": 0.0013890979433440315, "anchor 5 mse": 0.022699427087620034}
{"bot_id": "0000000000000b01", "x": 0.6185150469687425, "y": 4.76944333092076, "z": 0.0, "MSE": 0.04305104896727231, "anchor 1 mse": 0.0008632733831762805, "anchor 2 mse": 0.15871983026308997, "anchor 3 mse": 0.04875071809226592, "anchor 4 mse": 0.0018787068805824732, "anchor 5 mse": 0.023090111897965452}
{"bot_id": "0000000000000b01", "x": 0.6273840532332866, "y": 4.773242800089475, "z": 0.0, "MSE": 0.04608883719204589, "anchor 1 mse": 0.0011762982764159811, "anchor 2 mse": 0.15379242016615524, "anchor 3 mse": 0.06824178419074756, "anchor 4 mse": 0.0025134956645432244, "anchor 5 mse": 0.027392456659224063}
{"bot_id": "0000000000000b01", "x": 0.605122501832004, "y": 4.768591566586456, "z": 0.0, "MSE": 0.051132924572194635, "anchor 1 mse": 0.0013566337312167138, "anchor 2 mse": 0.13918750564046625, "anchor 3 mse": 0.0616811933503922, "anchor 4 mse": 0.0020548882683913937, "anchor 5 mse": 0.028736347000851568}
{"bot_id": "0000000000000b01", "x": 0.5821156638083558, "y": 4.757543925442106, "z": 0.0, "MSE": 0.048059778105699766, "anchor 1 mse": 0.0005301227530923869, "anchor 2 mse": 0.1522222036239954, "anchor 3 mse": 0.05101234510084909, "anchor 4 mse": 0.0010639055823180913, "anchor 5 mse": 0.024962162424534407}
{"bot_id": "0000000000000b01", "x": 0.5945020505738517, "y": 4.758451679521031, "z": 0.0, "MSE": 0.045901077000426574, "anchor 1 mse": 0.0002385555180003839, "anchor 2 mse": 0.1462948871319144, "anchor 3 mse": 0.05488375303261464, "anchor 4 mse": 0.0013611874109896787, "anchor 5 mse": 0.02375708497087078}
{"bot_id": "0000000000000b01", "x": 0.6109601174050115, "y": 4.7622621394309315, "z": 0.0, "MSE": 0.0447247078518597, "anchor 1 mse": 0.00045338509860162626, "anchor 2 mse": 0.13997232577718316, "anchor 3 mse": 0.05934842469314095, "anchor 4 mse": 0.000909569501783054, "anchor 5 mse": 0.022939834188589733}
{"bot_id": "0000000000000b01", "x": 0.6109601174050115, "y": 4.7622621394309315, "z": 0.0, "MSE": 0.0447247078518597, "anchor 1 mse": 0.00045338509860162626, "anchor 2 mse": 0.13997232577718316, "anchor 3 mse": 0.05934842469314095, "anchor 4 mse": 0.000909569501783054, "anchor 5 mse": 0.022939834188589733}
{"bot_id": "0000000000000b01", "x": 0.5776493437093085, "y": 4.764480831326865, "z": 0.0, "MSE": 0.04117348860062391, "anchor 1 mse": 0.00025718790815953887, "anchor 2 mse": 0.12820261090418836, "anchor 3 mse": 0.05657660731140692, "anchor 4 mse": 0.00044612872644902177, "anchor 5 mse": 0.020384908152915715}
{"bot_id": "0000000000000b01", "x": 0.5776493437093085, "y": 4.764480831326865, "z": 0.0, "MSE": 0.04117348860062391, "anchor 1 mse": 0.00025718790815953887, "anchor 2 mse": 0.12820261090418836, "anchor 3 mse": 0.05657660731140692, "anchor 4 mse": 0.00044612872644902177, "anchor 5 mse": 0.020384908152915715}
{"bot_id": "0000000000000b01", "x": 0.57964422064542, "y": 4.773472196116313, "z": 0.0, "MSE": 0.039728043485376056, "anchor 1 mse": 0.00023113930495512682, "anchor 2 mse": 0.13852803271211742, "anchor 3 mse": 0.05436306061580442, "anchor 4 mse": 0.0007338150819190862, "anchor 5 mse": 0.021608757227991653}
{"bot_id": "0000000000000b01", "x": 0.588205326478398, "y": 4.777247704457913, "z": 0.0, "MSE": 0.04259910879302793, "anchor 1 mse": 0.0003995985410891492, "anchor 2 mse": 0.13410505967325348, "anchor 3 mse": 0.05607070098113727, "anchor 4 mse": 0.0007382575069346235, "anchor 5 mse": 0.021681927262725095}
{"bot_id": "0000000000000b01", "x": 0.5843230377386386, "y": 4.775215261552601, "z": 0.0, "MSE": 0.04289532955593496, "anchor 1 mse": 0.0004340141172485586, "anchor 2 mse": 0.14129891896629937, "anchor 3 mse": 0.07042004732832262, "anchor 4 mse": 0.0011624322811584938, "anchor 5 mse": 0.02156097099380775}
{"bot_id": "0000000000000b01", "x": 0.5622207534809882, "y": 4.774507518081844, "z": 0.0, "MSE": 0.0467189713236333, "anchor 1 mse": 0.0009504248737296743, "anchor 2 mse": 0.14636140578365528, "anchor 3 mse": 0.06237060222443283, "anchor 4 mse": 0.000655655907073447, "anchor 5 mse": 0.02390109569433513}
{"bot_id": "0000000000000b01", "x": 0.5465933044237559, "y": 4.766221498712922, "z": 0.0, "MSE": 0.04796262263264465, "anchor 1 mse": 0.0004324024293903728, "anchor 2 mse": 0.15577380902276547, "anchor 3 mse": 0.059502461725858054, "anchor 4 mse": 0.0007091343698303175, "anchor 5 mse": 0.020436200804138858}
{"bot_id": "0000000000000b01", "x": 0.5614945475128753, "y": 4.772694153056567, "z": 0.0, "MSE": 0.05234976545848413, "anchor 1 mse": 0.0008377053023248081, "anchor 2 mse": 0.17739262148825966, "anchor 3 mse": 0.06272408254859022, "anchor 4 mse": 0.0002874401327911056, "anchor 5 mse": 0.020506977820454853}
{"bot_id": "0000000000000b01", "x": 0.5873678819753068, "y": 4.761329997865067, "z": 0.0, "MSE": 0.05445972011704886, "anchor 1 mse": 0.0009459323995464842, "anchor 2 mse": 0.18067527957576868, "anchor 3 mse": 0.06271841614834658, "anchor 4 mse": 0.0014441458876642056,