{"bot_id": "0000000000000b01", "x": 1.4671656486778295, "y": 1.2561565942903832, "z": 0.0, "MSE": 3.566741774396455, "anchor 1 mse": 3.730504430039451, "anchor 2 mse": 4.354366293328153, "anchor 3 mse": 3.8218985385736466, "anchor 4 mse": 3.1980366752849454, "anchor 5 mse": 2.7289029347560767}
{"bot_id": "0000000000000b01", "x": 1.4671656486778295, "y": 1.2561565942903832, "z": 0.0, "MSE": 3.566741774396455, "anchor 1 mse": 3.730504430039451, "anchor 2 mse": 4.354366293328153, "anchor 3 mse": 3.8218985385736466, "anchor 4 mse": 3.1980366752849454, "anchor 5 mse": 2.7289029347560767}
{"bot_id": "0000000000000b01", "x": 1.4671656486778295, "y": 1.2561565942903832, "z": 0.0, "MSE": 3.566741774396455, "anchor 1 mse": 3.730504430039451, "anchor 2 mse": 4.354366293328153, "anchor 3 mse": 3.8218985385736466, "anchor 4 mse": 3.1980366752849454, "anchor 5 mse": 2.7289029347560767}
{"bot_id": "0000000000000b01", "x": 1.4671656486778295, "y": 1.2561565942903832, "z": 0.0, "MSE": 3.566741774396455, "anchor 1 mse": 3.730504430039451, "anchor 2 mse": 4.354366293328153, "anchor 3 mse": 3.8218985385736466, "anchor 4 mse": 3.1980366752849454, "anchor 5 mse": 2.7289029347560767}
{"bot_id": "0000000000000b01", "x": 1.4671656486778295, "y": 1.2561565942903832, "z": 0.0, "MSE": 3.566741774396455, "anchor 1 mse": 3.730504430039451, "anchor 2 mse": 4.354366293328153, "anchor 3 mse": 3.8218985385736466, "anchor 4 mse": 3.1980366752849454, "anchor 5 mse": 2.7289029347560767}
{"bot_id": "0000000000000b01", "x": 1.4671656486778295, "y": 1.2561565942903832, "z": 0.0, "MSE": 3.566741774396455, "anchor 1 mse": 3.730504430039451, "anchor 2 mse": 4.354366293328153, "anchor 3 mse": 3.8218985385736466, "anchor 4 mse": 3.1980366752849454, "anchor 5 mse": 2.7289029347560767}
{"bot_id": "0000000000000b01", "x": 1.4671656486778295, "y": 1.2561565942903832, "z": 0.0, "MSE": 3.566741774396455, "anchor 1 mse": 3.730504430039451, "anchor 2 mse": 4.354366293328153, "anchor 3 mse": 3.8218985385736466, "anchor 4 mse": 3.1980366752849454, "anchor 5 mse": 2.7289029347560767}
{"bot_id": "0000000000000b01", "x": 1.4671656486778295, "y": 1.2561565942903832, "z": 0.0, "MSE": 3.566741774396455, "anchor 1 mse": 3.730504430039451, "anchor 2 mse": 4.354366293328153, "anchor 3 mse": 3.8218985385736466, "anchor 4 mse": 3.1980366752849454, "anchor 5 mse": 2.7289029347560767}
{"bot_id": "0000000000000b01", "x": 1.4671656486778295, "y": 1.2561565942903832, "z": 0.0, "MSE": 3.566741774396455, "anchor 1 mse": 3.730504430039451, "anchor 2 mse": 4.354366293328153, "anchor 3 mse": 3.8218985385736466, "anchor 4 mse": 3.1980366752849454, "anchor 5 mse": 2.7289029347560767}
{"bot_id": "0000000000000b01", "x": 1.4671656486778295, "y": 1.2561565942903832, "z": 0.0, "MSE": 3.566741774396455, "anchor 1 mse": 3.730504430039451, "anchor 2 mse": 4.354366293328153, "anchor 3 mse": 3.8218985385736466, "anchor 4 mse": 3.1980366752849454, "anchor 5 mse": 2.7289029347560767}
{"bot_id": "0000000000000b01", "x": 1.4671656486778295, "y": 1.2561565942903832, "z": 0.0, "MSE": 3.566741774396455, "anchor 1 mse": 3.730504430039451, "anchor 2 mse": 4.354366293328153, "anchor 3 mse": 3.8218985385736466, "anchor 4 mse": 3.1980366752849454, "anchor 5 mse": 2.7289029347560767}
{"bot_id": "0000000000000b01", "x": 1.4671656486778295, "y": 1.2561565942903832, "z": 0.0, "MSE": 3.566741774396455, "anchor 1 mse": 3.730504430039451, "anchor 2 mse": 4.354366293328153, "anchor 3 mse": 3.8218985385736466, "anchor 4 mse": 3.1980366752849454, "anchor 5 mse": 2.7289029347560767}
{"bot_id": "0000000000000b01", "x": 1.4671656486778295, "y": 1.2561565942903832, "z": 0.0, "MSE": 3.566741774396455, "anchor 1 mse": 3.730504430039451, "anchor 2 mse": 4.354366293328153, "anchor 3 mse": 3.8218985385736466, "anchor 4 mse": 3.1980366752849454, "anchor 5 mse": 2.7289029347560767}
{"bot_id": "0000000000000b01", "x": 1.4671656486778295, "y": 1.2561565942903832, "z": 0.0, "MSE": 3.566741774396455, "anchor 1 mse": 3.730504430039451, "anchor 2 mse": 4.354366293328153, "anchor 3 mse": 3.8218985385736466, "anchor 4 mse": 3.1980366752849454, "anchor 5 mse": 2.7289029347560767}
{"bot_id": "0000000000000b01", "x": 1.4671656486778295, "y": 1.2561565942903832, "z": 0.0, "MSE": 3.566741774396455, "anchor 1 mse": 3.730504430039451, "anchor 2 mse": 4.354366293328153, "anchor 3 mse": 3.8218985385736466, "anchor 4 mse": 3.1980366752849454, "anchor 5 mse": 2.7289029347560767}
{"bot_id": "0000000000000b01", "x": 1.4671656486778295, "y": 1.2561565942903832, "z": 0.0, "MSE": 3.566741774396455, "anchor 1 mse": 3.730504430039451, "anchor 2 mse": 4.354366293328153, "anchor 3 mse": 3.8218985385736466, "anchor 4 mse": 3.1980366752849454, "anchor 5 mse": 2.7289029347560767}
{"bot_id": "0000000000000b01", "x": 1.4671656486778295, "y": 1.2561565942903832, "z": 0.0, "MSE": 3.566741774396455, "anchor 1 mse": 3.730504430039451, "anchor 2 mse": 4.354366293328153, "anchor 3 mse": 3.8218985385736466, "anchor 4 mse": 3.1980366752849454, "anchor 5 mse": 2.7289029347560767}
{"bot_id": "0000000000000b01", "x": 1.4671656486778295, "y": 1.2561565942903832, "z": 0.0, "MSE": 3.566741774396455, "anchor 1 mse": 3.730504430039451, "anchor 2 mse": 4.354366293328153, "anchor 3 mse": 3.8218985385736466, "anchor 4 mse": 3.1980366752849454, "anchor 5 mse": 2.7289029347560767}
{"bot_id": "0000000000000b01", "x": 1.4671656486778295, "y": 1.2561565942903832, "z": 0.0, "MSE": 3.566741774396455, "anchor 1 mse": 3.730504430039451, "anchor 2 mse": 4.354366293328153, "anchor 3 mse": 3.8218985385736466, "anchor 4 mse": 3.1980366752849454, "anchor 5 mse": 2.7289029347560767}
{"bot_id": "0000000000000b01", "x": 1.4671656486778295, "y": 1.2561565942903832, "z": 0.0, "MSE": 3.566741774396455, "anchor 1 mse": 3.730504430039451, "anchor 2 mse": 4.354366293328153, "anchor 3 mse": 3.8218985385736466, "anchor 4 mse": 3.1980366752849454, "anchor 5 mse": 2.7289029347560767}
{"bot_id": "0000000000000b01", "x": 1.4671656486778295, "y": 1.2561565942903832, "z": 0.0, "MSE": 3.566741774396455, "anchor 1 mse": 3.730504430039451, "anchor 2 mse": 4.354366293328153, "anchor 3 mse": 3.8218985385736466, "anchor 4 mse": 3.1980366752849454, "anchor 5 mse": 2.7289029347560767}
{"bot_id": "0000000000000b01", "x": 1.4671656486778295, "y": 1.2561565942903832, "z": 0.0, "MSE": 3.566741774396455, "anchor 1 mse": 3.730504430039451, "anchor 2 mse": 4.354366293328153, "anchor 3 mse": 3.8218985385736466, "anchor 4 mse": 3.1980366752849454, "anchor 5 mse": 2.7289029347560767}
{"bot_id": "0000000000000b01", "x": 1.4671656486778295, "y": 1.2561565942903832, "z": 0.0, "MSE": 3.566741774396455, "anchor 1 mse": 3.730504430039451, "anchor 2 mse": 4.354366293328153, "anchor 3 mse": 3.8218985385736466, "anchor 4 mse": 3.1980366752849454, "anchor 5 mse": 2.7289029347560767}
{"bot_id": "0000000000000b01", "x": 1.4671656486778295, "y": 1.2561565942903832, "z": 0.0, "MSE": 3.566741774396455, "anchor 1 mse": 3.730504430039451, "anchor 2 mse": 4.354366293328153, "anchor 3 mse": 3.8218985385736466, "anchor 4 mse": 3.1980366752849454, "anchor 5 mse": 2.7289029347560767}
{"bot_id": "0000000000000b01", "x": 1.4671656486778295, "y": 1.2561565942903832, "z": 0.0, "MSE": 3.566741774396455, "anchor 1 mse": 3.730504430039451, "anchor 2 mse": 4.354366293328153, "anchor 3 mse": 3.8218985385736466, "anchor 4 mse": 3.1980366752849454, "anchor 5 mse": 2.7289029347560767}
{"bot_id": "0000000000000b01", "x": 1.4671656486778295, "y": 1.2561565942903832, "z": 0.0, "MSE": 3.566741774396455, "anchor 1 mse": 3.730504430039451, "anchor 2 mse": 4.354366293328153, "anchor 3 mse": 3.8218985385736466, "anchor 4 mse": 3.1980366752849454, "anchor 5 mse": 2.7289029347560767}
{"bot_id": "0000000000000b01", "x": 1.4671656486778295, "y": 1.2561565942903832, "z": 0.0, "MSE": 3.566741774396455, "anchor 1 mse": 3.730504430039451, "anchor 2 mse": 4.354366293328153, "anchor 3 mse": 3.8218985385736466, "anchor 4 mse": 3.1980366752849454, "anchor 5 mse": 2.7289029347560767}
{"bot_id": "0000000000000b01",