{"bot_id": "0000000000000b01", "x": 0.4863490659802754, "y": 3.201886457883552, "z": 0.0, "MSE": 0.0009264264622593196, "anchor 1 mse": 3.787095341663683e-06, "anchor 2 mse": 0.0027674415675053637, "anchor 3 mse": 8.050723930931522e-06}
{"bot_id": "0000000000000b01", "x": 0.4863490659802754, "y": 3.201886457883552, "z": 0.0, "MSE": 0.0009264264622593196, "anchor 1 mse": 3.787095341663683e-06, "anchor 2 mse": 0.0027674415675053637, "anchor 3 mse": 8.050723930931522e-06}
{"bot_id": "0000000000000b01", "x": 0.4879281575889636, "y": 3.211501047629161, "z": 0.0, "MSE": 0.0006723858087648826, "anchor 1 mse": 2.8518520781954327e-06, "anchor 2 mse": 0.0014552955489650638, "anchor 3 mse": 5.921099164910252e-06}
{"bot_id": "0000000000000b01", "x": 0.48753058876583766, "y": 3.211313548959621, "z": 0.0, "MSE": 0.0004978809287476514, "anchor 1 mse": 2.084194426388471e-06, "anchor 2 mse": 0.0014872213439986262, "anchor 3 mse": 4.337247817939367e-06}
{"bot_id": "0000000000000b01", "x": 0.49713552023789226, "y": 3.2096264468419187, "z": 0.0, "MSE": 0.0003599294747447784, "anchor 1 mse": 1.5177878941191259e-06, "anchor 2 mse": 0.0010749237704498896, "anchor 3 mse": 3.3468658903265247e-06}
{"bot_id": "0000000000000b01", "x": 0.49713552023789226, "y": 3.2096264468419187, "z": 0.0, "MSE": 0.0003599294747447784, "anchor 1 mse": 1.5177878941191259e-06, "anchor 2 mse": 0.0010749237704498896, "anchor 3 mse": 3.3468658903265247e-06}
{"bot_id": "0000000000000b01", "x": 0.4976642851426215, "y": 3.21282636063306, "z": 0.0, "MSE": 0.0003054276721094083, "anchor 1 mse": 1.303693395024745e-06, "anchor 2 mse": 0.0009121269519620954, "anchor 3 mse": 2.852370971104759e-06}
{"bot_id": "0000000000000b01", "x": 0.4976642851426215, "y": 3.21282636063306, "z": 0.0, "MSE": 0.0003054276721094083, "anchor 1 mse": 1.303693395024745e-06, "anchor 2 mse": 0.0009121269519620954, "anchor 3 mse": 2.852370971104759e-06}
{"bot_id": "0000000000000b01", "x": 0.4976642851426215, "y": 3.21282636063306, "z": 0.0, "MSE": 0.0003054276721094083, "anchor 1 mse": 1.303693395024745e-06, "anchor 2 mse": 0.0009121269519620954, "anchor 3 mse": 2.852370971104759e-06}
{"bot_id": "0000000000000b01", "x": 0.4971355202378925, "y": 3.209626446841919, "z": 0.0, "MSE": 0.00035992947474476877, "anchor 1 mse": 1.5177878941191259e-06, "anchor 2 mse": 0.0010749237704498606, "anchor 3 mse": 3.3468658903265247e-06}
{"bot_id": "0000000000000b01", "x": 0.4971355202378925, "y": 3.209626446841919, "z": 0.0, "MSE": 0.00035992947474476877, "anchor 1 mse": 1.5177878941191259e-06, "anchor 2 mse": 0.0010749237704498606, "anchor 3 mse": 3.3468658903265247e-06}
{"bot_id": "0000000000000b01", "x": 0.5381909399015845, "y": 3.2019069361275143, "z": 0.0, "MSE": 5.64283680621912e-06, "anchor 1 mse": 2.4340162640622275e-08, "anchor 2 mse": 1.6835536286198982e-05, "anchor 3 mse": 6.86339698177573e-08}
{"bot_id": "0000000000000b01", "x": 0.5381909399015845, "y": 3.2019069361275143, "z": 0.0, "MSE": 5.64283680621912e-06, "anchor 1 mse": 2.4340162640622275e-08, "anchor 2 mse": 1.6835536286198982e-05, "anchor 3 mse": 6.86339698177573e-08}
{"bot_id": "0000000000000b01", "x": 0.5376819988526443, "y": 3.1987059935045403, "z": 0.0, "MSE": 1.4471301817980621e-05, "anchor 1 mse": 6.166457798269906e-08, "anchor 2 mse": 4.317688304087036e-05, "anchor 3 mse": 1.7535783508881089e-07}
{"bot_id": "0000000000000b01", "x": 0.5370241966943875, "y": 3.198459675855215, "z": 0.0, "MSE": 2.56925698076242e-06, "anchor 1 mse": 1.0727123773789922e-08, "anchor 2 mse": 7.666408418751375e-06, "anchor 3 mse": 3.0635399762096594e-08}
{"bot_id": "0000000000000b01", "x": 0.5370241966943875, "y": 3.198459675855215, "z": 0.0, "MSE": 2.56925698076242e-06, "anchor 1 mse": 1.0727123773789922e-08, "anchor 2 mse": 7.666408418751375e-06, "anchor 3 mse": 4.680880932532667e-05}
{"bot_id": "0000000000000b01", "x": 0.5433127156717381, "y": 3.197244719350014, "z": 0.0, "MSE": 1.540972138045892e-05, "anchor 1 mse": 6.45990365117141e-08, "anchor 2 mse": 4.597311868881054e-05, "anchor 3 mse": 1.9144641605451454e-07}
{"bot_id": "0000000000000b01", "x": 0.5438184961288494, "y": 3.200444553319819, "z": 0.0, "MSE": 2.8562106601107463e-05, "anchor 1 mse": 1.2121014340884997e-07, "anchor 2 mse": 8.520895501939812e-05, "anchor 3 mse": 3.561546405154256e-07}
{"bot_id": "0000000000000b01", "x": 0.5438184961288494, "y": 3.200444553319819, "z": 0.0, "MSE": 2.8562106601107463e-05, "anchor 1 mse": 1.2121014340884997e-07, "anchor 2 mse": 8.520895501939812e-05, "anchor 3 mse": 3.561546405154256e-07}
{"bot_id": "0000000000000b01", "x": 0.5532201567616251, "y": 3.198600504979903, "z": 0.0, "MSE": 7.801153620786912e-05, "anchor 1 mse": 3.329986354616566e-07, "anchor 2 mse": 0.00023266773337525293, "anchor 3 mse": 1.0338766128927954e-06}
{"bot_id": "0000000000000b01", "x": 0.5532201567616251, "y": 3.198600504979903, "z": 0.0, "MSE": 7.801153620786912e-05, "anchor 1 mse": 3.329986354616566e-07, "anchor 2 mse": 0.00023266773337525293, "anchor 3 mse": 1.0338766128927954e-06}
{"bot_id": "0000000000000b01", "x": 0.5522195762958376, "y": 3.1921987477866223, "z": 0.0, "MSE": 3.633555364346315e-05, "anchor 1 mse": 1.5133607067194882e-07, "anchor 2 mse": 0.00010837717307168935, "anchor 3 mse": 4.781517880281548e-07}
{"bot_id": "0000000000000b01", "x": 0.5243190885519632, "y": 3.197820240918917, "z": 0.0, "MSE": 6.50348087330712e-05, "anchor 1 mse": 2.6958695072087493e-07, "anchor 2 mse": 0.00019411625643910656, "anchor 3 mse": 7.18582809386173e-07}
{"bot_id": "0000000000000b01", "x": 0.5243190885519632, "y": 3.197820240918917, "z": 0.0, "MSE": 6.50348087330712e-05, "anchor 1 mse": 2.6958695072087493e-07, "anchor 2 mse": 0.00019411625643910656, "anchor 3 mse": 7.18582809386173e-07}
{"bot_id": "0000000000000b01", "x": 0.5279613315182778, "y": 3.2201969997742386, "z": 0.0, "MSE": 4.52636865391016e-06, "anchor 1 mse": 2.0416874630114073e-08, "anchor 2 mse": 1.3507275669248138e-05, "anchor 3 mse": 5.141341785222741e-08}
{"bot_id": "0000000000000b01", "x": 0.5301671997576691, "y": 3.221095850374312, "z": 0.0, "MSE": 0.00025204820469282947, "anchor 1 mse": 1.2136248213183754e-06, "anchor 2 mse": 0.0007519109373598143, "anchor 3 mse": 3.020051897355708e-06}
{"bot_id": "0000000000000b01", "x": 0.5046753992160934, "y": 3.2257982034222037, "z": 0.0, "MSE": 0.0006146724076265347, "anchor 1 mse": 2.9049311705389642e-06, "anchor 2 mse": 0.0018348838199138304, "anchor 3 mse": 6.228471795234587e-06}
{"bot_id": "0000000000000b01", "x": 0.5025246690916837, "y": 3.2130066890595668, "z": 0.0, "MSE": 0.000948441221167835, "anchor 1 mse": 4.274557795492325e-06, "anchor 2 mse": 0.0028316005099020044, "anchor 3 mse": 9.448595806008081e-06}
{"bot_id": "0000000000000b01", "x": 0.5025246690916837, "y": 3.2130066890595668, "z": 0.0, "MSE": 0.000948441221167835, "anchor 1 mse": 4.274557795492325e-06, "anchor 2 mse": 0.0028316005099020044, "anchor 3 mse": 9.448595806008081e-06}
{"bot_id": "0000000000000b01", "x": 0.5025246690916837, "y": 3.2130066890595668, "z": 0.0, "MSE": 0.000948441221167835, "anchor 1 mse": 4.274557795492325e-06, "anchor 2 mse": 0.0028316005099020044, "anchor 3 mse": 9.448595806008081e-06}
{"bot_id": "0000000000000b01", "x": 0.50572784060342, "y": 3.212430196095275, "z": 0.0, "MSE": 0.0008805354345266334, "anchor 1 mse": 3.978144030652583e-06, "anchor 2 mse": 0.0026286661214153387, "anchor 3 mse": 8.962038133909121e-06}
{"bot_id": "0000000000000b01", "x": 0.5036344750686794, "y": 3.199606981168787, "z": 0.0, "MSE": 0.001267109299698918, "anchor 1 mse": 5.452745324459278e-06, "anchor 2 mse": 0.0037831910839542346, "anchor 3 mse": 1.2684069818060137e-05}
{"bot_id": "0000000000000b01", "x": 0.5036344750686794, "y": 3.199606981168787, "z": 0.0, "MSE": 0.001267109299698918, "anchor 1 mse": 5.452745324459278e-06, "anchor 2 mse": 0.0037831910839542346, "anchor 3 mse": 1.2684069818060137e-05}
{"bot_id": "0000000000000b01", "x": 0.5305747653462334, "y": 3.1935888111451263, "z": 0.0, "MSE": 0.00011632864609564893,