{"bot_id": "0000000000000b01", "x": 0.0, "y": 1.4700000000000002, "z": 0, "MSE": 0.010646419847228484, "anchor 1 mse": 0.0}
{"bot_id": "0000000000000b01", "x": 0.0, "y": 1.4700000000000002, "z": 0, "MSE": 0.010646419847228484, "anchor 1 mse": 0.0}
{"bot_id": "0000000000000b01", "x": 0.0, "y": 1.4700000000000002, "z": 0, "MSE": 0.010646419847228484, "anchor 1 mse": 0.0}
{"bot_id": "0000000000000b01", "x": 0.0, "y": 1.4700000000000002, "z": 0, "MSE": 0.010646419847228484, "anchor 1 mse": 0.0}
{"bot_id": "0000000000000b01", "x": 0.0, "y": 1.49625, "z": 0, "MSE": 0.010635647181509928, "anchor 1 mse": 0.0}
{"bot_id": "0000000000000b01", "x": 0.0, "y": 1.49625, "z": 0, "MSE": 0.010635647181509928, "anchor 1 mse": 0.0}
{"bot_id": "0000000000000b01", "x": 0.0, "y": 1.49625, "z": 0, "MSE": 0.010635647181509928, "anchor 1 mse": 0.0}
{"bot_id": "0000000000000b01", "x": 0.0, "y": 1.48125, "z": 0, "MSE": 0.010641758655772294, "anchor 1 mse": 0.0}
{"bot_id": "0000000000000b01", "x": 0.0, "y": 1.48125, "z": 0, "MSE": 0.010641758655772294, "anchor 1 mse": 0.0}
{"bot_id": "0000000000000b01", "x": 0.0, "y": 1.48125, "z": 0, "MSE": 0.010641758655772294, "anchor 1 mse": 0.0}
{"bot_id": "0000000000000b01", "x": 0.0, "y": 1.48125, "z": 0, "MSE": 0.010641758655772294, "anchor 1 mse": 0.0}
{"bot_id": "0000000000000b01", "x": 0.0, "y": 1.48125, "z": 0, "MSE": 0.010641758655772294, "anchor 1 mse": 0.0}
{"bot_id": "0000000000000b01", "x": 0.0, "y": 1.48125, "z": 0, "MSE": 0.010641758655772294, "anchor 1 mse": 0.0}
{"bot_id": "0000000000000b01", "x": 0.0, "y": 1.48125, "z": 0, "MSE": 0.010641758655772294, "anchor 1 mse": 0.0}
{"bot_id": "0000000000000b01", "x": 0.0, "y": 1.48125, "z": 0, "MSE": 0.010641758655772294, "anchor 1 mse": 0.0}
{"bot_id": "0000000000000b01", "x": 0.0, "y": 1.45875, "z": 0, "MSE": 0.010651149158617349, "anchor 1 mse": 0.0}
{"bot_id": "0000000000000b01", "x": 0.0, "y": 1.45875, "z": 0, "MSE": 0.010651149158617349, "anchor 1 mse": 0.0}
{"bot_id": "0000000000000b01", "x": 0.0, "y": 1.23375, "z": 0, "MSE": 0.010762729302100163, "anchor 1 mse": 0.0}
{"bot_id": "0000000000000b01", "x": 0.0, "y": 1.23375, "z": 0, "MSE": 0.010762729302100163, "anchor 1 mse": 0.0}
{"bot_id": "0000000000000b01", "x": 0.0, "y": 1.12875, "z": 0, "MSE": 0.010828995663024277, "anchor 1 mse": 0.0}
{"bot_id": "0000000000000b01", "x": 0.0, "y": 1.3462500000000002, "z": 0, "MSE": 0.010702542782829144, "anchor 1 mse": 0.0}
{"bot_id": "0000000000000b01", "x": 0.0, "y": 1.3462500000000002, "z": 0, "MSE": 0.010702542782829144, "anchor 1 mse": 0.0}
{"bot_id": "0000000000000b01", "x": 0.0, "y": 1.4512500000000002, "z": 0, "MSE": 0.010654340617397732, "anchor 1 mse": 0.0}
{"bot_id": "0000000000000b01", "x": 0.0, "y": 1.4512500000000002, "z": 0, "MSE": 0.010654340617397732, "anchor 1 mse": 0.0}
{"bot_id": "0000000000000b01", "x": 0.0, "y": 1.4512500000000002, "z": 0, "MSE": 0.010654340617397732, "anchor 1 mse": 0.0}
{"bot_id": "0000000000000b01", "x": 0.0, "y": 1.4512500000000002, "z": 0, "MSE": 0.010654340617397732, "anchor 1 mse": 0.0}
{"bot_id": "0000000000000b01", "x": 0.0, "y": 1.4512500000000002, "z": 0, "MSE": 0.010654340617397732, "anchor 1 mse": 0.0}
{"bot_id": "0000000000000b01", "x": 0.0, "y": 1.4512500000000002, "z": 0, "MSE": 0.010654340617397732, "anchor 1 mse": 0.0}
{"bot_id": "0000000000000b01", "x": 0.0, "y": 1.4512500000000002, "z": 0, "MSE": 0.010654340617397732, "anchor 1 mse": 0.0}
{"bot_id": "0000000000000b01", "x": 0.0, "y": 1.4512500000000002, "z": 0, "MSE": 0.010654340617397732, "anchor 1 mse": 0.0}
{"bot_id": "0000000000000b01", "x": 0.0, "y": 1.5625, "z": 0, "MSE": 0.01060998951429022, "anchor 1 mse": 0.0}
{"bot_id": "0000000000000b01", "x": 0.0, "y": 1.5625, "z": 0, "MSE": 0.01060998951429022, "anchor 1 mse": 0.0}
{"bot_id": "0000000000000b01", "x": 0.0, "y": 1.5825, "z": 0, "MSE": 0.010602645509500507, "anchor 1 mse": 0.0}
{"bot_id": "0000000000000b01", "x": 0.0, "y": 1.4775000000000003, "z": 0, "MSE": 0.010643304908335916, "anchor 1 mse": 0.0}
{"bot_id": "0000000000000b01", "x": 0.0, "y": 1.4775000000000003, "z": 0, "MSE": 0.010643304908335916, "anchor 1 mse": 6.249999999998623e-06}
{"bot_id": "0000000000000b01", "x": 0.0, "y": 1.19375, "z": 0, "MSE": 0.010786687528413276, "anchor 1 mse": 0.0}
{"bot_id": "0000000000000b01", "x": 0.0, "y": 1.19375, "z": 0, "MSE": 0.010786687528413276, "anchor 1 mse": 0.0}
{"bot_id": "0000000000000b01", "x": 0.0, "y": 1.165, "z": 0, "MSE": 0.010804856852111182, "anchor 1 mse": 0.0}
{"bot_id": "0000000000000b01", "x": 0.0, "y": 1.165, "z": 0, "MSE": 0.010804856852111182, "anchor 1 mse": 0.0}
{"bot_id": "0000000000000b01", "x": 0.0, "y": 1.165, "z": 0, "MSE": 0.010804856852111182, "anchor 1 mse": 0.0}
{"bot_id": "0000000000000b01", "x": 0.0, "y": 1.165, "z": 0, "MSE": 0.010804856852111182, "anchor 1 mse": 0.0}
{"bot_id": "0000000000000b01", "x": 0.0, "y": 1.165, "z": 0, "MSE": 0.010804856852111182, "anchor 1 mse": 0.0}
{"bot_id": "0000000000000b01", "x": 0.0, "y": 1.165, "z": 0, "MSE": 0.010804856852111182, "anchor 1 mse": 0.0}
{"bot_id": "0000000000000b01", "x": 0.0, "y": 1.165, "z": 0, "MSE": 0.010804856852111182, "anchor 1 mse": 0.0}
{"bot_id": "0000000000000b01", "x": 0.0, "y": 1.165, "z": 0, "MSE": 0.010804856852111182, "anchor 1 mse": 0.0}
{"bot_id": "0000000000000b01", "x": 0.0, "y": 1.2275, "z": 0, "MSE": 0.010766376288346329, "anchor 1 mse": 0.0}
{"bot_id": "0000000000000b01", "x": 0.0, "y": 1.2275, "z": 0, "MSE": 0.010766376288346329, "anchor 1 mse": 0.0}
{"bot_id": "0000000000000b01", "x": 0.0, "y": 1.1649999999999998, "z": 0, "MSE": 0.010804856852111182, "anchor 1 mse": 0.0}
{"bot_id": "0000000000000b01", "x": 0.0, "y": 1.38875, "z": 0, "MSE": 0.01068220279093856, "anchor 1 mse": 0.0}
{"bot_id": "0000000000000b01", "x": 0.0, "y": 1.375, "z": 0, "MSE": 0.010688653457557259, "anchor 1 mse": 0.0}
{"bot_id": "0000000000000b01", "x": 0.0, "y": 1.375, "z": 0, "MSE": 0.010688653457557259, "anchor 1 mse": 0.0}
{"bot_id": "0000000000000b01", "x": 0.0, "y": 1.375, "z": 0, "MSE": 0.010688653457557259, "anchor 1 mse": 0.0}
{"bot_id": "0000000000000b01", "x": 0.0, "y": 1.1624999999999999, "z": 0, "MSE": 0.010806476461204449, "anchor 1 mse": 0.0}
{"bot_id": "0000000000000b01", "x": 0.0, "y": 1.1624999999999999, "z": 0, "MSE": 0.010806476461204449, "anchor 1 mse": 0.0}
{"bot_id": "0000000000000b01", "x": 0.0, "y": 1.1624999999999999, "z": 0, "MSE": 0.010806476461204449, "anchor 1 mse": 0.0}
{"bot_id": "0000000000000b01", "x": 0.0, "y": 1.1624999999999999, "z": 0, "MSE": 0.010806476461204449, "anchor 1 mse": 0.0}
{"bot_id": "0000000000000b01", "x": 0.0, "y": 1.1624999999999999, "z": 0, "MSE": 0.010806476461204449, "anchor 1 mse": 0.0}
{"bot_id": "0000000000000b01", "x": 0.0, "y": 1.1624999999999999, "z": 0, "MSE": 0.010806476461204449, "anchor 1 mse": 0.0}
{"bot_id": "0000000000000b01", "x": 0.0, "y": 1.1624999999999999, "z": 0, "MSE": 0.010806476461204449, "anchor 1 mse": 0.0}
{"bot_id": "0000000000000b01", "x": 0.0, "y": 1.1624999999999999, "z": 0, "MSE": 0.010806476461204449, "anchor 1 mse": 0.0}
{"bot_id": "0000000000000b01", "x": 0.0, "y": 1.165, "z": 0, "MSE": 0.010804856852111182, "anchor 1 mse": 0.0}
{"bot_id": "0000000000000b01", "x": 0.0, "y": 1.165, "z": 0, "MSE": 0.010804856852111182, "anchor 1 mse": 0.0}
{"bot_id": "0000000000000b01", "x": 0.0, "y": 1.1937499999999999, "z": 0, "MSE": 0.01078668752841323, "anchor 1 mse": 0.0}
{"bot_id": "0000000000000b01", "x": 0.0, "y": 1.25, "z": 0, "MSE": 0.010753407329779108, "anchor 1 mse": 0.0}
{"bot_id": "0000000000000b01", "x": 0.0, "y": 1.25, "z": 0, "MSE": 0.010753407329779108, "anchor 1 mse": 0.0}
{"bot_id": "0000000000000b01", "x": 0.0, "y": 1.25125, "z": 0, "MSE": 0.010752699668644925, "anchor 1 mse": 0.0}
{"bot_id": "0000000000000b01", "x": 0.0, "y": 1.25125, "z": 0, "MSE": 0.010752699668644925, "anchor 1 mse": 0.0}
{"bot_id": "0000000000000b01", "x": 0.0, "y": 1.135, "z": 0, "MSE": 0.010824731234180223, "anchor 1 mse": 0.0}
{"bot_id": "0000000000000b01", "x": 0.0, "y": 1.135,