{"bot_id": "0000000000000b01", "x": 0.0, "y": 1.0, "z": 0, "MSE": 1.0022937604083133, "anchor 1 mse": 1.0, "anchor 2 mse": 1.0, "anchor 3 mse": 2.0000000000000004, "anchor 4 mse": 0.009175041633252936}
{"bot_id": "0000000000000b01", "x": 0.40338183816824413, "y": 1.3650857222699795, "z": 0.0, "MSE": 0.8378719101059662, "anchor 1 mse": 2.0261759365093437, "anchor 2 mse": 0.5658330474294251, "anchor 3 mse": 0.7590693710929368, "anchor 4 mse": 0.00040928539215915157}
{"bot_id": "0000000000000b01", "x": 0.4772863963093542, "y": 1.4440552109447147, "z": 0.0, "MSE": 0.8582354498607916, "anchor 1 mse": 2.313097756358555, "anchor 2 mse": 0.5368769125796956, "anchor 3 mse": 0.5823041199609874, "anchor 4 mse": 0.0006630105439283516}
{"bot_id": "0000000000000b01", "x": 0.4068473973353797, "y": 1.4116368149219398, "z": 0.0, "MSE": 0.8420974216753991, "anchor 1 mse": 2.1582433019615315, "anchor 2 mse": 0.511696042273772, "anchor 3 mse": 0.6980012476030125, "anchor 4 mse": 0.0004490948632805794}
{"bot_id": "0000000000000b01", "x": 0.4009294651016545, "y": 1.3946284619667755, "z": 0.0, "MSE": 0.8395934933482787, "anchor 1 mse": 2.1057329829145126, "anchor 2 mse": 0.5272191350474106, "anchor 3 mse": 0.7253602048441015, "anchor 4 mse": 6.165058709000056e-05}
{"bot_id": "0000000000000b01", "x": 0.40011822333462665, "y": 1.383398380905612, "z": 0.0, "MSE": 0.838559523483401, "anchor 1 mse": 2.073885672936727, "anchor 2 mse": 0.5402921493142788, "anchor 3 mse": 0.7400557026450257, "anchor 4 mse": 4.569037572855213e-06}
{"bot_id": "0000000000000b01", "x": 0.41621544251420767, "y": 1.4138954643412052, "z": 0.0, "MSE": 0.8434498828597318, "anchor 1 mse": 2.17233567867193, "anchor 2 mse": 0.5167538213071092, "anchor 3 mse": 0.6843229362786939, "anchor 4 mse": 0.00038709518119372783}
{"bot_id": "0000000000000b01", "x": 0.3362761869396197, "y": 1.1762646209814744, "z": 0.0, "MSE": 0.8581946356272699, "anchor 1 mse": 1.4966801324753418, "anchor 2 mse": 0.7916216485494438, "anchor 3 mse": 1.1190692746702047, "anchor 4 mse": 0.025407486814089643}
{"bot_id": "0000000000000b01", "x": 0.40975796377225077, "y": 1.0642714036292786, "z": 0.0, "MSE": 0.9134736566965231, "anchor 1 mse": 1.3005752094578162, "anchor 2 mse": 1.0434895949407015, "anchor 3 mse": 1.2239736673962003, "anchor 4 mse": 0.08585615499137392}
{"bot_id": "0000000000000b01", "x": 0.33381912801937214, "y": 1.411286995514456, "z": 0.0, "MSE": 0.8385316309994784, "anchor 1 mse": 2.1031661939398343, "anchor 2 mse": 0.4580182118820101, "anchor 3 mse": 0.7903799558432659, "anchor 4 mse": 0.002562162332802719}
{"bot_id": "0000000000000b01", "x": 0.34044334766932083, "y": 1.425600639776251, "z": 0.0, "MSE": 0.8406797643053922, "anchor 1 mse": 2.14823885710275, "anchor 2 mse": 0.4458362979977461, "anchor 3 mse": 0.7649496026591045, "anchor 4 mse": 0.0036942994619678683}
{"bot_id": "0000000000000b01", "x": 0.383601419349959, "y": 1.0310224185978436, "z": 0.0, "MSE": 0.9276070793481097, "anchor 1 mse": 1.2101572765786504, "anchor 2 mse": 1.0860676021872755, "anchor 3 mse": 1.3188647634873578, "anchor 4 mse": 0.0953386751391554}
{"bot_id": "0000000000000b01", "x": 0.383601419349959, "y": 1.0310224185978436, "z": 0.0, "MSE": 0.9276070793481097, "anchor 1 mse": 1.2101572765786504, "anchor 2 mse": 1.0860676021872755, "anchor 3 mse": 1.3188647634873578, "anchor 4 mse": 0.0953386751391554}
{"bot_id": "0000000000000b01", "x": 0.3755017927821769, "y": 1.4611643861947206, "z": 0.0, "MSE": 0.8484837753937085, "anchor 1 mse": 2.2760029598664233, "anchor 2 mse": 0.43134541508754115, "anchor 3 mse": 0.6803418295231874, "anchor 4 mse": 0.006244897097682078}
{"bot_id": "0000000000000b01", "x": 0.3702018039640992, "y": 1.346971855350218, "z": 0.0, "MSE": 0.834625289333539, "anchor 1 mse": 1.9513825547638817, "anchor 2 mse": 0.5634951333630099, "anchor 3 mse": 0.8230915254348117, "anchor 4 mse": 0.0005319437724522599}
{"bot_id": "0000000000000b01", "x": 0.3983461193310171, "y": 1.3782977158748515, "z": 0.0, "MSE": 0.8380290029288203, "anchor 1 mse": 2.0583842243719137, "anchor 2 mse": 0.5451933608725078, "anchor 3 mse": 0.7485011222104735, "anchor 4 mse": 3.730426038656851e-05}
{"bot_id": "0000000000000b01", "x": 0.25141035865219147, "y": 1.4192952582993958, "z": 0.0, "MSE": 0.8461468963686463, "anchor 1 mse": 2.0776061986687724, "anchor 2 mse": 0.4004251654711889, "anchor 3 mse": 0.897604448166806, "anchor 4 mse": 0.008951773167817605}
{"bot_id": "0000000000000b01", "x": 0.32322706066569235, "y": 1.3232495045123047, "z": 0.0, "MSE": 0.8336269275316114, "anchor 1 mse": 1.8554649839386432, "anchor 2 mse": 0.5624669658894241, "anchor 3 mse": 0.9160128445580396, "anchor 4 mse": 0.0005629157403387833}
{"bot_id": "0000000000000b01", "x": 0.30902372421967755, "y": 1.3497554082060799, "z": 0.0, "MSE": 0.8339888643820655, "anchor 1 mse": 1.917335324112161, "anchor 2 mse": 0.518313691287841, "anchor 3 mse": 0.9002662428484861, "anchor 4 mse": 4.019927977416092e-05}
{"bot_id": "0000000000000b01", "x": 0.3033765576587421, "y": 1.3539584859785174, "z": 0.0, "MSE": 0.8343654944392527, "anchor 1 mse": 1.925240917490107, "anchor 2 mse": 0.5094069735760376, "anchor 3 mse": 0.9026538582585533, "anchor 4 mse": 0.0001602284323133622}
{"bot_id": "0000000000000b01", "x": 0.3033765576587421, "y": 1.3539584859785174, "z": 0.0, "MSE": 0.8343654944392527, "anchor 1 mse": 1.925240917490107, "anchor 2 mse": 0.5094069735760376, "anchor 3 mse": 0.9026538582585533, "anchor 4 mse": 0.0001602284323133622}
{"bot_id": "0000000000000b01", "x": 0.3033765576587421, "y": 1.3539584859785174, "z": 0.0, "MSE": 0.8343654944392527, "anchor 1 mse": 1.925240917490107, "anchor 2 mse": 0.5094069735760376, "anchor 3 mse": 0.9026538582585533, "anchor 4 mse": 0.0001602284323133622}
{"bot_id": "0000000000000b01", "x": 0.2886339016092101, "y": 1.3482258652669414, "z": 0.0, "MSE": 0.8350499474061475, "anchor 1 mse": 1.901022512932948, "anchor 2 mse": 0.5081190518651824, "anchor 3 mse": 0.930851248646762, "anchor 4 mse": 0.00020697617969756203}
{"bot_id": "0000000000000b01", "x": 0.3031303720061301, "y": 1.3338052779578946, "z": 0.0, "MSE": 0.8340242181508393, "anchor 1 mse": 1.8709245419409115, "anchor 2 mse": 0.5357034301093329, "anchor 3 mse": 0.9294426860970728, "anchor 4 mse": 2.62144560399172e-05}
{"bot_id": "0000000000000b01", "x": 0.33233248201913573, "y": 1.3756098748700816, "z": 0.0, "MSE": 0.8347655656894204, "anchor 1 mse": 2.0027474064450805, "anchor 2 mse": 0.5003079069647544, "anchor 3 mse": 0.8356429429264828, "anchor 4 mse": 0.0003640064213640643}
