{"bot_id": "0000000000000b01", "x": 0.08034547323663653, "y": -0.6107937041849285, "z": 0.0, "MSE": 0.03137305736818213, "anchor 1 mse": 0.12176228387012729, "anchor 2 mse": 0.002707089825492474, "anchor 3 mse": 0.0010218714737258757, "anchor 4 mse": 9.843033828912354e-07}
{"bot_id": "0000000000000b01", "x": -0.000973243864661074, "y": -0.6134059042860465, "z": 0.0, "MSE": 0.019549746153454096, "anchor 1 mse": 0.06843106696723014, "anchor 2 mse": 0.0028522099690944745, "anchor 3 mse": 0.002158336970138699, "anchor 4 mse": 0.00475737070735306}
{"bot_id": "0000000000000b01", "x": -0.000973243864661074, "y": -0.6134059042860465, "z": 0.0, "MSE": 0.019549746153454096, "anchor 1 mse": 0.06843106696723014, "anchor 2 mse": 0.0028522099690944745, "anchor 3 mse": 0.002158336970138699, "anchor 4 mse": 0.00475737070735306}
{"bot_id": "0000000000000b01", "x": 0.10301622651848928, "y": -0.4749111920440691, "z": 0.0, "MSE": 0.040063428800221665, "anchor 1 mse": 0.19275986041766976, "anchor 2 mse": 0.0007319323774002257, "anchor 3 mse": 5.708198454808218e-05, "anchor 4 mse": 0.008109266213854742}
{"bot_id": "0000000000000b01", "x": 0.12669214276323731, "y": -0.4810979537139384, "z": 0.0, "MSE": 0.04892016599934901, "anchor 1 mse": 0.18275634443182592, "anchor 2 mse": 0.0011785821486680335, "anchor 3 mse": 9.395883634677546e-05, "anchor 4 mse": 0.0007808338564756181}
{"bot_id": "0000000000000b01", "x": 0.18846330358976832, "y": -0.48815325028468903, "z": 0.0, "MSE": 0.04250913527004105, "anchor 1 mse": 0.1613865939392725, "anchor 2 mse": 0.020943719759628696, "anchor 3 mse": 0.0005219105010335084, "anchor 4 mse": 0.0060777086040574}
{"bot_id": "0000000000000b01", "x": 0.4983447092836995, "y": -0.6025471466303367, "z": 0.0, "MSE": 0.019684169857604406, "anchor 1 mse": 0.020469758932942637, "anchor 2 mse": 9.6629162662611e-05, "anchor 3 mse": 0.00010929903381747841, "anchor 4 mse": 0.058060992300994894}
{"bot_id": "0000000000000b01", "x": 0.4983447092836995, "y": -0.6025471466303367, "z": 0.0, "MSE": 0.019684169857604406, "anchor 1 mse": 0.020469758932942637, "anchor 2 mse": 9.6629162662611e-05, "anchor 3 mse": 0.005557014003968539, "anchor 4 mse": 0.058060992300994894}
{"bot_id": "0000000000000b01", "x": 0.3830326181642029, "y": -0.6398564715183672, "z": 0.0, "MSE": 0.009917594922987138, "anchor 1 mse": 0.032133632441796386, "anchor 2 mse": 0.0007562492453107962, "anchor 3 mse": 0.000196155262715342, "anchor 4 mse": 0.0065843427421260325}
{"bot_id": "0000000000000b01", "x": 0.4137504489943143, "y": -0.6433692869691661, "z": 0.0, "MSE": 0.01390395523409792, "anchor 1 mse": 0.04413062190176177, "anchor 2 mse": 0.0012641057115216313, "anchor 3 mse": 0.00030281164861028955, "anchor 4 mse": 0.009918281674497983}
