{"bot_id": "0000000000000b01", "x": -0.5249639421563447, "y": 1.5198744779013846, "z": 0, "MSE": 1.5649672436605715, "anchor 1 mse": 2.585605569140337, "anchor 2 mse": 0.33656118579677075, "anchor 3 mse": 0.2306623321614953, "anchor 4 mse": 2.7707809781105697}
{"bot_id": "0000000000000b01", "x": -0.5249639421563447, "y": 1.5198744779013846, "z": 0, "MSE": 1.5649672436605715, "anchor 1 mse": 2.585605569140337, "anchor 2 mse": 0.33656118579677075, "anchor 3 mse": 0.2306623321614953, "anchor 4 mse": 2.7707809781105697}
{"bot_id": "0000000000000b01", "x": -0.5249639421563447, "y": 1.5198744779013846, "z": 0, "MSE": 1.5649672436605715, "anchor 1 mse": 2.585605569140337, "anchor 2 mse": 0.33656118579677075, "anchor 3 mse": 0.2306623321614953, "anchor 4 mse": 2.7707809781105697}
{"bot_id": "0000000000000b01", "x": -0.5249639421563447, "y": 1.5198744779013846, "z": 0, "MSE": 1.5649672436605715, "anchor 1 mse": 2.585605569140337, "anchor 2 mse": 0.33656118579677075, "anchor 3 mse": 0.2306623321614953, "anchor 4 mse": 2.7707809781105697}
{"bot_id": "0000000000000b01", "x": -0.5249639421563447, "y": 1.5198744779013846, "z": 0, "MSE": 1.5649672436605715, "anchor 1 mse": 2.585605569140337, "anchor 2 mse": 0.33656118579677075, "anchor 3 mse": 0.2306623321614953, "anchor 4 mse": 2.7707809781105697}
{"bot_id": "0000000000000b01", "x": -0.5249639421563447, "y": 1.5198744779013846, "z": 0, "MSE": 1.5649672436605715, "anchor 1 mse": 2.585605569140337, "anchor 2 mse": 0.33656118579677075, "anchor 3 mse": 0.2306623321614953, "anchor 4 mse": 2.7707809781105697}
{"bot_id": "0000000000000b01", "x": -0.5249639421563447, "y": 1.5198744779013846, "z": 0, "MSE": 1.5649672436605715, "anchor 1 mse": 2.585605569140337, "anchor 2 mse": 0.33656118579677075, "anchor 3 mse": 0.2306623321614953, "anchor 4 mse": 2.7707809781105697}
{"bot_id": "0000000000000b01", "x": -0.5249639421563447, "y": 1.5198744779013846, "z": 0, "MSE": 1.5649672436605715, "anchor 1 mse": 2.585605569140337, "anchor 2 mse": 0.33656118579677075, "anchor 3 mse": 0.2306623321614953, "anchor 4 mse": 2.7707809781105697}
{"bot_id": "0000000000000b01", "x": -0.5249639421563447, "y": 1.5198744779013846, "z": 0, "MSE": 1.5649672436605715, "anchor 1 mse": 2.585605569140337, "anchor 2 mse": 0.33656118579677075, "anchor 3 mse": 0.2306623321614953, "anchor 4 mse": 2.7707809781105697}
{"bot_id": "0000000000000b01", "x": -0.5249639421563447, "y": 1.5198744779013846, "z": 0, "MSE": 1.5649672436605715, "anchor 1 mse": 2.585605569140337, "anchor 2 mse": 0.33656118579677075, "anchor 3 mse": 0.2306623321614953, "anchor 4 mse": 2.7707809781105697}
{"bot_id": "0000000000000b01", "x": -0.5249639421563447, "y": 1.5198744779013846, "z": 0, "MSE": 1.5649672436605715, "anchor 1 mse": 2.585605569140337, "anchor 2 mse": 0.33656118579677075, "anchor 3 mse": 0.2306623321614953, "anchor 4 mse": 2.7707809781105697}
{"bot_id": "0000000000000b01", "x": -0.5249639421563447, "y": 1.5198744779013846, "z": 0, "MSE": 1.5649672436605715, "anchor 1 mse": 2.585605569140337, "anchor 2 mse": 0.33656118579677075, "anchor 3 mse": 0.2306623321614953, "anchor 4 mse": 2.7707809781105697}
{"bot_id": "0000000000000b01", "x": -0.5249639421563447, "y": 1.5198744779013846, "z": 0, "MSE": 1.5649672436605715, "anchor 1 mse": 2.585605569140337, "anchor 2 mse": 0.33656118579677075, "anchor 3 mse": 0.2306623321614953, "anchor 4 mse": 2.7707809781105697}
{"bot_id": "0000000000000b01", "x": -0.5249639421563447, "y": 1.5198744779013846, "z": 0, "MSE": 1.5649672436605715, "anchor 1 mse": 2.585605569140337, "anchor 2 mse": 0.33656118579677075, "anchor 3 mse": 0.2306623321614953, "anchor 4 mse": 2.7707809781105697}
