{"bot_id": "0000000000000b01", "x": 0.8069605406890386, "y": 1.0324507272904966, "z": 0.0, "MSE": 0.014706677638697882, "anchor 1 mse": 0.0008763484322532463, "anchor 2 mse": 0.003036495491979348, "anchor 3 mse": 0.023525921319944073, "anchor 4 mse": 0.028783769095525207}
{"bot_id": "0000000000000b01", "x": 0.5360958469363545, "y": 1.0823047961843046, "z": 0.0, "MSE": 0.010989661435287415, "anchor 1 mse": 0.008500718704872751, "anchor 2 mse": 0.01617751772282334, "anchor 3 mse": 0.002839369426574624, "anchor 4 mse": 0.006800332040786564}
{"bot_id": "0000000000000b01", "x": 0.6326948267780893, "y": 1.1464425873161705, "z": 0.0, "MSE": 0.007984275147377887, "anchor 1 mse": 0.00024211079273497895, "anchor 2 mse": 0.016261440394435417, "anchor 3 mse": 0.002094648887984126, "anchor 4 mse": 0.01349189600395671}
{"bot_id": "0000000000000b01", "x": 0.6594605514915337, "y": 1.1560461551354162, "z": 0.0, "MSE": 0.007897158725913013, "anchor 1 mse": 3.497031444041042e-05, "anchor 2 mse": 0.009791267988508424, "anchor 3 mse": 0.011010558172534832, "anchor 4 mse": 0.013188301527980487}
{"bot_id": "0000000000000b01", "x": 0.6168551653791922, "y": 1.1535653074961272, "z": 0.0, "MSE": 0.008403888825668723, "anchor 1 mse": 0.0002843504184553629, "anchor 2 mse": 0.015040685040215699, "anchor 3 mse": 0.007376513336812834, "anchor 4 mse": 0.0208716163117955}
{"bot_id": "0000000000000b01", "x": 0.45654768113851435, "y": 1.12125182311036, "z": 0.0, "MSE": 0.01143531072173649, "anchor 1 mse": 0.00011314128990429573, "anchor 2 mse": 0.03230296897681603, "anchor 3 mse": 0.00033188398797473793, "anchor 4 mse": 0.012993248632250896}
{"bot_id": "0000000000000b01", "x": 0.45654768113851435, "y": 1.12125182311036, "z": 0.0, "MSE": 0.01143531072173649, "anchor 1 mse": 0.00011314128990429573, "anchor 2 mse": 0.09286053579700784, "anchor 3 mse": 0.06161201834581503, "anchor 4 mse": 0.012993248632250896}
{"bot_id": "0000000000000b01", "x": 0.6848786378193622, "y": 1.1314371104861145, "z": 0.0, "MSE": 0.026106945060042956, "anchor 1 mse": 0.01502500624620504, "anchor 2 mse": 0.03568269226795887, "anchor 3 mse": 0.019310014601995176, "anchor 4 mse": 0.03441006712401273}
{"bot_id": "0000000000000b01", "x": 0.7015647192658164, "y": 1.1193620852021775, "z": 0.0, "MSE": 0.023409661671708715, "anchor 1 mse": 0.0012993686609242652, "anchor 2 mse": 0.0001979920505080972, "anchor 3 mse": 0.020976184478261623, "anchor 4 mse": 0.02942515378705527}
{"bot_id": "0000000000000b01", "x": 0.6462426298632988, "y": 1.191120513342496, "z": 0.0, "MSE": 0.008274605033738107, "anchor 1 mse": 0.00491926735622239, "anchor 2 mse": 0.010955065671457851, "anchor 3 mse": 0.00957530728480896, "anchor 4 mse": 0.009497925879539404}
{"bot_id": "0000000000000b01", "x": 0.6408950748829757, "y": 1.195166450670601, "z": 0.0, "MSE": 0.008792657316682773, "anchor 1 mse": 0.0050637139185786125, "anchor 2 mse": 0.012357432276972339, "anchor 3 mse": 1.7251393055860544e-06, "anchor 4 mse": 0.00847320327066452}
{"bot_id": "0000000000000b01", "x": 0.6089274242447806, "y": 1.180071053082426, "z": 0.0, "MSE": 0.006527446603507271, "anchor 1 mse": 0.015108287079859554, "anchor 2 mse": 0.014087087173158756, "anchor 3 mse": 0.0008075193702481468, "anchor 4 mse": 0.009373416358602572}
{"bot_id": "0000000000000b01", "x": 0.5455586998397405, "y": 1.1511996695059872, "z": 0.0, "MSE": 0.009810286902986524, "anchor 1 mse": 0.004751200385818888, "anchor 2 mse": 0.021313786766890268, "anchor 3 mse": 0.0059602364037745536, "anchor 4 mse": 0.010475518211162816}
{"bot_id": "0000000000000b01", "x": 0.4490099512773439, "y": 1.113296467930673, "z": 0.0, "MSE": 0.0088888083608902, "anchor 1 mse": 2.0859108346944987e-05, "anchor 2 mse": 0.0259506360838321, "anchor 3 mse": 1.5608498034460034e-05, "anchor 4 mse": 0.00956812975334729}
{"bot_id": "0000000000000b01", "x": 0.48907280377397133, "y": 1.0979189139783985, "z": 0.0, "MSE": 0.006138068902179395, "anchor 1 mse": 0.006901839690784062, "anchor 2 mse": 0.016607512535817884, "anchor 3 mse": 1.0731438399528886e-05, "anchor 4 mse": 0.007924561788257447}
{"bot_id": "0000000000000b01", "x": 0.5596592046334238, "y": 1.1281022930057691, "z": 0.0, "MSE": 0.0066811650869471675, "anchor 1 mse": 0.0006605569646749263, "anchor 2 mse": 0.015360679408177159, "anchor 3 mse": 0.003996350358508371, "anchor 4 mse": 0.007921455696667308}
{"bot_id": "0000000000000b01", "x": 0.563465496288951, "y": 1.1267264497164138, "z": 0.0, "MSE": 0.00691751775469015, "anchor 1 mse": 0.000636845233107022, "anchor 2 mse": 0.01457365052695417, "anchor 3 mse": 0.0040572087219907516, "anchor 4 mse": 0.008402366536708658}
{"bot_id": "0000000000000b01", "x": 0.563465496288951, "y": 1.1267264497164138, "z": 0.0, "MSE": 0.00691751775469015, "anchor 1 mse": 0.000636845233107022, "anchor 2 mse": 0.01457365052695417, "anchor 3 mse": 0.0040572087219907516, "anchor 4 mse": 0.03300196276780963}
{"bot_id": "0000000000000b01", "x": 0.45948951384203307, "y": 1.1647032098716636, "z": 0.0, "MSE": 0.014264975827871907, "anchor 1 mse": 0.0010847821920086955, "anchor 2 mse": 0.04270961608481762, "anchor 3 mse": 0.019621490279336743, "anchor 4 mse": 0.011233593449793073}
{"bot_id": "0000000000000b01", "x": 0.3375091239103616, "y": 1.138724693549007, "z": 0.0, "MSE": 0.01807116008247589, "anchor 1 mse": 0.009469334392558997, "anchor 2 mse": 0.055204027229581676, "anchor 3 mse": 0.0023430163887914715, "anchor 4 mse": 0.005268262318971408}
{"bot_id": "0000000000000b01", "x": 0.3375091239103616, "y": 1.138724693549007, "z": 0.0, "MSE": 0.01807116008247589, "anchor 1 mse": 0.009469334392558997, "anchor 2 mse": 0.055204027229581676, "anchor 3 mse": 0.0023430163887914715, "anchor 4 mse": 0.005268262318971408}
{"bot_id": "0000000000000b01", "x": 0.3375091239103616, "y": 1.138724693549007, "z": 0.0, "MSE": 0.01807116008247589, "anchor 1 mse": 0.009469334392558997, "anchor 2 mse": 0.055204027229581676, "anchor 3 mse": 0.0023430163887914715, "anchor 4 mse": 0.005268262318971408}
{"bot_id": "0000000000000b01", "x": 0.3375091239103616, "y": 1.138724693549007, "z": 0.0, "MSE": 0.01807116008247589, "anchor 1 mse": 0.00522880914019439, "anchor 2 mse": 0.055204027229581676, "anchor 3 mse": 0.0023430163887914715, "anchor 4 mse": 0.005268262318971408}
{"bot_id": "0000000000000b01", "x": 0.1271362245440904, "y": 1.0351675449786857, "z": 0.0, "MSE": 0.03736600922481856, "anchor 1 mse": 0.04711262479471587, "anchor 2 mse": 0.10037947882899437, "anchor 3 mse": 0.0006798391129351663, "anchor 4 mse": 0.0012920941626288272}
{"bot_id": "0000000000000b01", "x": 0.14145389963329208, "y": 1.0517746741992027, "z": 0.0, "MSE": 0.04303549241840028, "anchor 1 mse": 0.06187946702599264, "anchor 2 mse": 0.10974766998881179, "anchor 3 mse": 1.7248310081916973e-05, "anchor 4 mse": 0.000497584348714769}
{"bot_id": "0000000000000b01", "x": 0.11501431064845104, "y": 0.9876515622416618, "z": 0.0, "MSE": 0.07118954175548307, "anchor 1 mse": 0.09965016768479186, "anchor 2 mse": 0.1773580929657604, "anchor 3 mse": 0.004849330828283386, "anchor 4 mse": 0.0029005755430966313}
{"bot_id": "0000000000000b01", "x": 0.23533368630383342, "y": 1.0180627421642678, "z": 0.0, "MSE": 0.06719360694006352, "anchor 1 mse": 0.07027352429725404, "anchor 2 mse": 0.1851203206853447, "anchor 3 mse": 0.001985083642977609, "anchor 4 mse": 0.011395499134677712}
{"bot_id": "0000000000000b01", "x": 0.23533368630383342, "y": 1.0180627421642678, "z": 0.0, "MSE": 0.06719360694006352, "anchor 1 mse": 0.07027352429725404, "anchor 2 mse": 0.1851203206853447, "anchor 3 mse": 0.001985083642977609, "anchor 4 mse": 0.011395499134677712}
{"bot_id": "0000000000000b01", "x": 0.1801115129944429, "y": 1.0215120076275335, "z": 0.0, "MSE": 0.0698584578543769, "anchor 1 mse": 0.06642527818071797, "anchor 2 mse": 0.19809034528083014, "anchor 3 mse": 0.005864459563655167, "anchor 4 mse": 0.009053748392304332}
{"bot_id": "0000000000000b01", "x": 0.1801115129944429, "y": 1.0215120076275335, "z": 0.0, "MSE": 0.0698584578543769,