{"bot_id": "0000000000000b01", "x": 0.1620480782092234, "y": 1.113832571241862, "z": 0.0, "MSE": 0.052954009339107315, "anchor 1 mse": 0.05037385940546029, "anchor 2 mse": 0.06715251788728553, "anchor 3 mse": 1.4968484255393725e-07, "anchor 4 mse": 0.002130862359716545}
{"bot_id": "0000000000000b01", "x": 0.22247705760419753, "y": 1.1402684336084599, "z": 0.0, "MSE": 0.0240902775371637, "anchor 1 mse": 0.019107698411350214, "anchor 2 mse": 0.07395631102496884, "anchor 3 mse": 0.0011677422877620928, "anchor 4 mse": 0.0020134726414519624}
{"bot_id": "0000000000000b01", "x": 0.315708182025899, "y": 1.1631383020522401, "z": 0.0, "MSE": 0.021786020074486444, "anchor 1 mse": 0.008982688680424384, "anchor 2 mse": 0.07052619781808533, "anchor 3 mse": 0.0019347061269192009, "anchor 4 mse": 0.0057004876725168475}
{"bot_id": "0000000000000b01", "x": 0.3277664646620966, "y": 1.1901310739586637, "z": 0.0, "MSE": 0.013125156374569092, "anchor 1 mse": 0.027410017711573, "anchor 2 mse": 0.04256751961522296, "anchor 3 mse": 0.002254925465446943, "anchor 4 mse": 0.008674811591420858}
{"bot_id": "0000000000000b01", "x": 0.38242638773050225, "y": 1.2545990940570055, "z": 0.0, "MSE": 0.021927874213439988, "anchor 1 mse": 0.007816294346705324, "anchor 2 mse": 0.058671359854858204, "anchor 3 mse": 0.017424589484906636, "anchor 4 mse": 0.0037992531672897977}
{"bot_id": "0000000000000b01", "x": 0.43397022043302563, "y": 1.229298672954835, "z": 0.0, "MSE": 0.033666954211436936, "anchor 1 mse": 0.00928317046838691, "anchor 2 mse": 0.0933404609725819, "anchor 3 mse": 0.020670649767753766, "anchor 4 mse": 0.004441793254782193}
{"bot_id": "0000000000000b01", "x": 0.5153539395527035, "y": 1.209594414629675, "z": 0.0, "MSE": 0.027882636569143415, "anchor 1 mse": 0.00088825059121696, "anchor 2 mse": 0.06072609237635953, "anchor 3 mse": 0.02987420105494575, "anchor 4 mse": 0.013671814890103403}
{"bot_id": "0000000000000b01", "x": 0.3505356912506393, "y": 1.153383146497915, "z": 0.0, "MSE": 0.022898437597382856, "anchor 1 mse": 0.006324359027267918, "anchor 2 mse": 0.0862501778785409, "anchor 3 mse": 0.0010866821499614084, "anchor 4 mse": 0.009279883571847261}
{"bot_id": "0000000000000b01", "x": 0.23692798136511067, "y": 1.1213212647646782, "z": 0.0, "MSE": 0.02839485459619286, "anchor 1 mse": 0.019299144494199172, "anchor 2 mse": 0.08996334954198365, "anchor 3 mse": 0.000263488040104876, "anchor 4 mse": 0.004053436308483741}
{"bot_id": "0000000000000b01", "x": 0.23692798136511067, "y": 1.1213212647646782, "z": 0.0, "MSE": 0.02839485459619286, "anchor 1 mse": 0.019299144494199172, "anchor 2 mse": 0.08996334954198365, "anchor 3 mse": 0.000263488040104876, "anchor 4 mse": 0.004053436308483741}
{"bot_id": "0000000000000b01", "x": 0.23692798136511067, "y": 1.1213212647646782, "z": 0.0, "MSE": 0.02839485459619286, "anchor 1 mse": 0.019299144494199172, "anchor 2 mse": 0.16804990967230124, "anchor 3 mse": 0.000263488040104876, "anchor 4 mse": 0.004053436308483741}
{"bot_id": "0000000000000b01", "x": 0.21161972878807359, "y": 1.082114446201933, "z": 0.0, "MSE": 0.04591516109191212, "anchor 1 mse": 0.07694375996490495, "anchor 2 mse": 0.14291096759522795, "anchor 3 mse": 0.0008989426643625327, "anchor 4 mse": 0.006585576816339075}
{"bot_id": "0000000000000b01", "x": 0.2895339582017146, "y": 1.1302034913491952, "z": 0.0, "MSE": 0.05465070496971362, "anchor 1 mse": 0.04549671543866235, "anchor 2 mse": 0.1626346171811817, "anchor 3 mse": 0.0032399230630168426, "anchor 4 mse": 0.007231564195993612}
{"bot_id": "0000000000000b01", "x": 0.3021785652462782, "y": 1.1322991871437387, "z": 0.0, "MSE": 0.054029642744359785, "anchor 1 mse": 0.077324488648522, "anchor 2 mse": 0.14914071127832765, "anchor 3 mse": 0.0037835090830376198, "anchor 4 mse": 0.00022324178782572913}
{"bot_id": "0000000000000b01", "x": 0.7504552703548132, "y": 1.1378171379864903, "z": 0.0, "MSE": 0.03580366970038459, "anchor 1 mse": 0.007566322445632877, "anchor 2 mse": 0.02623076406054592, "anchor 3 mse": 0.07696741888833795, "anchor 4 mse": 0.0324501734070216}
{"bot_id": "0000000000000b01", "x": 0.7504552703548132, "y": 1.1378171379864903, "z": 0.0, "MSE": 0.03580366970038459, "anchor 1 mse": 0.007566322445632877, "anchor 2 mse": 0.02623076406054592, "anchor 3 mse": 0.07696741888833795, "anchor 4 mse": 0.01325706224111703}
{"bot_id": "0000000000000b01", "x": 0.8674524532043318, "y": 1.1026561062635438, "z": 0.0, "MSE": 0.026482785464940192, "anchor 1 mse": 0.0022118401297746234, "anchor 2 mse": 0.0032400626335755862, "anchor 3 mse": 0.10753124102741342, "anchor 4 mse": 0.028698345853924716}
{"bot_id": "0000000000000b01", "x": 0.7628916781611049, "y": 1.088029938535474, "z": 0.0, "MSE": 0.03537958166254969, "anchor 1 mse": 0.0013076241299157627, "anchor 2 mse": 0.019884308066678007, "anchor 3 mse": 0.08567935993287869, "anchor 4 mse": 0.027700236438322336}
{"bot_id": "0000000000000b01", "x": 0.4529262304491141, "y": 1.0378709201884506, "z": 0.0, "MSE": 0.03825376753371458, "anchor 1 mse": 0.05410513097346275, "anchor 2 mse": 0.0710718053873891, "anchor 3 mse": 0.012816711594837733, "anchor 4 mse": 0.011400094686809708}
{"bot_id": "0000000000000b01", "x": 0.5083378348693841, "y": 1.0437651414869287, "z": 0.0, "MSE": 0.03488814077668133, "anchor 1 mse": 0.04162794494527311, "anchor 2 mse": 0.06103102056366404, "anchor 3 mse": 0.020958725001497633, "anchor 4 mse": 0.015934872596290523}
{"bot_id": "0000000000000b01", "x": 0.5083378348693841, "y": 1.0437651414869287, "z": 0.0, "MSE": 0.03488814077668133, "anchor 1 mse": 0.04162794494527311, "anchor 2 mse": 0.06103102056366404, "anchor 3 mse": 0.020958725001497633, "anchor 4 mse": 0.03657021527636006}
{"bot_id": "0000000000000b01", "x": 0.31615917206335964, "y": 1.0699300059499544, "z": 0.0, "MSE": 0.04824862781060757, "anchor 1 mse": 0.06216828918983713, "anchor 2 mse": 0.12086926628340582, "anchor 3 mse": 0.004301705860054073, "anchor 4 mse": 0.0056552499091332776}
{"bot_id": "0000000000000b01", "x": 0.31615917206335964, "y": 1.0699300059499544, "z": 0.0, "MSE": 0.04824862781060757, "anchor 1 mse": 0.06216828918983713, "anchor 2 mse": 0.12086926628340582, "anchor 3 mse": 0.004301705860054073, "anchor 4 mse": 0.0056552499091332776}
{"bot_id": "0000000000000b01", "x": 0.31615917206335964, "y": 1.0699300059499544, "z": 0.0, "MSE": 0.04824862781060757, "anchor 1 mse": 0.06216828918983713, "anchor 2 mse": 0.12086926628340582, "anchor 3 mse": 0.004301705860054073, "anchor 4 mse": 0.0056552499091332776}
{"bot_id": "0000000000000b01", "x": 0.31615917206335964, "y": 1.0699300059499544, "z": 0.0, "MSE": 0.04824862781060757, "anchor 1 mse": 0.06216828918983713, "anchor 2 mse": 0.058885125464613844, "anchor 3 mse": 0.004301705860054073, "anchor 4 mse": 0.0056552499091332776}
{"bot_id": "0000000000000b01", "x": 0.374557921246255, "y": 1.1220306908613318, "z": 0.0, "MSE": 0.03496796178420145, "anchor 1 mse": 0.04289144338832998, "anchor 2 mse": 0.07315509106046834, "anchor 3 mse": 0.020174025494877384, "anchor 4 mse": 0.0036512871931300987}
{"bot_id": "0000000000000b01", "x": 0.374557921246255, "y": 1.1220306908613318, "z": 0.0, "MSE": 0.03496796178420145, "anchor 1 mse": 0.04289144338832998, "anchor 2 mse": 0.07315509106046834, "anchor 3 mse": 0.020174025494877384, "anchor 4 mse": 0.00010869901162202455}
{"bot_id": "0000000000000b01", "x": 0.24776531079485792, "y": 1.0653150019402724, "z": 0.0, "MSE": 0.04164419987581027, "anchor 1 mse": 0.03106492621781596, "anchor 2 mse": 0.0665814251606532, "anchor 3 mse": 0.01214651699802932, "anchor 4 mse": 8.33430676363216e-05}
{"bot_id": "0000000000000b01", "x": 0.20292911958778345, "y": 1.0131648759254193, "z": 0.0, "MSE": 0.026275115744798995, "anchor 1 mse": 0.056032753653779764, "anchor 2 mse": 0.04731325787756147, "anchor 3 mse": 0.0017198527768552232, "anchor 4 mse": 3.4598670999513083e-05}
{"bot_id": "0000000000000b01", "x": 0.20292911958778345, "y": 1.0131648759254193, "z": 0.0, "MSE": 0.026275115744798995, "anchor 1 mse": 0.056032753653779764,