{"bot_id": "0000000000000b01", "x": 0.9556172665859854, "y": -0.63335239447243, "z": 0.0, "MSE": 0.05326919184060379, "anchor 1 mse": 0.1493409103125978, "anchor 2 mse": 0.016542218782447025, "anchor 3 mse": 0.012933690189775606, "anchor 4 mse": 0.03425994807759472}
{"bot_id": "0000000000000b01", "x": 1.0897251235557774, "y": -0.5134210002399514, "z": 0.0, "MSE": 0.07575861064861006, "anchor 1 mse": 0.1976842219549515, "anchor 2 mse": 0.027394737673134596, "anchor 3 mse": 0.02560704441359051, "anchor 4 mse": 0.052348438552763624}
{"bot_id": "0000000000000b01", "x": 0.9980855756837481, "y": -0.5826369695695394, "z": 0.0, "MSE": 0.05454520653066654, "anchor 1 mse": 0.13741790131238474, "anchor 2 mse": 0.018553632984640057, "anchor 3 mse": 0.015040000339819263, "anchor 4 mse": 0.029707930039326817}
{"bot_id": "0000000000000b01", "x": 1.0090878710444267, "y": -0.5811091986933873, "z": 0.0, "MSE": 0.05168248181362543, "anchor 1 mse": 0.14398309427859426, "anchor 2 mse": 0.017862216183535957, "anchor 3 mse": 0.014671313460513109, "anchor 4 mse": 0.030213303331858413}
{"bot_id": "0000000000000b01", "x": 1.0090878710444267, "y": -0.5811091986933873, "z": 0.0, "MSE": 0.05168248181362543, "anchor 1 mse": 0.14398309427859426, "anchor 2 mse": 0.017862216183535957, "anchor 3 mse": 0.014671313460513109, "anchor 4 mse": 0.030213303331858413}
{"bot_id": "0000000000000b01", "x": 1.048127026569255, "y": -0.5984724945310418, "z": 0.0, "MSE": 0.06117103799197574, "anchor 1 mse": 0.17804574881391771, "anchor 2 mse": 0.023440377246445817, "anchor 3 mse": 0.15125732217996632, "anchor 4 mse": 0.02389977537246084}
{"bot_id": "0000000000000b01", "x": 1.234479014718911, "y": -0.4346359132945103, "z": 0.0, "MSE": 0.10686035399407914, "anchor 1 mse": 0.2743221673672533, "anchor 2 mse": 0.050749494715345275, "anchor 3 mse": 0.055649352867958794, "anchor 4 mse": 0.04672040102575922}
{"bot_id": "0000000000000b01", "x": 1.3187144577379548, "y": -0.4102477724542482, "z": 0.0, "MSE": 0.07432198230728036, "anchor 1 mse": 0.1689656602589552, "anchor 2 mse": 0.01627733023191031, "anchor 3 mse": 0.04894215940482975, "anchor 4 mse": 0.036289556806424074}
{"bot_id": "0000000000000b01", "x": 1.2750463387423072, "y": -0.37987977818332197, "z": 0.0, "MSE": 0.06328472603467522, "anchor 1 mse": 0.12991190531412428, "anchor 2 mse": 0.03065281716914402, "anchor 3 mse": 0.0006615605780365423, "anchor 4 mse": 0.05808195869876921}
{"bot_id": "0000000000000b01", "x": 1.1622590590951223, "y": -0.4895350839061648, "z": 0.0, "MSE": 0.038587596739423684, "anchor 1 mse": 0.0847663362580224, "anchor 2 mse": 0.01626206034585262, "anchor 3 mse": 0.015579337160243753, "anchor 4 mse": 0.037742653193575955}
{"bot_id": "0000000000000b01", "x": 1.1637752612200523, "y": -0.49104995163362924, "z": 0.0, "MSE": 0.0507841467796738, "anchor 1 mse": 0.08592647715054198, "anchor 2 mse": 0.01575241956155344, "anchor 3 mse": 0.015984010749557565, "anchor 4 mse": 0.08547367965704221}
{"bot_id": "0000000000000b01", "x": 0.959326025241316, "y": -0.6425047485722342, "z": 0.0, "MSE": 0.015949728489701043, "anchor 1 mse": 0.02876674747687129, "anchor 2 mse": 0.004063808378656924, "anchor 3 mse": 0.00334289350001376, "anchor 4 mse": 0.027625464603262203}
{"bot_id": "0000000000000b01", "x": 0.9408428620680026, "y": -0.6359577849411859, "z": 0.0, "MSE": 0.014461981618546001, "anchor 1 mse": 0.022685696165961045, "anchor 2 mse": 0.003154880931721789, "anchor 3 mse": 0.00266478076389579, "anchor 4 mse": 0.02934256861260538}
{"bot_id": "0000000000000b01", "x": 0.9343201806034375, "y": -0.6367782078559303, "z": 0.0, "MSE": 0.014791366206366351, "anchor 1 mse": 0.024236733771277382, "anchor 2 mse": 0.0033155621801105703, "anchor 3 mse": 0.002766349124313608, "anchor 4 mse": 0.003007811189933387}
{"bot_id": "0000000000000b01", "x": 0.9439477353030706, "y": -0.6322890657384477, "z": 0.0, "MSE": 0.008829997664314963, "anchor 1 mse": 0.02596789946871477, "anchor 2 mse": 0.00018432785193321774, "anchor 3 mse": 0.0022930488620975555, "anchor 4 mse": 0.0036278079311735153}
{"bot_id": "0000000000000b01", "x": 0.8924020940387423, "y": -0.6212022593731039, "z": 0.0, "MSE": 0.010713306374827338, "anchor 1 mse": 0.01261670819835542, "anchor 2 mse": 0.0016851220768078741, "anchor 3 mse": 0.0014753071017388941, "anchor 4 mse": 0.027076088122407166}
{"bot_id": "0000000000000b01", "x": 0.8924020940387423, "y": -0.6212022593731039, "z": 0.0, "MSE": 0.010713306374827338, "anchor 1 mse": 0.01261670819835542, "anchor 2 mse": 0.0016851220768078741, "anchor 3 mse": 0.03007093329868399, "anchor 4 mse": 0.027076088122407166}
{"bot_id": "0000000000000b01", "x": 1.0449189022330205, "y": -0.5255956570119771, "z": 0.0, "MSE": 0.030278336186298646, "anchor 1 mse": 0.037892813718854196, "anchor 2 mse": 0.005895242377232306, "anchor 3 mse": 0.005775251772381244, "anchor 4 mse": 0.07155003687672683}
{"bot_id": "0000000000000b01", "x": 1.0449189022330205, "y": -0.5255956570119771, "z": 0.0, "MSE": 0.030278336186298646, "anchor 1 mse": 0.037892813718854196, "anchor 2 mse": 0.005895242377232306, "anchor 3 mse": 0.005775251772381244, "anchor 4 mse": 0.07155003687672683}
{"bot_id": "0000000000000b01", "x": 1.0449189022330205, "y": -0.5255956570119771, "z": 0.0, "MSE": 0.030278336186298646, "anchor 1 mse": 0.037892813718854196, "anchor 2 mse": 0.0007171942025772864, "anchor 3 mse": 0.005775251772381244, "anchor 4 mse": 0.07155003687672683}
{"bot_id": "0000000000000b01", "x": 1.0032042611727223, "y": -0.5090784284072032, "z": 0.0, "MSE": 0.02776762273351322, "anchor 1 mse": 0.04409153236616074, "anchor 2 mse": 0.003340657983793979, "anchor 3 mse": 0.0437146447897197, "anchor 4 mse": 0.081745378684604}
{"bot_id": "0000000000000b01", "x": 1.1093330066112013, "y": -0.40911106582174644, "z": 0.0, "MSE": 0.05839576363987396, "anchor 1 mse": 0.07148508126749524, "anchor 2 mse": 0.011609827499926024, "anchor 3 mse": 0.012452490317547483, "anchor 4 mse": 0.13803565547452712}
{"bot_id": "0000000000000b01", "x": 1.1093330066112013, "y": -0.40911106582174644, "z": 0.0, "MSE": 0.05839576363987396, "anchor 1 mse": 0.07148508126749524, "anchor 2 mse": 0.011609827499926024, "anchor 3 mse": 0.012452490317547483, "anchor 4 mse": 0.0447455754821595}
{"bot_id": "0000000000000b01", "x": 1.097343011692422, "y": -0.40932001100518134, "z": 0.0, "MSE": 0.0368116931508785, "anchor 1 mse": 0.07628528839635362, "anchor 2 mse": 0.012667795913569488, "anchor 3 mse": 0.012384500116958585, "anchor 4 mse": 0.04590918817663227}
{"bot_id": "0000000000000b01", "x": 1.1350847092370564, "y": -0.42884661639182103, "z": 0.0, "MSE": 0.042820621963373974, "anchor 1 mse": 0.10137519011706334, "anchor 2 mse": 0.017958390036638894, "anchor 3 mse": 0.0005107693335064768, "anchor 4 mse": 0.03436609293792328}
{"bot_id": "0000000000000b01", "x": 1.044050267288401, "y": -0.5038466494643856, "z": 0.0, "MSE": 0.026465767414126613, "anchor 1 mse": 0.06983760112254676, "anchor 2 mse": 0.010444645431436103, "anchor 3 mse": 0.008880067201305944, "anchor 4 mse": 0.016700755901217636}
{"bot_id": "0000000000000b01", "x": 1.044050267288401, "y": -0.5038466494643856, "z": 0.0, "MSE": 0.026465767414126613, "anchor 1 mse": 0.06983760112254676, "anchor 2 mse": 0.010444645431436103, "anchor 3 mse": 0.008880067201305944, "anchor 4 mse": 0.04589509466107086}
{"bot_id": "0000000000000b01", "x": 1.0418887828648797, "y": -0.5058680377121865, "z": 0.0, "MSE": 0.03347050002902607, "anchor 1 mse": 0.06927593697729079, "anchor 2 mse": 0.010234116746957133, "anchor 3 mse": 0.009257927673685357, "anchor 4 mse": 0.045114018718171}
{"bot_id": "0000000000000b01", "x": 1.047503205686818, "y": -0.5048347542538862, "z": 0.0, "MSE": 0.03271916983252343, "anchor 1 mse": 0.06646466558970977, "anchor 2 mse": 0.015614177281400249, "anchor 3 mse": 0.009079260489732373, "anchor 4 mse": 0.04534141105058153}
{"bot_id": "0000000000000b01", "x": 1.2435362949159008, "y": -0.35342227606966914, "z": 0.0, "MSE": 0.0757958519053002, "anchor 1 mse": 0.15037623608356335,