{"bot_id": "0000000000000b01", "x": 2.114100925415092, "y": 2.9660175484007323, "z": 0, "MSE": 4.646217760286854, "anchor 1 mse": 0.22815354874600774, "anchor 2 mse": 6.118033658855817, "anchor 3 mse": 2.505900032332055, "anchor 4 mse": 9.654549193738278}
{"bot_id": "0000000000000b01", "x": 2.114100925415092, "y": 2.9660175484007323, "z": 0, "MSE": 4.646217760286854, "anchor 1 mse": 0.22815354874600774, "anchor 2 mse": 6.118033658855817, "anchor 3 mse": 2.505900032332055, "anchor 4 mse": 9.654549193738278}
{"bot_id": "0000000000000b01", "x": 2.114100925415092, "y": 2.9660175484007323, "z": 0, "MSE": 4.646217760286854, "anchor 1 mse": 0.22815354874600774, "anchor 2 mse": 6.118033658855817, "anchor 3 mse": 2.505900032332055, "anchor 4 mse": 9.654549193738278}
{"bot_id": "0000000000000b01", "x": 2.114100925415092, "y": 2.9660175484007323, "z": 0, "MSE": 4.646217760286854, "anchor 1 mse": 0.22815354874600774, "anchor 2 mse": 6.118033658855817, "anchor 3 mse": 2.505900032332055, "anchor 4 mse": 9.654549193738278}
{"bot_id": "0000000000000b01", "x": 2.114100925415092, "y": 2.9660175484007323, "z": 0, "MSE": 4.646217760286854, "anchor 1 mse": 0.22815354874600774, "anchor 2 mse": 6.118033658855817, "anchor 3 mse": 2.505900032332055, "anchor 4 mse": 9.654549193738278}
{"bot_id": "0000000000000b01", "x": 2.114100925415092, "y": 2.9660175484007323, "z": 0, "MSE": 4.646217760286854, "anchor 1 mse": 0.22815354874600774, "anchor 2 mse": 6.118033658855817, "anchor 3 mse": 2.505900032332055, "anchor 4 mse": 9.654549193738278}
{"bot_id": "0000000000000b01", "x": 2.114100925415092, "y": 2.9660175484007323, "z": 0, "MSE": 4.646217760286854, "anchor 1 mse": 0.22815354874600774, "anchor 2 mse": 6.118033658855817, "anchor 3 mse": 2.505900032332055, "anchor 4 mse": 9.654549193738278}
{"bot_id": "0000000000000b01", "x": 2.114100925415092, "y": 2.9660175484007323, "z": 0, "MSE": 4.646217760286854, "anchor 1 mse": 0.22815354874600774, "anchor 2 mse": 6.118033658855817, "anchor 3 mse": 2.505900032332055, "anchor 4 mse": 9.654549193738278}
{"bot_id": "0000000000000b01", "x": 2.114100925415092, "y": 2.9660175484007323, "z": 0, "MSE": 4.646217760286854, "anchor 1 mse": 0.22815354874600774, "anchor 2 mse": 6.118033658855817, "anchor 3 mse": 2.505900032332055, "anchor 4 mse": 9.654549193738278}
{"bot_id": "0000000000000b01", "x": 2.114100925415092, "y": 2.9660175484007323, "z": 0, "MSE": 4.646217760286854, "anchor 1 mse": 0.22815354874600774, "anchor 2 mse": 6.118033658855817, "anchor 3 mse": 2.505900032332055, "anchor 4 mse": 9.654549193738278}
{"bot_id": "0000000000000b01", "x": 2.114100925415092, "y": 2.9660175484007323, "z": 0, "MSE": 4.646217760286854, "anchor 1 mse": 0.22815354874600774, "anchor 2 mse": 6.118033658855817, "anchor 3 mse": 2.505900032332055, "anchor 4 mse": 9.654549193738278}
{"bot_id": "0000000000000b01", "x": 2.114100925415092, "y": 2.9660175484007323, "z": 0, "MSE": 4.646217760286854, "anchor 1 mse": 0.22815354874600774, "anchor 2 mse": 6.118033658855817, "anchor 3 mse": 2.505900032332055, "anchor 4 mse": 9.654549193738278}
{"bot_id": "0000000000000b01", "x": 2.144290446202976, "y": 2.946711598074985, "z": 0, "MSE": 4.535992820461301, "anchor 1 mse": 0.2262685258919895, "anchor 2 mse": 5.852969765654208, "anchor 3 mse": 2.5008562633555225, "anchor 4 mse": 9.485404846992898}
{"bot_id": "0000000000000b01", "x": 2.144290446202976, "y": 2.946711598074985, "z": 0, "MSE": 4.535992820461301, "anchor 1 mse": 0.2262685258919895, "anchor 2 mse": 5.852969765654208, "anchor 3 mse": 2.5008562633555225, "anchor 4 mse": 9.485404846992898}
{"bot_id": "0000000000000b01", "x": 2.144290446202976, "y": 2.946711598074985, "z": 0, "MSE": 4.535992820461301, "anchor 1 mse": 0.2262685258919895, "anchor 2 mse": 5.852969765654208, "anchor 3 mse": 2.5008562633555225, "anchor 4 mse": 9.485404846992898}
{"bot_id": "0000000000000b01", "x": 2.144290446202976, "y": 2.946711598074985, "z": 0, "MSE": 4.535992820461301, "anchor 1 mse": 0.2262685258919895, "anchor 2 mse": 5.852969765654208, "anchor 3 mse": 2.5008562633555225, "anchor 4 mse": 9.485404846992898}
{"bot_id": "0000000000000b01", "x": 2.144290446202976, "y": 2.946711598074985, "z": 0, "MSE": 4.535992820461301, "anchor 1 mse": 0.2262685258919895, "anchor 2 mse": 5.852969765654208, "anchor 3 mse": 2.5008562633555225, "anchor 4 mse": 9.485404846992898}
{"bot_id": "0000000000000b01", "x": 2.144290446202976, "y": 2.946711598074985, "z": 0, "MSE": 4.535992820461301, "anchor 1 mse": 0.2262685258919895, "anchor 2 mse": 5.852969765654208, "anchor 3 mse": 2.5008562633555225, "anchor 4 mse": 9.485404846992898}
{"bot_id": "0000000000000b01", "x": 2.144290446202976, "y": 2.946711598074985, "z": 0, "MSE": 4.535992820461301, "anchor 1 mse": 0.2262685258919895, "anchor 2 mse": 5.852969765654208, "anchor 3 mse": 2.5008562633555225, "anchor 4 mse": 9.485404846992898}
{"bot_id": "0000000000000b01", "x": 2.144290446202976, "y": 2.946711598074985, "z": 0, "MSE": 4.535992820461301, "anchor 1 mse": 0.2262685258919895, "anchor 2 mse": 5.852969765654208, "anchor 3 mse": 2.5008562633555225, "anchor 4 mse": 9.485404846992898}
{"bot_id": "0000000000000b01", "x": 2.144290446202976, "y": 2.946711598074985, "z": 0, "MSE": 4.535992820461301, "anchor 1 mse": 0.2262685258919895, "anchor 2 mse": 5.852969765654208, "anchor 3 mse": 2.5008562633555225, "anchor 4 mse": 9.485404846992898}
{"bot_id": "0000000000000b01", "x": 2.144290446202976, "y": 2.946711598074985, "z": 0, "MSE": 4.535992820461301, "anchor 1 mse": 0.2262685258919895, "anchor 2 mse": 5.852969765654208, "anchor 3 mse": 2.5008562633555225, "anchor 4 mse": 9.485404846992898}
{"bot_id": "0000000000000b01", "x": 2.144290446202976, "y": 2.946711598074985, "z": 0, "MSE": 4.535992820461301, "anchor 1 mse": 0.2262685258919895, "anchor 2 mse": 5.852969765654208, "anchor 3 mse": 2.5008562633555225, "anchor 4 mse": 9.485404846992898}
{"bot_id": "0000000000000b01", "x": 2.144290446202976, "y": 2.946711598074985, "z": 0, "MSE": 4.535992820461301, "anchor 1 mse": 0.2262685258919895, "anchor 2 mse": 5.852969765654208, "anchor 3 mse": 2.5008562633555225, "anchor 4 mse": 9.485404846992898}
{"bot_id": "0000000000000b01", "x": 2.144290446202976, "y": 2.946711598074985, "z": 0, "MSE": 4.535992820461301, "anchor 1 mse": 0.2262685258919895, "anchor 2 mse": 5.852969765654208, "anchor 3 mse": 2.5008562633555225, "anchor 4 mse": 9.485404846992898}
{"bot_id": "0000000000000b01", "x": 2.144290446202976, "y": 2.946711598074985, "z": 0, "MSE": 4.535992820461301, "anchor 1 mse": 0.2262685258919895, "anchor 2 mse": 5.852969765654208, "anchor 3 mse": 2.5008562633555225, "anchor 4 mse": 9.485404846992898}
{"bot_id": "0000000000000b01", "x": 2.144290446202976, "y": 2.946711598074985, "z": 0, "MSE": 4.535992820461301, "anchor 1 mse": 0.2262685258919895, "anchor 2 mse": 5.852969765654208, "anchor 3 mse": 2.5008562633555225, "anchor 4 mse": 9.485404846992898}
{"bot_id": "0000000000000b01", "x": 2.144290446202976, "y": 2.946711598074985, "z": 0, "MSE": 4.535992820461301, "anchor 1 mse": 0.2262685258919895, "anchor 2 mse": 5.852969765654208, "anchor 3 mse": 2.5008562633555225, "anchor 4 mse": 9.485404846992898}
{"bot_id": "0000000000000b01", "x": 2.144290446202976, "y": 2.946711598074985, "z": 0, "MSE": 4.535992820461301, "anchor 1 mse": 0.2262685258919895, "anchor 2 mse": 5.852969765654208, "anchor 3 mse": 2.5008562633555225, "anchor 4 mse": 9.485404846992898}
{"bot_id": "0000000000000b01", "x": 2.144290446202976, "y": 2.946711598074985, "z": 0, "MSE": 4.535992820461301, "anchor 1 mse": 0.2262685258919895, "anchor 2 mse": 5.852969765654208, "anchor 3 mse": 2.5008562633555225, "anchor 4 mse": 9.485404846992898}
{"bot_id": "0000000000000b01", "x": 2.144290446202976, "y": 2.946711598074985, "z": 0, "MSE": 4.535992820461301, "anchor 1 mse": 0.2262685258919895, "anchor 2 mse": 5.852969765654208, "anchor 3 mse": 2.5008562633555225, "anchor 4 mse": 9.485404846992898}
{"bot_id": "0000000000000b01", "x": 2.144290446202976, "y": 2.946711598074985,