{"bot_id": "0000000000000b01", "x": 1.4091335749615648, "y": 1.2845403927716292, "z": 0.0, "MSE": 3.4099412555054394, "anchor 1 mse": 3.6357014527458515, "anchor 2 mse": 4.1040201003573245, "anchor 3 mse": 3.8895681095679495, "anchor 4 mse": 3.4212494619564775, "anchor 5 mse": 1.9991671528995927}
{"bot_id": "0000000000000b01", "x": 1.4091335749615648, "y": 1.2845403927716292, "z": 0.0, "MSE": 3.4099412555054394, "anchor 1 mse": 3.6357014527458515, "anchor 2 mse": 4.1040201003573245, "anchor 3 mse": 3.8895681095679495, "anchor 4 mse": 3.4212494619564775, "anchor 5 mse": 1.9991671528995927}
{"bot_id": "0000000000000b01", "x": 1.4091335749615648, "y": 1.2845403927716292, "z": 0.0, "MSE": 3.4099412555054394, "anchor 1 mse": 3.6357014527458515, "anchor 2 mse": 4.1040201003573245, "anchor 3 mse": 3.8895681095679495, "anchor 4 mse": 3.4212494619564775, "anchor 5 mse": 1.9991671528995927}
{"bot_id": "0000000000000b01", "x": 1.4091335749615648, "y": 1.2845403927716292, "z": 0.0, "MSE": 3.4099412555054394, "anchor 1 mse": 3.6357014527458515, "anchor 2 mse": 4.1040201003573245, "anchor 3 mse": 3.8895681095679495, "anchor 4 mse": 3.4212494619564775, "anchor 5 mse": 1.9991671528995927}
{"bot_id": "0000000000000b01", "x": 1.4091335749615648, "y": 1.2845403927716292, "z": 0.0, "MSE": 3.4099412555054394, "anchor 1 mse": 3.6357014527458515, "anchor 2 mse": 4.1040201003573245, "anchor 3 mse": 3.8895681095679495, "anchor 4 mse": 3.4212494619564775, "anchor 5 mse": 1.9991671528995927}
{"bot_id": "0000000000000b01", "x": 1.4091335749615648, "y": 1.2845403927716292, "z": 0.0, "MSE": 3.4099412555054394, "anchor 1 mse": 3.6357014527458515, "anchor 2 mse": 4.1040201003573245, "anchor 3 mse": 3.8895681095679495, "anchor 4 mse": 3.4212494619564775, "anchor 5 mse": 1.9991671528995927}
{"bot_id": "0000000000000b01", "x": 1.4091335749615648, "y": 1.2845403927716292, "z": 0.0, "MSE": 3.4099412555054394, "anchor 1 mse": 3.6357014527458515, "anchor 2 mse": 4.1040201003573245, "anchor 3 mse": 3.8895681095679495, "anchor 4 mse": 3.4212494619564775, "anchor 5 mse": 1.9991671528995927}
{"bot_id": "0000000000000b01", "x": 1.4091335749615648, "y": 1.2845403927716292, "z": 0.0, "MSE": 3.4099412555054394, "anchor 1 mse": 3.6357014527458515, "anchor 2 mse": 4.1040201003573245, "anchor 3 mse": 3.8895681095679495, "anchor 4 mse": 3.4212494619564775, "anchor 5 mse": 1.9991671528995927}
{"bot_id": "0000000000000b01", "x": 1.4091335749615648, "y": 1.2845403927716292, "z": 0.0, "MSE": 3.4099412555054394, "anchor 1 mse": 3.6357014527458515, "anchor 2 mse": 4.1040201003573245, "anchor 3 mse": 3.8895681095679495, "anchor 4 mse": 3.4212494619564775, "anchor 5 mse": 1.9991671528995927}
{"bot_id": "0000000000000b01", "x": 1.4091335749615648, "y": 1.2845403927716292, "z": 0.0, "MSE": 3.4099412555054394, "anchor 1 mse": 3.6357014527458515, "anchor 2 mse": 4.1040201003573245, "anchor 3 mse": 3.8895681095679495, "anchor 4 mse": 3.4212494619564775, "anchor 5 mse": 1.9991671528995927}
{"bot_id": "0000000000000b01", "x": 1.4091335749615648, "y": 1.2845403927716292, "z": 0.0, "MSE": 3.4099412555054394, "anchor 1 mse": 3.6357014527458515, "anchor 2 mse": 4.1040201003573245, "anchor 3 mse": 3.8895681095679495, "anchor 4 mse": 3.4212494619564775, "anchor 5 mse": 1.9991671528995927}
{"bot_id": "0000000000000b01", "x": 1.4091335749615648, "y": 1.2845403927716292, "z": 0.0, "MSE": 3.4099412555054394, "anchor 1 mse": 3.6357014527458515, "anchor 2 mse": 4.1040201003573245, "anchor 3 mse": 3.8895681095679495, "anchor 4 mse": 3.4212494619564775, "anchor 5 mse": 1.9991671528995927}
{"bot_id": "0000000000000b01", "x": 1.4091335749615648, "y": 1.2845403927716292, "z": 0.0, "MSE": 3.4099412555054394, "anchor 1 mse": 3.6357014527458515, "anchor 2 mse": 4.1040201003573245, "anchor 3 mse": 3.8895681095679495, "anchor 4 mse": 3.4212494619564775, "anchor 5 mse": 1.9991671528995927}
{"bot_id": "0000000000000b01", "x": 1.4091335749615648, "y": 1.2845403927716292, "z": 0.0, "MSE": 3.4099412555054394, "anchor 1 mse": 3.6357014527458515, "anchor 2 mse": 4.1040201003573245, "anchor 3 mse": 3.8895681095679495, "anchor 4 mse": 3.4212494619564775, "anchor 5 mse": 1.9991671528995927}
{"bot_id": "0000000000000b01", "x": 1.4091335749615648, "y": 1.2845403927716292, "z": 0.0, "MSE": 3.4099412555054394, "anchor 1 mse": 3.6357014527458515, "anchor 2 mse": 4.1040201003573245, "anchor 3 mse": 3.8895681095679495, "anchor 4 mse": 3.4212494619564775, "anchor 5 mse": 1.9991671528995927}
{"bot_id": "0000000000000b01", "x": 1.4091335749615648, "y": 1.2845403927716292, "z": 0.0, "MSE": 3.4099412555054394, "anchor 1 mse": 3.6357014527458515, "anchor 2 mse": 4.1040201003573245, "anchor 3 mse": 3.8895681095679495, "anchor 4 mse": 3.4212494619564775, "anchor 5 mse": 1.9991671528995927}
{"bot_id": "0000000000000b01", "x": 1.4091335749615648, "y": 1.2845403927716292, "z": 0.0, "MSE": 3.4099412555054394, "anchor 1 mse": 3.6357014527458515, "anchor 2 mse": 4.1040201003573245, "anchor 3 mse": 3.8895681095679495, "anchor 4 mse": 3.4212494619564775, "anchor 5 mse": 1.9991671528995927}
{"bot_id": "0000000000000b01", "x": 1.4091335749615648, "y": 1.2845403927716292, "z": 0.0, "MSE": 3.4099412555054394, "anchor 1 mse": 3.6357014527458515, "anchor 2 mse": 4.1040201003573245, "anchor 3 mse": 3.8895681095679495, "anchor 4 mse": 3.4212494619564775, "anchor 5 mse": 1.9991671528995927}
{"bot_id": "0000000000000b01", "x": 1.4091335749615648, "y": 1.2845403927716292, "z": 0.0, "MSE": 3.4099412555054394, "anchor 1 mse": 3.6357014527458515, "anchor 2 mse": 4.1040201003573245, "anchor 3 mse": 3.8895681095679495, "anchor 4 mse": 3.4212494619564775, "anchor 5 mse": 1.9991671528995927}
{"bot_id": "0000000000000b01", "x": 1.4091335749615648, "y": 1.2845403927716292, "z": 0.0, "MSE": 3.4099412555054394, "anchor 1 mse": 3.6357014527458515, "anchor 2 mse": 4.1040201003573245, "anchor 3 mse": 3.8895681095679495, "anchor 4 mse": 3.4212494619564775, "anchor 5 mse": 1.9991671528995927}
{"bot_id": "0000000000000b01", "x": 1.4091335749615648, "y": 1.2845403927716292, "z": 0.0, "MSE": 3.4099412555054394, "anchor 1 mse": 3.6357014527458515, "anchor 2 mse": 4.1040201003573245, "anchor 3 mse": 3.8895681095679495, "anchor 4 mse": 3.4212494619564775, "anchor 5 mse": 1.9991671528995927}
{"bot_id": "0000000000000b01", "x": 1.4091335749615648, "y": 1.2845403927716292, "z": 0.0, "MSE": 3.4099412555054394, "anchor 1 mse": 3.6357014527458515, "anchor 2 mse": 4.1040201003573245, "anchor 3 mse": 3.8895681095679495, "anchor 4 mse": 3.4212494619564775, "anchor 5 mse": 1.9991671528995927}
{"bot_id": "0000000000000b01", "x": 1.4091335749615648, "y": 1.2845403927716292, "z": 0.0, "MSE": 3.4099412555054394, "anchor 1 mse": 3.6357014527458515, "anchor 2 mse": 4.1040201003573245, "anchor 3 mse": 3.8895681095679495, "anchor 4 mse": 3.4212494619564775, "anchor 5 mse": 1.9991671528995927}
{"bot_id": "0000000000000b01", "x": 1.4091335749615648, "y": 1.2845403927716292, "z": 0.0, "MSE": 3.4099412555054394, "anchor 1 mse": 3.6357014527458515, "anchor 2 mse": 4.1040201003573245, "anchor 3 mse": 3.8895681095679495, "anchor 4 mse": 3.4212494619564775, "anchor 5 mse": 1.9991671528995927}
{"bot_id": "0000000000000b01", "x": 1.4091335749615648, "y": 1.2845403927716292, "z": 0.0, "MSE": 3.4099412555054394, "anchor 1 mse": 3.6357014527458515, "anchor 2 mse": 4.1040201003573245, "anchor 3 mse": 3.8895681095679495, "anchor 4 mse": 3.4212494619564775, "anchor 5 mse": 1.9991671528995927}
{"bot_id": "0000000000000b01", "x": 1.4091335749615648, "y": 1.2845403927716292, "z": 0.0, "MSE": 3.4099412555054394, "anchor 1 mse": 3.6357014527458515, "anchor 2 mse": 4.1040201003573245, "anchor 3 mse": 3.8895681095679495, "anchor 4 mse": 3.4212494619564775, "anchor 5 mse": 1.9991671528995927}
{"bot_id": "0000000000000b01", "x": 1.4091335749615648, "y": 1.2845403927716292, "z": 0.0, "MSE": 3.4099412555054394, "anchor 1 mse": 3.6357014527458515, "anchor 2 mse": 4.1040201003573245, "anchor 3 mse": 3.8895681095679495,