{"bot_id": "0000000000000b01", "x": 1.0233734027715602, "y": -0.4231924956001582, "z": 0.0, "MSE": 0.07645383283473269, "anchor 1 mse": 0.0014004575749618994, "anchor 2 mse": 9.161034241277183e-05, "anchor 3 mse": 0.0005431332543477111, "anchor 4 mse": 0.30378013016720834}
{"bot_id": "0000000000000b01", "x": 0.9570684016884404, "y": -0.39570832004761763, "z": 0.0, "MSE": 0.08357361254203861, "anchor 1 mse": 0.001180118941246774, "anchor 2 mse": 0.00021921351883730212, "anchor 3 mse": 1.1945633484943818e-06, "anchor 4 mse": 0.30467044297917767}
{"bot_id": "0000000000000b01", "x": 0.9583289703549486, "y": -0.3949513505531202, "z": 0.0, "MSE": 0.07674581979341634, "anchor 1 mse": 0.0011206754491680678, "anchor 2 mse": 0.00021231315358556974, "anchor 3 mse": 9.85026382828668e-08, "anchor 4 mse": 0.30565019206827343}
{"bot_id": "0000000000000b01", "x": 1.0784950628929435, "y": -0.3142199439653125, "z": 0.0, "MSE": 0.09885949770218563, "anchor 1 mse": 0.002844824092936998, "anchor 2 mse": 0.00013953913709470497, "anchor 3 mse": 0.000422334640142083, "anchor 4 mse": 0.3092739296335049}
{"bot_id": "0000000000000b01", "x": 1.0765664599600562, "y": -0.3138352224033318, "z": 0.0, "MSE": 0.07835408237023944, "anchor 1 mse": 0.0026396654674890265, "anchor 2 mse": 0.00016836497026864272, "anchor 3 mse": 0.0004040781508443078, "anchor 4 mse": 0.3102042208923558}
{"bot_id": "0000000000000b01", "x": 1.0765664599600562, "y": -0.3138352224033318, "z": 0.0, "MSE": 0.07835408237023944, "anchor 1 mse": 0.017260093434919823, "anchor 2 mse": 0.00016836497026864272, "anchor 3 mse": 0.0004040781508443078, "anchor 4 mse": 0.3102042208923558}
{"bot_id": "0000000000000b01", "x": 1.0099283375867474, "y": -0.3291183545987841, "z": 0.0, "MSE": 0.07759466173512919, "anchor 1 mse": 0.005213200148977663, "anchor 2 mse": 0.013537151352670671, "anchor 3 mse": 0.0015319016559740587, "anchor 4 mse": 0.3033056565479508}
{"bot_id": "0000000000000b01", "x": 1.0896039492802811, "y": -0.35545840419157965, "z": 0.0, "MSE": 0.07401337365560322, "anchor 1 mse": 0.024372962525469954, "anchor 2 mse": 0.0035677951734078097, "anchor 3 mse": 0.0045107475603576525, "anchor 4 mse": 0.23855589718913975}
{"bot_id": "0000000000000b01", "x": 1.0892110698849198, "y": -0.355166971160319, "z": 0.0, "MSE": 0.06781077746411075, "anchor 1 mse": 0.024228336792747933, "anchor 2 mse": 0.05530044389978012, "anchor 3 mse": 0.004469721113542366, "anchor 4 mse": 0.23892577050327196}
