{"bot_id": "0000000000000b01", "x": 0.9, "y": 2.4, "z": 0, "MSE": 6.846805186421365, "anchor 1 mse": 6.837675787872508, "anchor 2 mse": 6.837675787872508, "anchor 3 mse": 6.8144035143433, "anchor 4 mse": 6.8144035143433}
{"bot_id": "0000000000000b01", "x": 0.9, "y": 2.4, "z": 0, "MSE": 5.211563547484466, "anchor 1 mse": 1.533627306513744, "anchor 2 mse": 1.6268662445881614, "anchor 3 mse": 6.327708655234255, "anchor 4 mse": 1.9324785595000693}
{"bot_id": "0000000000000b01", "x": 0.9, "y": 2.4, "z": 0, "MSE": 1.3506652548120737, "anchor 1 mse": 0.0009440048665980834, "anchor 2 mse": 1.1279347908790478, "anchor 3 mse": 2.634173334973528, "anchor 4 mse": 0.21375673560424016}
{"bot_id": "0000000000000b01", "x": 0.9, "y": 2.4, "z": 0, "MSE": 0.06838190232061038, "anchor 1 mse": 0.03228312845666469, "anchor 2 mse": 0.07837032262497101, "anchor 3 mse": 0.1075281071759509, "anchor 4 mse": 0.01498212359980267}
{"bot_id": "0000000000000b01", "x": 0.9, "y": 2.4, "z": 0, "MSE": 0.06838190232061038, "anchor 1 mse": 0.03228312845666469, "anchor 2 mse": 0.07837032262497101, "anchor 3 mse": 0.1075281071759509, "anchor 4 mse": 0.01498212359980267}
{"bot_id": "0000000000000b01", "x": 0.9, "y": 2.4, "z": 0, "MSE": 0.06838190232061038, "anchor 1 mse": 0.03228312845666469, "anchor 2 mse": 0.07837032262497101, "anchor 3 mse": 0.1075281071759509, "anchor 4 mse": 0.01498212359980267}
{"bot_id": "0000000000000b01", "x": 0.9, "y": 2.4, "z": 0, "MSE": 0.06838190232061038, "anchor 1 mse": 0.03228312845666469, "anchor 2 mse": 0.07837032262497101, "anchor 3 mse": 0.1075281071759509, "anchor 4 mse": 0.01498212359980267}
{"bot_id": "0000000000000b01", "x": 0.9, "y": 2.4, "z": 0, "MSE": 0.06838190232061038, "anchor 1 mse": 0.03228312845666469, "anchor 2 mse": 0.07837032262497101, "anchor 3 mse": 0.1075281071759509, "anchor 4 mse": 0.01498212359980267}
{"bot_id": "0000000000000b01", "x": 0.9, "y": 2.4, "z": 0, "MSE": 0.06838190232061038, "anchor 1 mse": 0.03228312845666469, "anchor 2 mse": 0.07837032262497101, "anchor 3 mse": 0.1075281071759509, "anchor 4 mse": 0.01498212359980267}
{"bot_id": "0000000000000b01", "x": 0.9, "y": 2.4, "z": 0, "MSE": 0.06838190232061038, "anchor 1 mse": 0.03228312845666469, "anchor 2 mse": 0.07837032262497101, "anchor 3 mse": 0.1075281071759509, "anchor 4 mse": 0.01498212359980267}
{"bot_id": "0000000000000b01", "x": 0.9, "y": 2.4, "z": 0, "MSE": 0.06838190232061038, "anchor 1 mse": 0.03228312845666469, "anchor 2 mse": 0.07837032262497101, "anchor 3 mse": 0.1075281071759509, "anchor 4 mse": 0.01498212359980267}
{"bot_id": "0000000000000b01", "x": 0.9, "y": 2.4, "z": 0, "MSE": 0.06838190232061038, "anchor 1 mse": 0.03228312845666469, "anchor 2 mse": 0.07837032262497101, "anchor 3 mse": 0.1075281071759509, "anchor 4 mse": 0.01498212359980267}
{"bot_id": "0000000000000b01", "x": 0.9, "y": 2.4, "z": 0, "MSE": 0.06838190232061038, "anchor 1 mse": 0.03228312845666469, "anchor 2 mse": 0.07837032262497101, "anchor 3 mse": 0.1075281071759509, "anchor 4 mse": 0.01498212359980267}
{"bot_id": "0000000000000b01", "x": 0.9, "y": 2.4, "z": 0, "MSE": 0.06838190232061038, "anchor 1 mse": 0.03228312845666469, "anchor 2 mse": 0.07837032262497101, "anchor 3 mse": 0.1075281071759509, "anchor 4 mse": 0.01498212359980267}
{"bot_id": "0000000000000b01", "x": 0.9, "y": 2.4, "z": 0, "MSE": 0.06838190232061038, "anchor 1 mse": 0.03228312845666469, "anchor 2 mse": 0.07837032262497101, "anchor 3 mse": 0.1075281071759509, "anchor 4 mse": 0.01498212359980267}
{"bot_id": "0000000000000b01", "x": 0.9, "y": 2.4, "z": 0, "MSE": 0.06838190232061038, "anchor 1 mse": 0.03228312845666469, "anchor 2 mse": 0.07837032262497101, "anchor 3 mse": 0.1075281071759509, "anchor 4 mse": 0.01498212359980267}
{"bot_id": "0000000000000b01", "x": 0.9, "y": 2.4, "z": 0, "MSE": 0.06838190232061038, "anchor 1 mse": 0.03228312845666469, "anchor 2 mse": 0.07837032262497101, "anchor 3 mse": 0.1075281071759509, "anchor 4 mse": 0.01498212359980267}
{"bot_id": "0000000000000b01", "x": 0.9, "y": 2.4, "z": 0, "MSE": 0.06838190232061038, "anchor 1 mse": 0.03228312845666469, "anchor 2 mse": 0.07837032262497101, "anchor 3 mse": 0.1075281071759509, "anchor 4 mse": 0.01498212359980267}
{"bot_id": "0000000000000b01", "x": 0.9, "y": 2.4, "z": 0, "MSE": 0.06838190232061038, "anchor 1 mse": 0.03228312845666469, "anchor 2 mse": 0.07837032262497101, "anchor 3 mse": 0.1075281071759509, "anchor 4 mse": 0.01498212359980267}
{"bot_id": "0000000000000b01", "x": 0.9, "y": 2.4, "z": 0, "MSE": 0.06838190232061038, "anchor 1 mse": 0.03228312845666469, "anchor 2 mse": 0.07837032262497101, "anchor 3 mse": 0.1075281071759509, "anchor 4 mse": 0.01498212359980267}
{"bot_id": "0000000000000b01", "x": 0.9, "y": 2.4, "z": 0, "MSE": 0.06838190232061038, "anchor 1 mse": 0.03228312845666469, "anchor 2 mse": 0.07837032262497101, "anchor 3 mse": 0.1075281071759509, "anchor 4 mse": 0.01498212359980267}
{"bot_id": "0000000000000b01", "x": 0.9, "y": 2.4, "z": 0, "MSE": 0.06838190232061038, "anchor 1 mse": 0.03228312845666469, "anchor 2 mse": 0.07837032262497101, "anchor 3 mse": 0.1075281071759509, "anchor 4 mse": 0.01498212359980267}
{"bot_id": "0000000000000b01", "x": 0.9, "y": 2.4, "z": 0, "MSE": 0.06838190232061038, "anchor 1 mse": 0.03228312845666469, "anchor 2 mse": 0.07837032262497101, "anchor 3 mse": 0.1075281071759509, "anchor 4 mse": 0.01498212359980267}
{"bot_id": "0000000000000b01", "x": 0.9, "y": 2.4, "z": 0, "MSE": 0.06838190232061038, "anchor 1 mse": 0.03228312845666469, "anchor 2 mse": 0.07837032262497101, "anchor 3 mse": 0.1075281071759509, "anchor 4 mse": 0.01498212359980267}
{"bot_id": "0000000000000b01", "x": 0.9, "y": 2.4, "z": 0, "MSE": 0.06838190232061038, "anchor 1 mse": 0.03228312845666469, "anchor 2 mse": 0.07837032262497101, "anchor 3 mse": 0.1075281071759509, "anchor 4 mse": 0.01498212359980267}
