{"bot_id": "0000000000000b01", "x": -0.5938278454232339, "y": 1.2456999999999998, "z": 0, "MSE": 1.8003278454232337, "anchor 1 mse": 0.0, "anchor 2 mse": 4.930380657631324e-32, "anchor 3 mse": 1.5707813607848315, "anchor 4 mse": 4.0920556908464665}
{"bot_id": "0000000000000b02", "x": -0.007586758121616372, "y": 1.1739212205739402, "z": 0, "MSE": 0.6168779167490323, "anchor 1 mse": 0.05950952210011857, "anchor 2 mse": 3.70133881347246, "anchor 3 mse": 1.6976372249600775, "anchor 4 mse": 0.02790121121908844}
{"bot_id": "0000000000000b02", "x": 0.4682004072842054, "y": 1.2533735108420554, "z": 0.0, "MSE": 1.1247843547096386, "anchor 1 mse": 0.16643740421910364, "anchor 2 mse": 3.4920968443808382, "anchor 3 mse": 1.596032964639568, "anchor 4 mse": 0.3041821098138847}
{"bot_id": "0000000000000b02", "x": 0.501425231770564, "y": 1.2813510725223738, "z": 0.0, "MSE": 1.4331834771434653, "anchor 1 mse": 0.19888742366844914, "anchor 2 mse": 3.5107904899724205, "anchor 3 mse": 1.703908090829338, "anchor 4 mse": 0.31914790410365296}
{"bot_id": "0000000000000b01", "x": 0.5930992244835257, "y": 1.2436623444014194, "z": 0.0, "MSE": 0.030442927167182162, "anchor 1 mse": 4.634844056068678e-06, "anchor 2 mse": 1.3273104666498852e-06, "anchor 3 mse": 0.12169289753814018, "anchor 4 mse": 7.284897606576184e-05}
{"bot_id": "0000000000000b01", "x": 0.6119408720395847, "y": 1.254165009768357, "z": 0.0, "MSE": 0.027455602698388204, "anchor 1 mse": 0.00024004181480638992, "anchor 2 mse": 2.255708946549791e-05, "anchor 3 mse": 0.10939523084424682, "anchor 4 mse": 0.00016458104503410623}
{"bot_id": "0000000000000b02", "x": 1.8254212979549442, "y": 0.011972436502397793, "z": 0, "MSE": 0.2612342349356284, "anchor 1 mse": 1.0413397534801074, "anchor 2 mse": 0.0026044873254670517, "anchor 3 mse": 0.01627507135854262, "anchor 4 mse": 0.00024050182665327898}
{"bot_id": "0000000000000b02", "x": 1.8254802265594203, "y": -0.0028194642516311957, "z": 0, "MSE": 0.26579658142694795, "anchor 1 mse": 1.0413843366636957, "anchor 2 mse": 0.0016064440034040197, "anchor 3 mse": 0.019955758528953288, "anchor 4 mse": 0.00023978651173868948}
{"bot_id": "0000000000000b01", "x": 0.6150976261916458, "y": 1.2491474565434015, "z": 0.0, "MSE": 0.028602740825281806, "anchor 1 mse": 0.0014154699228210333, "anchor 2 mse": 0.0015499143645324024, "anchor 3 mse": 3.894912463566581e-05, "anchor 4 mse": 5.045778757274838e-05}
{"bot_id": "0000000000000b01", "x": 0.7071400069705217, "y": 1.284611791540303, "z": 0.0, "MSE": 0.004702132441916121, "anchor 1 mse": 0.0013236071133989036, "anchor 2 mse": 1.6840713077031407e-05, "anchor 3 mse": 0.0059271808097809955, "anchor 4 mse": 0.011540901131407556}
{"bot_id": "0000000000000b02", "x": 1.6758852513525813, "y": 0.46266570847727667, "z": 0.0, "MSE": 0.31558864987581997, "anchor 1 mse": 0.8715665242914773, "anchor 2 mse": 0.2712320767447449, "anchor 3 mse": 0.11947368078336484, "anchor 4 mse": 8.231768369281046e-05}
{"bot_id": "0000000000000b02", "x": 1.8257059894420813, "y": -0.10872327989065246, "z": 0, "MSE": 0.2768340556390364, "anchor 1 mse": 1.0484540125787232, "anchor 2 mse": 3.306112183369135e-05, "anchor 3 mse": 0.057417798125514716, "anchor 4 mse": 0.001431350730074121}
{"bot_id": "0000000000000b01", "x": 0.6898639984759616, "y": 1.2536602364443412, "z": 0.0, "MSE": 0.0069726609456085544, "anchor 1 mse": 0.00826926005560155, "anchor 2 mse": 0.008773266148849629, "anchor 3 mse": 0.02154658160750024, "anchor 4 mse": 0.017835062142984734}
{"bot_id": "0000000000000b01", "x": 0.6280491452659898, "y": 1.270400883947802, "z": 0.0, "MSE": 0.014106118803988342, "anchor 1 mse": 0.0059548454767659785, "anchor 2 mse": 0.02170198623387614, "anchor 3 mse": 0.018512392568524175, "anchor 4 mse": 0.3922118744446024}
{"bot_id": "0000000000000b02", "x": 1.8092196402599092, "y": -0.07677278825801295, "z": 0, "MSE": 0.29223281507887133, "anchor 1 mse": 1.1253980623538289, "anchor 2 mse": 0.007341614308976367, "anchor 3 mse": 0.041559333197172824, "anchor 4 mse": 0.00031874031821913504}
