{"bot_id": "0000000000000b01", "x": 1.2760967978722555, "y": -0.04859038764327809, "z": 0.0, "MSE": 0.16551961550094135, "anchor 1 mse": 0.005932320620775622, "anchor 2 mse": 7.28264854637012e-05, "anchor 3 mse": 0.0005238605706209287, "anchor 4 mse": 0.5847050466166186}
{"bot_id": "0000000000000b01", "x": 1.1566149672792874, "y": -0.0925169722658781, "z": 0.0, "MSE": 0.18812202765406802, "anchor 1 mse": 0.007277669389579329, "anchor 2 mse": 0.00019891232209899047, "anchor 3 mse": 7.005239389975122e-05, "anchor 4 mse": 0.744941476510694}
{"bot_id": "0000000000000b01", "x": 1.1566149672792874, "y": -0.0925169722658781, "z": 0.0, "MSE": 0.18812202765406802, "anchor 1 mse": 0.007277669389579329, "anchor 2 mse": 0.00019891232209899047, "anchor 3 mse": 7.005239389975122e-05, "anchor 4 mse": 0.744941476510694}
{"bot_id": "0000000000000b01", "x": 1.1566149672792874, "y": -0.0925169722658781, "z": 0.0, "MSE": 0.18812202765406802, "anchor 1 mse": 0.007277669389579329, "anchor 2 mse": 0.00019891232209899047, "anchor 3 mse": 7.005239389975122e-05, "anchor 4 mse": 0.744941476510694}
{"bot_id": "0000000000000b01", "x": 1.2394734928135651, "y": -0.13587839546229166, "z": 0.0, "MSE": 0.15713152463321015, "anchor 1 mse": 0.029549316043339977, "anchor 2 mse": 0.003083828736951264, "anchor 3 mse": 0.003511899976036465, "anchor 4 mse": 0.5923810537765128}
{"bot_id": "0000000000000b01", "x": 1.177308470301364, "y": -0.1955518623797346, "z": 0.0, "MSE": 0.1377485535712359, "anchor 1 mse": 0.0008087557131463988, "anchor 2 mse": 0.00018808876466183943, "anchor 3 mse": 0.001421272611528129, "anchor 4 mse": 0.5344085618496071}
{"bot_id": "0000000000000b01", "x": 1.2403208554765373, "y": -0.16287605682623849, "z": 0.0, "MSE": 0.12605861011653863, "anchor 1 mse": 0.007390737370823296, "anchor 2 mse": 0.0001374359558616381, "anchor 3 mse": 0.003743767200715691, "anchor 4 mse": 0.4965811331200417}
{"bot_id": "0000000000000b01", "x": 1.27550916081394, "y": -0.12372966001753949, "z": 0.0, "MSE": 0.12381651818551317, "anchor 1 mse": 0.013571377111699028, "anchor 2 mse": 0.0007657700946016989, "anchor 3 mse": 0.0007036207220918998, "anchor 4 mse": 0.48022530481366005}
{"bot_id": "0000000000000b01", "x": 1.27550916081394, "y": -0.12372966001753949, "z": 0.0, "MSE": 0.12381651818551317, "anchor 1 mse": 0.013571377111699028, "anchor 2 mse": 0.0007657700946016989, "anchor 3 mse": 0.0007036207220918998, "anchor 4 mse": 0.48022530481366005}
{"bot_id": "0000000000000b01", "x": 1.27550916081394, "y": -0.12372966001753949, "z": 0.0, "MSE": 0.12381651818551317, "anchor 1 mse": 0.013571377111699028, "anchor 2 mse": 0.0007657700946016989, "anchor 3 mse": 0.0007036207220918998, "anchor 4 mse": 0.48022530481366005}
{"bot_id": "0000000000000b01", "x": 1.27550916081394, "y": -0.12372966001753949, "z": 0.0, "MSE": 0.12381651818551317, "anchor 1 mse": 0.013571377111699028, "anchor 2 mse": 0.0007657700946016989, "anchor 3 mse": 0.0007036207220918998, "anchor 4 mse": 0.48022530481366005}
{"bot_id": "0000000000000b01", "x": 1.2848268636303417, "y": -0.11999077990478085, "z": 0.0, "MSE": 0.1452207030328582, "anchor 1 mse": 0.022625486372724334, "anchor 2 mse": 0.000679150377985736, "anchor 3 mse": 0.0005778668410834939, "anchor 4 mse": 0.5638961938553325}
{"bot_id": "0000000000000b01", "x": 1.263922879890311, "y": -0.12790439343088675, "z": 0.0, "MSE": 0.15165215440818455, "anchor 1 mse": 0.01699845544676463, "anchor 2 mse": 0.0009017808435585015, "anchor 3 mse": 0.0008531678391925136, "anchor 4 mse": 0.5878552135032226}
{"bot_id": "0000000000000b01", "x": 1.263922879890311, "y": -0.12790439343088675, "z": 0.0, "MSE": 0.15165215440818455, "anchor 1 mse": 0.01699845544676463, "anchor 2 mse": 0.0009017808435585015, "anchor 3 mse": 0.0008531678391925136, "anchor 4 mse": 0.5878552135032226}
{"bot_id": "0000000000000b01", "x": 1.2735530865131213, "y": -0.12416195174145801, "z": 0.0, "MSE": 0.17523630648799543, "anchor 1 mse": 0.019485704787604783, "anchor 2 mse": 0.0008013634545164379, "anchor 3 mse": 0.0007130944485199408, "anchor 4 mse": 0.6799450632613405}
{"bot_id": "0000000000000b01", "x": 1.2735530865131213, "y": -0.12416195174145801, "z": 0.0, "MSE": 0.17523630648799543, "anchor 1 mse": 0.019485704787604783, "anchor 2 mse": 0.0008013634545164379, "anchor 3 mse": 0.0007130944485199408, "anchor 4 mse": 0.6799450632613405}
{"bot_id": "0000000000000b01", "x": 1.2735530865131213, "y": -0.12416195174145801, "z": 0.0, "MSE": 0.17523630648799543, "anchor 1 mse": 0.019485704787604783, "anchor 2 mse": 0.0008013634545164379, "anchor 3 mse": 0.0007130944485199408, "anchor 4 mse": 0.6799450632613405}
{"bot_id": "0000000000000b01", "x": 1.3636527654575954, "y": -0.08748749760088849, "z": 0.0, "MSE": 0.14471478655797382, "anchor 1 mse": 0.014751642335131716, "anchor 2 mse": 0.0001340517217562653, "anchor 3 mse": 1.5413463009798046e-05, "anchor 4 mse": 0.5639580387119975}
{"bot_id": "0000000000000b01", "x": 1.3473357088804343, "y": -0.07577929586526325, "z": 0.0, "MSE": 0.1507853124636738, "anchor 1 mse": 0.010912953865780629, "anchor 2 mse": 8.603122586976397e-08, "anchor 3 mse": 0.00010736775143273174, "anchor 4 mse": 0.5921208422062559}
{"bot_id": "0000000000000b01", "x": 1.2476032877136305, "y": -0.18890883078598503, "z": 0.0, "MSE": 0.17274952008029443, "anchor 1 mse": 0.0002830563477221239, "anchor 2 mse": 0.0019794655729718307, "anchor 3 mse": 0.00222138622384715, "anchor 4 mse": 0.6865141721766366}
{"bot_id": "0000000000000b01", "x": 1.321657782169736, "y": -0.1604178305479218, "z": 0.0, "MSE": 0.15429659598760162, "anchor 1 mse": 0.00026757248393813267, "anchor 2 mse": 0.003320529251766934, "anchor 3 mse": 0.004325444832346724, "anchor 4 mse": 0.6092728373823547}
{"bot_id": "0000000000000b01", "x": 1.2418782868202298, "y": -0.11675528116829391, "z": 0.0, "MSE": 0.19726655121721465, "anchor 1 mse": 0.004575901398503782, "anchor 2 mse": 0.01084986983515298, "anchor 3 mse": 3.058075747314735e-05, "anchor 4 mse": 0.759367349656051}
{"bot_id": "0000000000000b01", "x": 1.3391530183377067, "y": -0.005551807818629951, "z": 0.0, "MSE": 0.16348288639879952, "anchor 1 mse": 0.0005839243419991138, "anchor 2 mse": 0.003788286572000551, "anchor 3 mse": 0.008276221489338416, "anchor 4 mse": 0.6412831131918599}
{"bot_id": "0000000000000b01", "x": 1.2345363249571037, "y": -0.05024814831281651, "z": 0.0, "MSE": 0.16755105189779368, "anchor 1 mse": 0.00011148198313867446, "anchor 2 mse": 0.0018696923549688113, "anchor 3 mse": 0.00376758610726767, "anchor 4 mse": 0.6644554471457995}
{"bot_id": "0000000000000b01", "x": 1.2345363249571037, "y": -0.05024814831281651, "z": 0.0, "MSE": 0.16755105189779368, "anchor 1 mse": 0.00011148198313867446, "anchor 2 mse": 0.0018696923549688113, "anchor 3 mse": 0.00376758610726767, "anchor 4 mse": 0.6644554471457995}
{"bot_id": "0000000000000b01", "x": 1.156777408264207, "y": -0.12783442798987832, "z": 0.0, "MSE": 0.1856652117720531, "anchor 1 mse": 0.0058034826752021524, "anchor 2 mse": 9.338396509317426e-06, "anchor 3 mse": 0.0066255957088738335, "anchor 4 mse": 0.7880310073392331}
{"bot_id": "0000000000000b01", "x": 1.2323488957345201, "y": -0.14560123888122053, "z": 0.0, "MSE": 0.1677989321611437, "anchor 1 mse": 0.014621751170007715, "anchor 2 mse": 0.0035195580397807133, "anchor 3 mse": 0.011417949206215226, "anchor 4 mse": 0.6655293718964608}
{"bot_id": "0000000000000b01", "x": 1.0347530748710632, "y": -0.22903989432805605, "z": 0.0, "MSE": 0.20568126989286242, "anchor 1 mse": 0.0036242013712459906, "anchor 2 mse": 0.0018067087771894588, "anchor 3 mse": 0.0012737192572295024, "anchor 4 mse": 0.8160204501657847}
{"bot_id": "0000000000000b01", "x": 0.9362632521962115, "y": -0.2883191610461184, "z": 0.0, "MSE": 0.1824478903906145, "anchor 1 mse": 0.015712277853370114, "anchor 2 mse": 0.00015758140154108836, "anchor 3 mse": 0.0016640997310129614, "anchor 4 mse": 0.85510697428151}
{"bot_id": "0000000000000b01", "x": 0.994659676535915, "y": -0.314896793914359, "z": 0.0,