{"bot_id": "0000000000000b01", "x": -0.7277497852971172, "y": 1.5805, "z": 0, "MSE": 2.1610497852971173, "anchor 1 mse": 0.0, "anchor 2 mse": 1.232595164407831e-32, "anchor 3 mse": 3.161099570594235, "anchor 4 mse": 5.483099570594235}
{"bot_id": "0000000000000b01", "x": 0.7979337760940792, "y": 1.6153903494606867, "z": 0, "MSE": 0.7384591207872567, "anchor 1 mse": 0.0038089930241732186, "anchor 2 mse": 0.0020966708668919377, "anchor 3 mse": 0.2976140792836442, "anchor 4 mse": 2.6503167399743175}
{"bot_id": "0000000000000b01", "x": 0.6555903716780183, "y": 1.544806253681171, "z": 0.0, "MSE": 0.04730360209260662, "anchor 1 mse": 0.003824034102496387, "anchor 2 mse": 0.0017536957743648496, "anchor 3 mse": 0.1674398377883829, "anchor 4 mse": 0.01619684070518235}
{"bot_id": "0000000000000b01", "x": 0.6555903716780183, "y": 1.544806253681171, "z": 0.0, "MSE": 0.04730360209260662, "anchor 1 mse": 0.003824034102496387, "anchor 2 mse": 0.0017536957743648496, "anchor 3 mse": 0.1674398377883829, "anchor 4 mse": 0.01619684070518235}
{"bot_id": "0000000000000b01", "x": 0.670788730760025, "y": 1.4591159036748476, "z": 0.0, "MSE": 0.04512970602183578, "anchor 1 mse": 0.013014410121923597, "anchor 2 mse": 0.0013463038905563364, "anchor 3 mse": 0.1202738408838195, "anchor 4 mse": 0.045884269191043686}
{"bot_id": "0000000000000b01", "x": 0.52813093978867, "y": 1.6342250716106017, "z": 0.0, "MSE": 0.045020493187910016, "anchor 1 mse": 6.53316411807803e-06, "anchor 2 mse": 0.03333257706906987, "anchor 3 mse": 0.1466616030223678, "anchor 4 mse": 8.12594960843032e-05}
{"bot_id": "0000000000000b01", "x": 0.6110188395949423, "y": 1.5044882033280276, "z": 0.0, "MSE": 0.039399779519359496, "anchor 1 mse": 0.009248378266084139, "anchor 2 mse": 0.0014679090044161485, "anchor 3 mse": 0.12253429051499484, "anchor 4 mse": 0.024348540291942854}
{"bot_id": "0000000000000b01", "x": 0.5122962546953972, "y": 1.6412270730589469, "z": 0.0, "MSE": 0.04502952422101352, "anchor 1 mse": 4.5747116831494446e-07, "anchor 2 mse": 0.03982729758032664, "anchor 3 mse": 0.1402856896170804, "anchor 4 mse": 4.652215478701236e-06}
{"bot_id": "0000000000000b01", "x": 0.6041872300611982, "y": 1.6592211690978784, "z": 0, "MSE": 0.07231064581403929, "anchor 1 mse": 0.0020978334171761416, "anchor 2 mse": 0.01724863829922742, "anchor 3 mse": 0.20948870248534218, "anchor 4 mse": 0.060407409054411436}
{"bot_id": "0000000000000b01", "x": 0.6758143505168132, "y": 1.4107196795964643, "z": 0.0, "MSE": 0.031016166637945156, "anchor 1 mse": 0.02426035380302178, "anchor 2 mse": 0.0051333317443991245, "anchor 3 mse": 0.09451447269064758, "anchor 4 mse": 0.00015650831371214334}
{"bot_id": "0000000000000b01", "x": 0.7008840677134166, "y": 1.4288649934501358, "z": 0.0, "MSE": 0.03379560010538507, "anchor 1 mse": 0.016510522514552393, "anchor 2 mse": 0.006260035454573319, "anchor 3 mse": 0.11241181604438895, "anchor 4 mse": 2.640802563139124e-08}
{"bot_id": "0000000000000b01", "x": 0.7008840677134166, "y": 1.4288649934501358, "z": 0.0, "MSE": 0.03317813371493043, "anchor 1 mse": 0.014040656952733845, "anchor 2 mse": 0.006260035454573319, "anchor 3 mse": 0.11241181604438895, "anchor 4 mse": 2.640802563139124e-08}
{"bot_id": "0000000000000b01", "x": 0.7008840677134166, "y": 1.4288649934501358, "z": 0.0, "MSE": 0.03317813371493043, "anchor 1 mse": 0.014040656952733845, "anchor 2 mse": 0.006260035454573319, "anchor 3 mse": 0.11241181604438895, "anchor 4 mse": 2.640802563139124e-08}
{"bot_id": "0000000000000b01", "x": 0.6721955958413975, "y": 1.4224674768661754, "z": 0.0, "MSE": 0.03148227733641035, "anchor 1 mse": 0.01868795423021743, "anchor 2 mse": 0.00743435986694379, "anchor 3 mse": 0.09980673264355995, "anchor 4 mse": 6.260492021539183e-08}
{"bot_id": "0000000000000b01", "x": 0.6721955958413975, "y": 1.4224674768661754, "z": 0.0, "MSE": 0.02165000608675923, "anchor 1 mse": 0.01868795423021743, "anchor 2 mse": 0.00743435986694379, "anchor 3 mse": 0.06047764764495549, "anchor 4 mse": 6.260492021539183e-08}
{"bot_id": "0000000000000b01", "x": 0.6770116255088626, "y": 1.4308664700598503, "z": 0.0, "MSE": 0.02216376872872036, "anchor 1 mse": 0.016142272866743978, "anchor 2 mse": 0.007132367146970559, "anchor 3 mse": 0.06533327195800866, "anchor 4 mse": 4.716294315824293e-05}
{"bot_id": "0000000000000b01", "x": 0.6721955958413975, "y": 1.4224674768661754, "z": 0.0, "MSE": 0.02165000608675923, "anchor 1 mse": 0.01868795423021743, "anchor 2 mse": 0.00743435986694379, "anchor 3 mse": 0.06047764764495549, "anchor 4 mse": 6.260492021539183e-08}
{"bot_id": "0000000000000b01", "x": 0.6502337118809162, "y": 1.4708945403193325, "z": 0.0, "MSE": 0.02172069447025096, "anchor 1 mse": 0.006689846963112411, "anchor 2 mse": 0.0014673276064858928, "anchor 3 mse": 0.07603111462400287, "anchor 4 mse": 0.002694488687402653}
{"bot_id": "0000000000000b01", "x": 0.6502337118809162, "y": 1.4708945403193325, "z": 0.0, "MSE": 0.02172069447025096, "anchor 1 mse": 0.006689846963112411, "anchor 2 mse": 0.0014673276064858928, "anchor 3 mse": 0.07603111462400287, "anchor 4 mse": 0.002694488687402653}
{"bot_id": "0000000000000b01", "x": 0.6211353472458935, "y": 1.4365378331270922, "z": 0.0, "MSE": 0.02293034236624779, "anchor 1 mse": 0.01560702909726147, "anchor 2 mse": 0.02209060329293286, "anchor 3 mse": 0.05336540966931853, "anchor 4 mse": 0.000658327405478297}
{"bot_id": "0000000000000b01", "x": 0.5379156140955128, "y": 1.467976056918959, "z": 0.0, "MSE": 0.017212034793562887, "anchor 1 mse": 0.01602048734394221, "anchor 2 mse": 0.004431962531328749, "anchor 3 mse": 0.04215701528740651, "anchor 4 mse": 0.0062386740115740694}
{"bot_id": "0000000000000b01", "x": 0.5386689680937787, "y": 1.397978109507603, "z": 0.0, "MSE": 0.01844918595201597, "anchor 1 mse": 0.036799555197435746, "anchor 2 mse": 0.013884682684180817, "anchor 3 mse": 0.022965349425367636, "anchor 4 mse": 0.00014715650107967343}
{"bot_id": "0000000000000b01", "x": 0.5348457078376323, "y": 1.4330234625952674, "z": 0.0, "MSE": 0.016776461441039416, "anchor 1 mse": 0.02573445063611818, "anchor 2 mse": 0.007999010037668803, "anchor 3 mse": 0.031198312828346023, "anchor 4 mse": 0.002174072262024665}
{"bot_id": "0000000000000b01", "x": 0.5356128495097857, "y": 1.428046608814142, "z": 0.0, "MSE": 0.026822356953533494, "anchor 1 mse": 0.027163016290209417, "anchor 2 mse": 0.008758911112265877, "anchor 3 mse": 0.030018961839268544, "anchor 4 mse": 0.04134853857239013}
{"bot_id": "0000000000000b01", "x": 0.5631808374119638, "y": 1.4652087471752453, "z": 0.0, "MSE": 0.025286639232045806, "anchor 1 mse": 0.01446816343276988, "anchor 2 mse": 0.007507008364283443, "anchor 3 mse": 0.0481731249728339, "anchor 4 mse": 0.030998260158295998}
{"bot_id": "0000000000000b01", "x": 0.5256092675099618, "y": 1.4581505208322942, "z": 0.0, "MSE": 0.02423210417175427, "anchor 1 mse": 0.02722840193898874, "anchor 2 mse": 0.004211317968515048, "anchor 3 mse": 0.03603474455802002, "anchor 4 mse": 0.029453952221493284}
{"bot_id": "0000000000000b01", "x": 0.3553823987480721, "y": 1.5205984990334291, "z": 0.0, "MSE": 0.011615380826467046, "anchor 1 mse": 0.023539234164201735, "anchor 2 mse": 0.008693705276422171, "anchor 3 mse": 0.011376024290384205, "anchor 4 mse": 0.002852559574860065}
{"bot_id": "0000000000000b01", "x": 0.5081981162976064, "y": 1.6385440075040654, "z": 0.0, "MSE": 0.022884674014552315, "anchor 1 mse": 2.961180436863487e-07, "anchor 2 mse": 0.0017113851553668892, "anchor 3 mse": 0.08979385139257742, "anchor 4 mse": 3.316339222125157e-05}
{"bot_id": "0000000000000b01", "x": 0.5083905929912024, "y": 1.538198188771726, "z": 0.0, "MSE": 0.017688829460333646, "anchor 1 mse": 0.009018277262062706, "anchor 2 mse": 0.0004761186108395052, "anchor 3 mse": 0.053133506144021785, "anchor 4 mse": 0.00812741582441058}
{"bot_id": "0000000000000b01", "x": 0.5051734657132528, "y": 1.5324114127799098, "z": 0.0, "MSE": 0.017517434738552846, "anchor 1 mse": 0.010295789393874074, "anchor 2 mse": 0.0005456837548982542,