{"bot_id": "0000000000000b01", "x": 0.9, "y": 2.4, "z": 0, "MSE": 6.846805186421365, "anchor 1 mse": 6.837675787872508, "anchor 2 mse": 6.837675787872508, "anchor 3 mse": 6.8144035143433, "anchor 4 mse": 6.8144035143433}
{"bot_id": "0000000000000b01", "x": 0.9, "y": 2.4, "z": 0, "MSE": 4.575399387483438, "anchor 1 mse": 2.901678781020477, "anchor 2 mse": 9.195714855382162, "anchor 3 mse": 0.013947085698734703, "anchor 4 mse": 6.109759171155352}
{"bot_id": "0000000000000b01", "x": 0.9, "y": 2.4, "z": 0, "MSE": 0.3603031570823531, "anchor 1 mse": 0.6692287385299682, "anchor 2 mse": 0.17969917532669089, "anchor 3 mse": 0.1884029814772452, "anchor 4 mse": 0.31778995738213744}
{"bot_id": "0000000000000b01", "x": 0.9, "y": 2.4, "z": 0, "MSE": 0.5688353348632624, "anchor 1 mse": 0.009430054334154364, "anchor 2 mse": 0.5448940592341656, "anchor 3 mse": 0.5906251246421867, "anchor 4 mse": 1.081009476847358}
{"bot_id": "0000000000000b01", "x": 0.9, "y": 2.4, "z": 0, "MSE": 0.5688353348632624, "anchor 1 mse": 0.009430054334154364, "anchor 2 mse": 0.5448940592341656, "anchor 3 mse": 0.5906251246421867, "anchor 4 mse": 1.081009476847358}
{"bot_id": "0000000000000b01", "x": 0.9, "y": 2.4, "z": 0, "MSE": 0.5688353348632624, "anchor 1 mse": 0.009430054334154364, "anchor 2 mse": 0.5448940592341656, "anchor 3 mse": 0.5906251246421867, "anchor 4 mse": 1.081009476847358}
{"bot_id": "0000000000000b01", "x": 0.9, "y": 2.4, "z": 0, "MSE": 0.5688353348632624, "anchor 1 mse": 0.009430054334154364, "anchor 2 mse": 0.5448940592341656, "anchor 3 mse": 0.5906251246421867, "anchor 4 mse": 1.081009476847358}
{"bot_id": "0000000000000b01", "x": 0.9, "y": 2.4, "z": 0, "MSE": 0.5688353348632624, "anchor 1 mse": 0.009430054334154364, "anchor 2 mse": 0.5448940592341656, "anchor 3 mse": 0.5906251246421867, "anchor 4 mse": 1.081009476847358}
{"bot_id": "0000000000000b01", "x": 0.9, "y": 2.4, "z": 0, "MSE": 0.5688353348632624, "anchor 1 mse": 0.009430054334154364, "anchor 2 mse": 0.5448940592341656, "anchor 3 mse": 0.5906251246421867, "anchor 4 mse": 1.081009476847358}
{"bot_id": "0000000000000b01", "x": 0.9, "y": 2.4, "z": 0, "MSE": 0.5688353348632624, "anchor 1 mse": 0.009430054334154364, "anchor 2 mse": 0.5448940592341656, "anchor 3 mse": 0.5906251246421867, "anchor 4 mse": 1.081009476847358}
{"bot_id": "0000000000000b01", "x": 0.9, "y": 2.4, "z": 0, "MSE": 0.5688353348632624, "anchor 1 mse": 0.009430054334154364, "anchor 2 mse": 0.5448940592341656, "anchor 3 mse": 0.5906251246421867, "anchor 4 mse": 1.081009476847358}
{"bot_id": "0000000000000b01", "x": 0.9, "y": 2.4, "z": 0, "MSE": 0.5688353348632624, "anchor 1 mse": 0.009430054334154364, "anchor 2 mse": 0.5448940592341656, "anchor 3 mse": 0.5906251246421867, "anchor 4 mse": 1.081009476847358}
{"bot_id": "0000000000000b01", "x": 0.9, "y": 2.4, "z": 0, "MSE": 0.5688353348632624, "anchor 1 mse": 0.009430054334154364, "anchor 2 mse": 0.5448940592341656, "anchor 3 mse": 0.5906251246421867, "anchor 4 mse": 1.081009476847358}
{"bot_id": "0000000000000b01", "x": 0.9, "y": 2.4, "z": 0, "MSE": 0.5688353348632624, "anchor 1 mse": 0.009430054334154364, "anchor 2 mse": 0.5448940592341656, "anchor 3 mse": 0.5906251246421867, "anchor 4 mse": 1.081009476847358}
{"bot_id": "0000000000000b01", "x": 0.9, "y": 2.4, "z": 0, "MSE": 0.5688353348632624, "anchor 1 mse": 0.009430054334154364, "anchor 2 mse": 0.5448940592341656, "anchor 3 mse": 0.5906251246421867, "anchor 4 mse": 1.081009476847358}
{"bot_id": "0000000000000b01", "x": 0.9, "y": 2.4, "z": 0, "MSE": 0.5688353348632624, "anchor 1 mse": 0.009430054334154364, "anchor 2 mse": 0.5448940592341656, "anchor 3 mse": 0.5906251246421867, "anchor 4 mse": 1.081009476847358}
{"bot_id": "0000000000000b01", "x": 0.9, "y": 2.4, "z": 0, "MSE": 0.5688353348632624, "anchor 1 mse": 0.009430054334154364, "anchor 2 mse": 0.5448940592341656, "anchor 3 mse": 0.5906251246421867, "anchor 4 mse": 1.081009476847358}
{"bot_id": "0000000000000b01", "x": 0.9, "y": 2.4, "z": 0, "MSE": 0.5688353348632624, "anchor 1 mse": 0.009430054334154364, "anchor 2 mse": 0.5448940592341656, "anchor 3 mse": 0.5906251246421867, "anchor 4 mse": 1.081009476847358}
{"bot_id": "0000000000000b01", "x": 0.9, "y": 2.4, "z": 0, "MSE": 0.5688353348632624, "anchor 1 mse": 0.009430054334154364, "anchor 2 mse": 0.5448940592341656, "anchor 3 mse": 0.5906251246421867, "anchor 4 mse": 1.081009476847358}
{"bot_id": "0000000000000b01", "x": 0.9, "y": 2.4, "z": 0, "MSE": 0.5688353348632624, "anchor 1 mse": 0.009430054334154364, "anchor 2 mse": 0.5448940592341656, "anchor 3 mse": 0.5906251246421867, "anchor 4 mse": 1.081009476847358}
{"bot_id": "0000000000000b01", "x": 0.9, "y": 2.4, "z": 0, "MSE": 0.5688353348632624, "anchor 1 mse": 0.009430054334154364, "anchor 2 mse": 0.5448940592341656, "anchor 3 mse": 0.5906251246421867, "anchor 4 mse": 1.081009476847358}
{"bot_id": "0000000000000b01", "x": 0.9, "y": 2.4, "z": 0, "MSE": 0.5688353348632624, "anchor 1 mse": 0.009430054334154364, "anchor 2 mse": 0.5448940592341656, "anchor 3 mse": 0.5906251246421867, "anchor 4 mse": 1.081009476847358}
{"bot_id": "0000000000000b01", "x": 0.9, "y": 2.4, "z": 0, "MSE": 0.5688353348632624, "anchor 1 mse": 0.009430054334154364, "anchor 2 mse": 0.5448940592341656, "anchor 3 mse": 0.5906251246421867, "anchor 4 mse": 1.081009476847358}
