{"bot_id": "0000000000000b01", "x": 0.022946347245628683, "y": 1.407956284598554, "z": 0, "MSE": 0.9145434760054854, "anchor 1 mse": 1.9828674341924817, "anchor 2 mse": 0.8139738961896625, "anchor 3 mse": 0.4491499463057381, "anchor 4 mse": 0.385135173727516}
{"bot_id": "0000000000000b01", "x": 0.022946347245628683, "y": 1.407956284598554, "z": 0, "MSE": 0.9145434760054854, "anchor 1 mse": 1.9828674341924817, "anchor 2 mse": 0.8139738961896625, "anchor 3 mse": 0.4491499463057381, "anchor 4 mse": 0.385135173727516}
{"bot_id": "0000000000000b01", "x": 0.020690072721946354, "y": 1.4049358402800902, "z": 0, "MSE": 0.9267873851464585, "anchor 1 mse": 1.974272794412763, "anchor 2 mse": 0.8421642238563253, "anchor 3 mse": 0.4776309410775599, "anchor 4 mse": 0.3627933036359656}
{"bot_id": "0000000000000b01", "x": 0.03290086776264226, "y": 1.407355841611672, "z": 0, "MSE": 0.9208398995385919, "anchor 1 mse": 1.9817329320180328, "anchor 2 mse": 0.8380956329614228, "anchor 3 mse": 0.46134067796482053, "anchor 4 mse": 0.37499103380573023}
{"bot_id": "0000000000000b01", "x": 0.03290086776264226, "y": 1.407355841611672, "z": 0, "MSE": 0.9208398995385919, "anchor 1 mse": 1.9817329320180328, "anchor 2 mse": 0.8380956329614228, "anchor 3 mse": 0.46134067796482053, "anchor 4 mse": 0.37499103380573023}
{"bot_id": "0000000000000b01", "x": 0.03290086776264226, "y": 1.407355841611672, "z": 0, "MSE": 0.9208398995385919, "anchor 1 mse": 1.9817329320180328, "anchor 2 mse": 0.8380956329614228, "anchor 3 mse": 0.46134067796482053, "anchor 4 mse": 0.37499103380573023}
{"bot_id": "0000000000000b01", "x": 0.03290086776264226, "y": 1.407355841611672, "z": 0, "MSE": 0.9208398995385919, "anchor 1 mse": 1.9817329320180328, "anchor 2 mse": 0.8380956329614228, "anchor 3 mse": 0.46134067796482053, "anchor 4 mse": 0.3688923826578797}
{"bot_id": "0000000000000b01", "x": 0.03353785020783729, "y": 1.4080540252536375, "z": 0, "MSE": 0.9191686901169022, "anchor 1 mse": 1.983740925429535, "anchor 2 mse": 0.8368417572447677, "anchor 3 mse": 0.4601285022052625, "anchor 4 mse": 0.3692336219911778}
{"bot_id": "0000000000000b01", "x": 0.029256127495960266, "y": 1.400481860089636, "z": 0, "MSE": 0.9251034301893332, "anchor 1 mse": 1.962205361436187, "anchor 2 mse": 0.869144408587797, "anchor 3 mse": 0.47019312217017517, "anchor 4 mse": 0.3684110042454933}
{"bot_id": "0000000000000b01", "x": 0.030619719680771845, "y": 1.4033589422535133, "z": 0, "MSE": 0.9273820657677373, "anchor 1 mse": 1.9703538880362284, "anchor 2 mse": 0.8638354089850047, "anchor 3 mse": 0.47697437873899634, "anchor 4 mse": 0.36843698215990744}
{"bot_id": "0000000000000b01", "x": 0.030619719680771845, "y": 1.4033589422535133, "z": 0, "MSE": 0.9273820657677373, "anchor 1 mse": 1.9703538880362284, "anchor 2 mse": 0.8638354089850047, "anchor 3 mse": 0.47697437873899634, "anchor 4 mse": 0.36843698215990744}
{"bot_id": "0000000000000b01", "x": 0.042830766484730075, "y": 1.405814473780118, "z": 0, "MSE": 0.9215400723950664, "anchor 1 mse": 1.9781488092473392, "anchor 2 mse": 0.859786462798779, "anchor 3 mse": 0.4606810209272545, "anchor 4 mse": 0.359413379378111}
{"bot_id": "0000000000000b01", "x": 0.04212542007351216, "y": 1.3869103971890522, "z": 0, "MSE": 0.9347634022525723, "anchor 1 mse": 1.9252950008474643, "anchor 2 mse": 0.9430862000452502, "anchor 3 mse": 0.4739528105769796, "anchor 4 mse": 0.368271970316741}
{"bot_id": "0000000000000b01", "x": 0.04212542007351216, "y": 1.3869103971890522, "z": 0, "MSE": 0.9347634022525723, "anchor 1 mse": 1.9252950008474643, "anchor 2 mse": 0.9430862000452502, "anchor 3 mse": 0.4739528105769796, "anchor 4 mse": 0.368271970316741}
{"bot_id": "0000000000000b01", "x": 0.047230637098468135, "y": 1.3950537447295102, "z": 0, "MSE": 0.9325123889504652, "anchor 1 mse": 1.9484056837645565, "anchor 2 mse": 0.9276081708887677, "anchor 3 mse": 0.47961539120712343, "anchor 4 mse": 0.3428741921304197}
{"bot_id": "0000000000000b01", "x": 0.047230637098468135, "y": 1.3950537447295102, "z": 0, "MSE": 0.9325123889504652, "anchor 1 mse": 1.9484056837645565, "anchor 2 mse": 0.9276081708887677, "anchor 3 mse": 0.47961539120712343, "anchor 4 mse": 0.3428741921304197}
{"bot_id": "0000000000000b01", "x": 0.043711659456808466, "y": 1.4063966714166285, "z": 0, "MSE": 0.9239977290863897, "anchor 1 mse": 1.97986230654424, "anchor 2 mse": 0.8773844809844442, "anchor 3 mse": 0.4763522491648703, "anchor 4 mse": 0.33357684250024594}
{"bot_id": "0000000000000b01", "x": 0.043711659456808466, "y": 1.4063966714166285, "z": 0, "MSE": 0.9239977290863897, "anchor 1 mse": 1.97986230654424, "anchor 2 mse": 0.8773844809844442, "anchor 3 mse": 0.46947542151442195, "anchor 4 mse": 0.33357684250024594}
{"bot_id": "0000000000000b01", "x": 0.055642929327667894, "y": 1.4076513389380896, "z": 0, "MSE": 0.9153232364240707, "anchor 1 mse": 1.9845784275983605, "anchor 2 mse": 0.8757155649274765, "anchor 3 mse": 0.4544240313910044, "anchor 4 mse": 0.3195899036496828}
{"bot_id": "0000000000000b01", "x": 0.05454418099051755, "y": 1.4057492390267008, "z": 0, "MSE": 0.917970603261246, "anchor 1 mse": 1.9791059907040747, "anchor 2 mse": 0.8839022008143478, "anchor 3 mse": 0.4569580741739603, "anchor 4 mse": 0.3193829882798503}
{"bot_id": "0000000000000b01", "x": 0.05501936689070063, "y": 1.4067541281642582, "z": 0, "MSE": 0.9187266008330811, "anchor 1 mse": 1.981984307840236, "anchor 2 mse": 0.8820446680030793, "anchor 3 mse": 0.45912477291051673, "anchor 4 mse": 0.31938484015962687}
{"bot_id": "0000000000000b01", "x": 0.05501936689070063, "y": 1.4067541281642582, "z": 0, "MSE": 0.9187266008330811, "anchor 1 mse": 1.981984307840236, "anchor 2 mse": 0.8820446680030793, "anchor 3 mse": 0.45912477291051673, "anchor 4 mse": 0.31938484015962687}
{"bot_id": "0000000000000b01", "x": 0.05663170315314522, "y": 1.408591548331803, "z": 0, "MSE": 0.914824112073605, "anchor 1 mse": 1.987337299833812, "anchor 2 mse": 0.8787020643772612, "anchor 3 mse": 0.4560181424392203, "anchor 4 mse": 0.30615834784097246}
{"bot_id": "0000000000000b01", "x": 0.053320250818271644, "y": 1.4028806564584966, "z": 0, "MSE": 0.9181998887524342, "anchor 1 mse": 1.9709171854127459, "anchor 2 mse": 0.903426339098702, "anchor 3 mse": 0.46367696156201743, "anchor 4 mse": 0.3055359131100007}
{"bot_id": "0000000000000b01", "x": 0.06624238121417739, "y": 1.4090697727310626, "z": 0, "MSE": 0.9227568532070545, "anchor 1 mse": 1.9898656774932926, "anchor 2 mse": 0.8925996754075106, "anchor 3 mse": 0.4646222151945202, "anchor 4 mse": 0.3156182993633591}
{"bot_id": "0000000000000b01", "x": 0.06624238121417739, "y": 1.4090697727310626, "z": 0, "MSE": 0.9227568532070545, "anchor 1 mse": 1.9898656774932926, "anchor 2 mse": 0.8925996754075106, "anchor 3 mse": 0.4646222151945202, "anchor 4 mse": 0.3156182993633591}
{"bot_id": "0000000000000b01", "x": 0.06624238121417739, "y": 1.4090697727310626, "z": 0, "MSE": 0.9227568532070545, "anchor 1 mse": 1.9898656774932926, "anchor 2 mse": 0.8925996754075106, "anchor 3 mse": 0.4646222151945202, "anchor 4 mse": 0.3156182993633591}
{"bot_id": "0000000000000b01", "x": 0.0599261784060153, "y": 1.3807614954129352, "z": 0, "MSE": 0.9441759571320482, "anchor 1 mse": 1.910093454073315, "anchor 2 mse": 1.0207471471536749, "anchor 3 mse": 0.49119373782285236, "anchor 4 mse": 0.3227274171300514}
{"bot_id": "0000000000000b01", "x": 0.06567717005534654, "y": 1.3924857294285096, "z": 0, "MSE": 0.9499468031951084, "anchor 1 mse": 1.9433299973285274, "anchor 2 mse": 0.9976470685513285, "anchor 3 mse": 0.5114141877766802, "anchor 4 mse": 0.31736809742243244}
{"bot_id": "0000000000000b01", "x": 0.06567717005534654, "y": 1.3924857294285096, "z": 0, "MSE": 0.9499468031951084, "anchor 1 mse": 1.9433299973285274, "anchor 2 mse": 0.9976470685513285, "anchor 3 mse": 0.5114141877766802, "anchor 4 mse": 0.31736809742243244}
{"bot_id": "0000000000000b01", "x": 0.06567717005534654, "y": 1.3924857294285096, "z": 0, "MSE": 0.9499468031951084, "anchor 1 mse": 1.9433299973285274,