{"bot_id": "0000000000000b02", "x": -0.2726648007413078, "y": 0.1236672377590896, "z": 0.0, "MSE": 0.00018589265431795526, "anchor 1 mse": 8.833862859868837e-05, "anchor 2 mse": 0.0001948591692449137, "anchor 3 mse": 4.9419231158395004e-06, "anchor 4 mse": 0.002635880515284002}
{"bot_id": "0000000000000b02", "x": 0.03853126931490279, "y": 0.43642829144341544, "z": 0.0, "MSE": 0.021596424461873934, "anchor 1 mse": 0.03539135770155318, "anchor 2 mse": 0.015864308937372576, "anchor 3 mse": 0.008196086667056023, "anchor 4 mse": 0.02693394454151396}
{"bot_id": "0000000000000b02", "x": 0.30117917450287257, "y": 0.18758484546870224, "z": 0.0, "MSE": 0.026705579850606904, "anchor 1 mse": 0.032335099115625154, "anchor 2 mse": 5.148619322543743e-06, "anchor 3 mse": 0.04729426869374343, "anchor 4 mse": 0.1904801469644661}
{"bot_id": "0000000000000b02", "x": 0.26340051504309114, "y": 0.21813662621917243, "z": 0.0, "MSE": 0.016672616597932177, "anchor 1 mse": 0.027888716307043194, "anchor 2 mse": 0.004729793926379685, "anchor 3 mse": 0.0028208845306780623, "anchor 4 mse": 0.031251071627627774}
{"bot_id": "0000000000000b02", "x": 0.26340051504309114, "y": 0.21813662621917243, "z": 0.0, "MSE": 0.016672616597932177, "anchor 1 mse": 0.027888716307043194, "anchor 2 mse": 0.004729793926379685, "anchor 3 mse": 0.0028208845306780623, "anchor 4 mse": 0.031251071627627774}
{"bot_id": "0000000000000b02", "x": 0.26340051504309114, "y": 0.21813662621917243, "z": 0.0, "MSE": 0.016672616597932177, "anchor 1 mse": 0.027888716307043194, "anchor 2 mse": 0.004729793926379685, "anchor 3 mse": 0.0028208845306780623, "anchor 4 mse": 0.031251071627627774}
{"bot_id": "0000000000000b02", "x": 0.11009648867960412, "y": 0.17369893946671905, "z": 0.0, "MSE": 0.000671633542698949, "anchor 1 mse": 0.0016525481959954993, "anchor 2 mse": 0.00023664985713599563, "anchor 3 mse": 4.325277306038839e-05, "anchor 4 mse": 0.025059816898340876}
{"bot_id": "0000000000000b02", "x": 0.028487849311557248, "y": 0.1946557673265632, "z": 0.0, "MSE": 0.002174106626777122, "anchor 1 mse": 0.0010067497418930565, "anchor 2 mse": 0.0015548050222933345, "anchor 3 mse": 0.0006323830872024267, "anchor 4 mse": 0.0055024886557196685}
{"bot_id": "0000000000000b02", "x": 0.028487849311557248, "y": 0.1946557673265632, "z": 0.0, "MSE": 0.002174106626777122, "anchor 1 mse": 0.0010067497418930565, "anchor 2 mse": 0.0015548050222933345, "anchor 3 mse": 0.038082440682365166, "anchor 4 mse": 0.0055024886557196685}
{"bot_id": "0000000000000b02", "x": 0.17179923693260385, "y": 0.25954115076142675, "z": 0.0, "MSE": 0.01867848653088048, "anchor 1 mse": 0.018564073115108385, "anchor 2 mse": 0.022825959652341073, "anchor 3 mse": 0.005250882363976593, "anchor 4 mse": 0.08825892707558877}
{"bot_id": "0000000000000b02", "x": 0.13200378719309824, "y": 0.24174011854250238, "z": 0.0, "MSE": 0.02742024032211347, "anchor 1 mse": 0.01008676825706478, "anchor 2 mse": 0.01871202338809299, "anchor 3 mse": 0.011202199012013726, "anchor 4 mse": 0.06967997063128238}
{"bot_id": "0000000000000b02", "x": 0.13200378719309824, "y": 0.24174011854250238, "z": 0.0, "MSE": 0.02742024032211347, "anchor 1 mse": 0.002456896980608411, "anchor 2 mse": 0.01871202338809299, "anchor 3 mse": 0.011202199012013726, "anchor 4 mse": 0.06967997063128238}
{"bot_id": "0000000000000b02", "x": 0.13867580453821826, "y": 0.24273603608336633, "z": 0.0, "MSE": 0.02607028207636182, "anchor 1 mse": 0.0020651238375318367, "anchor 2 mse": 0.01884378766434617, "anchor 3 mse": 0.004489239948956752, "anchor 4 mse": 0.07296785150981752}
{"bot_id": "0000000000000b02", "x": 0.13379385483584352, "y": 0.20787757208462018, "z": 0.0, "MSE": 0.02724810291799505, "anchor 1 mse": 0.006050939079092031, "anchor 2 mse": 0.01765980828984004, "anchor 3 mse": 0.010096495532064433, "anchor 4 mse": 0.10510508284287384}
{"bot_id": "0000000000000b02", "x": 0.08278376139954452, "y": 0.22021192584973528, "z": 0.0, "MSE": 0.029117498992079008, "anchor 1 mse": 0.008053581981124927, "anchor 2 mse": 0.021989240301104884, "anchor 3 mse": 0.012595922913165277, "anchor 4 mse": 0.07383125077292095}
{"bot_id": "0000000000000b02", "x": 0.08278376139954452, "y": 0.22021192584973528, "z": 0.0, "MSE": 0.029117498992079008, "anchor 1 mse": 0.0006121542724811537, "anchor 2 mse": 0.021989240301104884, "anchor 3 mse": 0.012595922913165277, "anchor 4 mse": 0.07383125077292095}
{"bot_id": "0000000000000b02", "x": 0.3905610278340737, "y": 0.05728664071965454, "z": 0.0, "MSE": 0.1070106565435229, "anchor 1 mse": 0.01815487035383488, "anchor 2 mse": 0.02509579184385903, "anchor 3 mse": 0.007406777290148675, "anchor 4 mse": 0.4595138463334011}
{"bot_id": "0000000000000b02", "x": 0.2095413681046697, "y": 0.045105268036815846, "z": 0.0, "MSE": 0.07643983557979406, "anchor 1 mse": 0.0020847430303896322, "anchor 2 mse": 0.030243705384852805, "anchor 3 mse": 0.02517233845418282, "anchor 4 mse": 0.24825855544975095}
{"bot_id": "0000000000000b02", "x": 0.2095413681046697, "y": 0.045105268036815846, "z": 0.0, "MSE": 0.07643983557979406, "anchor 1 mse": 0.0020847430303896322, "anchor 2 mse": 0.030243705384852805, "anchor 3 mse": 0.02517233845418282, "anchor 4 mse": 0.24825855544975095}
{"bot_id": "0000000000000b02", "x": 0.20796280717404042, "y": 0.04528354549214945, "z": 0.0, "MSE": 0.075933354873398, "anchor 1 mse": 0.0013811688740609765, "anchor 2 mse": 0.030363781914350282, "anchor 3 mse": 3.498779959981617e-05, "anchor 4 mse": 0.26694722108326147}
{"bot_id": "0000000000000b02", "x": -0.021189905720604228, "y": 0.004518901522105415, "z": 0.0, "MSE": 0.04310566827017262, "anchor 1 mse": 0.052136236193291455, "anchor 2 mse": 0.020853207628213553, "anchor 3 mse": 0.016027733834184106, "anchor 4 mse": 0.08340549542500138}
{"bot_id": "0000000000000b02", "x": -0.021189905720604228, "y": 0.004518901522105415, "z": 0.0, "MSE": 0.04310566827017262, "anchor 1 mse": 0.052136236193291455, "anchor 2 mse": 0.03587478339987485, "anchor 3 mse": 0.016027733834184106, "anchor 4 mse": 0.08340549542500138}
{"bot_id": "0000000000000b02", "x": 0.006319655980312262, "y": -0.02809570807535113, "z": 0.0, "MSE": 0.052587728406837134, "anchor 1 mse": 0.0534545088347394, "anchor 2 mse": 0.024615867108308327, "anchor 3 mse": 0.0251047485123866, "anchor 4 mse": 0.11622817882079055}
{"bot_id": "0000000000000b02", "x": 0.023108350434328774, "y": -0.02407939895714476, "z": 0.0, "MSE": 0.05674877637190939, "anchor 1 mse": 0.05135941559786393, "anchor 2 mse": 0.025853004292637278, "anchor 3 mse": 0.021753523759624204, "anchor 4 mse": 0.12802916183751215}
{"bot_id": "0000000000000b02", "x": 0.023108350434328774, "y": -0.02407939895714476, "z": 0.0, "MSE": 0.05674877637190939, "anchor 1 mse": 0.03119679977403108, "anchor 2 mse": 0.001537526475692136, "anchor 3 mse": 0.021753523759624204, "anchor 4 mse": 0.12802916183751215}
{"bot_id": "0000000000000b02", "x": -0.16229183338364478, "y": 0.14188309687215933, "z": 0.0, "MSE": 0.012428813560828589, "anchor 1 mse": 3.099977603407573e-05, "anchor 2 mse": 0.014354222278006904, "anchor 3 mse": 0.05841578474142762, "anchor 4 mse": 0.15138342160491003}
{"bot_id": "0000000000000b02", "x": -0.27897663570421233, "y": 0.282005558656897, "z": 0.0, "MSE": 0.04851681975865585, "anchor 1 mse": 0.03484945815770018, "anchor 2 mse": 0.05978128760179673, "anchor 3 mse": 0.03678535006611769, "anchor 4 mse": 0.06265118320900881}
{"bot_id": "0000000000000b02", "x": -0.27897663570421233, "y": 0.282005558656897, "z": 0.0, "MSE": 0.04851681975865585, "anchor 1 mse": 0.051383865819515276, "anchor 2 mse": 0.05978128760179673, "anchor 3 mse": 0.03678535006611769, "anchor 4 mse": 0.06265118320900881}
{"bot_id": "0000000000000b02", "x": -0.27760351666257144, "y": 0.28085737954273526, "z": 0.0, "MSE": 0.05254685200163692, "anchor 1 mse": 0.05057919566125653, "anchor 2 mse": 0.026761098732380747, "anchor 3 mse": 0.19527282175305233, "anchor 4 mse": 0.003982864445046307}
{"bot_id": "0000000000000b02", "x": 0.21303875823638382, "y": 0.3128457346804168,