{"bot_id": "0000000000000b01", "x": 0.45027270357004096, "y": 1.1376225912595115, "z": 0, "MSE": 0.7422576985120525, "anchor 1 mse": 1.4969306677242797, "anchor 2 mse": 0.1331802532845906, "anchor 3 mse": 1.1521166493720918, "anchor 4 mse": 0.1379517903982418}
{"bot_id": "0000000000000b01", "x": 0.45027270357004096, "y": 1.1376225912595115, "z": 0, "MSE": 0.7422576985120525, "anchor 1 mse": 1.4969306677242797, "anchor 2 mse": 0.1331802532845906, "anchor 3 mse": 1.1521166493720918, "anchor 4 mse": 0.1379517903982418}
{"bot_id": "0000000000000b01", "x": 0.45027270357004096, "y": 1.1376225912595115, "z": 0, "MSE": 0.7422576985120525, "anchor 1 mse": 1.4969306677242797, "anchor 2 mse": 0.1331802532845906, "anchor 3 mse": 1.1521166493720918, "anchor 4 mse": 0.1379517903982418}
{"bot_id": "0000000000000b01", "x": 0.45027270357004096, "y": 1.1376225912595115, "z": 0, "MSE": 0.7422576985120525, "anchor 1 mse": 1.4969306677242797, "anchor 2 mse": 0.1331802532845906, "anchor 3 mse": 1.1521166493720918, "anchor 4 mse": 0.1379517903982418}
{"bot_id": "0000000000000b01", "x": 0.45027270357004096, "y": 1.1376225912595115, "z": 0, "MSE": 0.7422576985120525, "anchor 1 mse": 1.4969306677242797, "anchor 2 mse": 0.1331802532845906, "anchor 3 mse": 1.1521166493720918, "anchor 4 mse": 0.1379517903982418}
{"bot_id": "0000000000000b01", "x": 0.44998360861651626, "y": 1.1368611999390676, "z": 0, "MSE": 0.7409703791610686, "anchor 1 mse": 1.494938635950439, "anchor 2 mse": 0.13367292831539235, "anchor 3 mse": 1.148221001943063, "anchor 4 mse": 0.13798256259785557}
{"bot_id": "0000000000000b01", "x": 0.4429095004370703, "y": 1.1278401823046804, "z": 0, "MSE": 0.7365734892945358, "anchor 1 mse": 1.4681923023984702, "anchor 2 mse": 0.12622725704953913, "anchor 3 mse": 1.1720107498534287, "anchor 4 mse": 0.13585599083020725}
{"bot_id": "0000000000000b01", "x": 0.4429095004370703, "y": 1.1278401823046804, "z": 0, "MSE": 0.7365734892945358, "anchor 1 mse": 1.4681923023984702, "anchor 2 mse": 0.12622725704953913, "anchor 3 mse": 1.1720107498534287, "anchor 4 mse": 0.13585599083020725}
{"bot_id": "0000000000000b01", "x": 0.4429095004370703, "y": 1.1278401823046804, "z": 0, "MSE": 0.7365734892945358, "anchor 1 mse": 1.4681923023984702, "anchor 2 mse": 0.12622725704953913, "anchor 3 mse": 1.1720107498534287, "anchor 4 mse": 0.13585599083020725}
{"bot_id": "0000000000000b01", "x": 0.4411393875185509, "y": 1.1233079086443396, "z": 0, "MSE": 0.728839490450785, "anchor 1 mse": 1.4564246168431623, "anchor 2 mse": 0.12909837022636414, "anchor 3 mse": 1.148558285811498, "anchor 4 mse": 0.13598690683804077}
{"bot_id": "0000000000000b01", "x": 0.44274469505669595, "y": 1.123854660711526, "z": 0, "MSE": 0.7276816683952845, "anchor 1 mse": 1.4590721634038661, "anchor 2 mse": 0.12189215977619205, "anchor 3 mse": 1.1450962127319428, "anchor 4 mse": 0.13691511196981299}
{"bot_id": "0000000000000b01", "x": 0.44393178955154816, "y": 1.1268582856651084, "z": 0, "MSE": 0.7328361508100559, "anchor 1 mse": 1.4668850297465472, "anchor 2 mse": 0.12004295900421322, "anchor 3 mse": 1.16069099023514, "anchor 4 mse": 0.1368372847203575}
{"bot_id": "0000000000000b01", "x": 0.44393178955154816, "y": 1.1268582856651084, "z": 0, "MSE": 0.7328361508100559, "anchor 1 mse": 1.4668850297465472, "anchor 2 mse": 0.12004295900421322, "anchor 3 mse": 1.16069099023514, "anchor 4 mse": 0.1368372847203575}
{"bot_id": "0000000000000b01", "x": 0.44393178955154816, "y": 1.1268582856651084, "z": 0, "MSE": 0.7328361508100559, "anchor 1 mse": 1.4668850297465472, "anchor 2 mse": 0.12004295900421322, "anchor 3 mse": 1.16069099023514, "anchor 4 mse": 0.1368372847203575}
{"bot_id": "0000000000000b01", "x": 0.44393178955154816, "y": 1.1268582856651084, "z": 0, "MSE": 0.7328361508100559, "anchor 1 mse": 1.4668850297465472, "anchor 2 mse": 0.12004295900421322, "anchor 3 mse": 1.16069099023514, "anchor 4 mse": 0.1368372847203575}
{"bot_id": "0000000000000b01", "x": 0.44393178955154816, "y": 1.1268582856651084, "z": 0, "MSE": 0.7328361508100559, "anchor 1 mse": 1.4668850297465472, "anchor 2 mse": 0.12004295900421322, "anchor 3 mse": 1.16069099023514, "anchor 4 mse": 0.1368372847203575}
{"bot_id": "0000000000000b01", "x": 0.44393178955154816, "y": 1.1268582856651084, "z": 0, "MSE": 0.7328361508100559, "anchor 1 mse": 1.4668850297465472, "anchor 2 mse": 0.12004295900421322, "anchor 3 mse": 1.16069099023514, "anchor 4 mse": 0.1368372847203575}
{"bot_id": "0000000000000b01", "x": 0.44393178955154816, "y": 1.1268582856651084, "z": 0, "MSE": 0.7328361508100559, "anchor 1 mse": 1.4668850297465472, "anchor 2 mse": 0.12004295900421322, "anchor 3 mse": 1.16069099023514, "anchor 4 mse": 0.1368372847203575}
{"bot_id": "0000000000000b01", "x": 0.438243788958577, "y": 1.1017343415552334, "z": 0, "MSE": 0.7110666899067024, "anchor 1 mse": 1.4058761779229134, "anchor 2 mse": 0.10220286810704073, "anchor 3 mse": 1.1489292320774047, "anchor 4 mse": 0.1403160409694133}
{"bot_id": "0000000000000b01", "x": 0.439776762742846, "y": 1.105379844689202, "z": 0, "MSE": 0.7175180389594411, "anchor 1 mse": 1.415268202093702, "anchor 2 mse": 0.10015673600405005, "anchor 3 mse": 1.168505976133114, "anchor 4 mse": 0.14030655604010125}
{"bot_id": "0000000000000b01", "x": 0.439776762742846, "y": 1.105379844689202, "z": 0, "MSE": 0.7175180389594411, "anchor 1 mse": 1.415268202093702, "anchor 2 mse": 0.10015673600405005, "anchor 3 mse": 1.168505976133114, "anchor 4 mse": 0.14030655604010125}
{"bot_id": "0000000000000b01", "x": 0.439776762742846, "y": 1.105379844689202, "z": 0, "MSE": 0.7175180389594411, "anchor 1 mse": 1.415268202093702, "anchor 2 mse": 0.10015673600405005, "anchor 3 mse": 1.168505976133114, "anchor 4 mse": 0.14030655604010125}
{"bot_id": "0000000000000b01", "x": 0.439776762742846, "y": 1.105379844689202, "z": 0, "MSE": 0.7175180389594411, "anchor 1 mse": 1.415268202093702, "anchor 2 mse": 0.10015673600405005, "anchor 3 mse": 1.168505976133114, "anchor 4 mse": 0.14030655604010125}
{"bot_id": "0000000000000b01", "x": 0.439776762742846, "y": 1.105379844689202, "z": 0, "MSE": 0.7175180389594411, "anchor 1 mse": 1.415268202093702, "anchor 2 mse": 0.10015673600405005, "anchor 3 mse": 1.168505976133114, "anchor 4 mse": 0.14030655604010125}
{"bot_id": "0000000000000b01", "x": 0.439776762742846, "y": 1.105379844689202, "z": 0, "MSE": 0.7175180389594411, "anchor 1 mse": 1.415268202093702, "anchor 2 mse": 0.10015673600405005, "anchor 3 mse": 1.168505976133114, "anchor 4 mse": 0.14030655604010125}
{"bot_id": "0000000000000b01", "x": 0.439776762742846, "y": 1.105379844689202, "z": 0, "MSE": 0.7175180389594411, "anchor 1 mse": 1.415268202093702, "anchor 2 mse": 0.10015673600405005, "anchor 3 mse": 1.168505976133114, "anchor 4 mse": 0.14030655604010125}
{"bot_id": "0000000000000b01", "x": 0.450377298344848, "y": 1.1068304529103878, "z": 0, "MSE": 0.7213272475322011, "anchor 1 mse": 1.4279133623542184, "anchor 2 mse": 0.09918679187471563, "anchor 3 mse": 1.1590847753558229, "anchor 4 mse": 0.14727014998529106}
{"bot_id": "0000000000000b01", "x": 0.45071469904827394, "y": 1.1069210821400843, "z": 0, "MSE": 0.7210743287188407, "anchor 1 mse": 1.4284180220243512, "anchor 2 mse": 0.09917943534537196, "anchor 3 mse": 1.1583859775280356, "anchor 4 mse": 0.14748100323013705}
{"bot_id": "0000000000000b01", "x": 0.4518939805526457, "y": 1.1098035294332549, "z": 0, "MSE": 0.726254966079867, "anchor 1 mse": 1.435872043602224, "anchor 2 mse": 0.09758695623591813, "anchor 3 mse": 1.1742202481027253, "anchor 4 mse": 0.14744227647530192}
{"bot_id": "0000000000000b01", "x": 0.4518939805526457, "y": 1.1098035294332549, "z": 0, "MSE": 0.726254966079867, "anchor 1 mse": 1.435872043602224, "anchor 2 mse": 0.09758695623591813, "anchor 3 mse": 1.1742202481027253, "anchor 4 mse": 0.14744227647530192}
{"bot_id": "0000000000000b01", "x": 0.4518939805526457, "y": 1.1098035294332549, "z": 0, "MSE": 0.726254966079867, "anchor 1 mse": 1.435872043602224, "anchor 2 mse": 0.09758695623591813,