{"bot_id": "0000000000000b01", "x": -2.2613353222648858, "y": -0.2777369452448252, "z": 0.0, "MSE": 4.265581460340373, "anchor 1 mse": 0.3344624569270872, "anchor 2 mse": 10.301723031456063, "anchor 3 mse": 2.6503470348938727, "anchor 4 mse": 3.7757933180844687}
{"bot_id": "0000000000000b01", "x": -0.3879601851440583, "y": 1.2464269957972296, "z": 0.4271182520268011, "MSE": 0.7655318358763745, "anchor 1 mse": 0.10659723138098066, "anchor 2 mse": 2.105073251307169, "anchor 3 mse": 0.5096913737949893, "anchor 4 mse": 0.34076548702235904}
{"bot_id": "0000000000000b01", "x": 1.0614297783420072, "y": 0.28192320523440584, "z": 1.3002984100860562, "MSE": 0.009456887794184708, "anchor 1 mse": 4.1014848223154e-06, "anchor 2 mse": 3.668289534758015e-06, "anchor 3 mse": 0.03781606701244297, "anchor 4 mse": 3.7143899387852903e-06}
{"bot_id": "0000000000000b01", "x": 1.072984786048571, "y": 0.248214366126828, "z": 1.2671030803996453, "MSE": 0.009215548988054064, "anchor 1 mse": 0.0004483357443736615, "anchor 2 mse": 0.00018571872585705334, "anchor 3 mse": 0.03487734607923246, "anchor 4 mse": 0.0013507954027530845}
{"bot_id": "0000000000000b01", "x": 1.0614297783420072, "y": 0.28192320523440584, "z": 1.3002984100860562, "MSE": 0.009456887794184708, "anchor 1 mse": 4.1014848223154e-06, "anchor 2 mse": 3.668289534758015e-06, "anchor 3 mse": 0.03781606701244297, "anchor 4 mse": 3.7143899387852903e-06}
{"bot_id": "0000000000000b01", "x": 1.0614297783420072, "y": 0.28192320523440584, "z": 1.3002984100860562, "MSE": 0.009456887794184708, "anchor 1 mse": 4.1014848223154e-06, "anchor 2 mse": 3.668289534758015e-06, "anchor 3 mse": 0.03781606701244297, "anchor 4 mse": 3.7143899387852903e-06}
{"bot_id": "0000000000000b01", "x": 1.0524340249467288, "y": 0.3046411857929798, "z": 1.2715424128157826, "MSE": 0.013758061333913631, "anchor 1 mse": 0.00046376930787802044, "anchor 2 mse": 0.001145634086260862, "anchor 3 mse": 0.05296392847276499, "anchor 4 mse": 0.00045891346875065323}
{"bot_id": "0000000000000b01", "x": 1.063571176015805, "y": 0.2792617586839196, "z": 1.2963730113580385, "MSE": 0.009474612456468745, "anchor 1 mse": 5.245353059460496e-09, "anchor 2 mse": 7.000131992311744e-06, "anchor 3 mse": 0.037885845371351666, "anchor 4 mse": 5.599077177940439e-06}
{"bot_id": "0000000000000b01", "x": 1.0723665429518696, "y": 0.29720971217978237, "z": 1.3323545106209922, "MSE": 0.009424008619416077, "anchor 1 mse": 0.0012913621737979989, "anchor 2 mse": 0.0001803033808979983, "anchor 3 mse": 0.03485401333224457, "anchor 4 mse": 0.0013703555907237472}
{"bot_id": "0000000000000b01", "x": 1.0681840278176078, "y": 0.2716477460353712, "z": 1.3086516819674714, "MSE": 0.008310711180025574, "anchor 1 mse": 0.00012008776923499445, "anchor 2 mse": 0.0002813066171443339, "anchor 3 mse": 0.03277278407680277, "anchor 4 mse": 6.866625692019253e-05}
{"bot_id": "0000000000000b01", "x": 1.06145882011298, "y": 0.28172724218968176, "z": 1.2995262295625991, "MSE": 0.009485559134076253, "anchor 1 mse": 2.0192976823706626e-06, "anchor 2 mse": 2.723733938260089e-06, "anchor 3 mse": 0.037936209148979, "anchor 4 mse": 1.2843557053771769e-06}
{"bot_id": "0000000000000b01", "x": 1.06145882011298, "y": 0.28172724218968176, "z": 1.2995262295625991, "MSE": 0.009485559134076253, "anchor 1 mse": 2.0192976823706626e-06, "anchor 2 mse": 2.723733938260089e-06, "anchor 3 mse": 0.037936209148979, "anchor 4 mse": 1.2843557053771769e-06}
