{"bot_id": "0000000000000b01", "x": 2.1119767589558402, "y": 2.9518142476512903, "z": 0, "MSE": 4.636397225574095, "anchor 1 mse": 0.20290272280186492, "anchor 2 mse": 6.1457320779708, "anchor 3 mse": 2.546513383519292, "anchor 4 mse": 9.57443448855526}
{"bot_id": "0000000000000b01", "x": 2.1119767589558402, "y": 2.9518142476512903, "z": 0, "MSE": 4.636397225574095, "anchor 1 mse": 0.20290272280186492, "anchor 2 mse": 6.1457320779708, "anchor 3 mse": 2.546513383519292, "anchor 4 mse": 9.57443448855526}
{"bot_id": "0000000000000b01", "x": 2.1119767589558402, "y": 2.9518142476512903, "z": 0, "MSE": 4.636397225574095, "anchor 1 mse": 0.20290272280186492, "anchor 2 mse": 6.1457320779708, "anchor 3 mse": 2.546513383519292, "anchor 4 mse": 9.57443448855526}
{"bot_id": "0000000000000b01", "x": 2.1119767589558402, "y": 2.9518142476512903, "z": 0, "MSE": 4.636397225574095, "anchor 1 mse": 0.20290272280186492, "anchor 2 mse": 6.1457320779708, "anchor 3 mse": 2.546513383519292, "anchor 4 mse": 9.57443448855526}
{"bot_id": "0000000000000b01", "x": 2.1119767589558402, "y": 2.9518142476512903, "z": 0, "MSE": 4.636397225574095, "anchor 1 mse": 0.20290272280186492, "anchor 2 mse": 6.1457320779708, "anchor 3 mse": 2.546513383519292, "anchor 4 mse": 9.57443448855526}
{"bot_id": "0000000000000b01", "x": 2.1119767589558402, "y": 2.9518142476512903, "z": 0, "MSE": 4.636397225574095, "anchor 1 mse": 0.20290272280186492, "anchor 2 mse": 6.1457320779708, "anchor 3 mse": 2.546513383519292, "anchor 4 mse": 9.57443448855526}
{"bot_id": "0000000000000b01", "x": 2.1119767589558402, "y": 2.9518142476512903, "z": 0, "MSE": 4.636397225574095, "anchor 1 mse": 0.20290272280186492, "anchor 2 mse": 6.1457320779708, "anchor 3 mse": 2.546513383519292, "anchor 4 mse": 9.57443448855526}
{"bot_id": "0000000000000b01", "x": 2.1119767589558402, "y": 2.9518142476512903, "z": 0, "MSE": 4.636397225574095, "anchor 1 mse": 0.20290272280186492, "anchor 2 mse": 6.1457320779708, "anchor 3 mse": 2.546513383519292, "anchor 4 mse": 9.57443448855526}
{"bot_id": "0000000000000b01", "x": 2.1119767589558402, "y": 2.9518142476512903, "z": 0, "MSE": 4.636397225574095, "anchor 1 mse": 0.20290272280186492, "anchor 2 mse": 6.1457320779708, "anchor 3 mse": 2.546513383519292, "anchor 4 mse": 9.57443448855526}
{"bot_id": "0000000000000b01", "x": 2.1119767589558402, "y": 2.9518142476512903, "z": 0, "MSE": 4.636397225574095, "anchor 1 mse": 0.20290272280186492, "anchor 2 mse": 6.1457320779708, "anchor 3 mse": 2.546513383519292, "anchor 4 mse": 9.57443448855526}
{"bot_id": "0000000000000b01", "x": 2.1119767589558402, "y": 2.9518142476512903, "z": 0, "MSE": 4.636397225574095, "anchor 1 mse": 0.20290272280186492, "anchor 2 mse": 6.1457320779708, "anchor 3 mse": 2.546513383519292, "anchor 4 mse": 9.57443448855526}
{"bot_id": "0000000000000b01", "x": 2.1119767589558402, "y": 2.9518142476512903, "z": 0, "MSE": 4.636397225574095, "anchor 1 mse": 0.20290272280186492, "anchor 2 mse": 6.1457320779708, "anchor 3 mse": 2.546513383519292, "anchor 4 mse": 9.57443448855526}
{"bot_id": "0000000000000b01", "x": 2.1119767589558402, "y": 2.9518142476512903, "z": 0, "MSE": 4.636397225574095, "anchor 1 mse": 0.20290272280186492, "anchor 2 mse": 6.1457320779708, "anchor 3 mse": 2.546513383519292, "anchor 4 mse": 9.57443448855526}
{"bot_id": "0000000000000b01", "x": 2.1119767589558402, "y": 2.9518142476512903, "z": 0, "MSE": 4.636397225574095, "anchor 1 mse": 0.20290272280186492, "anchor 2 mse": 6.1457320779708, "anchor 3 mse": 2.546513383519292, "anchor 4 mse": 9.57443448855526}
{"bot_id": "0000000000000b01", "x": 2.1119767589558402, "y": 2.9518142476512903, "z": 0, "MSE": 4.636397225574095, "anchor 1 mse": 0.20290272280186492, "anchor 2 mse": 6.1457320779708, "anchor 3 mse": 2.546513383519292, "anchor 4 mse": 9.57443448855526}
{"bot_id": "0000000000000b01", "x": 2.1119767589558402, "y": 2.9518142476512903, "z": 0, "MSE": 4.636397225574095, "anchor 1 mse": 0.20290272280186492, "anchor 2 mse": 6.1457320779708, "anchor 3 mse": 2.546513383519292, "anchor 4 mse": 9.57443448855526}
{"bot_id": "0000000000000b01", "x": 2.1119767589558402, "y": 2.9518142476512903, "z": 0, "MSE": 4.636397225574095, "anchor 1 mse": 0.20290272280186492, "anchor 2 mse": 6.1457320779708, "anchor 3 mse": 2.546513383519292, "anchor 4 mse": 9.57443448855526}
{"bot_id": "0000000000000b01", "x": 2.1119767589558402, "y": 2.9518142476512903, "z": 0, "MSE": 4.636397225574095, "anchor 1 mse": 0.20290272280186492, "anchor 2 mse": 6.1457320779708, "anchor 3 mse": 2.546513383519292, "anchor 4 mse": 9.57443448855526}
{"bot_id": "0000000000000b01", "x": 2.1119767589558402, "y": 2.9518142476512903, "z": 0, "MSE": 4.636397225574095, "anchor 1 mse": 0.20290272280186492, "anchor 2 mse": 6.1457320779708, "anchor 3 mse": 2.546513383519292, "anchor 4 mse": 9.57443448855526}
{"bot_id": "0000000000000b01", "x": 2.1119767589558402, "y": 2.9518142476512903, "z": 0, "MSE": 4.636397225574095, "anchor 1 mse": 0.20290272280186492, "anchor 2 mse": 6.1457320779708, "anchor 3 mse": 2.546513383519292, "anchor 4 mse": 9.57443448855526}
{"bot_id": "0000000000000b01", "x": 2.1119767589558402, "y": 2.9518142476512903, "z": 0, "MSE": 4.636397225574095, "anchor 1 mse": 0.20290272280186492, "anchor 2 mse": 6.1457320779708, "anchor 3 mse": 2.546513383519292, "anchor 4 mse": 9.57443448855526}
{"bot_id": "0000000000000b01", "x": 2.1119767589558402, "y": 2.9518142476512903, "z": 0, "MSE": 4.636397225574095, "anchor 1 mse": 0.20290272280186492, "anchor 2 mse": 6.1457320779708, "anchor 3 mse": 2.546513383519292, "anchor 4 mse": 9.57443448855526}
{"bot_id": "0000000000000b01", "x": 2.1119767589558402, "y": 2.9518142476512903, "z": 0, "MSE": 4.636397225574095, "anchor 1 mse": 0.20290272280186492, "anchor 2 mse": 6.1457320779708, "anchor 3 mse": 2.546513383519292, "anchor 4 mse": 9.57443448855526}
{"bot_id": "0000000000000b01", "x": 2.1119767589558402, "y": 2.9518142476512903, "z": 0, "MSE": 4.636397225574095, "anchor 1 mse": 0.20290272280186492, "anchor 2 mse": 6.1457320779708, "anchor 3 mse": 2.546513383519292, "anchor 4 mse": 9.57443448855526}
{"bot_id": "0000000000000b01", "x": 2.1119767589558402, "y": 2.9518142476512903, "z": 0, "MSE": 4.636397225574095, "anchor 1 mse": 0.20290272280186492, "anchor 2 mse": 6.1457320779708, "anchor 3 mse": 2.546513383519292, "anchor 4 mse": 9.57443448855526}
{"bot_id": "0000000000000b01", "x": 2.1119767589558402, "y": 2.9518142476512903, "z": 0, "MSE": 4.636397225574095, "anchor 1 mse": 0.20290272280186492, "anchor 2 mse": 6.1457320779708, "anchor 3 mse": 2.546513383519292, "anchor 4 mse": 9.57443448855526}
{"bot_id": "0000000000000b01", "x": 2.1119767589558402, "y": 2.9518142476512903, "z": 0, "MSE": 4.636397225574095, "anchor 1 mse": 0.20290272280186492, "anchor 2 mse": 6.1457320779708, "anchor 3 mse": 2.546513383519292, "anchor 4 mse": 9.57443448855526}
