{"bot_id": "0000000000000b01", "x": 0.34877996206478834, "y": 5.6082757047470775, "z": 0, "MSE": 0.4674564559406556, "anchor 1 mse": 0.025316180409221428, "anchor 2 mse": 0.4728748650908928, "anchor 3 mse": 0.48363536581718636, "anchor 4 mse": 0.8110162701790534}
{"bot_id": "0000000000000b01", "x": 0.34877996206478834, "y": 5.6082757047470775, "z": 0, "MSE": 0.4674564559406556, "anchor 1 mse": 0.025316180409221428, "anchor 2 mse": 0.4728748650908928, "anchor 3 mse": 0.48363536581718636, "anchor 4 mse": 0.8110162701790534}
{"bot_id": "0000000000000b01", "x": 0.34877996206478834, "y": 5.6082757047470775, "z": 0, "MSE": 0.4674564559406556, "anchor 1 mse": 0.025316180409221428, "anchor 2 mse": 0.4728748650908928, "anchor 3 mse": 0.48363536581718636, "anchor 4 mse": 0.8110162701790534}
{"bot_id": "0000000000000b01", "x": 0.34877996206478834, "y": 5.6082757047470775, "z": 0, "MSE": 0.4674564559406556, "anchor 1 mse": 0.025316180409221428, "anchor 2 mse": 0.4728748650908928, "anchor 3 mse": 0.48363536581718636, "anchor 4 mse": 0.8110162701790534}
{"bot_id": "0000000000000b01", "x": 0.34877996206478834, "y": 5.6082757047470775, "z": 0, "MSE": 0.4674564559406556, "anchor 1 mse": 0.025316180409221428, "anchor 2 mse": 0.4728748650908928, "anchor 3 mse": 0.48363536581718636, "anchor 4 mse": 0.8110162701790534}
{"bot_id": "0000000000000b01", "x": 0.34877996206478834, "y": 5.6082757047470775, "z": 0, "MSE": 0.4674564559406556, "anchor 1 mse": 0.025316180409221428, "anchor 2 mse": 0.4728748650908928, "anchor 3 mse": 0.48363536581718636, "anchor 4 mse": 0.8110162701790534}
{"bot_id": "0000000000000b01", "x": 0.34877996206478834, "y": 5.6082757047470775, "z": 0, "MSE": 0.4674564559406556, "anchor 1 mse": 0.025316180409221428, "anchor 2 mse": 0.4728748650908928, "anchor 3 mse": 0.48363536581718636, "anchor 4 mse": 0.8110162701790534}
{"bot_id": "0000000000000b01", "x": 0.34877996206478834, "y": 5.6082757047470775, "z": 0, "MSE": 0.4674564559406556, "anchor 1 mse": 0.025316180409221428, "anchor 2 mse": 0.4728748650908928, "anchor 3 mse": 0.48363536581718636, "anchor 4 mse": 0.8110162701790534}
{"bot_id": "0000000000000b01", "x": 0.34877996206478834, "y": 5.6082757047470775, "z": 0, "MSE": 0.4674564559406556, "anchor 1 mse": 0.025316180409221428, "anchor 2 mse": 0.4728748650908928, "anchor 3 mse": 0.48363536581718636, "anchor 4 mse": 0.8110162701790534}
{"bot_id": "0000000000000b01", "x": 0.34877996206478834, "y": 5.6082757047470775, "z": 0, "MSE": 0.4674564559406556, "anchor 1 mse": 0.025316180409221428, "anchor 2 mse": 0.4728748650908928, "anchor 3 mse": 0.48363536581718636, "anchor 4 mse": 0.8110162701790534}
{"bot_id": "0000000000000b01", "x": 0.34877996206478834, "y": 5.6082757047470775, "z": 0, "MSE": 0.4674564559406556, "anchor 1 mse": 0.025316180409221428, "anchor 2 mse": 0.4728748650908928, "anchor 3 mse": 0.48363536581718636, "anchor 4 mse": 0.8110162701790534}
{"bot_id": "0000000000000b01", "x": 0.34877996206478834, "y": 5.6082757047470775, "z": 0, "MSE": 0.4674564559406556, "anchor 1 mse": 0.025316180409221428, "anchor 2 mse": 0.4728748650908928, "anchor 3 mse": 0.48363536581718636, "anchor 4 mse": 0.8110162701790534}
{"bot_id": "0000000000000b01", "x": 0.34877996206478834, "y": 5.6082757047470775, "z": 0, "MSE": 0.4674564559406556, "anchor 1 mse": 0.025316180409221428, "anchor 2 mse": 0.4728748650908928, "anchor 3 mse": 0.48363536581718636, "anchor 4 mse": 0.8110162701790534}
{"bot_id": "0000000000000b01", "x": 0.34877996206478834, "y": 5.6082757047470775, "z": 0, "MSE": 0.4674564559406556, "anchor 1 mse": 0.025316180409221428, "anchor 2 mse": 0.4728748650908928, "anchor 3 mse": 0.48363536581718636, "anchor 4 mse": 0.8110162701790534}
