{"bot_id": "0000000000000b01", "x": 1.9491659557122394, "y": 2.7194279706671023, "z": 0, "MSE": 4.6283349485541185, "anchor 1 mse": 0.1729093717370754, "anchor 2 mse": 6.141898659883831, "anchor 3 mse": 15.135887995991009, "anchor 4 mse": 8.585207399823789}
{"bot_id": "0000000000000b01", "x": -1.2401752913998865, "y": 3.694023530798589, "z": 0, "MSE": 1.4794542687501673, "anchor 1 mse": 0.9344031373716132, "anchor 2 mse": 1.8471445877044608, "anchor 3 mse": 2.113727136375271, "anchor 4 mse": 0.6991925882281069}
{"bot_id": "0000000000000b01", "x": -1.2401752913998865, "y": 3.694023530798589, "z": 0, "MSE": 1.4794542687501673, "anchor 1 mse": 0.9344031373716132, "anchor 2 mse": 1.8471445877044608, "anchor 3 mse": 2.113727136375271, "anchor 4 mse": 0.6991925882281069}
{"bot_id": "0000000000000b01", "x": -1.2401752913998865, "y": 3.694023530798589, "z": 0, "MSE": 1.4794542687501673, "anchor 1 mse": 0.9344031373716132, "anchor 2 mse": 1.8471445877044608, "anchor 3 mse": 2.113727136375271, "anchor 4 mse": 0.6991925882281069}
{"bot_id": "0000000000000b01", "x": -1.2401752913998865, "y": 3.694023530798589, "z": 0, "MSE": 1.4794542687501673, "anchor 1 mse": 0.9344031373716132, "anchor 2 mse": 1.8471445877044608, "anchor 3 mse": 2.113727136375271, "anchor 4 mse": 0.6991925882281069}
{"bot_id": "0000000000000b01", "x": -1.2401752913998865, "y": 3.694023530798589, "z": 0, "MSE": 1.4794542687501673, "anchor 1 mse": 0.9344031373716132, "anchor 2 mse": 0.3589171855644886, "anchor 3 mse": 2.113727136375271, "anchor 4 mse": 0.6991925882281069}
{"bot_id": "0000000000000b01", "x": -1.1975216554640937, "y": 3.4956418953609174, "z": 0, "MSE": 1.2073472770056866, "anchor 1 mse": 0.5853379170573637, "anchor 2 mse": 0.42943669174767746, "anchor 3 mse": 2.1487370965587784, "anchor 4 mse": 0.9934549528838909}
{"bot_id": "0000000000000b01", "x": -1.1975216554640937, "y": 3.4956418953609174, "z": 0, "MSE": 1.2073472770056866, "anchor 1 mse": 0.5853379170573637, "anchor 2 mse": 0.42943669174767746, "anchor 3 mse": 2.1487370965587784, "anchor 4 mse": 0.9934549528838909}
{"bot_id": "0000000000000b01", "x": -1.1975216554640937, "y": 3.4956418953609174, "z": 0, "MSE": 1.2073472770056866, "anchor 1 mse": 0.5853379170573637, "anchor 2 mse": 0.42943669174767746, "anchor 3 mse": 2.1487370965587784, "anchor 4 mse": 0.9934549528838909}
{"bot_id": "0000000000000b01", "x": -1.1975216554640937, "y": 3.4956418953609174, "z": 0, "MSE": 1.2073472770056866, "anchor 1 mse": 0.5853379170573637, "anchor 2 mse": 0.42943669174767746, "anchor 3 mse": 2.1487370965587784, "anchor 4 mse": 0.9934549528838909}
{"bot_id": "0000000000000b01", "x": -1.1975216554640937, "y": 3.4956418953609174, "z": 0, "MSE": 1.2073472770056866, "anchor 1 mse": 0.5853379170573637, "anchor 2 mse": 0.42943669174767746, "anchor 3 mse": 2.178154238960852, "anchor 4 mse": 0.9934549528838909}
{"bot_id": "0000000000000b01", "x": -1.2003070361748518, "y": 3.505362421252632, "z": 0, "MSE": 1.206548716388477, "anchor 1 mse": 0.5740675008326116, "anchor 2 mse": 0.4257866717010746, "anchor 3 mse": 2.1750549618794652, "anchor 4 mse": 0.9089426363979817}
{"bot_id": "0000000000000b01", "x": -1.2082403093726688, "y": 3.489065546280389, "z": 0, "MSE": 1.179901853817215, "anchor 1 mse": 0.5547963802503453, "anchor 2 mse": 0.44607519793228445, "anchor 3 mse": 2.1437332729909473, "anchor 4 mse": 0.9170469955638789}
{"bot_id": "0000000000000b01", "x": -1.2082403093726688, "y": 3.489065546280389, "z": 0, "MSE": 1.179901853817215, "anchor 1 mse": 0.5547963802503453, "anchor 2 mse": 0.44607519793228445, "anchor 3 mse": 2.1437332729909473, "anchor 4 mse": 0.9170469955638789}
{"bot_id": "0000000000000b01", "x": -1.2082403093726688, "y": 3.489065546280389, "z": 0, "MSE": 1.179901853817215, "anchor 1 mse": 0.5547963802503453, "anchor 2 mse": 0.44607519793228445, "anchor 3 mse": 2.1437332729909473, "anchor 4 mse": 0.9170469955638789}
{"bot_id": "0000000000000b01", "x": -1.2245925145882541, "y": 3.465420954636754, "z": 0, "MSE": 1.190213844973493, "anchor 1 mse": 0.5897130447128547, "anchor 2 mse": 0.4821492234299687, "anchor 3 mse": 2.1209161036109228, "anchor 4 mse": 0.9214485896562089}
{"bot_id": "0000000000000b01", "x": -1.2199626846078693, "y": 3.46910123966127, "z": 0, "MSE": 1.205121882990088, "anchor 1 mse": 0.5926835389128353, "anchor 2 mse": 0.47401303566860936, "anchor 3 mse": 2.1361428981816895, "anchor 4 mse": 0.9627343216838635}
{"bot_id": "0000000000000b01", "x": -1.2321021586053353, "y": 3.4595279113499156, "z": 0, "MSE": 1.206787004512749, "anchor 1 mse": 0.5850485446957675, "anchor 2 mse": 0.47454492404647547, "anchor 3 mse": 2.1546784407941155, "anchor 4 mse": 0.8841671034087057}
{"bot_id": "0000000000000b01", "x": -1.2409692710346842, "y": 3.4425222364645824, "z": 0, "MSE": 1.178269501171704, "anchor 1 mse": 0.5653034185100159, "anchor 2 mse": 0.4977992621883139, "anchor 3 mse": 2.120061002173239, "anchor 4 mse": 0.8912880858407243}
{"bot_id": "0000000000000b01", "x": -1.2409692710346842, "y": 3.4425222364645824, "z": 0, "MSE": 1.178269501171704, "anchor 1 mse": 0.5653034185100159, "anchor 2 mse": 0.4977992621883139, "anchor 3 mse": 2.120061002173239, "anchor 4 mse": 0.8912880858407243}
{"bot_id": "0000000000000b01", "x": -1.2412057756359547, "y": 3.4306057551126554, "z": 0, "MSE": 1.1758521107540023, "anchor 1 mse": 0.5561266200145379, "anchor 2 mse": 0.48619794860621346, "anchor 3 mse": 2.1129127387663598, "anchor 4 mse": 0.9050777615766739}
{"bot_id": "0000000000000b01", "x": -1.2495560039712243, "y": 3.432706970002105, "z": 0, "MSE": 1.1788874135027303, "anchor 1 mse": 0.5633444198108744, "anchor 2 mse": 0.494354551599058, "anchor 3 mse": 2.1265755325126596, "anchor 4 mse": 0.8902383003144696}
{"bot_id": "0000000000000b01", "x": -1.263596305755953, "y": 3.391517843966033, "z": 0, "MSE": 1.178755552019336, "anchor 1 mse": 0.5917664657901459, "anchor 2 mse": 0.5441046896602032, "anchor 3 mse": 2.0638594281169005, "anchor 4 mse": 0.8942439080925101}
{"bot_id": "0000000000000b01", "x": -1.263596305755953, "y": 3.391517843966033, "z": 0, "MSE": 1.178755552019336, "anchor 1 mse": 0.5917664657901459, "anchor 2 mse": 0.5441046896602032, "anchor 3 mse": 2.0638594281169005, "anchor 4 mse": 0.8942439080925101}
{"bot_id": "0000000000000b01", "x": -1.2634792091501315, "y": 3.391937120736053, "z": 0, "MSE": 1.1782551916492707, "anchor 1 mse": 0.5923081826536135, "anchor 2 mse": 0.5399340838559591, "anchor 3 mse": 2.064425028325885, "anchor 4 mse": 0.8939270289311834}
{"bot_id": "0000000000000b01", "x": -1.2822403729574845, "y": 3.383878668280376, "z": 0, "MSE": 1.1841719581291905, "anchor 1 mse": 0.5908541311244356, "anchor 2 mse": 0.569805602350041, "anchor 3 mse": 2.0861005333985596, "anchor 4 mse": 0.8755375253191341}
{"bot_id": "0000000000000b01", "x": -1.2933516315032505, "y": 3.3612647727425538, "z": 0, "MSE": 1.1553325760555122, "anchor 1 mse": 0.5723042366712319, "anchor 2 mse": 0.6033718378154188, "anchor 3 mse": 2.0419006661120105, "anchor 4 mse": 0.8115083807264701}
