{"bot_id": "0000000000000b01", "x": 1.3749979373999601, "y": 4.19397358358308, "z": 0.0, "MSE": 62.47463959506984, "anchor 1 mse": 0.6183948864309771, "anchor 2 mse": 0.3235740666652445, "anchor 3 mse": 3.3331463228007325, "anchor 4 mse": 1.6370811441932802, "anchor 5 mse": 1.1442838449068808}
{"bot_id": "0000000000000b01", "x": 1.3760738440717744, "y": 4.193996744792653, "z": 0.0, "MSE": 62.46271349004493, "anchor 1 mse": 0.6178330534726957, "anchor 2 mse": 0.32271429848893396, "anchor 3 mse": 3.32360852834449, "anchor 4 mse": 1.6378766604333057, "anchor 5 mse": 1.1445738447974865}
{"bot_id": "0000000000000b01", "x": 1.3656002679429733, "y": 4.244107049093274, "z": 0.0, "MSE": 68.06318301531249, "anchor 1 mse": 0.5499741901660775, "anchor 2 mse": 0.2899266255328361, "anchor 3 mse": 3.1655157712270823, "anchor 4 mse": 1.5101935413009804, "anchor 5 mse": 1.652271713562481}
{"bot_id": "0000000000000b01", "x": 1.3656002679429733, "y": 4.244107049093274, "z": 0.0, "MSE": 68.06318301531249, "anchor 1 mse": 0.5499741901660775, "anchor 2 mse": 0.2899266255328361, "anchor 3 mse": 3.1655157712270823, "anchor 4 mse": 1.5101935413009804, "anchor 5 mse": 1.652271713562481}
{"bot_id": "0000000000000b01", "x": 1.3860890125691856, "y": 4.248828555939785, "z": 0.0, "MSE": 68.1141725526037, "anchor 1 mse": 0.5537280559795167, "anchor 2 mse": 0.2715922252426078, "anchor 3 mse": 3.202103797728444, "anchor 4 mse": 1.514550025814385, "anchor 5 mse": 1.6479251623263242}
{"bot_id": "0000000000000b01", "x": 1.383495128647577, "y": 4.249901085231219, "z": 0.0, "MSE": 68.02851319101296, "anchor 1 mse": 0.553406570006517, "anchor 2 mse": 0.2760890015750656, "anchor 3 mse": 3.193052077989457, "anchor 4 mse": 1.510098386897966, "anchor 5 mse": 1.6442477768641113}
{"bot_id": "0000000000000b01", "x": 1.3870648587991854, "y": 4.249740263717179, "z": 0.0, "MSE": 67.98901325912571, "anchor 1 mse": 0.5519889812096099, "anchor 2 mse": 0.27368263432980217, "anchor 3 mse": 3.154466226686414, "anchor 4 mse": 1.5131411018084324, "anchor 5 mse": 1.6459669823957057}
{"bot_id": "0000000000000b01", "x": 1.3923122077511754, "y": 4.252621240234777, "z": 0.0, "MSE": 67.95483520400691, "anchor 1 mse": 0.5455163769212417, "anchor 2 mse": 0.26777966743987863, "anchor 3 mse": 3.1592564522936284, "anchor 4 mse": 1.4696084079406935, "anchor 5 mse": 1.6405674699089263}
{"bot_id": "0000000000000b01", "x": 1.246446255202182, "y": 4.198472429485557, "z": 0.0, "MSE": 67.78298926197363, "anchor 1 mse": 0.4999589559645693, "anchor 2 mse": 0.4287630592610817, "anchor 3 mse": 2.943929202767052, "anchor 4 mse": 1.4813711914355243, "anchor 5 mse": 1.7189970417111458}
{"bot_id": "0000000000000b01", "x": 1.2969607575825521, "y": 4.195747169516995, "z": 0.0, "MSE": 71.94359001328391, "anchor 1 mse": 0.4830779525927954, "anchor 2 mse": 0.3889259110439985, "anchor 3 mse": 3.074980066178001, "anchor 4 mse": 1.52860716993769, "anchor 5 mse": 2.4935355663394336}
{"bot_id": "0000000000000b01", "x": 1.3121604309551254, "y": 4.192054536975389, "z": 0.0, "MSE": 72.18813820383045, "anchor 1 mse": 0.4817046034338351, "anchor 2 mse": 0.36349242557459815, "anchor 3 mse": 3.0167128721154515, "anchor 4 mse": 1.549487803072261, "anchor 5 mse": 2.5129307993722265}
{"bot_id": "0000000000000b01", "x": 1.3121604309551254, "y": 4.192054536975389, "z": 0.0, "MSE": 72.18813820383045, "anchor 1 mse": 0.4817046034338351, "anchor 2 mse": 0.36349242557459815, "anchor 3 mse": 3.0167128721154515, "anchor 4 mse": 1.549487803072261, "anchor 5 mse": 2.5129307993722265}
{"bot_id": "0000000000000b01", "x": 1.3035153184327897, "y": 4.192562216017285, "z": 0.0, "MSE": 73.39913152333907, "anchor 1 mse": 0.484609994274597, "anchor 2 mse": 0.3700425145666401, "anchor 3 mse": 2.9944123778113187, "anchor 4 mse": 1.7200560778364988, "anchor 5 mse": 2.506881541263738}
{"bot_id": "0000000000000b01", "x": 1.3035153184327897, "y": 4.192562216017285, "z": 0.0, "MSE": 73.39913152333907, "anchor 1 mse": 0.484609994274597, "anchor 2 mse": 0.3700425145666401, "anchor 3 mse": 2.9944123778113187, "anchor 4 mse": 1.7200560778364988, "anchor 5 mse": 2.506881541263738}
{"bot_id": "0000000000000b01", "x": 1.3583218735502436, "y": 4.173867564949321, "z": 0.0, "MSE": 75.91590669497619, "anchor 1 mse": 0.5193667408664352, "anchor 2 mse": 0.33435539914607193, "anchor 3 mse": 3.152163118858435, "anchor 4 mse": 1.8136559554534657, "anchor 5 mse": 3.44880420115798}
{"bot_id": "0000000000000b01", "x": 1.3583218735502436, "y": 4.173867564949321, "z": 0.0, "MSE": 75.91590669497619, "anchor 1 mse": 0.5193667408664352, "anchor 2 mse": 0.33435539914607193, "anchor 3 mse": 3.152163118858435, "anchor 4 mse": 1.8136559554534657, "anchor 5 mse": 3.44880420115798}
{"bot_id": "0000000000000b01", "x": 1.3583218735502436, "y": 4.173867564949321, "z": 0.0, "MSE": 75.91590669497619, "anchor 1 mse": 0.5193667408664352, "anchor 2 mse": 0.33435539914607193, "anchor 3 mse": 3.152163118858435, "anchor 4 mse": 1.8136559554534657, "anchor 5 mse": 3.44880420115798}
{"bot_id": "0000000000000b01", "x": 1.3583218735502436, "y": 4.173867564949321, "z": 0.0, "MSE": 75.91590669497619, "anchor 1 mse": 0.5193667408664352, "anchor 2 mse": 0.33435539914607193, "anchor 3 mse": 3.152163118858435, "anchor 4 mse": 1.8136559554534657, "anchor 5 mse": 3.44880420115798}
{"bot_id": "0000000000000b01", "x": 1.2428685716215802, "y": 4.113722371129346, "z": 0.0, "MSE": 75.85030319898246, "anchor 1 mse": 0.4705384930892341, "anchor 2 mse": 0.49113740304862546, "anchor 3 mse": 3.091003817471215, "anchor 4 mse": 1.8649990198131898, "anchor 5 mse": 3.5113118156844343}
{"bot_id": "0000000000000b01", "x": 1.24125752011841, "y": 4.114485887811534, "z": 0.0, "MSE": 75.76882498741011, "anchor 1 mse": 0.4701745843007855, "anchor 2 mse": 0.4965445765571977, "anchor 3 mse": 3.085017382942383, "anchor 4 mse": 1.8615356364219882, "anchor 5 mse": 3.507404912690674}
{"bot_id": "0000000000000b01", "x": 1.24125752011841, "y": 4.114485887811534, "z": 0.0, "MSE": 75.76882498741011, "anchor 1 mse": 0.4701745843007855, "anchor 2 mse": 0.4965445765571977, "anchor 3 mse": 3.085017382942383, "anchor 4 mse": 1.8615356364219882, "anchor 5 mse": 3.507404912690674}
{"bot_id": "0000000000000b01", "x": 1.24125752011841, "y": 4.114485887811534, "z": 0.0, "MSE": 75.76882498741011, "anchor 1 mse": 0.4701745843007855, "anchor 2 mse": 0.4965445765571977, "anchor 3 mse": 3.085017382942383, "anchor 4 mse": 1.8615356364219882, "anchor 5 mse": 3.507404912690674}
{"bot_id": "0000000000000b01", "x": 1.212123139945472, "y": 4.139677088217898, "z": 0.0, "MSE": 73.3571841254085, "anchor 1 mse": 0.43980745447682557, "anchor 2 mse": 0.49715103029546953, "anchor 3 mse": 2.9512589722600087, "anchor 4 mse": 1.7707621402553262, "anchor 5 mse": 2.494338624028585}
