{"bot_id": "0000000000000b01", "x": 2.227989505657345, "y": -0.5407587983134121, "z": 0.0, "MSE": 0.5317869315421772, "anchor 1 mse": 0.13888643775039627, "anchor 2 mse": 0.49598097238051403, "anchor 3 mse": 0.10435996372253269, "anchor 4 mse": 0.6532167159458423}
{"bot_id": "0000000000000b01", "x": -0.7232803171814531, "y": -1.2162354847837684, "z": 0.0, "MSE": 0.10350172789078652, "anchor 1 mse": 0.021010843693646312, "anchor 2 mse": 0.08211639691575998, "anchor 3 mse": 0.09997166820010149, "anchor 4 mse": 0.054871756852013655}
{"bot_id": "0000000000000b01", "x": -0.6389556034324799, "y": -1.4205086976592973, "z": 0.0, "MSE": 0.0655266919413776, "anchor 1 mse": 0.07695228035114494, "anchor 2 mse": 0.0008806560122230769, "anchor 3 mse": 0.036904192259968424, "anchor 4 mse": 0.08636274116224914}
{"bot_id": "0000000000000b01", "x": 0.3401450989586753, "y": -1.5598306932871928, "z": 0.0, "MSE": 0.07083473430541595, "anchor 1 mse": 0.30413782097429354, "anchor 2 mse": 0.3204062156718324, "anchor 3 mse": 0.02707011933681206, "anchor 4 mse": 0.32908447007494124}
{"bot_id": "0000000000000b01", "x": -0.28125930070445815, "y": -1.2183119683077315, "z": 0.0, "MSE": 0.15345383410774668, "anchor 1 mse": 0.3595725816224208, "anchor 2 mse": 0.04865496171191798, "anchor 3 mse": 0.10305385146575868, "anchor 4 mse": 0.41993531832849995}
{"bot_id": "0000000000000b01", "x": -0.2552281675639842, "y": -1.271307572860056, "z": 0.0, "MSE": 0.26415560119661735, "anchor 1 mse": 0.4268344087864953, "anchor 2 mse": 0.106438375575806, "anchor 3 mse": 0.07903840864511835, "anchor 4 mse": 0.4443112117790497}
{"bot_id": "0000000000000b01", "x": -0.8473745402388553, "y": -1.577757515035288, "z": 0.0, "MSE": 0.7015279128664232, "anchor 1 mse": 0.02530929412907235, "anchor 2 mse": 0.5209038026285585, "anchor 3 mse": 0.008382235266185367, "anchor 4 mse": 1.3910460675140952}
{"bot_id": "0000000000000b01", "x": 1.7159093679991106, "y": -1.308921129695369, "z": 0.0, "MSE": 0.3309303620904855, "anchor 1 mse": 0.15456839087435534, "anchor 2 mse": 0.010480080636845572, "anchor 3 mse": 0.3019705365737066, "anchor 4 mse": 0.00028600816276322464}
{"bot_id": "0000000000000b01", "x": -0.1456847963543303, "y": -1.5393780169068478, "z": 0.0, "MSE": 0.08063148967821195, "anchor 1 mse": 0.04784877891092179, "anchor 2 mse": 0.03146189892835872, "anchor 3 mse": 3.7643251173481396, "anchor 4 mse": 0.09676681656579364}
{"bot_id": "0000000000000b01", "x": -0.5161227174056664, "y": -0.5222216554821393, "z": 0.0, "MSE": 0.8580020756903546, "anchor 1 mse": 1.28996664953612, "anchor 2 mse": 0.6249103654181982, "anchor 3 mse": 1.569575245728539, "anchor 4 mse": 0.052230962030261695}
{"bot_id": "0000000000000b01", "x": 2.201604291905869, "y": 0.016308845173707148, "z": 0.0, "MSE": 0.18194316387341375, "anchor 1 mse": 0.12720970585171396, "anchor 2 mse": 0.0007043995039310032, "anchor 3 mse": 2.2673071432030603, "anchor 4 mse": 0.04338265655846447}
{"bot_id": "0000000000000b01", "x": -0.2245785515722513, "y": -1.3976102272580415, "z": 0.0, "MSE": 0.12037845090800603, "anchor 1 mse": 0.18443698939812278, "anchor 2 mse": 0.05063595532403974, "anchor 3 mse": 0.09824617394227629, "anchor 4 mse": 0.200883176396962}
{"bot_id": "0000000000000b01", "x": -0.3067887156065333, "y": -1.4319255755497466, "z": 0.0, "MSE": 0.15881246563075907, "anchor 1 mse": 0.22144417598851357, "anchor 2 mse": 0.07054899586639667, "anchor 3 mse": 0.01505453444572857, "anchor 4 mse": 0.008757949419637647}
{"bot_id": "0000000000000b01", "x": 0.20876241156914402, "y": -1.7140078899048619, "z": 0.0, "MSE": 0.0024510877391489784, "anchor 1 mse": 0.006134885665387897, "anchor 2 mse": 1.0606331952720196, "anchor 3 mse": 5.550076429621253e-06, "anchor 4 mse": 0.00326907943814356}
{"bot_id": "0000000000000b01", "x": -1.2034398607997852, "y": -0.761120143167675, "z": 0.0, "MSE": 0.1187525253864462, "anchor 1 mse": 0.14521575632497571, "anchor 2 mse": 0.08881310809750673, "anchor 3 mse": 0.29424859926466823, "anchor 4 mse": 0.14914342453791257}
{"bot_id": "0000000000000b01", "x": 1.1054474962121683, "y": -1.7014941750555495, "z": 0.0, "MSE": 0.2541817863080238, "anchor 1 mse": 0.000253988466490042, "anchor 2 mse": 0.3058525620470286, "anchor 3 mse": 0.13838708386901227, "anchor 4 mse": 0.11885843523036495}
{"bot_id": "0000000000000b01", "x": -0.18061342082841314, "y": -1.5848402019934622, "z": 0.0, "MSE": 0.18476412243695461, "anchor 1 mse": 0.10556089325970464, "anchor 2 mse": 0.31291404109600607, "anchor 3 mse": 0.0788232210096609, "anchor 4 mse": 0.37976482735027084}
{"bot_id": "0000000000000b01", "x": -0.17059970762764723, "y": -1.5535702018121764, "z": 0.0, "MSE": 0.15086843208187167, "anchor 1 mse": 0.1275139617361367, "anchor 2 mse": 0.06133692104540385, "anchor 3 mse": 0.07213943470835114, "anchor 4 mse": 0.34248341083759504}
{"bot_id": "0000000000000b01", "x": -1.5333422741747063, "y": -1.0051736585345752, "z": 0.0, "MSE": 0.009084180036616533, "anchor 1 mse": 0.02003843216958855, "anchor 2 mse": 0.09226569978292924, "anchor 3 mse": 0.006319005204981155, "anchor 4 mse": 0.714822759822684}
{"bot_id": "0000000000000b01", "x": -0.9653687964286913, "y": -1.2053635942168328, "z": 0.0, "MSE": 0.13674553501738626, "anchor 1 mse": 0.22629793919734037, "anchor 2 mse": 0.05884511638948988, "anchor 3 mse": 0.06253788663304184, "anchor 4 mse": 0.18109558919425361}
{"bot_id": "0000000000000b01", "x": -1.0863221394439033, "y": -1.6613001624615884, "z": 0.0, "MSE": 0.5166891108213342, "anchor 1 mse": 0.0012287229167065243, "anchor 2 mse": 0.509880821036703, "anchor 3 mse": 0.1840474084972102, "anchor 4 mse": 1.0139618937117776}
{"bot_id": "0000000000000b01", "x": -0.5476318666999687, "y": -1.3554662593517173, "z": 0.0, "MSE": 0.019032126381069915, "anchor 1 mse": 0.07457654280144292, "anchor 2 mse": 0.4420400827837048, "anchor 3 mse": 0.008068532281687605, "anchor 4 mse": 0.018849280240818736}
{"bot_id": "0000000000000b01", "x": -1.1329034814147692, "y": -0.808332420299764, "z": 0.0, "MSE": 0.10023583020675383, "anchor 1 mse": 0.43994653432058783, "anchor 2 mse": 3.1186846471381263e-06, "anchor 3 mse": 0.3439499850543392, "anchor 4 mse": 1.0939864845939204}
{"bot_id": "0000000000000b01", "x": -0.5613045472514252, "y": -1.28213076973826, "z": 0.0, "MSE": 0.214508956844935, "anchor 1 mse": 0.11875948769897883, "anchor 2 mse": 0.08986897895448419, "anchor 3 mse": 0.06271827217208704, "anchor 4 mse": 0.27591905800989736}
{"bot_id": "0000000000000b01", "x": 0.25854386956353104, "y": -1.703924120050304, "z": 0.0, "MSE": 0.14947653875975886, "anchor 1 mse": 0.03670002368754865, "anchor 2 mse": 0.007580020988545378, "anchor 3 mse": 0.011576041825331972, "anchor 4 mse": 0.06930361368607484}
{"bot_id": "0000000000000b01", "x": 0.6038314438511315, "y": -1.7851009633996209, "z": 0.0, "MSE": 0.015708321336775792, "anchor 1 mse": 0.000932555950509191, "anchor 2 mse": 0.34569993044507613, "anchor 3 mse": 1.548090790596954, "anchor 4 mse": 0.0005538283737508918}
{"bot_id": "0000000000000b01", "x": 2.1566548833432417, "y": -0.3273498018270126, "z": 0.0, "MSE": 0.11188720787343032, "anchor 1 mse": 0.019981789600249177, "anchor 2 mse": 0.005188802969633723, "anchor 3 mse": 0.0445529428386437, "anchor 4 mse": 0.1281031279629869}
{"bot_id": "0000000000000b01", "x": 2.042916584851635, "y": -0.6176554541423239, "z": 0.0, "MSE": 0.032495257694068254, "anchor 1 mse": 0.0019577177244539585, "anchor 2 mse": 0.10857937963209476, "anchor 3 mse": 6.028278168508881e-05, "anchor 4 mse": 0.12103818352572931}
{"bot_id": "0000000000000b01", "x": 2.4497830579520454, "y": 0.03987922834718626, "z": 0.0, "MSE": 0.2960377370513478, "anchor 1 mse": 0.1296775030234052, "anchor 2 mse": 0.26272090387010416, "anchor 3 mse": 0.3214656612881766, "anchor 4 mse": 0.5107511594601665}
{"bot_id": "0000000000000b01", "x": 2.217811666555552, "y": -0.8433368416385453, "z": 0.0, "MSE": 0.139270381085622, "anchor 1 mse": 0.18726582426588576, "anchor 2 mse": 0.009800533741258305,