{"bot_id": "0000000000000b01", "x": 2.859924573711661, "y": 2.612020681597468, "z": 0, "MSE": 2.786606620776371, "anchor 1 mse": 0.49954026033277055, "anchor 2 mse": 1.0115870017571627, "anchor 3 mse": 2.7154034066673503, "anchor 4 mse": 6.855079200245828}
{"bot_id": "0000000000000b01", "x": 2.869718109031873, "y": 2.618417030609306, "z": 0, "MSE": 2.7943570391008152, "anchor 1 mse": 0.5079928926801984, "anchor 2 mse": 1.0223488777697491, "anchor 3 mse": 2.6910589083974346, "anchor 4 mse": 6.885103668576538}
{"bot_id": "0000000000000b01", "x": 2.8504839945528886, "y": 2.601180608321573, "z": 0, "MSE": 2.7676013947081355, "anchor 1 mse": 0.4403150312469349, "anchor 2 mse": 1.006013687445565, "anchor 3 mse": 2.754521702695448, "anchor 4 mse": 6.802056873428818}
{"bot_id": "0000000000000b01", "x": 2.8504839945528886, "y": 2.601180608321573, "z": 0, "MSE": 2.7676013947081355, "anchor 1 mse": 0.4403150312469349, "anchor 2 mse": 1.006013687445565, "anchor 3 mse": 2.754521702695448, "anchor 4 mse": 6.802056873428818}
{"bot_id": "0000000000000b01", "x": 2.8504839945528886, "y": 2.601180608321573, "z": 0, "MSE": 2.7676013947081355, "anchor 1 mse": 0.4403150312469349, "anchor 2 mse": 1.006013687445565, "anchor 3 mse": 2.754521702695448, "anchor 4 mse": 6.802056873428818}
{"bot_id": "0000000000000b01", "x": 2.8600890709062257, "y": 2.606556846818095, "z": 0, "MSE": 2.781598189647212, "anchor 1 mse": 0.4835013860301569, "anchor 2 mse": 1.0173512988202726, "anchor 3 mse": 2.7332733401478677, "anchor 4 mse": 6.826506538101675}
{"bot_id": "0000000000000b01", "x": 2.8600890709062257, "y": 2.606556846818095, "z": 0, "MSE": 2.781598189647212, "anchor 1 mse": 0.4835013860301569, "anchor 2 mse": 1.0173512988202726, "anchor 3 mse": 2.7332733401478677, "anchor 4 mse": 6.826506538101675}
{"bot_id": "0000000000000b01", "x": 2.8600890709062257, "y": 2.606556846818095, "z": 0, "MSE": 2.781598189647212, "anchor 1 mse": 0.4835013860301569, "anchor 2 mse": 1.0173512988202726, "anchor 3 mse": 2.7332733401478677, "anchor 4 mse": 6.826506538101675}
{"bot_id": "0000000000000b01", "x": 2.8600890709062257, "y": 2.606556846818095, "z": 0, "MSE": 2.781598189647212, "anchor 1 mse": 0.4835013860301569, "anchor 2 mse": 1.0173512988202726, "anchor 3 mse": 2.7332733401478677, "anchor 4 mse": 6.826506538101675}
{"bot_id": "0000000000000b01", "x": 2.8600890709062257, "y": 2.606556846818095, "z": 0, "MSE": 2.781598189647212, "anchor 1 mse": 0.4835013860301569, "anchor 2 mse": 1.0173512988202726, "anchor 3 mse": 2.7332733401478677, "anchor 4 mse": 6.826506538101675}
{"bot_id": "0000000000000b01", "x": 2.8600890709062257, "y": 2.606556846818095, "z": 0, "MSE": 2.781598189647212, "anchor 1 mse": 0.4835013860301569, "anchor 2 mse": 1.0173512988202726, "anchor 3 mse": 2.7332733401478677, "anchor 4 mse": 6.826506538101675}
{"bot_id": "0000000000000b01", "x": 2.820858318511037, "y": 2.5787978986364206, "z": 0, "MSE": 2.729987017125621, "anchor 1 mse": 0.33701727207656895, "anchor 2 mse": 0.9776134608852258, "anchor 3 mse": 2.8409395401678537, "anchor 4 mse": 6.698221678577429}
{"bot_id": "0000000000000b01", "x": 2.820858318511037, "y": 2.5787978986364206, "z": 0, "MSE": 2.729987017125621, "anchor 1 mse": 0.33701727207656895, "anchor 2 mse": 0.9776134608852258, "anchor 3 mse": 2.8409395401678537, "anchor 4 mse": 6.698221678577429}
{"bot_id": "0000000000000b01", "x": 2.820858318511037, "y": 2.5787978986364206, "z": 0, "MSE": 2.729987017125621, "anchor 1 mse": 0.33701727207656895, "anchor 2 mse": 0.9776134608852258, "anchor 3 mse": 2.8409395401678537, "anchor 4 mse": 6.698221678577429}
{"bot_id": "0000000000000b01", "x": 2.820858318511037, "y": 2.5787978986364206, "z": 0, "MSE": 2.729987017125621, "anchor 1 mse": 0.33701727207656895, "anchor 2 mse": 0.9776134608852258, "anchor 3 mse": 2.8409395401678537, "anchor 4 mse": 6.698221678577429}
{"bot_id": "0000000000000b01", "x": 2.799947910883045, "y": 2.5533070146542567, "z": 0, "MSE": 2.7011582412316737, "anchor 1 mse": 0.25822827809200394, "anchor 2 mse": 0.9680754927318113, "anchor 3 mse": 2.9363920920108653, "anchor 4 mse": 6.577001716572048}
{"bot_id": "0000000000000b01", "x": 2.799947910883045, "y": 2.5533070146542567, "z": 0, "MSE": 2.7011582412316737, "anchor 1 mse": 0.25822827809200394, "anchor 2 mse": 0.9680754927318113, "anchor 3 mse": 2.9363920920108653, "anchor 4 mse": 6.577001716572048}
{"bot_id": "0000000000000b01", "x": 2.799947910883045, "y": 2.5533070146542567, "z": 0, "MSE": 2.7011582412316737, "anchor 1 mse": 0.25822827809200394, "anchor 2 mse": 0.9680754927318113, "anchor 3 mse": 2.9363920920108653, "anchor 4 mse": 6.577001716572048}
{"bot_id": "0000000000000b01", "x": 2.799947910883045, "y": 2.5533070146542567, "z": 0, "MSE": 2.7011582412316737, "anchor 1 mse": 0.25822827809200394, "anchor 2 mse": 0.9680754927318113, "anchor 3 mse": 2.9363920920108653, "anchor 4 mse": 6.577001716572048}
{"bot_id": "0000000000000b01", "x": 2.751698132751952, "y": 2.5016192257170173, "z": 0, "MSE": 2.6515377513479983, "anchor 1 mse": 0.11981088312894474, "anchor 2 mse": 0.941220757636126, "anchor 3 mse": 3.139953298541074, "anchor 4 mse": 6.34121671713572}
{"bot_id": "0000000000000b01", "x": 2.751698132751952, "y": 2.5016192257170173, "z": 0, "MSE": 2.6515377513479983, "anchor 1 mse": 0.11981088312894474, "anchor 2 mse": 0.941220757636126, "anchor 3 mse": 3.139953298541074, "anchor 4 mse": 6.34121671713572}
{"bot_id": "0000000000000b01", "x": 2.736032733831224, "y": 2.4787865458817095, "z": 0, "MSE": 2.6380570816645004, "anchor 1 mse": 0.08443795052020889, "anchor 2 mse": 0.9395531161416839, "anchor 3 mse": 3.2295931989517648, "anchor 4 mse": 6.236778838946296}
{"bot_id": "0000000000000b01", "x": 2.736032733831224, "y": 2.4787865458817095, "z": 0, "MSE": 2.6380570816645004, "anchor 1 mse": 0.08443795052020889, "anchor 2 mse": 0.9395531161416839, "anchor 3 mse": 3.2295931989517648, "anchor 4 mse": 6.236778838946296}
{"bot_id": "0000000000000b01", "x": 2.736032733831224, "y": 2.4787865458817095, "z": 0, "MSE": 2.6380570816645004, "anchor 1 mse": 0.08443795052020889, "anchor 2 mse": 0.9395531161416839, "anchor 3 mse": 3.2295931989517648, "anchor 4 mse": 6.236778838946296}
{"bot_id": "0000000000000b01", "x": 2.736032733831224, "y": 2.4787865458817095, "z": 0, "MSE": 2.6380570816645004, "anchor 1 mse": 0.08443795052020889, "anchor 2 mse": 0.9395531161416839, "anchor 3 mse": 3.2295931989517648, "anchor 4 mse": 6.236778838946296}
{"bot_id": "0000000000000b01", "x": 2.720579864715493, "y": 2.4724383820560147, "z": 0, "MSE": 2.6305055986952883, "anchor 1 mse": 0.05943446670783505, "anchor 2 mse": 0.9212396868650411, "anchor 3 mse": 3.261754528412812, "anchor 4 mse": 6.214980775888936}
{"bot_id": "0000000000000b01", "x": 2.720579864715493, "y": 2.4724383820560147, "z": 0, "MSE": 2.6305055986952883, "anchor 1 mse": 0.05943446670783505, "anchor 2 mse": 0.9212396868650411, "anchor 3 mse": 3.261754528412812, "anchor 4 mse": 6.214980775888936}
{"bot_id": "0000000000000b01", "x": 2.720579864715493, "y": 2.4724383820560147, "z": 0, "MSE": 2.6305055986952883, "anchor 1 mse": 0.05943446670783505, "anchor 2 mse": 0.9212396868650411, "anchor 3 mse": 3.261754528412812, "anchor 4 mse": 6.214980775888936}
{"bot_id": "0000000000000b01", "x": 2.720579864715493, "y": 2.4724383820560147, "z": 0, "MSE": 2.6305055986952883, "anchor 1 mse": 0.05943446670783505, "anchor 2 mse": 0.9212396868650411, "anchor 3 mse": 3.261754528412812, "anchor 4 mse": 6.214980775888936}
{"bot_id": "0000000000000b01", "x": 2.720579864715493, "y": 2.4724383820560147, "z": 0, "MSE": 2.6305055986952883, "anchor 1 mse": 0.05943446670783505, "anchor 2 mse": 0.9212396868650411, "anchor 3 mse": 3.261754528412812, "anchor 4 mse": 6.214980775888936}
{"bot_id": "0000000000000b01", "x": 2.720579864715493, "y": 2.4724383820560147, "z": 0, "MSE": 2.6305055986952883, "anchor 1 mse": 0.05943446670783505, "anchor 2 mse": 0.9212396868650411, "anchor 3 mse": 3.261754528412812, "anchor 4 mse": 6.214980775888936}
