{"bot_id": "0000000000000b01", "x": 0.8251339829082263, "y": 2.3999999999999995, "z": 0.0, "MSE": 52.559999999999995, "anchor 1 mse": 6.44084608974999, "anchor 2 mse": 6.440846089749995, "anchor 3 mse": 6.710363751280381, "anchor 4 mse": 6.710363751280377}
{"bot_id": "0000000000000b02", "x": -2.575407816389241, "y": 2.4140236198069807, "z": 0.0, "MSE": 54.6617753218372, "anchor 1 mse": 8.762157252888676, "anchor 2 mse": 17.215988199274012, "anchor 3 mse": 13.295641857011764, "anchor 4 mse": 4.2552694302523655}
{"bot_id": "0000000000000b02", "x": -2.645728295675935, "y": 2.420605951595454, "z": 0.0, "MSE": 54.37626068114489, "anchor 1 mse": 8.491546018211872, "anchor 2 mse": 16.74212921387772, "anchor 3 mse": 12.870718403039671, "anchor 4 mse": 3.992008242348029}
{"bot_id": "0000000000000b02", "x": -2.511986903350455, "y": 2.409032990762542, "z": 0.0, "MSE": 55.192696159628454, "anchor 1 mse": 8.997312310602295, "anchor 2 mse": 17.657073664698864, "anchor 3 mse": 13.834586673279476, "anchor 4 mse": 4.497374279712379}
{"bot_id": "0000000000000b02", "x": -2.503672945637001, "y": 2.4145426879414886, "z": 0.0, "MSE": 56.10178304454145, "anchor 1 mse": 8.71268248262139, "anchor 2 mse": 17.404352467915615, "anchor 3 mse": 13.90864942416687, "anchor 4 mse": 4.5593532907321315}
{"bot_id": "0000000000000b02", "x": -2.407566219882618, "y": 2.4104768322896244, "z": 0.0, "MSE": 56.42179179909143, "anchor 1 mse": 9.139305710452266, "anchor 2 mse": 18.215154531605368, "anchor 3 mse": 14.525679413057226, "anchor 4 mse": 5.066438828177327}
{"bot_id": "0000000000000b02", "x": -2.440306013227318, "y": 2.393507368572329, "z": 0.0, "MSE": 55.79976086974305, "anchor 1 mse": 9.071045218721292, "anchor 2 mse": 17.746945850915445, "anchor 3 mse": 14.170764100248494, "anchor 4 mse": 4.5830404813673615}
{"bot_id": "0000000000000b02", "x": -2.613672823742726, "y": 2.414858212536249, "z": 0.0, "MSE": 54.79945385089154, "anchor 1 mse": 8.535241421691234, "anchor 2 mse": 16.823224085042096, "anchor 3 mse": 13.126764398509302, "anchor 4 mse": 4.035646958243487}
{"bot_id": "0000000000000b02", "x": -2.492721774956244, "y": 2.4095874294226456, "z": 0.0, "MSE": 55.77482326612452, "anchor 1 mse": 8.838999611698906, "anchor 2 mse": 17.525482948820265, "anchor 3 mse": 13.887522580439803, "anchor 4 mse": 4.567792299669617}
{"bot_id": "0000000000000b02", "x": -2.523837443918715, "y": 2.410369059989031, "z": 0.0, "MSE": 55.632010044889235, "anchor 1 mse": 8.761994859772367, "anchor 2 mse": 17.341872567097113, "anchor 3 mse": 13.762368057955232, "anchor 4 mse": 4.408748930782948}
{"bot_id": "0000000000000b02", "x": -2.4691450417652434, "y": 2.41080453896125, "z": 0.0, "MSE": 56.25069233828034, "anchor 1 mse": 8.93476649128318, "anchor 2 mse": 17.75922339285035, "anchor 3 mse": 14.271592531270983, "anchor 4 mse": 4.696698343809648}
{"bot_id": "0000000000000b02", "x": -2.6558135640478344, "y": 2.4248422991198, "z": 0.0, "MSE": 54.65908680210177, "anchor 1 mse": 8.431609197053165, "anchor 2 mse": 16.703854862029935, "anchor 3 mse": 12.964884939244891, "anchor 4 mse": 3.9884791613913047}
{"bot_id": "0000000000000b02", "x": -2.659649193669626, "y": 2.432283903560156, "z": 0.0, "MSE": 54.456637254326424, "anchor 1 mse": 8.386074495337365, "anchor 2 mse": 16.720963268600027, "anchor 3 mse": 12.750520842788712, "anchor 4 mse": 4.121668925438522}
{"bot_id": "0000000000000b02", "x": -2.30037883674458, "y": 2.396416432406643, "z": 0.0, "MSE": 56.49746245367355, "anchor 1 mse": 9.660720785250298, "anchor 2 mse": 19.035732597188872, "anchor 3 mse": 15.109332006091565, "anchor 4 mse": 5.525756915978694}
{"bot_id": "0000000000000b02", "x": -2.2943855000658075, "y": 2.3804678800953294, "z": 0.0, "MSE": 55.98691421074613, "anchor 1 mse": 9.8208221443656, "anchor 2 mse": 18.971098342356427, "anchor 3 mse": 15.086605639763594, "anchor 4 mse": 5.2619884752056825}
{"bot_id": "0000000000000b02", "x": -2.304854790159052, "y": 2.399110021930582, "z": 0.0, "MSE": 56.5397669980153, "anchor 1 mse": 9.629396671724603, "anchor 2 mse": 19.025675308313836, "anchor 3 mse": 15.089891395739834, "anchor 4 mse": 5.548235837075327}
{"bot_id": "0000000000000b02", "x": -2.552644144037088, "y": 2.40481756249569, "z": 0.0, "MSE": 54.35487078567197, "anchor 1 mse": 9.017931390720973, "anchor 2 mse": 17.468947652423008, "anchor 3 mse": 13.482559633387599, "anchor 4 mse": 4.23210546754199}
{"bot_id": "0000000000000b02", "x": -2.545904684654113, "y": 2.4026028978026237, "z": 0.0, "MSE": 54.02879387907319, "anchor 1 mse": 8.996459491464414, "anchor 2 mse": 17.413768466243557, "anchor 3 mse": 13.225547686901377, "anchor 4 mse": 4.260830783700096}
{"bot_id": "0000000000000b02", "x": -1.9918246329507172, "y": 2.364999507794109, "z": 0.0, "MSE": 59.017093379344374, "anchor 1 mse": 10.227075708171157, "anchor 2 mse": 20.377233756474578, "anchor 3 mse": 16.757996556186207, "anchor 4 mse": 6.870112711372938}
{"bot_id": "0000000000000b02", "x": -2.495741728761365, "y": 2.410436437413258, "z": 0.0, "MSE": 55.89800251176027, "anchor 1 mse": 8.822585778109902, "anchor 2 mse": 17.512146812852745, "anchor 3 mse": 13.945524825214779, "anchor 4 mse": 4.5547684019413275}
{"bot_id": "0000000000000b02", "x": -2.667311408857386, "y": 2.4203267034695926, "z": 0.0, "MSE": 53.757645642524906, "anchor 1 mse": 8.516241042131156, "anchor 2 mse": 16.69091604905232, "anchor 3 mse": 12.591197478471019, "anchor 4 mse": 3.9171064540758804}
{"bot_id": "0000000000000b02", "x": -2.8278472340176632, "y": 2.4349793512932334, "z": 0.0, "MSE": 53.833027376110536, "anchor 1 mse": 7.774422972997769, "anchor 2 mse": 15.472677908075374, "anchor 3 mse": 11.853266092675929, "anchor 4 mse": 3.3147688456485005}
{"bot_id": "0000000000000b02", "x": -2.5623174138779063, "y": 2.4165985429134755, "z": 0.0, "MSE": 55.524341994855575, "anchor 1 mse": 8.513949339612122, "anchor 2 mse": 16.979023283967596, "anchor 3 mse": 13.388594034958667, "anchor 4 mse": 4.297498293743688}
{"bot_id": "0000000000000b02", "x": -2.358493708676163, "y": 2.39566684385441, "z": 0.0, "MSE": 56.27431578735456, "anchor 1 mse": 9.291511488407794, "anchor 2 mse": 18.33566830251154, "anchor 3 mse": 14.5654532797673, "anchor 4 mse": 5.111231284978404}
{"bot_id": "0000000000000b02", "x": -2.5069061628320943, "y": 2.4029721897444754, "z": 0.0, "MSE": 55.27024034213166, "anchor 1 mse": 8.9246421264829, "anchor 2 mse": 17.48514890631623, "anchor 3 mse": 13.771414075845975, "anchor 4 mse": 4.401990244805286}
{"bot_id": "0000000000000b02", "x": -2.4559020978191066, "y": 2.400434111471206, "z": 0.0, "MSE": 56.12564508295057, "anchor 1 mse": 8.974983912104445, "anchor 2 mse": 17.69409178510967, "anchor 3 mse": 14.244912033352088, "anchor 4 mse": 4.5959503290289065}
{"bot_id": "0000000000000b02", "x": -2.363798047096216, "y": 2.4014987209856193, "z": 0.0, "MSE": 56.19930435661041, "anchor 1 mse": 9.365563940705657, "anchor 2 mse": 18.511131463591095, "anchor 3 mse": 14.629034926439724, "anchor 4 mse": 5.213437326821767}
{"bot_id": "0000000000000b02", "x": -2.3924764894468487, "y": 2.3998090594801704, "z": 0.0, "MSE": 56.33980668152036, "anchor 1 mse": 9.310666179705583, "anchor 2 mse": 18.32754296432907, "anchor 3 mse": 14.73854508535626, "anchor 4 mse": 4.9696492075527035}
{"bot_id": "0000000000000b02", "x": -2.5352899163644773, "y": 2.415188354458413, "z": 0.0, "MSE": 55.957903611639004, "anchor 1 mse": 8.634507414240867, "anchor 2 mse": 17.21698964164281, "anchor 3 mse": 13.779423203654105, "anchor 4 mse": 4.398886141131455}
