{"bot_id": "0000000000000b01", "x": 0.8251339829082263, "y": 2.3999999999999995, "z": 0.0, "MSE": 52.559999999999995, "anchor 1 mse": 6.44084608974999, "anchor 2 mse": 6.440846089749995, "anchor 3 mse": 6.710363751280381, "anchor 4 mse": 6.710363751280377}
{"bot_id": "0000000000000b02", "x": -2.371923412040987, "y": 2.4068512423458026, "z": 0.0, "MSE": 56.28416058146293, "anchor 1 mse": 9.307415908285087, "anchor 2 mse": 18.4947451764787, "anchor 3 mse": 14.595572313254078, "anchor 4 mse": 5.260520529821437}
{"bot_id": "0000000000000b02", "x": -2.583618186935783, "y": 2.421830629822955, "z": 0.0, "MSE": 54.54223576597071, "anchor 1 mse": 8.754289314090567, "anchor 2 mse": 17.292956172456027, "anchor 3 mse": 13.197502356862696, "anchor 4 mse": 4.375917627704695}
{"bot_id": "0000000000000b02", "x": -2.596065279918207, "y": 2.426130584268292, "z": 0.0, "MSE": 55.06620696142765, "anchor 1 mse": 8.624435280201906, "anchor 2 mse": 17.157945536817735, "anchor 3 mse": 13.351255272113667, "anchor 4 mse": 4.32180270850894}
{"bot_id": "0000000000000b02", "x": -2.6651147578585617, "y": 2.432586126325965, "z": 0.0, "MSE": 54.78040846116324, "anchor 1 mse": 8.361541785047256, "anchor 2 mse": 16.68921878904082, "anchor 3 mse": 12.931940162306601, "anchor 4 mse": 4.061215718272466}
{"bot_id": "0000000000000b02", "x": -2.4264892581725768, "y": 2.404641204251407, "z": 0.0, "MSE": 55.984167235212496, "anchor 1 mse": 9.083231284803398, "anchor 2 mse": 17.98071641648628, "anchor 3 mse": 14.227369675955883, "anchor 4 mse": 4.872327861959778}
{"bot_id": "0000000000000b02", "x": -2.653985271802607, "y": 2.4243477870150603, "z": 0.0, "MSE": 54.57447060529368, "anchor 1 mse": 8.383380745412271, "anchor 2 mse": 16.630636680735453, "anchor 3 mse": 12.831146751141606, "anchor 4 mse": 3.995840958517951}
{"bot_id": "0000000000000b02", "x": -2.2702693223621715, "y": 2.3896339338039394, "z": 0.0, "MSE": 56.96384384130651, "anchor 1 mse": 9.572031429772313, "anchor 2 mse": 18.912137708179515, "anchor 3 mse": 15.206655298406147, "anchor 4 mse": 5.522976640139071}
{"bot_id": "0000000000000b02", "x": -2.5306038833622306, "y": 2.4007510127464458, "z": 0.0, "MSE": 55.057422861586495, "anchor 1 mse": 8.95084819952922, "anchor 2 mse": 17.412513669027085, "anchor 3 mse": 13.758085929884134, "anchor 4 mse": 4.237262955941897}
{"bot_id": "0000000000000b02", "x": -2.2477196381990336, "y": 2.3701772906455205, "z": 0.0, "MSE": 55.807376024345665, "anchor 1 mse": 9.944599214477051, "anchor 2 mse": 19.09665975626303, "anchor 3 mse": 15.046450651264777, "anchor 4 mse": 5.379593466405346}
{"bot_id": "0000000000000b02", "x": -2.3226452056647795, "y": 2.3916716047922257, "z": 0.0, "MSE": 56.4254476122735, "anchor 1 mse": 9.524120027119999, "anchor 2 mse": 18.69825488597199, "anchor 3 mse": 14.94176729753092, "anchor 4 mse": 5.261694528480964}
{"bot_id": "0000000000000b02", "x": -2.397208672800082, "y": 2.4010827139522077, "z": 0.0, "MSE": 56.416141262950205, "anchor 1 mse": 9.163301211624821, "anchor 2 mse": 18.135900483043105, "anchor 3 mse": 14.55884958836183, "anchor 4 mse": 4.948538909571238}
{"bot_id": "0000000000000b02", "x": -2.3298727849136736, "y": 2.3953287251533135, "z": 0.0, "MSE": 56.5897125962699, "anchor 1 mse": 9.476900011694617, "anchor 2 mse": 18.6775578205279, "anchor 3 mse": 14.98508475778165, "anchor 4 mse": 5.270474862541811}
{"bot_id": "0000000000000b02", "x": -2.3585919890808174, "y": 2.3930315639429813, "z": 0.0, "MSE": 56.64764264282722, "anchor 1 mse": 9.363639855685259, "anchor 2 mse": 18.404668755616296, "anchor 3 mse": 14.938740300740074, "anchor 4 mse": 5.026711942908944}
{"bot_id": "0000000000000b02", "x": -2.419888315442386, "y": 2.3983102834570333, "z": 0.0, "MSE": 56.1075189939097, "anchor 1 mse": 9.138437897882314, "anchor 2 mse": 17.982732398216587, "anchor 3 mse": 14.39847201248469, "anchor 4 mse": 4.779481623444948}
{"bot_id": "0000000000000b02", "x": -2.595895110572123, "y": 2.4108427570856152, "z": 0.0, "MSE": 54.24182995854913, "anchor 1 mse": 8.745530686912687, "anchor 2 mse": 17.073471133374728, "anchor 3 mse": 13.081274109308362, "anchor 4 mse": 4.106348831743643}
{"bot_id": "0000000000000b02", "x": -2.4353155169314245, "y": 2.4116575819475616, "z": 0.0, "MSE": 55.98793171197357, "anchor 1 mse": 9.015796691550651, "anchor 2 mse": 17.9690959302983, "anchor 3 mse": 14.120219840693327, "anchor 4 mse": 4.955937489812229}
{"bot_id": "0000000000000b02", "x": -2.9343449712932816, "y": 2.436595140815197, "z": 0.0, "MSE": 52.122440374242906, "anchor 1 mse": 7.817043995829019, "anchor 2 mse": 15.227427800161623, "anchor 3 mse": 11.212621472817753, "anchor 4 mse": 2.9085002921869436}
{"bot_id": "0000000000000b02", "x": -2.4031424612618353, "y": 2.392543655890763, "z": 0.0, "MSE": 55.66255813207134, "anchor 1 mse": 9.295971367057264, "anchor 2 mse": 18.13389898019143, "anchor 3 mse": 14.335424438764866, "anchor 4 mse": 4.811923261452706}
{"bot_id": "0000000000000b02", "x": -2.3802028219398084, "y": 2.410223293463989, "z": 0.0, "MSE": 56.61061623830432, "anchor 1 mse": 9.136054510994258, "anchor 2 mse": 18.293655713326185, "anchor 3 mse": 14.553509285597185, "anchor 4 mse": 5.219971577901532}
{"bot_id": "0000000000000b02", "x": -2.422431784147778, "y": 2.4019669836111928, "z": 0.0, "MSE": 55.94288846088247, "anchor 1 mse": 9.111971462303615, "anchor 2 mse": 17.989244836271677, "anchor 3 mse": 14.244042440895381, "anchor 4 mse": 4.84961469975021}
{"bot_id": "0000000000000b02", "x": -2.4313607920960556, "y": 2.4105446246290914, "z": 0.0, "MSE": 55.909094844287495, "anchor 1 mse": 9.158032944017041, "anchor 2 mse": 18.156456868500406, "anchor 3 mse": 14.292825274993355, "anchor 4 mse": 4.973706171925271}
{"bot_id": "0000000000000b02", "x": -2.4441969026752783, "y": 2.397748796889366, "z": 0.0, "MSE": 55.805129955054795, "anchor 1 mse": 9.157098631064724, "anchor 2 mse": 17.917572182865165, "anchor 3 mse": 14.31195065691554, "anchor 4 mse": 4.645447836562872}
{"bot_id": "0000000000000b02", "x": -2.634402302664378, "y": 2.41761937571759, "z": 0.0, "MSE": 53.97762014660568, "anchor 1 mse": 8.610667596654409, "anchor 2 mse": 16.876694583048444, "anchor 3 mse": 12.788837883214432, "anchor 4 mse": 4.0375901435939765}
{"bot_id": "0000000000000b02", "x": -2.7243983085691656, "y": 2.4306402357171506, "z": 0.0, "MSE": 54.290915825998354, "anchor 1 mse": 8.116366286812328, "anchor 2 mse": 16.155821853803452, "anchor 3 mse": 12.409737775687448, "anchor 4 mse": 3.7404704709336762}
{"bot_id": "0000000000000b02", "x": -1.996127739407905, "y": 2.3684203262206567, "z": 0.0, "MSE": 59.39190900364346, "anchor 1 mse": 10.19263906571558, "anchor 2 mse": 20.37649780369523, "anchor 3 mse": 16.98987682332482, "anchor 4 mse": 6.841512253859276}
{"bot_id": "0000000000000b02", "x": -2.9302633288242936, "y": 2.443969129624116, "z": 0.0, "MSE": 53.02651607459002, "anchor 1 mse": 7.586268253142687, "anchor 2 mse": 15.054684152443532, "anchor 3 mse": 11.32637857623127, "anchor 4 mse": 3.0125874081740713}
{"bot_id": "0000000000000b02", "x": -2.8315721349647327, "y": 2.435699948901938, "z": 0.0, "MSE": 53.95493663026039, "anchor 1 mse": 7.756068417577099, "anchor 2 mse": 15.453832513316506, "anchor 3 mse": 11.901587654686779, "anchor 4 mse": 3.3015564713158}
{"bot_id": "0000000000000b02", "x": -2.427034763753866, "y": 2.4049823069704583, "z": 0.0, "MSE": 56.06859267782219, "anchor 1 mse": 9.139813093589435, "anchor 2 mse": 18.06436026853389, "anchor 3 mse": 14.37632258451987, "anchor 4 mse": 4.869490450438542}
{"bot_id": "0000000000000b02", "x": -2.3678219534234266, "y": 2.400267937968446, "z": 0.0, "MSE": 56.562339846043216, "anchor 1 mse": 9.231711974020115, "anchor 2 mse": 18.307741909838363, "anchor 3 mse": 14.67419294208581, "anchor 4 mse": 5.1095144462917474}
{"bot_id": "0000000000000b02", "x": -2.556855870116907, "y": 2.4165732646584432, "z": 0.0, "MSE": 55.24345646955868, "anchor 1 mse": 8.654515822249317, "anchor 2 mse": 17.177218532470345, "anchor 3 mse": 13.423597440514866,