{"bot_id": "0000000000000b01", "x": 0.8251339829082263, "y": 2.3999999999999995, "z": 0.0, "MSE": 52.559999999999995, "anchor 1 mse": 6.44084608974999, "anchor 2 mse": 6.440846089749995, "anchor 3 mse": 6.710363751280381, "anchor 4 mse": 6.710363751280377}
{"bot_id": "0000000000000b02", "x": -2.593862277605629, "y": 2.4267782303099548, "z": 0.0, "MSE": 54.86383104771542, "anchor 1 mse": 8.631289754705444, "anchor 2 mse": 17.175037899198394, "anchor 3 mse": 13.221827498883695, "anchor 4 mse": 4.3702327124837055}
{"bot_id": "0000000000000b02", "x": -2.5023742087382743, "y": 2.4034520012847302, "z": 0.0, "MSE": 55.02899845451482, "anchor 1 mse": 9.002111294500061, "anchor 2 mse": 17.59912192349939, "anchor 3 mse": 13.728348216947666, "anchor 4 mse": 4.459763468285304}
{"bot_id": "0000000000000b02", "x": -2.599208189833695, "y": 2.411687764867351, "z": 0.0, "MSE": 54.362684266733666, "anchor 1 mse": 8.727778008045176, "anchor 2 mse": 17.058048314632206, "anchor 3 mse": 13.13552475784348, "anchor 4 mse": 4.09293967389518}
{"bot_id": "0000000000000b02", "x": -2.5889470119708573, "y": 2.423823557729607, "z": 0.0, "MSE": 54.78446464245391, "anchor 1 mse": 8.723241349166111, "anchor 2 mse": 17.27154938881225, "anchor 3 mse": 13.315939913787606, "anchor 4 mse": 4.352402673999928}
{"bot_id": "0000000000000b02", "x": -2.7383567307835945, "y": 2.440047328168916, "z": 0.0, "MSE": 54.65750753566644, "anchor 1 mse": 8.021610343339237, "anchor 2 mse": 16.12050355545363, "anchor 3 mse": 12.494266933833583, "anchor 4 mse": 3.791903411402041}
{"bot_id": "0000000000000b02", "x": -2.701751793875773, "y": 2.4363604354235884, "z": 0.0, "MSE": 54.71861132203514, "anchor 1 mse": 8.190830865287019, "anchor 2 mse": 16.404581832738693, "anchor 3 mse": 12.712495058761062, "anchor 4 mse": 3.925343890075181}
{"bot_id": "0000000000000b02", "x": -2.5932573449664216, "y": 2.42518869661498, "z": 0.0, "MSE": 54.944205339758504, "anchor 1 mse": 8.640268141489145, "anchor 2 mse": 17.169841142114766, "anchor 3 mse": 13.293021909338291, "anchor 4 mse": 4.333924812533079}
{"bot_id": "0000000000000b02", "x": -2.3128912562579775, "y": 2.38624470844552, "z": 0.0, "MSE": 56.344382831843575, "anchor 1 mse": 9.590196768724512, "anchor 2 mse": 18.72288813652346, "anchor 3 mse": 14.985673439597601, "anchor 4 mse": 5.221218611427584}
{"bot_id": "0000000000000b02", "x": -2.3740578152946434, "y": 2.391835302971477, "z": 0.0, "MSE": 55.890894420545706, "anchor 1 mse": 9.424784646196802, "anchor 2 mse": 18.390134679239395, "anchor 3 mse": 14.60063183973093, "anchor 4 mse": 4.969407650499904}
{"bot_id": "0000000000000b02", "x": -2.353015850512326, "y": 2.3944253067166694, "z": 0.0, "MSE": 56.197811065755296, "anchor 1 mse": 9.442864772619084, "anchor 2 mse": 18.5327074722779, "anchor 3 mse": 14.750136420270534, "anchor 4 mse": 5.1355230959261675}
{"bot_id": "0000000000000b02", "x": -2.3845871121783624, "y": 2.3956847361104576, "z": 0.0, "MSE": 56.00591493737915, "anchor 1 mse": 9.24055579768026, "anchor 2 mse": 18.179188187986497, "anchor 3 mse": 14.39347283738177, "anchor 4 mse": 4.964727637221048}
{"bot_id": "0000000000000b02", "x": -2.4417217183161872, "y": 2.4158072815801166, "z": 0.0, "MSE": 56.2366668050146, "anchor 1 mse": 9.030983173370556, "anchor 2 mse": 18.039733298389447, "anchor 3 mse": 14.319727582473686, "anchor 4 mse": 4.9665383463195125}
{"bot_id": "0000000000000b02", "x": -2.4378729860020076, "y": 2.4081820766756494, "z": 0.0, "MSE": 56.477799201568246, "anchor 1 mse": 9.019554341382515, "anchor 2 mse": 17.933002028309854, "anchor 3 mse": 14.468536448207605, "anchor 4 mse": 4.8210498985940395}
{"bot_id": "0000000000000b02", "x": -2.6133856310407095, "y": 2.4148072768712403, "z": 0.0, "MSE": 54.84945109983278, "anchor 1 mse": 8.653946322556752, "anchor 2 mse": 16.98915422660819, "anchor 3 mse": 13.346718743369765, "anchor 4 mse": 4.036757529703736}
{"bot_id": "0000000000000b02", "x": -2.4353155169314245, "y": 2.4116575819475616, "z": 0.0, "MSE": 55.98793171197357, "anchor 1 mse": 9.015796691550651, "anchor 2 mse": 17.9690959302983, "anchor 3 mse": 14.120219840693327, "anchor 4 mse": 4.955937489812229}
{"bot_id": "0000000000000b02", "x": -2.9260303309202773, "y": 2.435141519447685, "z": 0.0, "MSE": 51.88523264786089, "anchor 1 mse": 7.858046971629962, "anchor 2 mse": 15.270838216336859, "anchor 3 mse": 11.124311776801088, "anchor 4 mse": 2.936048518844769}
{"bot_id": "0000000000000b02", "x": -2.409479924540204, "y": 2.394202045092084, "z": 0.0, "MSE": 55.90756560543102, "anchor 1 mse": 9.261472361290233, "anchor 2 mse": 18.105734423977424, "anchor 3 mse": 14.451690170064357, "anchor 4 mse": 4.784199367671048}
{"bot_id": "0000000000000b02", "x": -2.696361172020806, "y": 2.4176938860224806, "z": 0.0, "MSE": 53.7006111499689, "anchor 1 mse": 8.401026093031827, "anchor 2 mse": 16.41854409359617, "anchor 3 mse": 12.471621365321559, "anchor 4 mse": 3.705066000071151}
{"bot_id": "0000000000000b02", "x": -2.340223813456853, "y": 2.402132449850623, "z": 0.0, "MSE": 56.509860171221085, "anchor 1 mse": 9.341348703613324, "anchor 2 mse": 18.571062217247306, "anchor 3 mse": 14.711235200421863, "anchor 4 mse": 5.351745144483074}
{"bot_id": "0000000000000b02", "x": -2.4719661968303392, "y": 2.416656077983852, "z": 0.0, "MSE": 56.090067576159264, "anchor 1 mse": 8.95805378124454, "anchor 2 mse": 17.860812361273247, "anchor 3 mse": 14.19908767193305, "anchor 4 mse": 4.8042129587246585}
{"bot_id": "0000000000000b02", "x": -2.381178938013521, "y": 2.3958433714579934, "z": 0.0, "MSE": 55.76441128228764, "anchor 1 mse": 9.315431704626743, "anchor 2 mse": 18.286038354113547, "anchor 3 mse": 14.340664375710322, "anchor 4 mse": 5.02228479393864}
{"bot_id": "0000000000000b02", "x": -3.016216520116295, "y": 2.4493443420307384, "z": 0.0, "MSE": 51.63526589712611, "anchor 1 mse": 7.4776735474718565, "anchor 2 mse": 14.714727354833856, "anchor 3 mse": 10.567397988260694, "anchor 4 mse": 2.7780189433655926}
{"bot_id": "0000000000000b02", "x": -1.996127739407905, "y": 2.3684203262206567, "z": 0.0, "MSE": 59.39190900364346, "anchor 1 mse": 10.19263906571558, "anchor 2 mse": 20.37649780369523, "anchor 3 mse": 16.98987682332482, "anchor 4 mse": 6.841512253859276}
{"bot_id": "0000000000000b02", "x": -2.750407949612915, "y": 2.4295935344503303, "z": 0.0, "MSE": 53.87308964849654, "anchor 1 mse": 8.123456289505873, "anchor 2 mse": 16.07273276489024, "anchor 3 mse": 12.244447916363786, "anchor 4 mse": 3.616065347958966}
{"bot_id": "0000000000000b02", "x": -2.4127094028254232, "y": 2.397836398039824, "z": 0.0, "MSE": 55.74200335221759, "anchor 1 mse": 9.23196076189804, "anchor 2 mse": 18.108109848099605, "anchor 3 mse": 14.29244512242846, "anchor 4 mse": 4.8517861307851975}
{"bot_id": "0000000000000b02", "x": -2.5154767840323515, "y": 2.408225571430893, "z": 0.0, "MSE": 55.34913377968098, "anchor 1 mse": 8.866046957149162, "anchor 2 mse": 17.463598703794585, "anchor 3 mse": 13.734759891009482, "anchor 4 mse": 4.4438660691036524}
{"bot_id": "0000000000000b02", "x": -2.485842328510686, "y": 2.514668541481893, "z": 0.0, "MSE": 57.76063192337125, "anchor 1 mse": 8.491664695333915, "anchor 2 mse": 18.43236250331273, "anchor 3 mse": 14.310516271512368, "anchor 4 mse": 6.254476889463864}
{"bot_id": "0000000000000b02", "x": -2.4235678830169927, "y": 2.402536590838106, "z": 0.0, "MSE": 56.113071410545764, "anchor 1 mse": 9.225776870106444, "anchor 2 mse": 18.155832167203933, "anchor 3 mse": 14.54218217506508, "anchor 4 mse": 4.844026522179599}
{"bot_id": "0000000000000b02", "x": -2.437545608698934, "y": 2.3961570428090866, "z": 0.0, "MSE": 55.55985158705454, "anchor 1 mse": 9.192604276373013, "anchor 2 mse": 17.948257329245806, "anchor 3 mse": 14.198698159149501, "anchor 4 mse": 4.673827708646626}
{"bot_id": "0000000000000b02", "x": -2.4795157229971827, "y": 2.4028954743264612, "z": 0.0, "MSE": 55.53370115523974, "anchor 1 mse": 8.983140964748454, "anchor 2 mse": 17.65021922992518, "anchor 3 mse": 13.949204718898999,