{"bot_id": "0000000000000b01", "x": 0.8251339829082263, "y": 2.3999999999999995, "z": 0.0, "MSE": 52.559999999999995, "anchor 1 mse": 6.44084608974999, "anchor 2 mse": 6.440846089749995, "anchor 3 mse": 6.710363751280381, "anchor 4 mse": 6.710363751280377}
{"bot_id": "0000000000000b02", "x": -2.371923412040987, "y": 2.4068512423458026, "z": 0.0, "MSE": 56.28416058146293, "anchor 1 mse": 9.307415908285087, "anchor 2 mse": 18.4947451764787, "anchor 3 mse": 14.595572313254078, "anchor 4 mse": 5.260520529821437}
{"bot_id": "0000000000000b02", "x": -2.583618186935783, "y": 2.421830629822955, "z": 0.0, "MSE": 54.54223576597071, "anchor 1 mse": 8.754289314090567, "anchor 2 mse": 17.292956172456027, "anchor 3 mse": 13.197502356862696, "anchor 4 mse": 4.375917627704695}
{"bot_id": "0000000000000b02", "x": -2.596065279918207, "y": 2.426130584268292, "z": 0.0, "MSE": 55.06620696142765, "anchor 1 mse": 8.624435280201906, "anchor 2 mse": 17.157945536817735, "anchor 3 mse": 13.351255272113667, "anchor 4 mse": 4.32180270850894}
{"bot_id": "0000000000000b02", "x": -2.6651147578585617, "y": 2.432586126325965, "z": 0.0, "MSE": 54.78040846116324, "anchor 1 mse": 8.361541785047256, "anchor 2 mse": 16.68921878904082, "anchor 3 mse": 12.931940162306601, "anchor 4 mse": 4.061215718272466}
