{"bot_id": "0000000000000b01", "x": 0.8251339829082263, "y": 2.3999999999999995, "z": 0.0, "MSE": 52.559999999999995, "anchor 1 mse": 6.44084608974999, "anchor 2 mse": 6.440846089749995, "anchor 3 mse": 6.710363751280381, "anchor 4 mse": 6.710363751280377}
{"bot_id": "0000000000000b02", "x": -2.593862277605629, "y": 2.4267782303099548, "z": 0.0, "MSE": 54.86383104771542, "anchor 1 mse": 8.631289754705444, "anchor 2 mse": 17.175037899198394, "anchor 3 mse": 13.221827498883695, "anchor 4 mse": 4.3702327124837055}
{"bot_id": "0000000000000b02", "x": -2.5023742087382743, "y": 2.4034520012847302, "z": 0.0, "MSE": 55.02899845451482, "anchor 1 mse": 9.002111294500061, "anchor 2 mse": 17.59912192349939, "anchor 3 mse": 13.728348216947666, "anchor 4 mse": 4.459763468285304}
{"bot_id": "0000000000000b02", "x": -2.599208189833695, "y": 2.411687764867351, "z": 0.0, "MSE": 54.362684266733666, "anchor 1 mse": 8.727778008045176, "anchor 2 mse": 17.058048314632206, "anchor 3 mse": 13.13552475784348, "anchor 4 mse": 4.09293967389518}
{"bot_id": "0000000000000b02", "x": -2.5889470119708573, "y": 2.423823557729607, "z": 0.0, "MSE": 54.78446464245391, "anchor 1 mse": 8.723241349166111, "anchor 2 mse": 17.27154938881225, "anchor 3 mse": 13.315939913787606, "anchor 4 mse": 4.352402673999928}
{"bot_id": "0000000000000b02", "x": -2.7383567307835945, "y": 2.440047328168916, "z": 0.0, "MSE": 54.65750753566644, "anchor 1 mse": 8.021610343339237, "anchor 2 mse": 16.12050355545363, "anchor 3 mse": 12.494266933833583, "anchor 4 mse": 3.791903411402041}
{"bot_id": "0000000000000b02", "x": -2.701751793875773, "y": 2.4363604354235884, "z": 0.0, "MSE": 54.71861132203514, "anchor 1 mse": 8.190830865287019, "anchor 2 mse": 16.404581832738693, "anchor 3 mse": 12.712495058761062, "anchor 4 mse": 3.925343890075181}
{"bot_id": "0000000000000b02", "x": -2.5932573449664216, "y": 2.42518869661498, "z": 0.0, "MSE": 54.944205339758504, "anchor 1 mse": 8.640268141489145, "anchor 2 mse": 17.169841142114766, "anchor 3 mse": 13.293021909338291, "anchor 4 mse": 4.333924812533079}
{"bot_id": "0000000000000b02", "x": -2.3128912562579775, "y": 2.38624470844552, "z": 0.0, "MSE": 56.344382831843575, "anchor 1 mse": 9.590196768724512, "anchor 2 mse": 18.72288813652346, "anchor 3 mse": 14.985673439597601, "anchor 4 mse": 5.221218611427584}
{"bot_id": "0000000000000b02", "x": -2.3740578152946434, "y": 2.391835302971477, "z": 0.0, "MSE": 55.890894420545706, "anchor 1 mse": 9.424784646196802, "anchor 2 mse": 18.390134679239395, "anchor 3 mse": 14.60063183973093, "anchor 4 mse": 4.969407650499904}
{"bot_id": "0000000000000b02", "x": -2.353015850512326, "y": 2.3944253067166694, "z": 0.0, "MSE": 56.197811065755296, "anchor 1 mse": 9.442864772619084, "anchor 2 mse": 18.5327074722779, "anchor 3 mse": 14.750136420270534, "anchor 4 mse": 5.1355230959261675}
{"bot_id": "0000000000000b02", "x": -2.3845871121783624, "y": 2.3956847361104576, "z": 0.0, "MSE": 56.00591493737915, "anchor 1 mse": 9.24055579768026, "anchor 2 mse": 18.179188187986497, "anchor 3 mse": 14.39347283738177, "anchor 4 mse": 4.964727637221048}
{"bot_id": "0000000000000b02", "x": -2.4417217183161872, "y": 2.4158072815801166, "z": 0.0, "MSE": 56.2366668050146, "anchor 1 mse": 9.030983173370556, "anchor 2 mse": 18.039733298389447, "anchor 3 mse": 14.319727582473686, "anchor 4 mse": 4.9665383463195125}
