{"bot_id": "0000000000000b01", "x": 0.9876744186046513, "y": 1.3699999999999999, "z": 0.0, "MSE": 30.030400000000007, "anchor 1 mse": 2.8524007571660364, "anchor 2 mse": 2.852400757166037, "anchor 3 mse": 4.94754494321255, "anchor 4 mse": 4.947544943212548}
{"bot_id": "0000000000000b01", "x": 2.126447102376872, "y": 2.6912005144184676, "z": 0.0, "MSE": 7.63251736205212, "anchor 1 mse": 0.004888526750280441, "anchor 2 mse": 0.7796766833189449, "anchor 3 mse": 0.3074807924512204, "anchor 4 mse": 0.19382441748870766}
{"bot_id": "0000000000000b01", "x": 2.1466046900877753, "y": 2.700122023351314, "z": 0.0, "MSE": 7.650587192152667, "anchor 1 mse": 0.006309201156267951, "anchor 2 mse": 0.6939305350386571, "anchor 3 mse": 0.29731527105011707, "anchor 4 mse": 0.2066223175802149}
{"bot_id": "0000000000000b01", "x": 2.1775302990092027, "y": 2.708019498470778, "z": 0.0, "MSE": 7.8196578603629465, "anchor 1 mse": 0.009008134774215725, "anchor 2 mse": 0.6926148810843714, "anchor 3 mse": 0.29879546910339994, "anchor 4 mse": 0.18131982360691135}
{"bot_id": "0000000000000b01", "x": 2.225494133008459, "y": 2.724031352501803, "z": 0.0, "MSE": 7.990615729303042, "anchor 1 mse": 0.011567398237867847, "anchor 2 mse": 0.6311485424466178, "anchor 3 mse": 0.3195034749692573, "anchor 4 mse": 0.17824831016678008}
{"bot_id": "0000000000000b01", "x": 2.2176821816407997, "y": 2.7440252497471564, "z": 0.0, "MSE": 7.822754635849818, "anchor 1 mse": 0.006106235460465425, "anchor 2 mse": 0.627761736544472, "anchor 3 mse": 0.4066187840039632, "anchor 4 mse": 0.22400705865043996}
{"bot_id": "0000000000000b01", "x": 2.1223582125110347, "y": 2.729873849226335, "z": 0.0, "MSE": 7.433639505773194, "anchor 1 mse": 0.006058123527930129, "anchor 2 mse": 0.7016032954066722, "anchor 3 mse": 0.3390444198020744, "anchor 4 mse": 0.18393243936760317}
{"bot_id": "0000000000000b01", "x": 2.2684473236733025, "y": 2.798082933633497, "z": 0.0, "MSE": 7.8875776617934275, "anchor 1 mse": 0.012566315199306217, "anchor 2 mse": 0.5340820865935633, "anchor 3 mse": 0.4420702572716131, "anchor 4 mse": 0.19144075484585618}
