{"bot_id": "0000000000000b01", "x": 0.03582110244102564, "y": 1.4285102809063617, "z": 0, "MSE": 5.537256783663422, "anchor 1 mse": 2.041924774035263, "anchor 2 mse": 1.7212884346684012, "anchor 3 mse": 9.032588793291582, "anchor 4 mse": 9.353225132658443}
{"bot_id": "0000000000000b01", "x": 1.353476747905079, "y": 1.2678576158453656, "z": 0.0, "MSE": 1.0519939312811937, "anchor 1 mse": 2.266374394667613, "anchor 2 mse": 1.0205533100715398, "anchor 3 mse": 0.7263953292514194, "anchor 4 mse": 0.19465269113420264}
{"bot_id": "0000000000000b01", "x": 2.9821667036326445, "y": 2.276077991455676, "z": 0, "MSE": 0.13193298264069597, "anchor 1 mse": 0.1455521165185721, "anchor 2 mse": 0.0014467446179273332, "anchor 3 mse": 0.3802888961221309, "anchor 4 mse": 0.0004441733041535952}
{"bot_id": "0000000000000b01", "x": 2.4762838096785256, "y": 2.1299963548563525, "z": 0, "MSE": 0.11504535421384343, "anchor 1 mse": 0.012922459025695096, "anchor 2 mse": 0.21131402062162102, "anchor 3 mse": 0.19840963344475193, "anchor 4 mse": 0.03753530376330567}
