{"bot_id": "0000000000000b01", "x": 0.0, "y": 0.0, "z": 0.0, "MSE": 15.015200000000002, "anchor 1 mse": 0.0, "anchor 2 mse": 7.507600000000001, "anchor 3 mse": 15.015200000000002, "anchor 4 mse": 7.507600000000001}
{"bot_id": "0000000000000b01", "x": 0.7944335010497487, "y": 1.6151566606406058, "z": -0.020078262627960294, "MSE": 9.074607413498985, "anchor 1 mse": 2.4333757486960246, "anchor 2 mse": 2.665893072200607, "anchor 3 mse": 1.1608377012950757, "anchor 4 mse": 0.04355894900785442}
{"bot_id": "0000000000000b01", "x": 0.8372806709133537, "y": 1.6360042286795566, "z": -0.015545740706704251, "MSE": 9.244378117365969, "anchor 1 mse": 2.347402086677121, "anchor 2 mse": 2.541881353406885, "anchor 3 mse": 1.1233057050474646, "anchor 4 mse": 0.03976067717733168}
{"bot_id": "0000000000000b01", "x": 0.7450856296517399, "y": 1.6636158934740013, "z": -0.01779702767831037, "MSE": 9.474526807890545, "anchor 1 mse": 2.4244555513155492, "anchor 2 mse": 2.8926330364380495, "anchor 3 mse": 1.338298810229631, "anchor 4 mse": 0.0663668996724009}
{"bot_id": "0000000000000b01", "x": 0.8277570380369245, "y": 1.6950772007171395, "z": -0.014333500904757964, "MSE": 9.852573666563908, "anchor 1 mse": 2.321220531269773, "anchor 2 mse": 2.845511134836229, "anchor 3 mse": 1.2081546957897087, "anchor 4 mse": 0.04219688884544018}
