{"bot_id": "0000000000000b01", "x": 0.10284084311267426, "y": 1.2731496233516941, "z": 0, "MSE": 1, "anchor 1 mse": 1.6314862024526866, "anchor 2 mse": 2.1622262664854035, "anchor 3 mse": 9.106258446227947, "anchor 4 mse": 8.575518382195233}
{"bot_id": "0000000000000b01", "x": 1.1995495167321377, "y": 1.3365381397068827, "z": 0.0, "MSE": 1, "anchor 1 mse": 2.4464119174881764, "anchor 2 mse": 1.3543234078943722, "anchor 3 mse": 0.835236749277409, "anchor 4 mse": 0.07871303637936679}
{"bot_id": "0000000000000b01", "x": 2.779355069084345, "y": 1.4661597698878188, "z": 0, "MSE": 1, "anchor 1 mse": 0.05181904949340854, "anchor 2 mse": 0.005985413791071424, "anchor 3 mse": 0.018076269832210203, "anchor 4 mse": 0.7111753576351556}
{"bot_id": "0000000000000b01", "x": 1.4720868909744007, "y": 2.4422454070407715, "z": 0.0, "MSE": 1, "anchor 1 mse": 0.27921028772324175, "anchor 2 mse": 2.2743716325605123, "anchor 3 mse": 0.03702007782267806, "anchor 4 mse": 0.1695437811414808}
{"bot_id": "0000000000000b01", "x": 2.848854435484244, "y": 1.3293854378921102, "z": 0, "MSE": 1, "anchor 1 mse": 0.07088286535831888, "anchor 2 mse": 0.025269199467662515, "anchor 3 mse": 0.11209664631013873, "anchor 4 mse": 1.032591975067453}
{"bot_id": "0000000000000b01", "x": 2.45674251771154, "y": 2.465490190666223, "z": 0, "MSE": 1, "anchor 1 mse": 0.0009332794692827271, "anchor 2 mse": 0.28941017298398913, "anchor 3 mse": 0.5860675124604574, "anchor 4 mse": 0.026149613075756275}
{"bot_id": "0000000000000b01", "x": 2.2202806433942834, "y": 2.681103833628142, "z": 0.0, "MSE": 1, "anchor 1 mse": 0.010218500276385982, "anchor 2 mse": 0.5460298715453856, "anchor 3 mse": 0.4582669123472745, "anchor 4 mse": 0.13032958908427053}
{"bot_id": "0000000000000b01", "x": 2.500081408656947, "y": 2.2108845147197536, "z": 0.0, "MSE": 1, "anchor 1 mse": 0.023278593153770327, "anchor 2 mse": 0.19761677965863247, "anchor 3 mse": 0.31251647852561415, "anchor 4 mse": 0.031023876445157406}
{"bot_id": "0000000000000b01", "x": 1.4432939115286043, "y": 2.6200842982224457, "z": 0.0, "MSE": 1, "anchor 1 mse": 0.143405669372593, "anchor 2 mse": 2.439010192653926, "anchor 3 mse": 0.049390180338276475, "anchor 4 mse": 0.32879164949545087}
{"bot_id": "0000000000000b01", "x": 2.2530826860015085, "y": 2.3505289039627537, "z": 0.0, "MSE": 1, "anchor 1 mse": 0.0073915558638849455, "anchor 2 mse": 0.4402360007198818, "anchor 3 mse": 0.21760432737847282, "anchor 4 mse": 0.03626441107459759}
{"bot_id": "0000000000000b01", "x": 1.6664791609021183, "y": 2.503987624481679, "z": 0.0, "MSE": 1, "anchor 1 mse": 0.026295577078780125, "anchor 2 mse": 1.3153598317940813, "anchor 3 mse": 0.006266026730546293, "anchor 4 mse": 0.30736865069918384}
{"bot_id": "0000000000000b01", "x": 2.4430286406896546, "y": 2.4352716128157907, "z": 0.0, "MSE": 1, "anchor 1 mse": 0.26986315957836954, "anchor 2 mse": 0.21906119681882102, "anchor 3 mse": 0.34163870021166154, "anchor 4 mse": 0.1708268172778158}
{"bot_id": "0000000000000b01", "x": 2.3041891533442618, "y": 2.194409094129222, "z": 0.0, "MSE": 1, "anchor 1 mse": 0.11692046652017293, "anchor 2 mse": 0.15374130370402714, "anchor 3 mse": 0.13083847192069198, "anchor 4 mse": 0.03142348923041268}
{"bot_id": "0000000000000b01", "x": 2.2711962102368752, "y": 2.1846282564793027, "z": 0.0, "MSE": 1, "anchor 1 mse": 0.0969315136674361, "anchor 2 mse": 0.05377181897985786, "anchor 3 mse": 0.049825448952306214, "anchor 4 mse": 0.010891616923900256}
{"bot_id": "0000000000000b01", "x": 1.8616380762427698, "y": 1.8879692179273497, "z": 0, "MSE": 1, "anchor 1 mse": 0.009714444539714569, "anchor 2 mse": 0.3165720660051132, "anchor 3 mse": 0.11136507985870817, "anchor 4 mse": 0.007692378890318907}
{"bot_id": "0000000000000b01", "x": 1.6784437234024108, "y": 2.183696659674678, "z": 0.0, "MSE": 1, "anchor 1 mse": 0.00020208773674057357, "anchor 2 mse": 0.6111601742464103, "anchor 3 mse": 0.016509342898599955, "anchor 4 mse": 0.13546171614358898}
{"bot_id": "0000000000000b01", "x": 2.3152009591652734, "y": 2.093235188377726, "z": 0.0, "MSE": 1, "anchor 1 mse": 0.16907221247217558, "anchor 2 mse": 0.011269351299051043, "anchor 3 mse": 0.22677105148106957, "anchor 4 mse": 0.004108240747341384}
{"bot_id": "0000000000000b01", "x": 2.6772837577160917, "y": 2.004890268449976, "z": 0, "MSE": 1, "anchor 1 mse": 0.4029228860696052, "anchor 2 mse": 0.1492823697171064, "anchor 3 mse": 0.262369108964467, "anchor 4 mse": 0.020773179639582737}
{"bot_id": "0000000000000b01", "x": 2.090020425587538, "y": 3.8936557974207724, "z": 0, "MSE": 1, "anchor 1 mse": 3.4936600227782995, "anchor 2 mse": 7.3969417946431174e-06, "anchor 3 mse": 0.004116284678564994, "anchor 4 mse": 3.2311304094920383}
{"bot_id": "0000000000000b01", "x": 2.106482462765255, "y": 3.9231399828068256, "z": 0, "MSE": 1, "anchor 1 mse": 3.9318822929498642, "anchor 2 mse": 0.03841864351501753, "anchor 3 mse": 0.0007798184574533594, "anchor 4 mse": 2.972044030530213}
{"bot_id": "0000000000000b01", "x": 1.8664780507960501, "y": 1.974007990908223, "z": 0, "MSE": 1, "anchor 1 mse": 0.07656176681303575, "anchor 2 mse": 0.02029369215430242, "anchor 3 mse": 0.00013929194321358684, "anchor 4 mse": 0.0017102377897147063}
{"bot_id": "0000000000000b01", "x": 1.99300977997456, "y": 2.258328590111509, "z": 0.0, "MSE": 1, "anchor 1 mse": 0.36240240186115297, "anchor 2 mse": 0.04393674281346867, "anchor 3 mse": 0.169068648439076, "anchor 4 mse": 0.0014949046494629745}
{"bot_id": "0000000000000b01", "x": 1.6002358613654908, "y": 1.9965565981449653, "z": 0.0, "MSE": 1, "anchor 1 mse": 0.07767884990904735, "anchor 2 mse": 0.12637971533795905, "anchor 3 mse": 0.05721773977091875, "anchor 4 mse": 0.0037236659880103633}
{"bot_id": "0000000000000b01", "x": 1.9941221788393277, "y": 2.117491461321696, "z": 0, "MSE": 1, "anchor 1 mse": 0.4078844783382129, "anchor 2 mse": 0.0008426547995956606, "anchor 3 mse": 0.40765704266129416, "anchor 4 mse": 0.03421850573176064}
{"bot_id": "0000000000000b01", "x": 1.667088043737448, "y": 1.8372453078222666, "z": 0.0, "MSE": 1, "anchor 1 mse": 0.0444607944803086, "anchor 2 mse": 0.00025039848224950084, "anchor 3 mse": 0.03913312658269711, "anchor 4 mse": 0.04097255006838365}
{"bot_id": "0000000000000b01", "x": 0.7380754913038857, "y": 2.079854051226197, "z": 0.0, "MSE": 1, "anchor 1 mse": 0.0013639634642203268, "anchor 2 mse": 0.7916972557810246, "anchor 3 mse": 0.258023132821078, "anchor 4 mse": 0.1654693828462733}
{"bot_id": "0000000000000b01", "x": 1.046750039600279, "y": 2.1358304514588267, "z": 0, "MSE": 1, "anchor 1 mse": 0.00013130832400687662, "anchor 2 mse": 0.3380295540592189, "anchor 3 mse": 0.011622724789645798, "anchor 4 mse": 0.002078887994943744}
{"bot_id": "0000000000000b01", "x": 1.1470975821231861, "y": 2.078530554613689, "z": 0, "MSE": 1, "anchor 1 mse": 0.015388858504091173, "anchor 2 mse": 0.11279485026842284, "anchor 3 mse": 0.0030488036659128384, "anchor 4 mse": 0.0003499591890282565}
{"bot_id": "0000000000000b01", "x": 1.2149871147123863, "y": 1.8529216541552735, "z": 0.0, "MSE": 1, "anchor 1 mse": 0.0005884534675224235, "anchor 2 mse": 0.030849097752928063, "anchor 3 mse": 0.0002030158935007152, "anchor 4 mse": 0.04008480224613541}
{"bot_id": "0000000000000b01", "x": 0.5914236036798678, "y": 1.9513378651859106, "z": 0.0, "MSE": 1, "anchor 1 mse": 0.025922552139450807, "anchor 2 mse": 0.26441822651237046, "anchor 3 mse": 0.1590001567445725, "anchor 4 mse": 0.0033143031141999266}
{"bot_id": "0000000000000b01", "x": 1.4232782543822677, "y": 2.5173779569330947, "z": 0.0, "MSE": 1, "anchor 1 mse": 0.4380720503705953, "anchor 2 mse": 0.057880544553834776, "anchor 3 mse": 0.5250323711298738, "anchor 4 mse": 0.30146536648803296}
{"bot_id": "0000000000000b01", "x": 1.125875917510264, "y": 2.81735985448333, "z": 0.0, "MSE": 1, "anchor 1 mse": 0.4408866180918927, "anchor 2 mse": 0.052226197385571854, "anchor 3 mse": 0.20613704292519183, "anchor 4 mse": 0.15446060707914444}
{"bot_id": "0000000000000b01", "x": 1.6853785266291925,