{"bot_id": "0000000000000b01", "x": 1.3197278795098952, "y": 1.369999999999956, "z": -48.769902823971755, "MSE": 2382.259748745746, "anchor 1 mse": 2382.1220031356033, "anchor 2 mse": 2382.1220031356033, "anchor 3 mse": 2382.3974943558896, "anchor 4 mse": 2382.3974943558887}
{"bot_id": "0000000000000b01", "x": 2.5470514139916127, "y": 2.0384427876143705, "z": 26.491033003770408, "MSE": 582.9038831769321, "anchor 1 mse": 544.3426138080999, "anchor 2 mse": 557.5474748465458, "anchor 3 mse": 641.6607465282418, "anchor 4 mse": 588.064697524841}
{"bot_id": "0000000000000b01", "x": 2.549955521505841, "y": 2.061011647036952, "z": 24.751152330102215, "MSE": 503.0019078279539, "anchor 1 mse": 466.4464074578029, "anchor 2 mse": 480.1103707795576, "anchor 3 mse": 557.9607634862829, "anchor 4 mse": 507.49008958817245}
{"bot_id": "0000000000000b01", "x": 2.5679054159167145, "y": 2.069562380310655, "z": 24.950961608115257, "MSE": 511.58309037853456, "anchor 1 mse": 474.7165006224668, "anchor 2 mse": 487.6020918919118, "anchor 3 mse": 568.8492436586167, "anchor 4 mse": 515.1645253411427}
{"bot_id": "0000000000000b01", "x": 2.596622281768089, "y": 2.091954141466912, "z": 24.09719151789769, "MSE": 473.78731644775655, "anchor 1 mse": 437.51265999642186, "anchor 2 mse": 450.5155291404743, "anchor 3 mse": 530.2118862464058, "anchor 4 mse": 476.90919040772434}
{"bot_id": "0000000000000b01", "x": 2.6094627125094227, "y": 2.0958034969685606, "z": 25.024978295255718, "MSE": 513.9069095752693, "anchor 1 mse": 475.14393097634434, "anchor 2 mse": 491.0171100313167, "anchor 3 mse": 569.9491954613078, "anchor 4 mse": 519.5174018321088}
{"bot_id": "0000000000000b01", "x": 2.509324751365463, "y": 2.09081260301443, "z": 26.700609059471525, "MSE": 592.3776754635496, "anchor 1 mse": 553.1735532219717, "anchor 2 mse": 569.5916526064821, "anchor 3 mse": 650.7343889623054, "anchor 4 mse": 596.0111070634393}
{"bot_id": "0000000000000b01", "x": 2.6070961455442183, "y": 2.16323969927588, "z": 24.998539508164075, "MSE": 511.80411288618916, "anchor 1 mse": 472.49889649146706, "anchor 2 mse": 490.2121674390224, "anchor 3 mse": 569.5642502424894, "anchor 4 mse": 514.9411373717778}
{"bot_id": "0000000000000b01", "x": 2.564920160199837, "y": 2.072491955635302, "z": 24.431335289176225, "MSE": 488.8079355473376, "anchor 1 mse": 452.96071351578837, "anchor 2 mse": 465.03509823105117, "anchor 3 mse": 545.7400323719773, "anchor 4 mse": 491.4958980705336}
{"bot_id": "0000000000000b01", "x": 2.4543002844868593, "y": 1.9247500398534356, "z": 23.352489203042442, "MSE": 446.1542908149454, "anchor 1 mse": 415.74639199744325, "anchor 2 mse": 422.1074740247477, "anchor 3 mse": 496.3298619903146, "anchor 4 mse": 450.4334352472762}
{"bot_id": "0000000000000b01", "x": 2.4287176642248784, "y": 1.976773446097855, "z": 18.032072831931824, "MSE": 252.68237731626414, "anchor 1 mse": 228.97638998224934, "anchor 2 mse": 236.57204770779296, "anchor 3 mse": 290.05162205392566, "anchor 4 mse": 255.1294495210886}
{"bot_id": "0000000000000b01", "x": 2.38445219477355, "y": 1.7376212588606281, "z": 17.587910181760215, "MSE": 240.7419894068811, "anchor 1 mse": 222.1191611839919, "anchor 2 mse": 220.4361074450837, "anchor 3 mse": 275.8933838759312, "anchor 4 mse": 244.51930512251755}
{"bot_id": "0000000000000b01", "x": 2.2531671848301724, "y": 1.7542537196566619, "z": 12.345543245761332, "MSE": 107.56888766310026, "anchor 1 mse": 96.6581550329937, "anchor 2 mse": 96.592045004724, "anchor 3 mse": 128.46861292773218, "anchor 4 mse": 108.55673768695112}
{"bot_id": "0000000000000b01", "x": 2.1859677153338732, "y": 1.865026088744163, "z": 5.984924344951907, "MSE": 18.232335164396293, "anchor 1 mse": 14.43227258086195, "anchor 2 mse": 14.910678730265834, "anchor 3 mse": 26.25400476559082, "anchor 4 mse": 17.332384580866567}
{"bot_id": "0000000000000b01", "x": 2.1531596295559647, "y": 1.8238957711413812, "z": 6.305122492763757, "MSE": 21.02472590021708, "anchor 1 mse": 17.287036596431662, "anchor 2 mse": 16.935848847420186, "anchor 3 mse": 30.341330439833648, "anchor 4 mse": 19.534687717182816}
{"bot_id": "0000000000000b01", "x": 2.1272509659498193, "y": 1.773977108346747, "z": 5.938443586624, "MSE": 17.84135527303033, "anchor 1 mse": 14.536347537485218, "anchor 2 mse": 14.680372365017996, "anchor 3 mse": 24.776755329511168, "anchor 4 mse": 17.371945860106937}
{"bot_id": "0000000000000b01", "x": 1.973900937314565, "y": 1.8156184448955492, "z": 13.615571302119818, "MSE": 134.92789030651753, "anchor 1 mse": 124.7062409997471, "anchor 2 mse": 127.21422718768764, "anchor 3 mse": 154.2166697863608, "anchor 4 mse": 133.57442325227456}
{"bot_id": "0000000000000b01", "x": 1.9440634204554519, "y": 1.8457649473180293, "z": 10.47964891267507, "MSE": 73.44094679251015, "anchor 1 mse": 65.72478542115287, "anchor 2 mse": 68.98782216759001, "anchor 3 mse": 86.44919754846698, "anchor 4 mse": 72.6019820328307}
{"bot_id": "0000000000000b01", "x": 1.8962777421829986, "y": 1.7359986013246047, "z": 6.438217464868964, "MSE": 21.90806451233766, "anchor 1 mse": 19.206716081243645, "anchor 2 mse": 19.327884179447974, "anchor 3 mse": 28.20065045613156, "anchor 4 mse": 20.897007332527462}
{"bot_id": "0000000000000b01", "x": 1.716643001654374, "y": 1.7805871021980582, "z": 6.673173561189286, "MSE": 24.02873773602884, "anchor 1 mse": 21.5925914213721, "anchor 2 mse": 22.43830608926092, "anchor 3 mse": 29.691774428549774, "anchor 4 mse": 22.39227900493258}
{"bot_id": "0000000000000b01", "x": 1.7519978912695164, "y": 1.8192209884310593, "z": 1.7231337811771035, "MSE": 0.48013465383892795, "anchor 1 mse": 0.3812952216236303, "anchor 2 mse": 0.21549844270915852, "anchor 3 mse": 1.0802098557795246, "anchor 4 mse": 0.2435350952433986}
{"bot_id": "0000000000000b01", "x": 1.6786951041520666, "y": 1.7932176121890895, "z": 7.571637793196913, "MSE": 33.26172357588603, "anchor 1 mse": 30.803717049430006, "anchor 2 mse": 30.836622096317324, "anchor 3 mse": 41.0119207756632, "anchor 4 mse": 30.394634382133578}
{"bot_id": "0000000000000b01", "x": 1.474202502908317, "y": 1.7287334381239974, "z": 9.154876885168273, "MSE": 52.98774264222801, "anchor 1 mse": 51.159398871290044, "anchor 2 mse": 51.952265720865284, "anchor 3 mse": 59.245849900534544, "anchor 4 mse": 49.59345607622213}
{"bot_id": "0000000000000b01", "x": 1.4065994230322405, "y": 1.7732520224271515, "z": 9.53096634604393, "MSE": 58.46301220677763, "anchor 1 mse": 56.64117396495701, "anchor 2 mse": 58.10379483657214, "anchor 3 mse": 64.99942342969433, "anchor 4 mse": 54.10765659588703}
{"bot_id": "0000000000000b01", "x": 1.4042896707466148, "y": 1.790733758247316, "z": 4.096357615252675, "MSE": 6.429944747858742, "anchor 1 mse": 5.837214068752095, "anchor 2 mse": 6.518841383693422, "anchor 3 mse": 7.907108303439449, "anchor 4 mse": 5.456615235549999}
{"bot_id": "0000000000000b01", "x": 1.2877055717423855, "y": 1.8123338252288348, "z": 5.273738335755553, "MSE": 13.03638968961277, "anchor 1 mse": 12.625253414516001, "anchor 2 mse": 13.157774842348251, "anchor 3 mse": 15.587939124894804, "anchor 4 mse": 10.774591376692024}
{"bot_id": "0000000000000b01", "x": 1.2403835618071752, "y": 2.034537212399955, "z": 9.837574004913693, "MSE": 62.69577953249233, "anchor 1 mse": 59.784489608760076, "anchor 2 mse": 66.43110217611023, "anchor 3 mse": 68.66096348130539, "anchor 4 mse": 55.90656286379366}
{"bot_id": "0000000000000b01", "x": 1.1548392660586966, "y": 1.9440849171760322, "z": 6.248938975737059, "MSE": 20.28876446129508, "anchor 1 mse": 19.32021386448485, "anchor 2 mse": 22.50935618578624, "anchor 3 mse": 22.23879581435586, "anchor 4 mse": 17.086691980553383}
{"bot_id": "0000000000000b01", "x": 1.163839947721951, "y": 1.9408103386567548, "z": 5.982771785028528, "MSE": 18.115746255789198, "anchor 1 mse": 17.27624153879249, "anchor 2 mse": 19.954944156819444, "anchor 3 mse": 20.144949104327416, "anchor 4 mse": 15.086850223217446}
{"bot_id": "0000000000000b01", "x": 0.8842739657151378, "y": 2.120753337827358,