{"bot_id": "0000000000000b01", "x": -0.016902101519984992, "y": 1.2200074633692954, "z": 0, "MSE": 5.699795200245465, "anchor 1 mse": 1.4887038917125746, "anchor 2 mse": 2.3106629924488367, "anchor 3 mse": 9.910886508778354, "anchor 4 mse": 9.088927408042093}
{"bot_id": "0000000000000b01", "x": 1.4809857666086412, "y": 1.1331574880617916, "z": 0.0, "MSE": 1.0168071709904416, "anchor 1 mse": 2.2357146927315816, "anchor 2 mse": 0.6802336465207109, "anchor 3 mse": 0.759229426972662, "anchor 4 mse": 0.39205091773681194}
{"bot_id": "0000000000000b01", "x": 3.015467353681783, "y": 2.402328345714074, "z": 0, "MSE": 0.1865456178508317, "anchor 1 mse": 0.23562772468227464, "anchor 2 mse": 0.002950083209871236, "anchor 3 mse": 0.49592548414569576, "anchor 4 mse": 0.01167917936548524}
{"bot_id": "0000000000000b01", "x": 2.9636220334991097, "y": 2.4457444867068476, "z": 0, "MSE": 0.19414137875742962, "anchor 1 mse": 0.21389606748733295, "anchor 2 mse": 0.001011596401175079, "anchor 3 mse": 0.5482142745714226, "anchor 4 mse": 0.013443576569787938}
{"bot_id": "0000000000000b01", "x": 2.986348169836667, "y": 2.639933787476829, "z": 0, "MSE": 0.2715776853504892, "anchor 1 mse": 0.3316791573760099, "anchor 2 mse": 0.0010224515867035219, "anchor 3 mse": 0.6627653691872332, "anchor 4 mse": 0.09084376325201016}
{"bot_id": "0000000000000b01", "x": 2.944919285317087, "y": 2.713068195481638, "z": 0, "MSE": 0.3451913073081437, "anchor 1 mse": 0.3070921049828035, "anchor 2 mse": 0.004219485798253229, "anchor 3 mse": 0.9088161940506517, "anchor 4 mse": 0.16063744440086622}
{"bot_id": "0000000000000b01", "x": 2.8316687401054974, "y": 1.9519485562715184, "z": 0.0, "MSE": 0.08556621157250155, "anchor 1 mse": 0.0035107426601915515, "anchor 2 mse": 0.0004292760115548449, "anchor 3 mse": 0.1653519142323658, "anchor 4 mse": 0.17297291338589396}
{"bot_id": "0000000000000b01", "x": 2.882136859564576, "y": 2.0449468679904266, "z": 0.0, "MSE": 0.07778434303953917, "anchor 1 mse": 0.00192809657488742, "anchor 2 mse": 0.0012417402140700031, "anchor 3 mse": 0.1853839591312671, "anchor 4 mse": 0.12258357623793216}
{"bot_id": "0000000000000b01", "x": 2.9531087672061602, "y": 1.844845492643788, "z": 0.0, "MSE": 0.07169273940135733, "anchor 1 mse": 0.012543430121122138, "anchor 2 mse": 0.00574542734997956, "anchor 3 mse": 0.025544915049307778, "anchor 4 mse": 0.24293718508501985}
{"bot_id": "0000000000000b01", "x": 2.862088988143052, "y": 2.0036069717632956, "z": 0.0, "MSE": 0.06598066718327912, "anchor 1 mse": 0.10478674733842468, "anchor 2 mse": 2.814378802120218e-05, "anchor 3 mse": 0.1180299114381789, "anchor 4 mse": 0.041077866168491725}
{"bot_id": "0000000000000b01", "x": 2.783228070316844, "y": 2.0967381393651454, "z": 0.0, "MSE": 0.06146106481110807, "anchor 1 mse": 0.09899412078243694, "anchor 2 mse": 0.0007073807852658772, "anchor 3 mse": 0.14084054481108618, "anchor 4 mse": 0.0053022128656432755}
{"bot_id": "0000000000000b01", "x": 2.787616391943254, "y": 1.9425852936577277, "z": 0.0, "MSE": 0.06841389353522845, "anchor 1 mse": 0.21875395562759578, "anchor 2 mse": 0.0009347248397248793, "anchor 3 mse": 0.044590610318297697, "anchor 4 mse": 0.009376283355295433}
{"bot_id": "0000000000000b01", "x": 2.770632085465137, "y": 1.7035688215630238, "z": 0.0, "MSE": 0.08419267296201033, "anchor 1 mse": 0.17012995143594783, "anchor 2 mse": 0.039259424839747974, "anchor 3 mse": 0.0005343609854785001, "anchor 4 mse": 0.12684695458686698}
{"bot_id": "0000000000000b01", "x": 2.746157150969109, "y": 1.760767364040026, "z": 0.0, "MSE": 0.10869622937750206, "anchor 1 mse": 0.17821815227990973, "anchor 2 mse": 0.11938629636371097, "anchor 3 mse": 0.0008556790957476785, "anchor 4 mse": 0.13632478977063991}
{"bot_id": "0000000000000b01", "x": 2.694619510900049, "y": 1.8777457517286014, "z": 0.0, "MSE": 0.10484352314042451, "anchor 1 mse": 0.28552154276654296, "anchor 2 mse": 0.04805515276367435, "anchor 3 mse": 0.0007050293458803832, "anchor 4 mse": 0.08509236768560037}
{"bot_id": "0000000000000b01", "x": 2.695906322115782, "y": 1.875005506898921, "z": 0.0, "MSE": 0.11261744989780051, "anchor 1 mse": 0.29575389743590463, "anchor 2 mse": 0.07911644474155759, "anchor 3 mse": 0.04156802632214217, "anchor 4 mse": 0.03403143109159765}
{"bot_id": "0000000000000b01", "x": 2.619621190684639, "y": 1.7701523800481949, "z": 0.0, "MSE": 0.13497833380778917, "anchor 1 mse": 0.20396256807100385, "anchor 2 mse": 0.08030907000115353, "anchor 3 mse": 0.07437082235646825, "anchor 4 mse": 0.18127087480253112}
{"bot_id": "0000000000000b01", "x": 2.015748678839137, "y": 1.8593176735770105, "z": 0, "MSE": 0.018298694400719906, "anchor 1 mse": 0.0010444169963800545, "anchor 2 mse": 0.03619990302885901, "anchor 3 mse": 0.012047827596520753, "anchor 4 mse": 0.0239026299811198}
{"bot_id": "0000000000000b01", "x": 1.9577889542950753, "y": 2.029453576617498, "z": 0.0, "MSE": 0.05229137013278358, "anchor 1 mse": 0.0728252799056114, "anchor 2 mse": 0.09440754188537209, "anchor 3 mse": 0.041308682007768105, "anchor 4 mse": 0.0006239767323827412}
{"bot_id": "0000000000000b01", "x": 1.9086542621414022, "y": 1.8700144152107117, "z": 0.0, "MSE": 0.031253333892190274, "anchor 1 mse": 0.040829027164759626, "anchor 2 mse": 0.014986997604853487, "anchor 3 mse": 0.027777841145449674, "anchor 4 mse": 0.04141946965369831}
{"bot_id": "0000000000000b01", "x": 2.0430374496778945, "y": 1.9499150294435543, "z": 0.0, "MSE": 0.0436397505893096, "anchor 1 mse": 0.14761848300432717, "anchor 2 mse": 0.00092949870490525, "anchor 3 mse": 0.009300455408535495, "anchor 4 mse": 0.016710565239470482}
{"bot_id": "0000000000000b01", "x": 2.0011635875523166, "y": 2.001378312285102, "z": 0.0, "MSE": 0.0751343513460074, "anchor 1 mse": 0.17658865009283947, "anchor 2 mse": 0.016097537080984912, "anchor 3 mse": 0.0651675452206015, "anchor 4 mse": 0.04268367298960371}
{"bot_id": "0000000000000b01", "x": 1.7886235166086744, "y": 1.891972622904159, "z": 0, "MSE": 0.07228551254033523, "anchor 1 mse": 0.10471715016099117, "anchor 2 mse": 0.0197470455547686, "anchor 3 mse": 0.10597134804632342, "anchor 4 mse": 0.058706506399257744}
{"bot_id": "0000000000000b01", "x": 1.5330098361403601, "y": 1.7446820723961127, "z": 0.0, "MSE": 0.03848353857769181, "anchor 1 mse": 0.002756892954096219, "anchor 2 mse": 0.053926483339460284, "anchor 3 mse": 0.002075407272917231, "anchor 4 mse": 0.09517537074429351}
{"bot_id": "0000000000000b01", "x": 1.559600649357764, "y": 1.7485692257433092, "z": 0, "MSE": 0.014576988457847342, "anchor 1 mse": 0.005335218212508723, "anchor 2 mse": 0.001020796222205544, "anchor 3 mse": 0.0034201495284851735, "anchor 4 mse": 0.04853178986818993}
{"bot_id": "0000000000000b01", "x": 1.6004790020682083, "y": 1.6752316090093553, "z": 0, "MSE": 0.057765636823056916, "anchor 1 mse": 0.021573800679217898, "anchor 2 mse": 0.0017898945795869487, "anchor 3 mse": 0.00163507110499774, "anchor 4 mse": 0.2060637809284251}
{"bot_id": "0000000000000b01", "x": 1.4799688825882715, "y": 1.8551704953267991, "z": 0, "MSE": 0.05462475392640266, "anchor 1 mse": 0.00028303894264619086, "anchor 2 mse": 0.0043157030024595375, "anchor 3 mse": 0.022597355334421188, "anchor 4 mse": 0.19130291842608374}
{"bot_id": "0000000000000b01", "x": 1.407143945828007, "y": 1.7231100373192396, "z": 0, "MSE": 0.04871594480477243, "anchor 1 mse": 0.0006415442739133096, "anchor 2 mse": 0.005794544923323866, "anchor 3 mse": 0.01071730016351887, "anchor 4 mse": 0.17771038985833368}
{"bot_id": "0000000000000b01", "x": 1.4603474902188835, "y": 1.8095626947203922, "z": 0, "MSE": 0.046332201625247246, "anchor 1 mse": 0.007280193537900966, "anchor 2 mse": 0.0026592774641689553, "anchor 3 mse": 0.02817091703278474, "anchor 4 mse": 0.14721841846613432}
{"bot_id": "0000000000000b01", "x": 1.7128875779290569, "y": 1.652968346232415, "z": 0, "MSE": 0.3739226143058134, "anchor 1 mse": 0.03254295109922958, "anchor 2 mse": 0.27952316380630565, "anchor 3 mse": 0.1556098086351704,