{"bot_id": "0000000000000b01", "x": 1.3698013235438864, "y": 1.37, "z": 0.0, "MSE": 3.7538000394723343, "anchor 1 mse": 3.753255665982583, "anchor 2 mse": 3.753255665982583, "anchor 3 mse": 3.754344412962086, "anchor 4 mse": 3.754344412962086}
{"bot_id": "0000000000000b01", "x": 2.8069352945710526, "y": 2.0410806702272324, "z": 0.0, "MSE": 0.08052486870742191, "anchor 1 mse": 0.01222699692761165, "anchor 2 mse": 0.013773052822776705, "anchor 3 mse": 0.21891431410036274, "anchor 4 mse": 0.07718511097893656}
{"bot_id": "0000000000000b01", "x": 2.790999378765664, "y": 2.0601873416555465, "z": 0.0, "MSE": 0.07336196507280658, "anchor 1 mse": 0.009803523387460778, "anchor 2 mse": 0.011535058254571467, "anchor 3 mse": 0.21001785017163274, "anchor 4 mse": 0.06209142847756134}
{"bot_id": "0000000000000b01", "x": 2.811664960599498, "y": 2.071141042992176, "z": 0.0, "MSE": 0.07245224546260651, "anchor 1 mse": 0.012576769803693983, "anchor 2 mse": 0.014369615809901466, "anchor 3 mse": 0.19124241879656986, "anchor 4 mse": 0.07162017744026072}
{"bot_id": "0000000000000b01", "x": 2.8308459569966153, "y": 2.0917958832927095, "z": 0.0, "MSE": 0.06804197739231273, "anchor 1 mse": 0.012065612751809224, "anchor 2 mse": 0.013430391655609778, "anchor 3 mse": 0.18101689202315707, "anchor 4 mse": 0.06565501313867483}
{"bot_id": "0000000000000b01", "x": 2.8502884289222914, "y": 2.094560977361403, "z": 0.0, "MSE": 0.08000327576937788, "anchor 1 mse": 0.007592651294744803, "anchor 2 mse": 0.007664353704577173, "anchor 3 mse": 0.2552331895726445, "anchor 4 mse": 0.04952290850554503}
{"bot_id": "0000000000000b01", "x": 2.7716570488427323, "y": 2.1119241952366576, "z": 0.0, "MSE": 0.10438614605420479, "anchor 1 mse": 0.010937241302229776, "anchor 2 mse": 0.013940695735311794, "anchor 3 mse": 0.32618592739678676, "anchor 4 mse": 0.06648071978249084}
{"bot_id": "0000000000000b01", "x": 2.8467458116359183, "y": 2.177798282459416, "z": 0.0, "MSE": 0.09727531528598594, "anchor 1 mse": 0.008880933013413332, "anchor 2 mse": 0.009657145488231655, "anchor 3 mse": 0.3223446491713019, "anchor 4 mse": 0.04821853347099684}
{"bot_id": "0000000000000b01", "x": 2.8043062073315044, "y": 2.0743708423482623, "z": 0.0, "MSE": 0.06871327488735755, "anchor 1 mse": 0.013957975313908341, "anchor 2 mse": 0.01632757981117424, "anchor 3 mse": 0.1691444575943929, "anchor 4 mse": 0.07542308682995473}
{"bot_id": "0000000000000b01", "x": 2.6838551418942482, "y": 1.9026673335300046, "z": 0.0, "MSE": 0.04760138763347348, "anchor 1 mse": 0.01436797115216084, "anchor 2 mse": 0.01919840326224272, "anchor 3 mse": 0.06289418509485763, "anchor 4 mse": 0.09394499102463273}
{"bot_id": "0000000000000b01", "x": 2.605660623394396, "y": 1.949227716327961, "z": 0.0, "MSE": 0.02817841887788719, "anchor 1 mse": 0.007067362119982663, "anchor 2 mse": 0.011446678228950133, "anchor 3 mse": 0.047479469313973975, "anchor 4 mse": 0.046720165848642005}
{"bot_id": "0000000000000b01", "x": 2.563627800431183, "y": 1.6890890587620675, "z": 0.0, "MSE": 0.04121771187135701, "anchor 1 mse": 0.01961410947804604, "anchor 2 mse": 0.025386678211405545, "anchor 3 mse": 0.003092278340915256, "anchor 4 mse": 0.11677778145506121}
{"bot_id": "0000000000000b01", "x": 2.399358837058648, "y": 1.7297477983859495, "z": 0.0, "MSE": 0.031672265259422065, "anchor 1 mse": 0.013891557194614927, "anchor 2 mse": 0.024533138419888297, "anchor 3 mse": 3.7650163686473976e-05, "anchor 4 mse": 0.08822671525949856}
{"bot_id": "0000000000000b01", "x": 2.2660609988129004, "y": 1.8654318997504316, "z": 0.0, "MSE": 0.01827136407304209, "anchor 1 mse": 0.009045844402727373, "anchor 2 mse": 0.019889080515972307, "anchor 3 mse": 0.002000762374159925, "anchor 4 mse": 0.04214976899930876}
{"bot_id": "0000000000000b01", "x": 2.2379404546887907, "y": 1.8274283303940806, "z": 0.0, "MSE": 0.03880529390577954, "anchor 1 mse": 0.01939568213980555, "anchor 2 mse": 0.03730687387785956, "anchor 3 mse": 0.022970958263222437, "anchor 4 mse": 0.07554766134223063}
{"bot_id": "0000000000000b01", "x": 2.2085708537829287, "y": 1.7700573644145163, "z": 0.0, "MSE": 0.018337800309492964, "anchor 1 mse": 0.008163351285350895, "anchor 2 mse": 0.01899654758921432, "anchor 3 mse": 0.0012950124207090931, "anchor 4 mse": 0.04489628994269755}
{"bot_id": "0000000000000b01", "x": 2.125207321961791, "y": 1.826774805457633, "z": 0.0, "MSE": 0.035956211231520506, "anchor 1 mse": 0.008543253654968426, "anchor 2 mse": 0.038764944746195976, "anchor 3 mse": 0.02223494328849463, "anchor 4 mse": 0.074281703236423}
{"bot_id": "0000000000000b01", "x": 2.060992282737505, "y": 1.845617822052177, "z": 0.0, "MSE": 0.01838434529883251, "anchor 1 mse": 0.0032018984751046088, "anchor 2 mse": 0.020538220879458287, "anchor 3 mse": 0.016146878207626707, "anchor 4 mse": 0.033650383633140435}
{"bot_id": "0000000000000b01", "x": 1.9721808389212157, "y": 1.7545744177667655, "z": 0.0, "MSE": 0.024407649907248214, "anchor 1 mse": 0.008046516770778913, "anchor 2 mse": 0.034347962892052414, "anchor 3 mse": 0.00011569781533468308, "anchor 4 mse": 0.055120422150826846}
{"bot_id": "0000000000000b01", "x": 1.7833690910433113, "y": 1.8119156161784056, "z": 0.0, "MSE": 0.022740694285773647, "anchor 1 mse": 0.005231676871256466, "anchor 2 mse": 0.04392822140423844, "anchor 3 mse": 0.0013802842505719174, "anchor 4 mse": 0.040422594617027754}
{"bot_id": "0000000000000b01", "x": 1.7843530983996871, "y": 1.8169756602882066, "z": 0.0, "MSE": 0.02192754307714522, "anchor 1 mse": 0.0113696291756123, "anchor 2 mse": 0.02281536498443858, "anchor 3 mse": 0.031905619017369824, "anchor 4 mse": 0.021619559131160183}
{"bot_id": "0000000000000b01", "x": 1.7526461947972884, "y": 1.830012951421529, "z": 0.0, "MSE": 0.04161053142390929, "anchor 1 mse": 0.01535448022337877, "anchor 2 mse": 0.08133758530865587, "anchor 3 mse": 0.0018264929934870503, "anchor 4 mse": 0.06792356717011547}
{"bot_id": "0000000000000b01", "x": 1.5332087691928868, "y": 1.7644566981533316, "z": 0.0, "MSE": 0.03667945137482685, "anchor 1 mse": 0.0033094564804275594, "anchor 2 mse": 0.09165484677677249, "anchor 3 mse": 0.002324899924630453, "anchor 4 mse": 0.04942860231747692}
{"bot_id": "0000000000000b01", "x": 1.462295509778376, "y": 1.8171148529479486, "z": 0.0, "MSE": 0.03950582987782456, "anchor 1 mse": 0.003897099185324299, "anchor 2 mse": 0.10944920374779153, "anchor 3 mse": 0.001145888294253154, "anchor 4 mse": 0.043531128283929264}
{"bot_id": "0000000000000b01", "x": 1.43723892030905, "y": 1.805371114825051, "z": 0.0, "MSE": 0.009898416019336177, "anchor 1 mse": 0.0014138058890476272, "anchor 2 mse": 0.027421475779646078, "anchor 3 mse": 1.1194021606407749e-05, "anchor 4 mse": 0.010747188387044597}
{"bot_id": "0000000000000b01", "x": 1.323263401437619, "y": 1.837943819249655, "z": 0.0, "MSE": 0.029571467952492186, "anchor 1 mse": 0.008976347170725343, "anchor 2 mse": 0.0775745743406684, "anchor 3 mse": 0.006326295787796563, "anchor 4 mse": 0.02540865451077844}
{"bot_id": "0000000000000b01", "x": 1.2520105938258872, "y": 2.082908049102156, "z": 0.0, "MSE": 0.04037091786850183, "anchor 1 mse": 0.0016187610696865762, "anchor 2 mse": 0.14140143357018917, "anchor 3 mse": 0.00401742650492569, "anchor 4 mse": 0.01444605032920586}
{"bot_id": "0000000000000b01", "x": 1.1603778419332742, "y": 1.9552779213795408, "z": 0.0, "MSE": 0.018865810162858196, "anchor 1 mse": 0.0005604065035306554, "anchor 2 mse": 0.06718004437718798, "anchor 3 mse": 0.00026239901087786384, "anchor 4 mse": 0.00746039075983627}
{"bot_id": "0000000000000b01", "x": 1.173706059330363, "y": 1.9525281216540316, "z": 0.0, "MSE": 0.02048128981400182, "anchor 1 mse": 0.001455163903120653, "anchor 2 mse": 0.07107587822761753, "anchor 3 mse": 9.661451294297628e-06, "anchor 4 mse": 0.009384455673974787}
{"bot_id": "0000000000000b01", "x": 0.856241267644335, "y": 2.132765478993365, "z": 0.0, "MSE": 0.05836677509061562, "anchor 1 mse": 0.009648131228880362, "anchor 2 mse": 0.20276460686893902,