{"bot_id": "0000000000000b01", "x": 0.0, "y": 5.551115123125783e-17, "z": 0.0, "MSE": 50.808433760000014, "anchor 1 mse": 3.0814879110195774e-33, "anchor 2 mse": 7.507600000000001, "anchor 3 mse": 15.015200000000002, "anchor 4 mse": 7.507600000000001}
{"bot_id": "0000000000000b01", "x": -1.2802412905230651, "y": 2.916136220305724, "z": -0.04093816146304795, "MSE": 24.18532888736093, "anchor 1 mse": 0.030607466911669677, "anchor 2 mse": 2.948263410807388, "anchor 3 mse": 8.147063559816301, "anchor 4 mse": 7.004891681988505}
{"bot_id": "0000000000000b01", "x": -1.2201646835077606, "y": 2.911359797326424, "z": -0.06984012876580128, "MSE": 24.048869579941936, "anchor 1 mse": 0.04516371269951547, "anchor 2 mse": 3.0481089932257497, "anchor 3 mse": 7.977718955633193, "anchor 4 mse": 6.789508878761452}
{"bot_id": "0000000000000b01", "x": -1.208511337618785, "y": 2.9435740417014595, "z": -0.07972067431620955, "MSE": 25.387198966766604, "anchor 1 mse": 0.03880936032922221, "anchor 2 mse": 3.175069209780036, "anchor 3 mse": 8.091517828776299, "anchor 4 mse": 6.6854270698680445}
{"bot_id": "0000000000000b01", "x": -1.1802280558065357, "y": 2.957651918900099, "z": -0.09857966268291057, "MSE": 26.868399794644667, "anchor 1 mse": 0.05019251762428206, "anchor 2 mse": 3.297233789835882, "anchor 3 mse": 8.10827224909383, "anchor 4 mse": 6.562731405627213}
{"bot_id": "0000000000000b01", "x": -1.2771923243747958, "y": 2.9332585406139318, "z": -0.04428947671830972, "MSE": 27.279327115484868, "anchor 1 mse": 0.06271993814183344, "anchor 2 mse": 2.949840261764409, "anchor 3 mse": 8.19151407034802, "anchor 4 mse": 7.045383677303606}
{"bot_id": "0000000000000b01", "x": -1.2943702996864905, "y": 2.8593470022174463, "z": -0.03329755978525402, "MSE": 24.488084404989408, "anchor 1 mse": 0.058154155560084596, "anchor 2 mse": 2.754646444903156, "anchor 3 mse": 8.044442014096871, "anchor 4 mse": 6.630673282760586}
{"bot_id": "0000000000000b01", "x": -1.2629397289383468, "y": 2.9441531492849182, "z": -0.053515324946352666, "MSE": 29.647757472323917, "anchor 1 mse": 0.08176900779475724, "anchor 2 mse": 2.956842862736126, "anchor 3 mse": 8.22828983260277, "anchor 4 mse": 6.601553583812674}
{"bot_id": "0000000000000b01", "x": -1.1637510851789465, "y": 2.9375199025843575, "z": -0.10500584744381097, "MSE": 25.324448906836082, "anchor 1 mse": 0.043519500530367794, "anchor 2 mse": 3.330421827356355, "anchor 3 mse": 8.009777867541695, "anchor 4 mse": 6.434579579889045}
{"bot_id": "0000000000000b01", "x": -1.0112403374656527, "y": 2.7835855069363635, "z": -0.15317413470070584, "MSE": 16.79135787591722, "anchor 1 mse": 0.04180457288682434, "anchor 2 mse": 3.710617874430073, "anchor 3 mse": 7.100196009286245, "anchor 4 mse": 6.069893055175377}
{"bot_id": "0000000000000b01", "x": -0.6842618931530062, "y": 2.473018874977606, "z": -0.3018956911208059, "MSE": 15.661315456489705, "anchor 1 mse": 0.3438221226761634, "anchor 2 mse": 4.144787650820987, "anchor 3 mse": 5.894680828579527, "anchor 4 mse": 4.262912363797347}
