{"bot_id": "0000000000000b01", "x": 0.010563584994045023, "y": 1.3971776708438173, "z": 0.05304910825086498, "MSE": 5.60542020012295, "anchor 1 mse": 1.9550312411186923, "anchor 2 mse": 1.8060976048945747, "anchor 3 mse": 9.255809159127207, "anchor 4 mse": 9.404742795351325}
{"bot_id": "0000000000000b01", "x": 1.3422140272770973, "y": 1.3701369135393104, "z": 0.0, "MSE": 1.0058100111258852, "anchor 1 mse": 2.079296594702725, "anchor 2 mse": 1.1928401712792707, "anchor 3 mse": 0.6195626428926956, "anchor 4 mse": 0.13154063562884954}
{"bot_id": "0000000000000b01", "x": 2.99585805082048, "y": 2.258922932168758, "z": 0.06483343026550646, "MSE": 0.12507203017677632, "anchor 1 mse": 0.14639243452434275, "anchor 2 mse": 0.0030173750285148295, "anchor 3 mse": 0.34960317810657143, "anchor 4 mse": 0.0012751330476762526}
{"bot_id": "0000000000000b01", "x": 3.0380458976110987, "y": 2.3186231081087127, "z": 0.12123419672447253, "MSE": 0.13414488990455872, "anchor 1 mse": 0.19684091708275428, "anchor 2 mse": 0.0035431357588028567, "anchor 3 mse": 0.3361947974759481, "anchor 4 mse": 7.09300729582918e-07}
{"bot_id": "0000000000000b01", "x": 3.0230544371841326, "y": 2.331961910307701, "z": 0.08772657371594098, "MSE": 0.12492756274114283, "anchor 1 mse": 0.16726380429970508, "anchor 2 mse": 0.0010067219043262327, "anchor 3 mse": 0.3314392131990665, "anchor 4 mse": 5.115614735046306e-07}
{"bot_id": "0000000000000b01", "x": 2.955227610021183, "y": 2.3956408619598095, "z": 0.21451258257534062, "MSE": 0.15764607432258146, "anchor 1 mse": 0.12982506616222111, "anchor 2 mse": 0.0007318984901360896, "anchor 3 mse": 0.4910334341358807, "anchor 4 mse": 0.008993898502087934}
{"bot_id": "0000000000000b01", "x": 3.018942266377667, "y": 2.3607229654033604, "z": 0.18793299359910837, "MSE": 0.17430169056562508, "anchor 1 mse": 0.2088222188159436, "anchor 2 mse": 0.00782731660817146, "anchor 3 mse": 0.4803451469902449, "anchor 4 mse": 0.00021207984814037106}
{"bot_id": "0000000000000b01", "x": 2.65257833413007, "y": 2.15525114315882, "z": 0.30711332240187306, "MSE": 0.08694376115847759, "anchor 1 mse": 0.003415338030058952, "anchor 2 mse": 0.07098331799200115, "anchor 3 mse": 0.2244367134662006, "anchor 4 mse": 0.04893967514564967}
{"bot_id": "0000000000000b01", "x": 2.6782880511701035, "y": 2.281858987978397, "z": 0.311858859744907, "MSE": 0.09423779126620359, "anchor 1 mse": 0.026351398638977633, "anchor 2 mse": 0.0756098159785591, "anchor 3 mse": 0.2728645312231327, "anchor 4 mse": 0.002125419224144964}
{"bot_id": "0000000000000b01", "x": 2.6746179015994618, "y": 2.1315407846646632, "z": 0.2160674136697322, "MSE": 0.07608661319550179, "anchor 1 mse": 0.06600424863026938, "anchor 2 mse": 0.03942126823805533, "anchor 3 mse": 0.1944935285660715, "anchor 4 mse": 0.004427407347611007}
{"bot_id": "0000000000000b01", "x": 2.7273451686530636, "y": 2.239133385897395, "z": 0.08471036677029062, "MSE": 0.09988945057517855, "anchor 1 mse": 0.1294374680616599, "anchor 2 mse": 0.0031082269270658936, "anchor 3 mse": 0.26200358435486515, "anchor 4 mse": 0.0050085229571232084}
{"bot_id": "0000000000000b01", "x": 2.6757235247460245, "y": 2.0267159094336775, "z": 0.4661812733419465, "MSE": 0.06280716142443868, "anchor 1 mse": 0.21055610652457085, "anchor 2 mse": 0.01485223364825732, "anchor 3 mse": 0.02416926206769977, "anchor 4 mse": 0.0016510434572267851}
{"bot_id": "0000000000000b01", "x": 2.687256563074308, "y": 2.148081626921619, "z": 0.04074542178664789, "MSE": 0.14606443355255747, "anchor 1 mse": 0.3606390771629443, "anchor 2 mse": 6.43744267857451e-05, "anchor 3 mse": 0.21561273917741888, "anchor 4 mse": 0.007941543443080979}
{"bot_id": "0000000000000b01", "x": 2.6562844720399883, "y": 2.2077479622578484, "z": 0.11501419382008984, "MSE": 0.1413474471680386, "anchor 1 mse": 0.3793295514929653, "anchor 2 mse": 0.020029318695559843, "anchor 3 mse": 0.15925330024150758, "anchor 4 mse": 0.006777618242121666}
{"bot_id": "0000000000000b01", "x": 2.67011303207435, "y": 2.189966331673765, "z": 0.06910831458054756, "MSE": 0.15489042667105823, "anchor 1 mse": 0.4956396633203352, "anchor 2 mse": 0.013701341913334632, "anchor 3 mse": 0.10972915844405062, "anchor 4 mse": 0.0004915430065124142}
{"bot_id": "0000000000000b01", "x": 2.7471587298850726, "y": 2.161742511877554, "z": 0.24415847562575116, "MSE": 0.21619727324263222, "anchor 1 mse": 0.5840468916673098, "anchor 2 mse": 0.07180043248813438, "anchor 3 mse": 0.19560178181236737, "anchor 4 mse": 0.013339987002717345}
{"bot_id": "0000000000000b01", "x": 2.416652783289478, "y": 1.8828262529850672, "z": 0.36908926821206434, "MSE": 0.07027620238744225, "anchor 1 mse": 0.1411416959642669, "anchor 2 mse": 0.006495614424423633, "anchor 3 mse": 0.06880770281320255, "anchor 4 mse": 0.06465979634787596}
{"bot_id": "0000000000000b01", "x": 2.219879071131568, "y": 2.1083399570566783, "z": 0.24240955834160538, "MSE": 0.07343195312780013, "anchor 1 mse": 0.13040116427136872, "anchor 2 mse": 0.0048033439554868405, "anchor 3 mse": 0.15729573123081844, "anchor 4 mse": 0.00122757305352649}
{"bot_id": "0000000000000b01", "x": 2.0554001111760667, "y": 1.8936970902014572, "z": 0.09495019327968118, "MSE": 0.03349291624947828, "anchor 1 mse": 0.060705987395975776, "anchor 2 mse": 0.027277770238877123, "anchor 3 mse": 0.028000334538938822, "anchor 4 mse": 0.017987572824121407}
{"bot_id": "0000000000000b01", "x": 2.0167156823505863, "y": 1.9875688661550643, "z": 0.20450906346122205, "MSE": 0.06224745850275651, "anchor 1 mse": 0.1360927831419088, "anchor 2 mse": 0.0033405761159310903, "anchor 3 mse": 0.09391789274140434, "anchor 4 mse": 0.015638582011781806}
{"bot_id": "0000000000000b01", "x": 2.012813776104924, "y": 1.8931277475046884, "z": 0.3821571104453382, "MSE": 0.03621817607058323, "anchor 1 mse": 0.12216099677907431, "anchor 2 mse": 0.0032378758172546688, "anchor 3 mse": 0.0008907809237010709, "anchor 4 mse": 0.018583050762302884}
{"bot_id": "0000000000000b01", "x": 2.023149840710458, "y": 1.8992576942055726, "z": 0.3666402850556465, "MSE": 0.06203081373808811, "anchor 1 mse": 0.15136813978616329, "anchor 2 mse": 0.0014936106039122453, "anchor 3 mse": 0.018466701200463505, "anchor 4 mse": 0.07679480336181342}
{"bot_id": "0000000000000b01", "x": 2.054597623718105, "y": 1.9420246038102036, "z": 0.43328870976876765, "MSE": 0.15789422511438794, "anchor 1 mse": 0.33659674903178355, "anchor 2 mse": 0.015952339095089727, "anchor 3 mse": 0.21375421949424978, "anchor 4 mse": 0.06527359283642875}
{"bot_id": "0000000000000b01", "x": 2.039521277151904, "y": 1.9679398606612504, "z": 0.4058773610266106, "MSE": 0.17734305263229996, "anchor 1 mse": 0.35173222011920163, "anchor 2 mse": 0.025030741232265133, "anchor 3 mse": 0.24137830653839118, "anchor 4 mse": 0.09123094263934196}
{"bot_id": "0000000000000b01", "x": 1.6976211247158837, "y": 1.6890712721189183, "z": 0.12864806479743013, "MSE": 0.040087524005269756, "anchor 1 mse": 0.016438785965463477, "anchor 2 mse": 0.014575640324570815, "anchor 3 mse": 0.013045206971914686, "anchor 4 mse": 0.11629046275913003}
{"bot_id": "0000000000000b01", "x": 1.57459868820433, "y": 1.7619897658012456, "z": 0.075953276285236, "MSE": 0.0445684124271334, "anchor 1 mse": 0.03773797600811918, "anchor 2 mse": 0.0006168204650019494, "anchor 3 mse": 0.00588338114096007, "anchor 4 mse": 0.1340354720944524}
{"bot_id": "0000000000000b01", "x": 1.6718756751122352, "y": 1.80752274613937, "z": 0.5478628219082773, "MSE": 0.0867890252988935, "anchor 1 mse": 0.017527590269517775, "anchor 2 mse": 0.04047722993674764, "anchor 3 mse": 0.028882435479802394, "anchor 4 mse": 0.2602688455095062}
{"bot_id": "0000000000000b01", "x": 1.5695112403003497, "y": 1.8263196046359433, "z": 0.3794530503096989, "MSE": 0.07322533094588082, "anchor 1 mse": 0.03526303235631394, "anchor 2 mse": 0.038144608598871706, "anchor 3 mse": 0.06121036648327305, "anchor 4 mse": 0.1582833163450646}
{"bot_id": "0000000000000b01", "x": 1.4354793013669689, "y": 1.6710682297036743,