{"bot_id": "0000000000000b01", "x": 0.0, "y": 1.37, "z": 0, "MSE": 1, "anchor 1 mse": 1.8769000000000002, "anchor 2 mse": 1.8769000000000002, "anchor 3 mse": 9.384500000000001, "anchor 4 mse": 9.384500000000001}
{"bot_id": "0000000000000b01", "x": -0.03154720701226271, "y": 1.297018333369617, "z": 0, "MSE": 1, "anchor 1 mse": 4.254310773885818, "anchor 2 mse": 2.4544659306081775, "anchor 3 mse": 3.820801995473094, "anchor 4 mse": 0.5476315537981565}
{"bot_id": "0000000000000b01", "x": 2.865941428770693, "y": 2.504690186739336, "z": 0.0, "MSE": 1, "anchor 1 mse": 0.19026296393630618, "anchor 2 mse": 0.010902423628936708, "anchor 3 mse": 0.7623155774686946, "anchor 4 mse": 0.03914640173902592}
{"bot_id": "0000000000000b01", "x": 2.202884122604885, "y": 2.4271851103558753, "z": 0.0, "MSE": 1, "anchor 1 mse": 0.010446299950577186, "anchor 2 mse": 0.6162508920290077, "anchor 3 mse": 0.2385659425386048, "anchor 4 mse": 0.021288113879841288}
{"bot_id": "0000000000000b01", "x": 2.7712324734790075, "y": 1.398578218921349, "z": 0, "MSE": 1, "anchor 1 mse": 0.09354390385568648, "anchor 2 mse": 0.003459968632119274, "anchor 3 mse": 0.06853155712020478, "anchor 4 mse": 0.9045400209457719}
{"bot_id": "0000000000000b01", "x": 2.885417414314779, "y": 2.416991842867874, "z": 0, "MSE": 1, "anchor 1 mse": 0.0985782504991874, "anchor 2 mse": 0.011354883462689142, "anchor 3 mse": 0.6492616509721513, "anchor 4 mse": 0.010274332815887162}
{"bot_id": "0000000000000b01", "x": 2.3205588685028573, "y": 2.372470646618372, "z": 0.0, "MSE": 1, "anchor 1 mse": 0.0037606322686991687, "anchor 2 mse": 0.3727307680968186, "anchor 3 mse": 0.4125730174956318, "anchor 4 mse": 0.0015415771178576858}
{"bot_id": "0000000000000b01", "x": 2.6511395938965108, "y": 2.69654770241677, "z": 0.0, "MSE": 1, "anchor 1 mse": 0.08498523230468752, "anchor 2 mse": 0.12145527322546519, "anchor 3 mse": 1.0838569593174476, "anchor 4 mse": 0.08881081315858554}
{"bot_id": "0000000000000b01", "x": 1.4329823056319544, "y": 2.598623665843323, "z": 0.0, "MSE": 1, "anchor 1 mse": 0.16197546296316662, "anchor 2 mse": 2.4650901999617134, "anchor 3 mse": 0.055056677737646095, "anchor 4 mse": 0.3122618142960394}
{"bot_id": "0000000000000b01", "x": 1.731960591989944, "y": 3.0058383719607082, "z": 0, "MSE": 1, "anchor 1 mse": 0.0894691734044469, "anchor 2 mse": 1.4346204631410788, "anchor 3 mse": 0.0022559202187115036, "anchor 4 mse": 0.9222989743150588}
{"bot_id": "0000000000000b01", "x": 2.0126260168886514, "y": 2.5137432552913244, "z": 0.0, "MSE": 1, "anchor 1 mse": 0.0025181789597083343, "anchor 2 mse": 0.6475359281698947, "anchor 3 mse": 0.06669239688901765, "anchor 4 mse": 0.19968758311700027}
{"bot_id": "0000000000000b01", "x": 2.0861280548253083, "y": 2.6726055439190755, "z": 0.0, "MSE": 1, "anchor 1 mse": 0.21195980792246452, "anchor 2 mse": 0.710284207165278, "anchor 3 mse": 0.12437194169364206, "anchor 4 mse": 0.5061331282073519}
{"bot_id": "0000000000000b01", "x": 0.8261485312898231, "y": 2.7437788879012457, "z": 0.0, "MSE": 1, "anchor 1 mse": 0.0006480602935189376, "anchor 2 mse": 3.739748076620997, "anchor 3 mse": 0.7290687015457413, "anchor 4 mse": 1.6520414039904237}
{"bot_id": "0000000000000b01", "x": 2.0685169394179534, "y": 2.3914641181084737, "z": 0.0, "MSE": 1, "anchor 1 mse": 0.10364520000616231, "anchor 2 mse": 0.22309108936048497, "anchor 3 mse": 0.037423194225375656, "anchor 4 mse": 0.12527811260590796}
{"bot_id": "0000000000000b01", "x": 2.0716712334039165, "y": 2.0565815971436883, "z": 0.0, "MSE": 1, "anchor 1 mse": 0.028606672374348847, "anchor 2 mse": 0.18362400374021146, "anchor 3 mse": 0.004341379159569855, "anchor 4 mse": 5.699829827051694e-05}
{"bot_id": "0000000000000b01", "x": 2.0136822621222485, "y": 2.21681242400556, "z": 0.0, "MSE": 1, "anchor 1 mse": 0.0649525266258883, "anchor 2 mse": 0.22039386475308015, "anchor 3 mse": 0.03057854420069937, "anchor 4 mse": 0.07440100648348837}
{"bot_id": "0000000000000b01", "x": 1.5269988038218736, "y": 2.0462278681785713, "z": 0.0, "MSE": 1, "anchor 1 mse": 0.024589704113438964, "anchor 2 mse": 0.6935333579669777, "anchor 3 mse": 0.021723059088969387, "anchor 4 mse": 0.03194922013058629}
{"bot_id": "0000000000000b01", "x": 1.7961403377364085, "y": 2.530258193494217, "z": 0.0, "MSE": 1, "anchor 1 mse": 0.1544132402756272, "anchor 2 mse": 0.33832250711239636, "anchor 3 mse": 0.08015524981562772, "anchor 4 mse": 0.3031271746246939}
{"bot_id": "0000000000000b01", "x": 1.752218128559199, "y": 1.8211679049508243, "z": 0.0, "MSE": 1, "anchor 1 mse": 0.000518207727284651, "anchor 2 mse": 0.16932007499248009, "anchor 3 mse": 0.007931852658088835, "anchor 4 mse": 0.006114850343742879}
{"bot_id": "0000000000000b01", "x": 2.2081111651890937, "y": 2.0399004216113323, "z": 0, "MSE": 1, "anchor 1 mse": 0.28745875322815917, "anchor 2 mse": 0.00930067626003649, "anchor 3 mse": 0.24085532722280412, "anchor 4 mse": 0.02013467756228881}
{"bot_id": "0000000000000b01", "x": 2.1213608795627192, "y": 2.3586523580723195, "z": 0.0, "MSE": 1, "anchor 1 mse": 0.5362461241375206, "anchor 2 mse": 2.1483822575088885e-05, "anchor 3 mse": 0.17915522583451632, "anchor 4 mse": 0.05685027711458897}
{"bot_id": "0000000000000b01", "x": 1.7193885622515062, "y": 1.9699084729415333, "z": 0, "MSE": 1, "anchor 1 mse": 0.04191620877818353, "anchor 2 mse": 0.141399553455757, "anchor 3 mse": 0.0004601265849470331, "anchor 4 mse": 0.014737897695161416}
{"bot_id": "0000000000000b01", "x": 1.5276798500402282, "y": 2.297791413305789, "z": 0.0, "MSE": 1, "anchor 1 mse": 0.22971365822791873, "anchor 2 mse": 0.28048215455092135, "anchor 3 mse": 0.09581943277873671, "anchor 4 mse": 0.05664047540175144}
{"bot_id": "0000000000000b01", "x": 1.0178723961290819, "y": 2.1528667690003114, "z": 0.0, "MSE": 1, "anchor 1 mse": 0.012402176162239043, "anchor 2 mse": 0.7831009988309394, "anchor 3 mse": 0.04387512903595998, "anchor 4 mse": 0.10687086680243045}
{"bot_id": "0000000000000b01", "x": 1.6507421252607228, "y": 1.8997707080643065, "z": 0.0, "MSE": 1, "anchor 1 mse": 0.060890243632771734, "anchor 2 mse": 0.0007684937511185589, "anchor 3 mse": 0.05032394371303489, "anchor 4 mse": 0.019631244046843244}
{"bot_id": "0000000000000b01", "x": 1.561907797908156, "y": 2.095101056288453, "z": 0.0, "MSE": 1, "anchor 1 mse": 0.19645849321505146, "anchor 2 mse": 0.03617304864910484, "anchor 3 mse": 0.06602089541136688, "anchor 4 mse": 0.0058351574935938365}
{"bot_id": "0000000000000b01", "x": 1.0374059525354842, "y": 2.0628922456674763, "z": 0.0, "MSE": 1, "anchor 1 mse": 0.0065520742855513375, "anchor 2 mse": 0.3037944853981907, "anchor 3 mse": 0.020247590124455483, "anchor 4 mse": 2.7438306523226306e-05}
{"bot_id": "0000000000000b01", "x": 1.9294761895871086, "y": 2.0608407093424743, "z": 0.0, "MSE": 1, "anchor 1 mse": 0.3284535948966578, "anchor 2 mse": 0.1486225866355802, "anchor 3 mse": 0.5220746167294451, "anchor 4 mse": 0.14860972314252469}
{"bot_id": "0000000000000b01", "x": 1.2001749369340968, "y": 1.5436419634192369, "z": 0.0, "MSE": 1, "anchor 1 mse": 0.08104647503341265, "anchor 2 mse": 0.00021336053987403442, "anchor 3 mse": 0.03998295307002546, "anchor 4 mse": 0.17611274089844312}
{"bot_id": "0000000000000b01", "x": 1.0996744659606392, "y": 1.3829198860259715, "z": 0.0, "MSE": 1, "anchor 1 mse": 0.18762078083239217, "anchor 2 mse": 0.060859403738746376, "anchor 3 mse": 0.057086573941167194, "anchor 4 mse": 0.6634235300718803}
{"bot_id": "0000000000000b01", "x": -1.0456738507353087, "y": 1.9007198280112783, "z": 0, "MSE": 1, "anchor 1 mse": 0.003675899925780754, "anchor 2 mse": 0.01983308052948183, "anchor 3 mse": 3.3036397375903586, "anchor 4 mse": 0.7157891714566825}
{"bot_id": "0000000000000b01", "x": 0.6395340294200573, "y": 2.0634537376937225, "z": 0, "MSE": 1, "anchor 1 mse": 0.043979039512661015, "anchor 2 mse": 0.0009595893457387177, "anchor 3 mse": 0.018696012757280896, "anchor 4 mse": 0.48378677442811546}
{"bot_id": "0000000000000b01", "x": 1.1785165154186832, "y": 2.6576534030341756,