{"bot_id": "0000000000000b01", "x": 0.0, "y": 5.551115123125783e-17, "z": 0.0, "MSE": 50.808433760000014, "anchor 1 mse": 3.0814879110195774e-33, "anchor 2 mse": 7.507600000000001, "anchor 3 mse": 15.015200000000002, "anchor 4 mse": 7.507600000000001}
{"bot_id": "0000000000000b01", "x": -1.2802412905230651, "y": 2.916136220305724, "z": -0.04093816146304795, "MSE": 24.18532888736093, "anchor 1 mse": 0.030607466911669677, "anchor 2 mse": 2.948263410807388, "anchor 3 mse": 8.147063559816301, "anchor 4 mse": 7.004891681988505}
{"bot_id": "0000000000000b01", "x": -1.2201646835077606, "y": 2.911359797326424, "z": -0.06984012876580128, "MSE": 24.048869579941936, "anchor 1 mse": 0.04516371269951547, "anchor 2 mse": 3.0481089932257497, "anchor 3 mse": 7.977718955633193, "anchor 4 mse": 6.789508878761452}
{"bot_id": "0000000000000b01", "x": -1.208511337618785, "y": 2.9435740417014595, "z": -0.07972067431620955, "MSE": 25.387198966766604, "anchor 1 mse": 0.03880936032922221, "anchor 2 mse": 3.175069209780036, "anchor 3 mse": 8.091517828776299, "anchor 4 mse": 6.6854270698680445}
{"bot_id": "0000000000000b01", "x": -1.1802280558065357, "y": 2.957651918900099, "z": -0.09857966268291057, "MSE": 26.868399794644667, "anchor 1 mse": 0.05019251762428206, "anchor 2 mse": 3.297233789835882, "anchor 3 mse": 8.10827224909383, "anchor 4 mse": 6.562731405627213}
{"bot_id": "0000000000000b01", "x": -1.2771923243747958, "y": 2.9332585406139318, "z": -0.04428947671830972, "MSE": 27.279327115484868, "anchor 1 mse": 0.06271993814183344, "anchor 2 mse": 2.949840261764409, "anchor 3 mse": 8.19151407034802, "anchor 4 mse": 7.045383677303606}
{"bot_id": "0000000000000b01", "x": -1.2943702996864905, "y": 2.8593470022174463, "z": -0.03329755978525402, "MSE": 24.488084404989408, "anchor 1 mse": 0.058154155560084596, "anchor 2 mse": 2.754646444903156, "anchor 3 mse": 8.044442014096871, "anchor 4 mse": 6.630673282760586}
{"bot_id": "0000000000000b01", "x": -1.2629397289383468, "y": 2.9441531492849182, "z": -0.053515324946352666, "MSE": 29.647757472323917, "anchor 1 mse": 0.08176900779475724, "anchor 2 mse": 2.956842862736126, "anchor 3 mse": 8.22828983260277, "anchor 4 mse": 6.601553583812674}
{"bot_id": "0000000000000b01", "x": -1.1637510851789465, "y": 2.9375199025843575, "z": -0.10500584744381097, "MSE": 25.324448906836082, "anchor 1 mse": 0.043519500530367794, "anchor 2 mse": 3.330421827356355, "anchor 3 mse": 8.009777867541695, "anchor 4 mse": 6.434579579889045}
{"bot_id": "0000000000000b01", "x": -1.0112403374656527, "y": 2.7835855069363635, "z": -0.15317413470070584, "MSE": 16.79135787591722, "anchor 1 mse": 0.04180457288682434, "anchor 2 mse": 3.710617874430073, "anchor 3 mse": 7.100196009286245, "anchor 4 mse": 6.069893055175377}
{"bot_id": "0000000000000b01", "x": -0.6842618931530062, "y": 2.473018874977606, "z": -0.3018956911208059, "MSE": 15.661315456489705, "anchor 1 mse": 0.3438221226761634, "anchor 2 mse": 4.144787650820987, "anchor 3 mse": 5.894680828579527, "anchor 4 mse": 4.262912363797347}
{"bot_id": "0000000000000b01", "x": -0.4950231411636993, "y": 2.3077786176677035, "z": -0.3153928842996111, "MSE": 10.114630743246817, "anchor 1 mse": 0.3011239890176363, "anchor 2 mse": 4.84471832386932, "anchor 3 mse": 5.148237633249133, "anchor 4 mse": 3.7881334197723935}
{"bot_id": "0000000000000b01", "x": -0.10022582813977415, "y": 2.0887722629913403, "z": -0.29859487900918524, "MSE": 7.674431453014195, "anchor 1 mse": 0.5294224526320903, "anchor 2 mse": 4.147756103295946, "anchor 3 mse": 3.4938617901223696, "anchor 4 mse": 2.185138736292638}
{"bot_id": "0000000000000b01", "x": 0.524992969232051, "y": 1.238858924058899, "z": -0.3131524119840837, "MSE": 7.96022109596956, "anchor 1 mse": 2.1273159650015097, "anchor 2 mse": 0.9009139140703406, "anchor 3 mse": 3.0416066336727137, "anchor 4 mse": 0.1824697995752246}
{"bot_id": "0000000000000b01", "x": 0.8894920758712527, "y": 1.51141851105397, "z": -0.21223828279145707, "MSE": 7.404174082539917, "anchor 1 mse": 0.9672138441795075, "anchor 2 mse": 1.1630485480187946, "anchor 3 mse": 1.7991683161694483, "anchor 4 mse": 0.05230835157165176}
{"bot_id": "0000000000000b01", "x": 0.91463418562105, "y": 1.8000257495498198, "z": -0.14663229545504902, "MSE": 5.991544147434212, "anchor 1 mse": 0.5120995984618736, "anchor 2 mse": 1.5136378801614954, "anchor 3 mse": 0.9769357210163467, "anchor 4 mse": 0.25785238504443025}
{"bot_id": "0000000000000b01", "x": 1.2939112053228674, "y": 1.8486097434998832, "z": -0.010924718934625894, "MSE": 5.281141659116573, "anchor 1 mse": 0.20568409858308012, "anchor 2 mse": 0.8812064056643363, "anchor 3 mse": 0.2014075178023534, "anchor 4 mse": 0.021624105539071067}
{"bot_id": "0000000000000b01", "x": 1.3623266569518409, "y": 1.6089636436540005, "z": -0.0013658703866318849, "MSE": 4.87347265598812, "anchor 1 mse": 0.3621082772786878, "anchor 2 mse": 0.38360225682695054, "anchor 3 mse": 0.28353315644668625, "anchor 4 mse": 0.001011563215399774}
{"bot_id": "0000000000000b01", "x": 0.6209292297705808, "y": 0.7962254440465526, "z": -0.15231770558918406, "MSE": 3.755761149256682, "anchor 1 mse": 2.337410129815447, "anchor 2 mse": 0.11818518775349655, "anchor 3 mse": 2.623005720630554, "anchor 4 mse": 0.01412303070707438}
{"bot_id": "0000000000000b01", "x": -0.8699287718809576, "y": 0.901505449097085, "z": -0.14931409171824878, "MSE": 3.1285183802773417, "anchor 1 mse": 1.4600885386858276, "anchor 2 mse": 0.03261807624424836, "anchor 3 mse": 7.203211586493521, "anchor 4 mse": 2.172049264934254}
{"bot_id": "0000000000000b01", "x": -0.5317120980636207, "y": -0.5548025037260282, "z": -0.5162125257587183, "MSE": 3.2970330469791107, "anchor 1 mse": 2.292976154465894, "anchor 2 mse": 1.4813728668447457, "anchor 3 mse": 12.403515275936213, "anchor 4 mse": 1.3417286833196416}
{"bot_id": "0000000000000b01", "x": -0.9771310531381855, "y": 0.679454378590273, "z": -0.16136316877937507, "MSE": 3.406087015777217, "anchor 1 mse": 1.4616000467325174, "anchor 2 mse": 0.0006859929593376406, "anchor 3 mse": 8.720862091212775, "anchor 4 mse": 2.0798351223426494}
{"bot_id": "0000000000000b01", "x": -0.46872228093697915, "y": 0.36724235950124384, "z": -0.09971750421637723, "MSE": 1.2505014265982215, "anchor 1 mse": 2.8098222656501934, "anchor 2 mse": 0.09039993105878098, "anchor 3 mse": 5.721518441522867, "anchor 4 mse": 0.7590044761382744}
{"bot_id": "0000000000000b01", "x": 0.9297367980986181, "y": -1.545342669565745, "z": -0.028750150199682002, "MSE": 1.1727388099221736, "anchor 1 mse": 0.21743895743599487, "anchor 2 mse": 5.40624741938729, "anchor 3 mse": 9.254376867702764, "anchor 4 mse": 0.002467265638174292}
{"bot_id": "0000000000000b01", "x": 0.16339431846382996, "y": -0.8559090321138467, "z": -0.2858068670304412, "MSE": 1.0512493120276436, "anchor 1 mse": 1.8304990233341158, "anchor 2 mse": 2.996180775973545, "anchor 3 mse": 8.025668630214744, "anchor 4 mse": 0.16003848909916815}
{"bot_id": "0000000000000b01", "x": -0.7697132061874623, "y": -0.7379395608013266, "z": -0.5617918231044806, "MSE": 1.0550604382764792, "anchor 1 mse": 0.9307460003199243, "anchor 2 mse": 2.9795049046278526, "anchor 3 mse": 11.376472058756667, "anchor 4 mse": 1.3229282284253152}
{"bot_id": "0000000000000b01", "x": -1.0965532160459417, "y": 0.4269813320316104, "z": -0.2655726183778536, "MSE": 2.858586256174415, "anchor 1 mse": 1.4010366372372869, "anchor 2 mse": 0.6139060075346204, "anchor 3 mse": 7.827295771662339, "anchor 4 mse": 1.4145881656743287}
{"bot_id": "0000000000000b01", "x": -1.3758618424553908, "y": -0.7452136540841482, "z": -0.6211668744972547, "MSE": 1.7283556978921626, "anchor 1 mse": 0.3209171231835623, "anchor 2 mse": 4.57146862648464, "anchor 3 mse": 13.31442147058462, "anchor 4 mse": 2.6525122073960747}
{"bot_id": "0000000000000b01", "x": -1.3457189254377921, "y": -0.8683309779996078, "z": -0.6784044775498175, "MSE": 1.7557327915510854, "anchor 1 mse": 0.25069293083772964, "anchor 2 mse": 4.974693484648514,