{"bot_id": "0000000000000b01", "x": 0.03206952241401764, "y": 1.442528899267718, "z": 0, "MSE": 1, "anchor 1 mse": 2.0819180794903973, "anchor 2 mse": 1.6844597115033026, "anchor 3 mse": 9.016318728674488, "anchor 4 mse": 9.413777096661581}
{"bot_id": "0000000000000b01", "x": 1.50803413074753, "y": 1.463700332275035, "z": 0.0, "MSE": 1, "anchor 1 mse": 1.5836525695456258, "anchor 2 mse": 1.0699244987975656, "anchor 3 mse": 0.3646814342746404, "anchor 4 mse": 0.165523595840201}
{"bot_id": "0000000000000b01", "x": 1.5959299338051625, "y": 3.086115851338288, "z": 0, "MSE": 1, "anchor 1 mse": 0.01088878671481483, "anchor 2 mse": 1.814326898074885, "anchor 3 mse": 0.0030557961016787066, "anchor 4 mse": 0.9630545435621956}
{"bot_id": "0000000000000b01", "x": 2.807540861176985, "y": 1.2608513036659403, "z": 0, "MSE": 1, "anchor 1 mse": 0.09140548511127249, "anchor 2 mse": 0.026684063130400094, "anchor 3 mse": 0.13741101543913903, "anchor 4 mse": 1.1606636067287008}
{"bot_id": "0000000000000b01", "x": 2.0385222723740974, "y": 2.8925809917085656, "z": 0.0, "MSE": 1, "anchor 1 mse": 0.01657097039504815, "anchor 2 mse": 0.9521377273079729, "anchor 3 mse": 0.131130759724397, "anchor 4 mse": 0.39240617923016907}
{"bot_id": "0000000000000b01", "x": 1.7153416269992978, "y": 2.3961132758722474, "z": 0.0, "MSE": 1, "anchor 1 mse": 0.2531888119893304, "anchor 2 mse": 1.5889288951386835, "anchor 3 mse": 0.00626866745633207, "anchor 4 mse": 0.08180122535483667}
{"bot_id": "0000000000000b01", "x": 1.503991443878074, "y": 2.7069938063681445, "z": 0.0, "MSE": 1, "anchor 1 mse": 0.08023557785308606, "anchor 2 mse": 2.1189065209423354, "anchor 3 mse": 0.0013285422775997941, "anchor 4 mse": 0.3670235617131799}
{"bot_id": "0000000000000b01", "x": 2.5965447602130474, "y": 2.6954647008009416, "z": 0.0, "MSE": 1, "anchor 1 mse": 0.06384185319725408, "anchor 2 mse": 0.16246811629411873, "anchor 3 mse": 0.9796858611568875, "anchor 4 mse": 0.0895681681145167}
{"bot_id": "0000000000000b01", "x": 2.528042829668832, "y": 2.1860583706045, "z": 0, "MSE": 1, "anchor 1 mse": 0.0007765800395957352, "anchor 2 mse": 0.1780664099835259, "anchor 3 mse": 0.23706376124092549, "anchor 4 mse": 0.023620656291362403}
{"bot_id": "0000000000000b01", "x": 2.9256034645207496, "y": 2.3174539535560283, "z": 0.0, "MSE": 1, "anchor 1 mse": 0.3161338596939644, "anchor 2 mse": 3.5524163488217234e-05, "anchor 3 mse": 0.39499651075895914, "anchor 4 mse": 0.013196152338534868}
{"bot_id": "0000000000000b01", "x": 2.8043477599526323, "y": 2.7562497013409963, "z": 0, "MSE": 1, "anchor 1 mse": 0.580770897366456, "anchor 2 mse": 0.000655624283210263, "anchor 3 mse": 0.9094143423033747, "anchor 4 mse": 0.34456986237161064}
{"bot_id": "0000000000000b01", "x": 1.2110038292522332, "y": 2.4236461924160153, "z": 0.0, "MSE": 1, "anchor 1 mse": 0.04868530531223369, "anchor 2 mse": 2.8168824788003595, "anchor 3 mse": 0.3040204402259875, "anchor 4 mse": 0.6816807027260436}
{"bot_id": "0000000000000b01", "x": 1.214376705814144, "y": 2.4761766433654167, "z": 0.0, "MSE": 1, "anchor 1 mse": 0.006735970917632065, "anchor 2 mse": 2.302186766385075, "anchor 3 mse": 0.23840418897587726, "anchor 4 mse": 0.7198370063152792}
{"bot_id": "0000000000000b01", "x": 2.9110910126139133, "y": 2.344090114752676, "z": 0, "MSE": 1, "anchor 1 mse": 0.8055790357504614, "anchor 2 mse": 0.1353427852331417, "anchor 3 mse": 0.26905319953785867, "anchor 4 mse": 0.0485433863887327}
{"bot_id": "0000000000000b01", "x": 2.3421794302823806, "y": 2.0350542468999993, "z": 0.0, "MSE": 1, "anchor 1 mse": 0.12445447233448494, "anchor 2 mse": 0.026906930151944966, "anchor 3 mse": 0.00648826090363547, "anchor 4 mse": 0.009298072989373508}
{"bot_id": "0000000000000b01", "x": 2.5667871782355465, "y": 2.096296011714299, "z": 0, "MSE": 1, "anchor 1 mse": 0.3295205818702381, "anchor 2 mse": 0.009268143183273894, "anchor 3 mse": 0.1627303822651247, "anchor 4 mse": 0.0018870298156034976}
{"bot_id": "0000000000000b01", "x": 1.9283835802665796, "y": 1.9201618589786387, "z": 0, "MSE": 1, "anchor 1 mse": 0.0001285681059954552, "anchor 2 mse": 0.1718740372536361, "anchor 3 mse": 0.009287710425157938, "anchor 4 mse": 0.013306886617112565}
{"bot_id": "0000000000000b01", "x": 1.8146103289866924, "y": 2.146249127154898, "z": 0, "MSE": 1, "anchor 1 mse": 0.010110469194189873, "anchor 2 mse": 0.23109156061669764, "anchor 3 mse": 0.022652181125031545, "anchor 4 mse": 0.035062065507495334}
{"bot_id": "0000000000000b01", "x": 2.3046610776325687, "y": 2.3051932117879432, "z": 0.0, "MSE": 1, "anchor 1 mse": 0.5036162511796124, "anchor 2 mse": 0.0019964219749134646, "anchor 3 mse": 0.415656080385603, "anchor 4 mse": 0.03839258695155663}
{"bot_id": "0000000000000b01", "x": 2.013062557474712, "y": 1.9878079532906463, "z": 0, "MSE": 1, "anchor 1 mse": 0.1289521130835897, "anchor 2 mse": 0.005040579247692818, "anchor 3 mse": 0.10494040716932312, "anchor 4 mse": 0.017806720889360996}
{"bot_id": "0000000000000b01", "x": 1.8089639472714236, "y": 2.0467029481725882, "z": 0, "MSE": 1, "anchor 1 mse": 0.08499906696419425, "anchor 2 mse": 0.04960907694875388, "anchor 3 mse": 0.00011694064858914465, "anchor 4 mse": 0.0023537350936871436}
{"bot_id": "0000000000000b01", "x": 1.5679233563426815, "y": 2.041715511517746, "z": 0.0, "MSE": 1, "anchor 1 mse": 0.02699228120754219, "anchor 2 mse": 0.29551492133091434, "anchor 3 mse": 0.00413686548313997, "anchor 4 mse": 0.00020229345622816566}
{"bot_id": "0000000000000b01", "x": 1.480309066658045, "y": 1.89673659080355, "z": 0.0, "MSE": 1, "anchor 1 mse": 0.0158806416735396, "anchor 2 mse": 0.17335104023358644, "anchor 3 mse": 0.007074939724240601, "anchor 4 mse": 0.006899869076609411}
{"bot_id": "0000000000000b01", "x": 1.3421333182382127, "y": 1.838510981520023, "z": 0.0, "MSE": 1, "anchor 1 mse": 3.9421392446762087e-05, "anchor 2 mse": 0.1964366418982307, "anchor 3 mse": 0.00284559670621222, "anchor 4 mse": 0.01450128335912736}
{"bot_id": "0000000000000b01", "x": 1.7179812121469462, "y": 2.0880509842212343, "z": 0.0, "MSE": 1, "anchor 1 mse": 0.18832395801196428, "anchor 2 mse": 0.0018041524657055614, "anchor 3 mse": 0.15034690889661165, "anchor 4 mse": 2.7524679742987476e-05}
{"bot_id": "0000000000000b01", "x": 1.3787382525319682, "y": 1.6631952860639052, "z": 0, "MSE": 1, "anchor 1 mse": 9.300815627853718e-05, "anchor 2 mse": 0.01705432940069226, "anchor 3 mse": 0.018405691388525335, "anchor 4 mse": 0.10939917247537827}
{"bot_id": "0000000000000b01", "x": 1.468866196071258, "y": 1.7964109552376064, "z": 0.0, "MSE": 1, "anchor 1 mse": 0.004832048035668903, "anchor 2 mse": 0.0019508422002152987, "anchor 3 mse": 0.011431944045756252, "anchor 4 mse": 0.2297735810034373}
{"bot_id": "0000000000000b01", "x": 1.4742691713406606, "y": 2.268433198124362, "z": 0.0, "MSE": 1, "anchor 1 mse": 0.20740087656563724, "anchor 2 mse": 0.012577244597960197, "anchor 3 mse": 0.18427964642439873, "anchor 4 mse": 5.451997812644333e-06}
{"bot_id": "0000000000000b01", "x": 1.1684539702445713, "y": 2.403410369216419, "z": 0.0, "MSE": 1, "anchor 1 mse": 0.18696075150477476, "anchor 2 mse": 0.2153260469244731, "anchor 3 mse": 0.020395601821738035, "anchor 4 mse": 0.07377145622225685}
{"bot_id": "0000000000000b01", "x": 1.1458934916801309, "y": 2.3157066612373147, "z": 0.0, "MSE": 1, "anchor 1 mse": 0.14723512709248765, "anchor 2 mse": 0.07732661000361574, "anchor 3 mse": 0.057789210831450555, "anchor 4 mse": 0.0220976643693507}
{"bot_id": "0000000000000b01", "x": 0.5397062208312682, "y": 2.4749716407602853, "z": 0.0, "MSE": 1, "anchor 1 mse": 0.0918901699503491, "anchor 2 mse": 0.3584803780746861, "anchor 3 mse": 0.0243977567510201, "anchor 4 mse": 0.006144600462545452}
{"bot_id": "0000000000000b01", "x": 0.6939017893515416, "y": 2.467011767954179, "z": 0.0, "MSE": 1, "anchor 1 mse": 0.037149493449850496, "anchor 2 mse": 0.023818055379584608, "anchor 3 mse": 3.330696274729781e-05, "anchor 4 mse": 0.1891381537170073}
{"bot_id": "0000000000000b01", "x": 0.971593588471248,