{"bot_id": "0000000000000b01", "x": 0.0, "y": 5.551115123125783e-17, "z": 0.0, "MSE": 50.808433760000014, "anchor 1 mse": 3.0814879110195774e-33, "anchor 2 mse": 7.507600000000001, "anchor 3 mse": 15.015200000000002, "anchor 4 mse": 7.507600000000001}
{"bot_id": "0000000000000b01", "x": -1.2802412905230651, "y": 2.916136220305724, "z": -0.04093816146304795, "MSE": 24.18532888736093, "anchor 1 mse": 0.030607466911669677, "anchor 2 mse": 2.948263410807388, "anchor 3 mse": 8.147063559816301, "anchor 4 mse": 7.004891681988505}
{"bot_id": "0000000000000b01", "x": -1.2201646835077606, "y": 2.911359797326424, "z": -0.06984012876580128, "MSE": 24.048869579941936, "anchor 1 mse": 0.04516371269951547, "anchor 2 mse": 3.0481089932257497, "anchor 3 mse": 7.977718955633193, "anchor 4 mse": 6.789508878761452}
{"bot_id": "0000000000000b01", "x": -1.208511337618785, "y": 2.9435740417014595, "z": -0.07972067431620955, "MSE": 25.387198966766604, "anchor 1 mse": 0.03880936032922221, "anchor 2 mse": 3.175069209780036, "anchor 3 mse": 8.091517828776299, "anchor 4 mse": 6.6854270698680445}
{"bot_id": "0000000000000b01", "x": -1.1802280558065357, "y": 2.957651918900099, "z": -0.09857966268291057, "MSE": 26.868399794644667, "anchor 1 mse": 0.05019251762428206, "anchor 2 mse": 3.297233789835882, "anchor 3 mse": 8.10827224909383, "anchor 4 mse": 6.562731405627213}
{"bot_id": "0000000000000b01", "x": -1.2771923243747958, "y": 2.9332585406139318, "z": -0.04428947671830972, "MSE": 27.279327115484868, "anchor 1 mse": 0.06271993814183344, "anchor 2 mse": 2.949840261764409, "anchor 3 mse": 8.19151407034802, "anchor 4 mse": 7.045383677303606}
{"bot_id": "0000000000000b01", "x": -1.2943702996864905, "y": 2.8593470022174463, "z": -0.03329755978525402, "MSE": 24.488084404989408, "anchor 1 mse": 0.058154155560084596, "anchor 2 mse": 2.754646444903156, "anchor 3 mse": 8.044442014096871, "anchor 4 mse": 6.630673282760586}
