{"bot_id": "0000000000000b01", "x": 1.369694933753967, "y": 1.3699999999999997, "z": -3.444835016048934, "MSE": 15.620688380862275, "anchor 1 mse": 15.619852499348143, "anchor 2 mse": 15.619852499348147, "anchor 3 mse": 15.621524262376406, "anchor 4 mse": 15.621524262376402}
{"bot_id": "0000000000000b01", "x": 2.6103435067662364, "y": 1.940216494009345, "z": 1.0814087134695702, "MSE": 0.012959469569771741, "anchor 1 mse": 0.004556679774911339, "anchor 2 mse": 0.005403265374139238, "anchor 3 mse": 0.03285594961593628, "anchor 4 mse": 0.00902198351410011}
{"bot_id": "0000000000000b01", "x": 2.610651328795101, "y": 1.964838992325937, "z": 1.0399501860827274, "MSE": 0.010332564876364443, "anchor 1 mse": 0.003473227346947553, "anchor 2 mse": 0.004210600227244151, "anchor 3 mse": 0.026730971376170948, "anchor 4 mse": 0.00691546055509512}
{"bot_id": "0000000000000b01", "x": 2.626648651385078, "y": 1.9734880271969895, "z": 1.0540964460659383, "MSE": 0.015064245926101246, "anchor 1 mse": 0.004952024843696146, "anchor 2 mse": 0.006048960989153613, "anchor 3 mse": 0.03930160589365552, "anchor 4 mse": 0.009954391977899707}
{"bot_id": "0000000000000b01", "x": 2.652469253788853, "y": 1.996839830042128, "z": 1.0379884815974592, "MSE": 0.014981464855505996, "anchor 1 mse": 0.0047005300371079075, "anchor 2 mse": 0.0058234895329813, "anchor 3 mse": 0.03983900534587743, "anchor 4 mse": 0.009562834506057346}
{"bot_id": "0000000000000b01", "x": 2.668417433187017, "y": 1.998259771946207, "z": 1.0481449645170693, "MSE": 0.006035183279991687, "anchor 1 mse": 0.001987532090198961, "anchor 2 mse": 0.002372671235672452, "anchor 3 mse": 0.01588721994444456, "anchor 4 mse": 0.003893309849650779}
{"bot_id": "0000000000000b01", "x": 2.5675550676068983, "y": 1.994647341349404, "z": 1.1154996679831133, "MSE": 0.009166618976989001, "anchor 1 mse": 0.0032877133779562638, "anchor 2 mse": 0.0039772654989347804, "anchor 3 mse": 0.023298109735942214, "anchor 4 mse": 0.006103387295122749}
{"bot_id": "0000000000000b01", "x": 2.65805566274359, "y": 2.067709159581656, "z": 1.081914938277343, "MSE": 0.0069492946237138505, "anchor 1 mse": 0.0022203358852834463, "anchor 2 mse": 0.0027559193532249978, "anchor 3 mse": 0.018608467626673515, "anchor 4 mse": 0.004212455629673443}
{"bot_id": "0000000000000b01", "x": 2.622214069369313, "y": 1.9775957974110323, "z": 1.046536948889363, "MSE": 0.018424459695919125, "anchor 1 mse": 0.0059362028532339755, "anchor 2 mse": 0.007315919094791125, "anchor 3 mse": 0.048463187409250895, "anchor 4 mse": 0.011982529426400507}
{"bot_id": "0000000000000b01", "x": 2.5264209918645713, "y": 1.8306475213078106, "z": 0.9547660452948699, "MSE": 0.024265267700973127, "anchor 1 mse": 0.008605803870116821, "anchor 2 mse": 0.01004204002851631, "anchor 3 mse": 0.06037246968122677, "anchor 4 mse": 0.018040757224032613}
