{"bot_id": "0000000000000b01", "x": 1.3676744186046517, "y": 1.3699999999999999, "z": 0, "MSE": 3.773340292049757, "anchor 1 mse": 3.747433315305572, "anchor 2 mse": 3.7474333153055728, "anchor 3 mse": 3.7601775013520826, "anchor 4 mse": 3.7601775013520817}
{"bot_id": "0000000000000b01", "x": 2.8964471023768725, "y": 1.921200514418467, "z": 0, "MSE": 0.07879884086450856, "anchor 1 mse": 0.013384051525027156, "anchor 2 mse": 1.8881685822147157e-09, "anchor 3 mse": 0.11315715816608125, "anchor 4 mse": 0.15400924341683034}
{"bot_id": "0000000000000b01", "x": 2.866604690087776, "y": 1.9301220233513134, "z": 0, "MSE": 0.07069550747054237, "anchor 1 mse": 0.00736759573737588, "anchor 2 mse": 1.4098070004591986e-06, "anchor 3 mse": 0.10258310506623998, "anchor 4 mse": 0.14117316116692044}
{"bot_id": "0000000000000b01", "x": 2.8975302990092033, "y": 1.9580194984707775, "z": 0, "MSE": 0.07138740319072007, "anchor 1 mse": 0.013706175131688788, "anchor 2 mse": 7.751655290329034e-05, "anchor 3 mse": 0.09753755028163512, "anchor 4 mse": 0.1411157472308767}
{"bot_id": "0000000000000b01", "x": 2.92549413300846, "y": 1.9840313525018023, "z": 0, "MSE": 0.06725732625692948, "anchor 1 mse": 0.01557805139681251, "anchor 2 mse": 2.527252955932594e-06, "anchor 3 mse": 0.0909663922897463, "anchor 4 mse": 0.12767491083842675}
{"bot_id": "0000000000000b01", "x": 2.9576821816408, "y": 1.9440252497471557, "z": 0, "MSE": 0.07175563967751514, "anchor 1 mse": 0.00798644297807377, "anchor 2 mse": 0.002800194061259606, "anchor 3 mse": 0.1120884859151648, "anchor 4 mse": 0.13236880299249892}
{"bot_id": "0000000000000b01", "x": 2.872358212511035, "y": 1.9398738492263343, "z": 0, "MSE": 0.09339846761621885, "anchor 1 mse": 0.007405835172220312, "anchor 2 mse": 0.0004716811866869289, "anchor 3 mse": 0.1513212141319015, "anchor 4 mse": 0.18114895584263127}
{"bot_id": "0000000000000b01", "x": 2.9884473236733027, "y": 1.9980829336334964, "z": 0, "MSE": 0.08141160241675392, "anchor 1 mse": 0.010999540206357954, "anchor 2 mse": 0.0062671291698635735, "anchor 3 mse": 0.12786987779986672, "anchor 4 mse": 0.14940543294892666}
{"bot_id": "0000000000000b01", "x": 2.8841764658530056, "y": 1.9731194409191344, "z": 0, "MSE": 0.06936894793439759, "anchor 1 mse": 0.015505379485453998, "anchor 2 mse": 0.0006559063744377226, "anchor 3 mse": 0.08981065910588383, "anchor 4 mse": 0.13810147003795278}
{"bot_id": "0000000000000b01", "x": 2.695025873577129, "y": 1.8801034339188905, "z": 0, "MSE": 0.05705616616304817, "anchor 1 mse": 0.01346155632075782, "anchor 2 mse": 0.014669005044797923, "anchor 3 mse": 0.052408085754128544, "anchor 4 mse": 0.10847717165175252}
{"bot_id": "0000000000000b01", "x": 2.6038719139876467, "y": 1.9143178846678184, "z": 0, "MSE": 0.03796068349444503, "anchor 1 mse": 0.003823652191468747, "anchor 2 mse": 0.009673148159535535, "anchor 3 mse": 0.03355182621788127, "anchor 4 mse": 0.06292479488098773}
{"bot_id": "0000000000000b01", "x": 2.560318967053306, "y": 1.7925571457200657, "z": 0, "MSE": 0.04440308785907868, "anchor 1 mse": 0.038204244010313484, "anchor 2 mse": 0.04000137912052231, "anchor 3 mse": 0.002085706900714504, "anchor 4 mse": 0.05686316859891763}
{"bot_id": "0000000000000b01", "x": 2.3895834027377054, "y": 1.802015791391975, "z": 0, "MSE": 0.03949951679869141, "anchor 1 mse": 0.02337428950302534, "anchor 2 mse": 0.03721636127547971, "anchor 3 mse": 0.0034454275328164885, "anchor 4 mse": 0.05027894496270942}
{"bot_id": "0000000000000b01", "x": 2.2723459270993867, "y": 1.9241355054660794, "z": 0, "MSE": 0.02810591552486449, "anchor 1 mse": 0.01892228709549614, "anchor 2 mse": 0.024220156152745014, "anchor 3 mse": 9.233316240005618e-05, "anchor 4 mse": 0.022454738504076144}
{"bot_id": "0000000000000b01", "x": 2.268286351529763, "y": 1.9292114036404686, "z": 0, "MSE": 0.043501137290498815, "anchor 1 mse": 0.05186888082752059, "anchor 2 mse": 0.04046609927964506, "anchor 3 mse": 0.0023064525152014384, "anchor 4 mse": 0.03383984363704562}
{"bot_id": "0000000000000b01", "x": 2.2131173990104167, "y": 1.8291109017772067, "z": 0, "MSE": 0.028608375202222563, "anchor 1 mse": 0.017201829481055534, "anchor 2 mse": 0.02457305088118797, "anchor 3 mse": 0.0003134761533452007, "anchor 4 mse": 0.024497206620545678}
{"bot_id": "0000000000000b01", "x": 2.0884782933502506, "y": 1.8345998799628038, "z": 0, "MSE": 0.04666747249120994, "anchor 1 mse": 0.004877320998151258, "anchor 2 mse": 0.0546208985003392, "anchor 3 mse": 0.018103556653994855, "anchor 4 mse": 0.06408331906606894}
{"bot_id": "0000000000000b01", "x": 2.034844797009787, "y": 1.8405832490359488, "z": 0, "MSE": 0.02943970127994054, "anchor 1 mse": 0.0011412282152683416, "anchor 2 mse": 0.027305239335102698, "anchor 3 mse": 0.01147285199037827, "anchor 4 mse": 0.03202741928113294}
{"bot_id": "0000000000000b01", "x": 1.9637517895051158, "y": 1.788119736554047, "z": 0, "MSE": 0.03410020856077519, "anchor 1 mse": 0.01121036345417108, "anchor 2 mse": 0.04314273190845312, "anchor 3 mse": 0.0010070479579508732, "anchor 4 mse": 0.04026371082641496}
{"bot_id": "0000000000000b01", "x": 1.791454990916525, "y": 1.8161250159210058, "z": 0, "MSE": 0.03325143812451879, "anchor 1 mse": 0.006561636899574077, "anchor 2 mse": 0.041757802424453504, "anchor 3 mse": 0.002105360895846918, "anchor 4 mse": 0.04043566494556566}
{"bot_id": "0000000000000b01", "x": 1.8392786082419565, "y": 1.8703116412299439, "z": 0, "MSE": 0.029418040296399547, "anchor 1 mse": 0.0335505914858841, "anchor 2 mse": 0.01574325625102509, "anchor 3 mse": 0.010416457439939549, "anchor 4 mse": 0.01540057978965526}
{"bot_id": "0000000000000b01", "x": 1.7876394929384007, "y": 1.8450414738436043, "z": 0, "MSE": 0.050003744176130044, "anchor 1 mse": 0.02528545620197004, "anchor 2 mse": 0.068042070392673, "anchor 3 mse": 4.736580523855654e-05, "anchor 4 mse": 0.06951903623676402}
{"bot_id": "0000000000000b01", "x": 1.5603991638610355, "y": 1.7401840823712658, "z": 0, "MSE": 0.04553952779035782, "anchor 1 mse": 0.003286107443833693, "anchor 2 mse": 0.07116393163946226, "anchor 3 mse": 0.0028820819143096543, "anchor 4 mse": 0.06640518570462262}
{"bot_id": "0000000000000b01", "x": 1.5062530261831306, "y": 1.7723022044276526, "z": 0, "MSE": 0.04627605116880563, "anchor 1 mse": 0.003125830857922614, "anchor 2 mse": 0.07272858277470312, "anchor 3 mse": 0.0017654301468563165, "anchor 4 mse": 0.07320201376964525}
{"bot_id": "0000000000000b01", "x": 1.469881415472528, "y": 1.7853680087906596, "z": 0, "MSE": 0.01933373748169761, "anchor 1 mse": 0.0018142358240368643, "anchor 2 mse": 0.016211368051933437, "anchor 3 mse": 0.00012376778312552729, "anchor 4 mse": 0.019304563173767213}
{"bot_id": "0000000000000b01", "x": 1.3956419946336083, "y": 1.812401805565683, "z": 0, "MSE": 0.036522514124007595, "anchor 1 mse": 0.013804227888957262, "anchor 2 mse": 0.04170381237698374, "anchor 3 mse": 0.0011102761450902758, "anchor 4 mse": 0.04992189696360056}
{"bot_id": "0000000000000b01", "x": 1.330613271739195, "y": 2.0051470176499473, "z": 0, "MSE": 0.042537026336061025, "anchor 1 mse": 0.00027159211834005507, "anchor 2 mse": 0.07287503025441346, "anchor 3 mse": 0.01010849630009755, "anchor 4 mse": 0.05247982740222573}
{"bot_id": "0000000000000b01", "x": 1.2254636949798672, "y": 1.9012128100189805, "z": 0, "MSE": 0.02478513225457406, "anchor 1 mse": 0.00014255754594317088, "anchor 2 mse": 0.03061319109549729, "anchor 3 mse": 0.002372126604770499, "anchor 4 mse": 0.028653583931395707}
{"bot_id": "0000000000000b01", "x": 1.2368953990749043, "y": 1.8998046536949071, "z": 0, "MSE": 0.0254757417319004, "anchor 1 mse": 0.0007275590026109273, "anchor 2 mse": 0.034124422343757, "anchor 3 mse": 0.0007845259225318868, "anchor 4 mse": 0.031500761236843526}
{"bot_id": "0000000000000b01", "x": 0.9961473780674739, "y": 2.0311996631181954, "z": 0, "MSE": 0.04752102124550439, "anchor 1 mse": 0.0038835038469242212, "anchor 2 mse": 0.07696057207698913, "anchor 3 mse": 5.779987790087103e-05,