{"bot_id": "0000000000000b01", "x": -0.06713828062384973, "y": 1.4025990460055555, "z": 0, "MSE": 5.820229135434949, "anchor 1 mse": 1.971791632580821, "anchor 2 mse": 1.7931488604703774, "anchor 3 mse": 9.668666638289078, "anchor 4 mse": 9.847309410399518}
{"bot_id": "0000000000000b01", "x": 1.4233586363811401, "y": 1.484872320012043, "z": 0, "MSE": 0.8672679546980037, "anchor 1 mse": 1.6980962154197412, "anchor 2 mse": 1.2371936998324011, "anchor 3 mse": 0.4212470171790263, "anchor 4 mse": 0.11253488636084585}
{"bot_id": "0000000000000b01", "x": 2.819381045341108, "y": 2.1621961375030803, "z": 0, "MSE": 0.09382901309079336, "anchor 1 mse": 0.033498921525131745, "anchor 2 mse": 0.010408154772983512, "anchor 3 mse": 0.30999147639397645, "anchor 4 mse": 0.02141749967108176}
{"bot_id": "0000000000000b01", "x": 2.7418938008342812, "y": 2.4037883741979496, "z": 0.0, "MSE": 0.18376630512176756, "anchor 1 mse": 0.07096510278514137, "anchor 2 mse": 0.06129087196649751, "anchor 3 mse": 0.598740193879039, "anchor 4 mse": 0.004069051856392424}
{"bot_id": "0000000000000b01", "x": 2.7094754105210774, "y": 2.3575259777434514, "z": 0.0, "MSE": 0.14958238154817918, "anchor 1 mse": 0.03295809413072254, "anchor 2 mse": 0.08046436580431574, "anchor 3 mse": 0.48484741254800834, "anchor 4 mse": 5.965370967004504e-05}
{"bot_id": "0000000000000b01", "x": 2.7340245174648685, "y": 2.405999013432209, "z": 0.0, "MSE": 0.1979451279794304, "anchor 1 mse": 0.036840665890283474, "anchor 2 mse": 0.0653566627406072, "anchor 3 mse": 0.682186076648234, "anchor 4 mse": 0.007397106638596824}
{"bot_id": "0000000000000b01", "x": 3.4736881110538005, "y": 2.125681022017494, "z": 0, "MSE": 0.21886800441157409, "anchor 1 mse": 0.47951759141828043, "anchor 2 mse": 0.3221593238618827, "anchor 3 mse": 0.059090384851292234, "anchor 4 mse": 0.014704717514841021}
{"bot_id": "0000000000000b01", "x": 2.8969001114925774, "y": 2.4507965823247724, "z": 0, "MSE": 0.19035070758947048, "anchor 1 mse": 0.09273661268596495, "anchor 2 mse": 0.007867653964292997, "anchor 3 mse": 0.6576833808769466, "anchor 4 mse": 0.0031151828306774615}
{"bot_id": "0000000000000b01", "x": 3.1915964146305726, "y": 2.2486288131026737, "z": 0, "MSE": 0.12671196465961337, "anchor 1 mse": 0.28534796326288586, "anchor 2 mse": 0.0480486859684479, "anchor 3 mse": 0.17026212690835701, "anchor 4 mse": 0.0031890824987627605}
{"bot_id": "0000000000000b01", "x": 3.246018374912903, "y": 2.0791709271012198, "z": 0, "MSE": 0.1679425270240866, "anchor 1 mse": 0.4689695146095482, "anchor 2 mse": 0.1314800290765075, "anchor 3 mse": 0.06640112575055278, "anchor 4 mse": 0.00491943865973791}
{"bot_id": "0000000000000b01", "x": 3.252663349398982, "y": 2.0587143543126634, "z": 0, "MSE": 0.18381926617761027, "anchor 1 mse": 0.4616273015668561, "anchor 2 mse": 0.24329236145531896, "anchor 3 mse": 0.02801351703201514, "anchor 4 mse": 0.002343884656250873}
{"bot_id": "0000000000000b01", "x": 2.6510097580215892, "y": 1.8899976526184727, "z": 0, "MSE": 0.04336487251836146, "anchor 1 mse": 0.10611664460447774, "anchor 2 mse": 0.02133169763772721, "anchor 3 mse": 0.02413423484852365, "anchor 4 mse": 0.02187691298271723}
{"bot_id": "0000000000000b01", "x": 2.9597240799747357, "y": 2.0682010095953567, "z": 0, "MSE": 0.19869908589144852, "anchor 1 mse": 0.5940356005481265, "anchor 2 mse": 0.07563003009254332, "anchor 3 mse": 0.12473709055115909, "anchor 4 mse": 0.0003936223739651205}
