{"bot_id": "0000000000000b01", "x": 1.3699999519685204, "y": 1.37, "z": 0.0, "MSE": 3.7538000000000036, "anchor 1 mse": 3.7537998683937492, "anchor 2 mse": 3.7537998683937492, "anchor 3 mse": 3.753800131606258, "anchor 4 mse": 3.753800131606258}
{"bot_id": "0000000000000b01", "x": 2.7958214356054096, "y": 2.053822600182198, "z": 0.0, "MSE": 0.08286640653010653, "anchor 1 mse": 0.011907526644729764, "anchor 2 mse": 0.017214921943846384, "anchor 3 mse": 0.23189596040827837, "anchor 4 mse": 0.0704472171235716}
{"bot_id": "0000000000000b01", "x": 2.780601758426921, "y": 2.07241157141178, "z": 0.0, "MSE": 0.07558820746091466, "anchor 1 mse": 0.009593034850552786, "anchor 2 mse": 0.014491600998234107, "anchor 3 mse": 0.22200874636874962, "anchor 4 mse": 0.056259447626122124}
{"bot_id": "0000000000000b01", "x": 2.8013839521551254, "y": 2.0833807223690144, "z": 0.0, "MSE": 0.07458028373039899, "anchor 1 mse": 0.012357473323504042, "anchor 2 mse": 0.01760718548201993, "anchor 3 mse": 0.20296622443330786, "anchor 4 mse": 0.06539025168276413}
{"bot_id": "0000000000000b01", "x": 2.8211153837560685, "y": 2.103750504094304, "z": 0.0, "MSE": 0.07013698250671783, "anchor 1 mse": 0.011915008750371098, "anchor 2 mse": 0.016391019119353242, "anchor 3 mse": 0.19237052994674514, "anchor 4 mse": 0.05987137221040187}
{"bot_id": "0000000000000b01", "x": 2.840159439059309, "y": 2.1068536758647363, "z": 0.0, "MSE": 0.08280845023028494, "anchor 1 mse": 0.007445746605198126, "anchor 2 mse": 0.010024761297600842, "anchor 3 mse": 0.26934061233886314, "anchor 4 mse": 0.04442268067947762}
{"bot_id": "0000000000000b01", "x": 2.760571015553956, "y": 2.1245136405314855, "z": 0.0, "MSE": 0.10737472958551345, "anchor 1 mse": 0.01069853618753779, "anchor 2 mse": 0.01733116077567334, "anchor 3 mse": 0.3412545543023484, "anchor 4 mse": 0.06021466707649427}
{"bot_id": "0000000000000b01", "x": 2.8371252693776197, "y": 2.1898358815310446, "z": 0.0, "MSE": 0.10053561213819551, "anchor 1 mse": 0.008825642556977839, "anchor 2 mse": 0.012105315950911466, "anchor 3 mse": 0.33794279339368205, "anchor 4 mse": 0.04326869665121072}
{"bot_id": "0000000000000b01", "x": 2.7942493453320747, "y": 2.0864183015924533, "z": 0.0, "MSE": 0.0706168200762888, "anchor 1 mse": 0.01374951840746125, "anchor 2 mse": 0.019692874120469522, "anchor 3 mse": 0.1799208104048781, "anchor 4 mse": 0.06910407737234636}
{"bot_id": "0000000000000b01", "x": 2.672924172945295, "y": 1.914433128112598, "z": 0.0, "MSE": 0.0480718254428088, "anchor 1 mse": 0.013875012625593148, "anchor 2 mse": 0.023251995780989354, "anchor 3 mse": 0.06849354517992126, "anchor 4 mse": 0.08666674818473143}
{"bot_id": "0000000000000b01", "x": 2.5967569777278183, "y": 1.9592746368580853, "z": 0.0, "MSE": 0.028580862895300894, "anchor 1 mse": 0.006886318739720476, "anchor 2 mse": 0.014022737508237326, "anchor 3 mse": 0.051185757941014015, "anchor 4 mse": 0.04222863739223176}
{"bot_id": "0000000000000b01", "x": 2.553903990562703, "y": 1.698174403645233, "z": 0.0, "MSE": 0.04014867566294633, "anchor 1 mse": 0.01875707062608459, "anchor 2 mse": 0.029505341843671498, "anchor 3 mse": 0.002334414950888684, "anchor 4 mse": 0.10999787523114055}
{"bot_id": "0000000000000b01", "x": 2.3915043861119245, "y": 1.7366412193214786, "z": 0.0, "MSE": 0.031114918132364076, "anchor 1 mse": 0.013349462743316807, "anchor 2 mse": 0.027736387144355255, "anchor 3 mse": 4.65375180536285e-06, "anchor 4 mse": 0.08336916888997889}
{"bot_id": "0000000000000b01", "x": 2.26227745051021, "y": 1.86872571176389, "z": 0.0, "MSE": 0.01812722247144611, "anchor 1 mse": 0.008889872902458556, "anchor 2 mse": 0.02124125372405036, "anchor 3 mse": 0.001905208160400974, "anchor 4 mse": 0.04047255509887455}
{"bot_id": "0000000000000b01", "x": 2.233963009040505, "y": 1.830575303346644, "z": 0.0, "MSE": 0.03858572800690412, "anchor 1 mse": 0.01909433219455704, "anchor 2 mse": 0.039212209038926873, "anchor 3 mse": 0.02272066001635794, "anchor 4 mse": 0.07331571077777463}
{"bot_id": "0000000000000b01", "x": 2.2043940067574197, "y": 1.7733755494706045, "z": 0.0, "MSE": 0.01817176250604648, "anchor 1 mse": 0.007951632059437008, "anchor 2 mse": 0.02044503366839204, "anchor 3 mse": 0.0012317114041705674, "anchor 4 mse": 0.0430586728921863}
{"bot_id": "0000000000000b01", "x": 2.1159419584409624, "y": 1.8332164032907377, "z": 0.0, "MSE": 0.03573992152037276, "anchor 1 mse": 0.008032404118173561, "anchor 2 mse": 0.04324025227168602, "anchor 3 mse": 0.022268191470260993, "anchor 4 mse": 0.06941883822137046}
{"bot_id": "0000000000000b01", "x": 2.053386243317281, "y": 1.8511949626039723, "z": 0.0, "MSE": 0.01829219997108033, "anchor 1 mse": 0.002987180585837293, "anchor 2 mse": 0.023258757632582675, "anchor 3 mse": 0.016096917720844702, "anchor 4 mse": 0.030825943945056646}
{"bot_id": "0000000000000b01", "x": 1.9681572174104098, "y": 1.7565277175474467, "z": 0.0, "MSE": 0.02434975017685717, "anchor 1 mse": 0.00774361487810375, "anchor 2 mse": 0.03602572021994826, "anchor 3 mse": 9.636188422291091e-05, "anchor 4 mse": 0.053533303725153754}
{"bot_id": "0000000000000b01", "x": 1.7788664690295335, "y": 1.8131572294050382, "z": 0.0, "MSE": 0.022781597833580823, "anchor 1 mse": 0.004908410483961657, "anchor 2 mse": 0.04586350941117384, "anchor 3 mse": 0.001209577097939008, "anchor 4 mse": 0.03914489434124878}
{"bot_id": "0000000000000b01", "x": 1.7816310135653428, "y": 1.8180715831026333, "z": 0.0, "MSE": 0.022034886374742685, "anchor 1 mse": 0.011131207406152097, "anchor 2 mse": 0.02370639912492657, "anchor 3 mse": 0.03233548764994785, "anchor 4 mse": 0.02096645131794423}
{"bot_id": "0000000000000b01", "x": 1.7471602549740746, "y": 1.8312455087884723, "z": 0.0, "MSE": 0.0418087033509115, "anchor 1 mse": 0.014644254408572395, "anchor 2 mse": 0.084467938974517, "anchor 3 mse": 0.002110859105345018, "anchor 4 mse": 0.06601176091521158}
{"bot_id": "0000000000000b01", "x": 1.5258754748970678, "y": 1.7663977983354342, "z": 0.0, "MSE": 0.03695943902031064, "anchor 1 mse": 0.002936885558256998, "anchor 2 mse": 0.09608335127927466, "anchor 3 mse": 0.0019116583397099259, "anchor 4 mse": 0.04690586090400097}
{"bot_id": "0000000000000b01", "x": 1.4546333336361692, "y": 1.8186579000693956, "z": 0.0, "MSE": 0.039950962921069186, "anchor 1 mse": 0.003461613704391639, "anchor 2 mse": 0.11433325119019559, "anchor 3 mse": 0.0008141165725944356, "anchor 4 mse": 0.04119487021709508}
{"bot_id": "0000000000000b01", "x": 1.4335436670343569, "y": 1.806360381043336, "z": 0.0, "MSE": 0.010028751499262538, "anchor 1 mse": 0.001301458279425161, "anchor 2 mse": 0.02863914995628823, "anchor 3 mse": 3.33424883165655e-05, "anchor 4 mse": 0.010141055273020198}
{"bot_id": "0000000000000b01", "x": 1.3183605482809873, "y": 1.8383854313331376, "z": 0.0, "MSE": 0.02995275345072191, "anchor 1 mse": 0.008508450493081406, "anchor 2 mse": 0.07998725629039839, "anchor 3 mse": 0.006962101138472126, "anchor 4 mse": 0.02435320588093571}
{"bot_id": "0000000000000b01", "x": 1.248267902219757, "y": 2.0867924096079853, "z": 0.0, "MSE": 0.04099681417928471, "anchor 1 mse": 0.001733927734352697, "anchor 2 mse": 0.14527678629873927, "anchor 3 mse": 0.003784797391147127, "anchor 4 mse": 0.01319174529289977}
{"bot_id": "0000000000000b01", "x": 1.1577049891160958, "y": 1.9588398298417522, "z": 0.0, "MSE": 0.01924286739397608, "anchor 1 mse": 0.0006439233027309613, "anchor 2 mse": 0.06937946696963856, "anchor 3 mse": 0.0002366754291221447, "anchor 4 mse": 0.006711403874412659}
{"bot_id": "0000000000000b01", "x": 1.170724603424464, "y": 1.9557693953441253, "z": 0.0, "MSE": 0.02087497789424886, "anchor 1 mse": 0.0015517665636975075, "anchor 2 mse": 0.07337701939656788, "anchor 3 mse": 1.8672865028022997e-05, "anchor 4 mse": 0.008552452751702036}
{"bot_id": "0000000000000b01", "x": 0.856005025281291, "y": 2.1366839583231263, "z": 0.0, "MSE": 0.058880609842663474, "anchor 1 mse": 0.010357920280836853, "anchor 2 mse": 0.20498157380055662, "anchor 3 mse": 0.007786021643137222,