{"bot_id": "0000000000000b01", "x": 0.9876744186046513, "y": 1.3699999999999999, "z": 0.0, "MSE": 30.030400000000007, "anchor 1 mse": 2.8524007571660364, "anchor 2 mse": 2.852400757166037, "anchor 3 mse": 4.94754494321255, "anchor 4 mse": 4.947544943212548}
{"bot_id": "0000000000000b01", "x": 2.126447102376872, "y": 2.6912005144184676, "z": 0.0, "MSE": 7.63251736205212, "anchor 1 mse": 0.004888526750280441, "anchor 2 mse": 0.7796766833189449, "anchor 3 mse": 0.3074807924512204, "anchor 4 mse": 0.19382441748870766}
{"bot_id": "0000000000000b01", "x": 2.1466046900877753, "y": 2.700122023351314, "z": 0.0, "MSE": 7.650587192152667, "anchor 1 mse": 0.006309201156267951, "anchor 2 mse": 0.6939305350386571, "anchor 3 mse": 0.29731527105011707, "anchor 4 mse": 0.2066223175802149}
{"bot_id": "0000000000000b01", "x": 2.1775302990092027, "y": 2.708019498470778, "z": 0.0, "MSE": 7.8196578603629465, "anchor 1 mse": 0.009008134774215725, "anchor 2 mse": 0.6926148810843714, "anchor 3 mse": 0.29879546910339994, "anchor 4 mse": 0.18131982360691135}
{"bot_id": "0000000000000b01", "x": 2.225494133008459, "y": 2.724031352501803, "z": 0.0, "MSE": 7.990615729303042, "anchor 1 mse": 0.011567398237867847, "anchor 2 mse": 0.6311485424466178, "anchor 3 mse": 0.3195034749692573, "anchor 4 mse": 0.17824831016678008}
{"bot_id": "0000000000000b01", "x": 2.2176821816407997, "y": 2.7440252497471564, "z": 0.0, "MSE": 7.822754635849818, "anchor 1 mse": 0.006106235460465425, "anchor 2 mse": 0.627761736544472, "anchor 3 mse": 0.4066187840039632, "anchor 4 mse": 0.22400705865043996}
{"bot_id": "0000000000000b01", "x": 2.1223582125110347, "y": 2.729873849226335, "z": 0.0, "MSE": 7.433639505773194, "anchor 1 mse": 0.006058123527930129, "anchor 2 mse": 0.7016032954066722, "anchor 3 mse": 0.3390444198020744, "anchor 4 mse": 0.18393243936760317}
{"bot_id": "0000000000000b01", "x": 2.2684473236733025, "y": 2.798082933633497, "z": 0.0, "MSE": 7.8875776617934275, "anchor 1 mse": 0.012566315199306217, "anchor 2 mse": 0.5340820865935633, "anchor 3 mse": 0.4420702572716131, "anchor 4 mse": 0.19144075484585618}
{"bot_id": "0000000000000b01", "x": 2.184176465853005, "y": 2.703119440919135, "z": 0.0, "MSE": 7.884491161107912, "anchor 1 mse": 0.011081166265578389, "anchor 2 mse": 0.6814703691930274, "anchor 3 mse": 0.2734811389967477, "anchor 4 mse": 0.16783188469635585}
{"bot_id": "0000000000000b01", "x": 1.9750258735771287, "y": 2.550103433918891, "z": 0.0, "MSE": 7.473238871883142, "anchor 1 mse": 0.0030786065514505695, "anchor 2 mse": 0.9328970437190988, "anchor 3 mse": 0.09108826375022101, "anchor 4 mse": 0.20463843354426411}
{"bot_id": "0000000000000b01", "x": 2.0038719139876466, "y": 2.544317884667819, "z": 0.0, "MSE": 7.287063092296613, "anchor 1 mse": 0.004717112125270955, "anchor 2 mse": 0.6668296474639663, "anchor 3 mse": 0.06672256626412079, "anchor 4 mse": 0.22912231020505314}
{"bot_id": "0000000000000b01", "x": 1.8603189670533056, "y": 2.272557145720066, "z": 0.0, "MSE": 7.569011864273218, "anchor 1 mse": 4.7424646337922716e-05, "anchor 2 mse": 1.0238456666824065, "anchor 3 mse": 0.0001914511905937577, "anchor 4 mse": 0.15750894067385388}
{"bot_id": "0000000000000b01", "x": 1.869583402737705, "y": 2.1420157913919753, "z": 0.0, "MSE": 6.732876034452774, "anchor 1 mse": 1.0002239347285527e-05, "anchor 2 mse": 0.6353883880601155, "anchor 3 mse": 1.572030397292138e-05, "anchor 4 mse": 0.06355989384598527}
{"bot_id": "0000000000000b01", "x": 2.0123459270993864, "y": 2.0641355054660795, "z": 0.0, "MSE": 6.320139896196699, "anchor 1 mse": 0.0018267314352123625, "anchor 2 mse": 0.19997749538925655, "anchor 3 mse": 0.0018587235631150915, "anchor 4 mse": 0.0034384027113979775}
{"bot_id": "0000000000000b01", "x": 1.9782863515297628, "y": 2.0092114036404687, "z": 0.0, "MSE": 6.570036176771944, "anchor 1 mse": 0.004854117547929185, "anchor 2 mse": 0.2510513974071977, "anchor 3 mse": 0.02741838635979058, "anchor 4 mse": 0.0004514479448943985}
{"bot_id": "0000000000000b01", "x": 1.9331173990104167, "y": 1.9691109017772068, "z": 0.0, "MSE": 6.057815962009015, "anchor 1 mse": 0.0003767275167405032, "anchor 2 mse": 0.21981411426115463, "anchor 3 mse": 0.002110790302954545, "anchor 4 mse": 0.004626341790178719}
{"bot_id": "0000000000000b01", "x": 1.5984782933502504, "y": 2.154599879962804, "z": 0.0, "MSE": 6.056318718078677, "anchor 1 mse": 0.0007396609921168146, "anchor 2 mse": 0.6523788796490694, "anchor 3 mse": 0.0010806846909266685, "anchor 4 mse": 0.056793297424709316}
{"bot_id": "0000000000000b01", "x": 1.594844797009787, "y": 2.160583249035949, "z": 0.0, "MSE": 5.763591791499571, "anchor 1 mse": 0.0006026275385401195, "anchor 2 mse": 0.48047580517182387, "anchor 3 mse": 0.0011152646456537541, "anchor 4 mse": 0.08720309534251497}
{"bot_id": "0000000000000b01", "x": 1.7537517895051156, "y": 1.8481197365540472, "z": 0.0, "MSE": 5.916613581248672, "anchor 1 mse": 4.920585872932554e-06, "anchor 2 mse": 0.17849776930362893, "anchor 3 mse": 0.004859864341584531, "anchor 4 mse": 0.00304585291960245}
{"bot_id": "0000000000000b01", "x": 1.5414549909165247, "y": 1.8661250159210059, "z": 0.0, "MSE": 6.180090902543629, "anchor 1 mse": 0.002456679501313338, "anchor 2 mse": 0.20076544741752705, "anchor 3 mse": 0.012836029672553735, "anchor 4 mse": 0.0010325487533580546}
{"bot_id": "0000000000000b01", "x": 1.5892786082419563, "y": 1.8903116412299439, "z": 0.0, "MSE": 5.851760413158048, "anchor 1 mse": 0.0008780839827064769, "anchor 2 mse": 0.12805023283498265, "anchor 3 mse": 0.07864099344347097, "anchor 4 mse": 0.00016940452931760505}
{"bot_id": "0000000000000b01", "x": 1.4576394929384004, "y": 1.8850414738436043, "z": 0.0, "MSE": 6.569535624977727, "anchor 1 mse": 0.0007357544254709988, "anchor 2 mse": 0.3250460725377824, "anchor 3 mse": 0.058193891083572764, "anchor 4 mse": 0.003615020568266284}
{"bot_id": "0000000000000b01", "x": 1.2203991638610352, "y": 1.8601840823712659, "z": 0.0, "MSE": 7.685955078752672, "anchor 1 mse": 0.0030489284469242275, "anchor 2 mse": 0.3788689217053195, "anchor 3 mse": 0.024311730468588283, "anchor 4 mse": 0.0017616843038348014}
{"bot_id": "0000000000000b01", "x": 1.1062530261831303, "y": 1.8923022044276527, "z": 0.0, "MSE": 8.079740682809508, "anchor 1 mse": 0.00609327716141946, "anchor 2 mse": 0.4439616083921478, "anchor 3 mse": 0.053165381384150806, "anchor 4 mse": 0.004898230760711704}
{"bot_id": "0000000000000b01", "x": 1.2098814154725277, "y": 1.8653680087906597, "z": 0.0, "MSE": 7.673129005439244, "anchor 1 mse": 0.0021735874650229653, "anchor 2 mse": 0.14983506627423512, "anchor 3 mse": 0.02639129295816494, "anchor 4 mse": 0.006830360275322461}
{"bot_id": "0000000000000b01", "x": 1.025641994633608, "y": 1.862401805565683, "z": 0.0, "MSE": 8.805000367318492, "anchor 1 mse": 0.0019234791464750193, "anchor 2 mse": 0.28104917662866735, "anchor 3 mse": 0.10622961969212076, "anchor 4 mse": 0.00263339600010861}
{"bot_id": "0000000000000b01", "x": 1.0606132717391947, "y": 2.3051470176499476, "z": 0.0, "MSE": 10.316706363891582, "anchor 1 mse": 0.021738642593183727, "anchor 2 mse": 0.41435309385021435, "anchor 3 mse": 0.0020046095997297733, "anchor 4 mse": 0.029592356669016967}
{"bot_id": "0000000000000b01", "x": 1.005463694979867, "y": 2.1812128100189807, "z": 0.0, "MSE": 10.996200853870501, "anchor 1 mse": 0.02304345011833699, "anchor 2 mse": 0.25978953688775, "anchor 3 mse": 0.0017911945430498606, "anchor 4 mse": 0.03489767712548389}
{"bot_id": "0000000000000b01", "x": 0.9968953990749041, "y": 2.1598046536949074, "z": 0.0, "MSE": 10.73055177342292, "anchor 1 mse": 0.019257688450892832, "anchor 2 mse": 0.27726395314554725, "anchor 3 mse": 0.00759133586985346, "anchor 4 mse": 0.03078567932188665}
{"bot_id": "0000000000000b01", "x": 0.8361473780674739, "y": 2.3911996631181958, "z": 0.0, "MSE": 15.543034720186345, "anchor 1 mse": 0.11100593391637416, "anchor 2 mse": 0.3528569066522029, "anchor 3 mse": 0.002073924291504828,