{"bot_id": "0000000000000b01", "x": 0.0069905881304133015, "y": 1.3772689911095444, "z": 0, "MSE": 1, "anchor 1 mse": 1.8969187421943114, "anchor 2 mse": 1.8570846709140088, "anchor 3 mse": 9.326376247959347, "anchor 4 mse": 9.366210319239647}
{"bot_id": "0000000000000b01", "x": 1.500154656101993, "y": 1.789538276449644, "z": 0.0, "MSE": 1, "anchor 1 mse": 1.0503237929624594, "anchor 2 mse": 1.5229884460487437, "anchor 3 mse": 0.15385225453818177, "anchor 4 mse": 0.020427019659492143}
{"bot_id": "0000000000000b01", "x": -2.6533119666149387, "y": 1.939697499089765, "z": 0, "MSE": 1, "anchor 1 mse": 0.006936510603473382, "anchor 2 mse": 0.0435222004622936, "anchor 3 mse": 18.596502941513133, "anchor 4 mse": 11.706750664759545}
{"bot_id": "0000000000000b01", "x": 2.3866344199391145, "y": 2.348403017246202, "z": 0, "MSE": 1, "anchor 1 mse": 0.0010057640805048148, "anchor 2 mse": 0.3498160495870022, "anchor 3 mse": 0.3393513291828657, "anchor 4 mse": 0.001213810034437118}
{"bot_id": "0000000000000b01", "x": 2.9930796920992377, "y": 2.6643784726322264, "z": 0.0, "MSE": 1, "anchor 1 mse": 0.3566160742896549, "anchor 2 mse": 0.000674189225746815, "anchor 3 mse": 0.6656336975125297, "anchor 4 mse": 0.10651805968078537}
{"bot_id": "0000000000000b01", "x": 2.0190899680286907, "y": 2.6109757466170405, "z": 0.0, "MSE": 1, "anchor 1 mse": 0.02232224809559533, "anchor 2 mse": 0.9737579900161807, "anchor 3 mse": 0.18287167049170183, "anchor 4 mse": 0.15106615604572368}
{"bot_id": "0000000000000b01", "x": 2.5503515848985785, "y": 2.598673113271166, "z": 0, "MSE": 1, "anchor 1 mse": 0.06815786119932528, "anchor 2 mse": 0.16462139769388134, "anchor 3 mse": 0.9283014508169264, "anchor 4 mse": 0.0554998653533174}
{"bot_id": "0000000000000b01", "x": 2.5967380589741142, "y": 2.679695591276109, "z": 0, "MSE": 1, "anchor 1 mse": 0.05830443786128395, "anchor 2 mse": 0.16205600811707174, "anchor 3 mse": 0.9693646525845815, "anchor 4 mse": 0.08038494859169099}
{"bot_id": "0000000000000b01", "x": 2.216559638554165, "y": 2.5113040586982573, "z": 0.0, "MSE": 1, "anchor 1 mse": 0.00041637594988956894, "anchor 2 mse": 0.6110136450357986, "anchor 3 mse": 0.25885766097321594, "anchor 4 mse": 0.04634349863229744}
{"bot_id": "0000000000000b01", "x": 2.5650734025268345, "y": 2.4813196700183053, "z": 0.0, "MSE": 1, "anchor 1 mse": 0.1590655137630519, "anchor 2 mse": 0.1383215164781755, "anchor 3 mse": 0.6048582875916398, "anchor 4 mse": 0.07699402027553662}
{"bot_id": "0000000000000b01", "x": 2.4425416999466973, "y": 2.0669094982764227, "z": 0, "MSE": 1, "anchor 1 mse": 0.0008825053308885109, "anchor 2 mse": 0.08786093648240369, "anchor 3 mse": 0.08071919797351002, "anchor 4 mse": 0.0066905711730645325}
{"bot_id": "0000000000000b01", "x": 2.9341906593187175, "y": 2.088054895328483, "z": 0, "MSE": 1, "anchor 1 mse": 0.45065979198530287, "anchor 2 mse": 0.005737411866580421, "anchor 3 mse": 0.1087339140526113, "anchor 4 mse": 0.003256458957249869}
{"bot_id": "0000000000000b01", "x": 2.3939068155648795, "y": 2.5348523932835674, "z": 0.0, "MSE": 1, "anchor 1 mse": 0.41807059241922234, "anchor 2 mse": 0.12767695782562066, "anchor 3 mse": 0.43253538030433236, "anchor 4 mse": 0.24837267465558854}
{"bot_id": "0000000000000b01", "x": 2.6365401708194405, "y": 2.0106387926346723, "z": 0.0, "MSE": 1, "anchor 1 mse": 0.22631142781324656, "anchor 2 mse": 0.02741152555502657, "anchor 3 mse": 0.045512869167915346, "anchor 4 mse": 0.013619156597583986}
{"bot_id": "0000000000000b01", "x": 1.9311704357219852, "y": 1.9710810770716025, "z": 0, "MSE": 1, "anchor 1 mse": 8.935580043866446e-05, "anchor 2 mse": 0.2823661213054666, "anchor 3 mse": 0.051073078656774504, "anchor 4 mse": 0.0015540337213553073}
{"bot_id": "0000000000000b01", "x": 2.337295295653546, "y": 1.9306164358220756, "z": 0.0, "MSE": 1, "anchor 1 mse": 0.08499502822226108, "anchor 2 mse": 0.005856927157488515, "anchor 3 mse": 0.027545565046226423, "anchor 4 mse": 0.007714269570088464}
{"bot_id": "0000000000000b01", "x": 2.9063016989239854, "y": 2.138400062786109, "z": 0.0, "MSE": 1, "anchor 1 mse": 0.8068222761878394, "anchor 2 mse": 0.20968500586196534, "anchor 3 mse": 0.39167266352491364, "anchor 4 mse": 0.0030407624517148567}
{"bot_id": "0000000000000b01", "x": 1.9094889530542913, "y": 1.95424279384823, "z": 0.0, "MSE": 1, "anchor 1 mse": 0.0004952489755824031, "anchor 2 mse": 0.10572930539242163, "anchor 3 mse": 0.01138226805728856, "anchor 4 mse": 0.000707736186852541}
{"bot_id": "0000000000000b01", "x": 2.937513925113316, "y": 2.2800801119153995, "z": 0.0, "MSE": 1, "anchor 1 mse": 1.3655528695855066, "anchor 2 mse": 0.34023917910764223, "anchor 3 mse": 0.5767828865759634, "anchor 4 mse": 0.019215235653043707}
{"bot_id": "0000000000000b01", "x": 1.4877020486692802, "y": 2.5040933012760367, "z": 0.0, "MSE": 1, "anchor 1 mse": 0.19597103328494986, "anchor 2 mse": 0.5093820626461767, "anchor 3 mse": 0.009153861505786646, "anchor 4 mse": 0.30225124868918596}
{"bot_id": "0000000000000b01", "x": 2.453840288942933, "y": 2.232639808808944, "z": 0.0, "MSE": 1, "anchor 1 mse": 0.7700608526417024, "anchor 2 mse": 0.11953802131487423, "anchor 3 mse": 0.32206064015333336, "anchor 4 mse": 0.002591196385324002}
{"bot_id": "0000000000000b01", "x": 1.909834467064216, "y": 1.59361590892135, "z": 0, "MSE": 1, "anchor 1 mse": 0.00598828946960748, "anchor 2 mse": 0.0010575938270548277, "anchor 3 mse": 0.01331831258409592, "anchor 4 mse": 0.2949766918204309}
{"bot_id": "0000000000000b01", "x": 1.9133756818246912, "y": 1.9680531585065744, "z": 0, "MSE": 1, "anchor 1 mse": 0.21609199387780473, "anchor 2 mse": 0.0032230972435105336, "anchor 3 mse": 0.2199408102301276, "anchor 4 mse": 0.050802642884088665}
{"bot_id": "0000000000000b01", "x": 0.7921539152731285, "y": 2.353952899225719, "z": 0.0, "MSE": 1, "anchor 1 mse": 0.04565361358949297, "anchor 2 mse": 1.3895336571645418, "anchor 3 mse": 0.14117551179664756, "anchor 4 mse": 0.39106978591539926}
{"bot_id": "0000000000000b01", "x": 0.7852230263365757, "y": 2.065067577018612, "z": 0.0, "MSE": 1, "anchor 1 mse": 0.003682489875824246, "anchor 2 mse": 0.7133036303470321, "anchor 3 mse": 0.21903821044077026, "anchor 4 mse": 0.2637120231095103}
{"bot_id": "0000000000000b01", "x": 1.122690141598945, "y": 1.7047743795385961, "z": 0.0, "MSE": 1, "anchor 1 mse": 0.016577365022578755, "anchor 2 mse": 0.12451742119873405, "anchor 3 mse": 0.10256393185435628, "anchor 4 mse": 0.016930613673894576}
{"bot_id": "0000000000000b01", "x": 1.3462698227141814, "y": 1.845433677040794, "z": 0.0, "MSE": 1, "anchor 1 mse": 0.01117057432110007, "anchor 2 mse": 0.030143148506184235, "anchor 3 mse": 0.0011478695620954346, "anchor 4 mse": 0.13498426871306907}
{"bot_id": "0000000000000b01", "x": 1.2951298836818033, "y": 1.6898338762557235, "z": 0, "MSE": 1, "anchor 1 mse": 0.014626286980914746, "anchor 2 mse": 5.4704729428558824e-05, "anchor 3 mse": 3.839870719076812e-05, "anchor 4 mse": 0.1418816622881132}
{"bot_id": "0000000000000b01", "x": 1.3132625864730627, "y": 2.3533109049191046, "z": 0.0, "MSE": 1, "anchor 1 mse": 0.2069753384644605, "anchor 2 mse": 0.09671507605328272, "anchor 3 mse": 0.07386919747588458, "anchor 4 mse": 0.023112167498711124}
{"bot_id": "0000000000000b01", "x": 1.2376159289726836, "y": 1.7590628344388886, "z": 0, "MSE": 1, "anchor 1 mse": 0.0024193911063088887, "anchor 2 mse": 0.006275562700291227, "anchor 3 mse": 0.009164724462773007, "anchor 4 mse": 0.41819207878967196}
{"bot_id": "0000000000000b01", "x": 1.2057223763966365, "y": 1.9804385355322138, "z": 0.0, "MSE": 1, "anchor 1 mse": 0.007849856136816906, "anchor 2 mse": 0.050636853307579444, "anchor 3 mse": 0.12110451944058682, "anchor 4 mse": 0.7828295134522284}
{"bot_id": "0000000000000b01", "x": 1.3018248497306972, "y": 2.9184791315653764, "z": 0, "MSE": 1, "anchor 1 mse": 0.6817210356931873, "anchor 2 mse": 0.17139812349704892, "anchor 3 mse": 0.3853832487226176, "anchor 4 mse": 0.1493102752815017}
{"bot_id": "0000000000000b01", "x": 1.0364107431172849,