{"bot_id": "0000000000000b01", "x": 1.3699996353859123, "y": 1.3699999999999999, "z": -1.855063960291773, "MSE": 7.195062296773531, "anchor 1 mse": 7.195061297730929, "anchor 2 mse": 7.195061297730931, "anchor 3 mse": 7.195063295816133, "anchor 4 mse": 7.19506329581613}
{"bot_id": "0000000000000b01", "x": 2.6107294651592072, "y": 1.939617505087264, "z": 1.0759480070421206, "MSE": 0.012747919380558512, "anchor 1 mse": 0.004321631933893896, "anchor 2 mse": 0.00562603261407098, "anchor 3 mse": 0.03140500718490333, "anchor 4 mse": 0.00963900578936584}
{"bot_id": "0000000000000b01", "x": 2.6110214549074557, "y": 1.9642525265980268, "z": 1.0350147353784045, "MSE": 0.010156508283070525, "anchor 1 mse": 0.003293182057337, "anchor 2 mse": 0.004376938135544274, "anchor 3 mse": 0.02556002723662924, "anchor 4 mse": 0.007395885702771588}
{"bot_id": "0000000000000b01", "x": 2.6270068706154017, "y": 1.9729021609172075, "z": 1.0491756354354527, "MSE": 0.01484619450725563, "anchor 1 mse": 0.004734559377566446, "anchor 2 mse": 0.006251443291653514, "anchor 3 mse": 0.03786839866841985, "anchor 4 mse": 0.010530376691382707}
{"bot_id": "0000000000000b01", "x": 2.652809811457726, "y": 1.996259818145274, "z": 1.0333531338412323, "MSE": 0.014768696183018211, "anchor 1 mse": 0.004503325654054592, "anchor 2 mse": 0.006004622334240281, "anchor 3 mse": 0.038476584555176815, "anchor 4 mse": 0.010090252188601155}
{"bot_id": "0000000000000b01", "x": 2.668776942064876, "y": 1.9976649453619746, "z": 1.043140834478827, "MSE": 0.005891198921038161, "anchor 1 mse": 0.001850593308309275, "anchor 2 mse": 0.00250043075537397, "anchor 3 mse": 0.014955722815834096, "anchor 4 mse": 0.004258048804635302}
{"bot_id": "0000000000000b01", "x": 2.5679101590297524, "y": 1.994060920704663, "z": 1.1102127854730939, "MSE": 0.008982859839262034, "anchor 1 mse": 0.003085966891827569, "anchor 2 mse": 0.004177200141368876, "anchor 3 mse": 0.02206989500720682, "anchor 4 mse": 0.006598377316644871}
{"bot_id": "0000000000000b01", "x": 2.658366416464989, "y": 2.067126609503697, "z": 1.0771851022093677, "MSE": 0.006788189122338429, "anchor 1 mse": 0.0020765855040072397, "anchor 2 mse": 0.0028961949840647515, "anchor 3 mse": 0.017607736044639694, "anchor 4 mse": 0.004572239956642031}
{"bot_id": "0000000000000b01", "x": 2.622563450534332, "y": 1.9770171158234635, "z": 1.0418076653383899, "MSE": 0.018189918762288974, "anchor 1 mse": 0.005707454688495638, "anchor 2 mse": 0.007526910360743168, "anchor 3 mse": 0.04693658987919317, "anchor 4 mse": 0.012588720120723922}
{"bot_id": "0000000000000b01", "x": 2.526860787597327, "y": 1.8300736793752688, "z": 0.9498283062672737, "MSE": 0.024054290474753996, "anchor 1 mse": 0.008343845003576282, "anchor 2 mse": 0.010259077564261976, "anchor 3 mse": 0.05880839643053842, "anchor 4 mse": 0.018805842900639302}
{"bot_id": "0000000000000b01", "x": 2.493037854662444, "y": 1.8908491633429159, "z": 0.815791884362456, "MSE": 0.013023738404229088, "anchor 1 mse": 0.004042909656052522, "anchor 2 mse": 0.005308835745337866, "anchor 3 mse": 0.03354299708404401, "anchor 4 mse": 0.009200211131481954}
{"bot_id": "0000000000000b01", "x": 2.4638041689966617, "y": 1.656633799069669, "z": 0.745350150043925, "MSE": 0.047097976778138005, "anchor 1 mse": 0.017186360459942332, "anchor 2 mse": 0.018832275261270237, "anchor 3 mse": 0.11135162179165459, "anchor 4 mse": 0.041021649599684885}
{"bot_id": "0000000000000b01", "x": 2.31124045471502, "y": 1.6955478710408693, "z": 0.7189583257354868, "MSE": 0.03369105444659919, "anchor 1 mse": 0.013286990503833754, "anchor 2 mse": 0.015323466389602193, "anchor 3 mse": 0.0775692873240436, "anchor 4 mse": 0.02858447356891722}
{"bot_id": "0000000000000b01", "x": 2.212253458988176, "y": 1.8348816054950787, "z": 0.5900609166614351, "MSE": 0.02539663852544604, "anchor 1 mse": 0.008857534595574855, "anchor 2 mse": 0.011662571732587057, "anchor 3 mse": 0.06373973702826152, "anchor 4 mse": 0.017326710745360727}
{"bot_id": "0000000000000b01", "x": 2.179634844475281, "y": 1.7958396195457786, "z": 0.6150243857326174, "MSE": 0.0540727347690032, "anchor 1 mse": 0.019697144887097274, "anchor 2 mse": 0.02443872450751014, "anchor 3 mse": 0.13575731263348814, "anchor 4 mse": 0.03639775704791722}
{"bot_id": "0000000000000b01", "x": 2.1566421225964323, "y": 1.7444345208376415, "z": 0.5803839952773315, "MSE": 0.02153332664032694, "anchor 1 mse": 0.008817654486225868, "anchor 2 mse": 0.010978822610981367, "anchor 3 mse": 0.04911892371524502, "anchor 4 mse": 0.017217905748855494}
{"bot_id": "0000000000000b01", "x": 2.030738638858908, "y": 1.7642978174768822, "z": 0.8159950636194189, "MSE": 0.020714362047136267, "anchor 1 mse": 0.010228797793727836, "anchor 2 mse": 0.01295197535574184, "anchor 3 mse": 0.04257168670142576, "anchor 4 mse": 0.01710498833764963}
{"bot_id": "0000000000000b01", "x": 1.996933923106905, "y": 1.7981025354698983, "z": 0.6929596488586686, "MSE": 0.008879547963916816, "anchor 1 mse": 0.004236388838982516, "anchor 2 mse": 0.005759163881274665, "anchor 3 mse": 0.01835055474021383, "anchor 4 mse": 0.007172084395196255}
{"bot_id": "0000000000000b01", "x": 1.9178556829142408, "y": 1.71902384574329, "z": 0.6560597794136853, "MSE": 0.021658819563875928, "anchor 1 mse": 0.011609769562243548, "anchor 2 mse": 0.014501836710305123, "anchor 3 mse": 0.042375879220103926, "anchor 4 mse": 0.01814779276285111}
{"bot_id": "0000000000000b01", "x": 1.7431658660274965, "y": 1.7676369552394922, "z": 0.6640860859144859, "MSE": 0.016636508357640745, "anchor 1 mse": 0.00997192447224498, "anchor 2 mse": 0.013549264514047398, "anchor 3 mse": 0.029853867193102505, "anchor 4 mse": 0.013170977251168095}
{"bot_id": "0000000000000b01", "x": 1.7766330330035587, "y": 1.8084581072587678, "z": 0.28987786659643977, "MSE": 0.024028069786179482, "anchor 1 mse": 0.012468221731165286, "anchor 2 mse": 0.017722124820091844, "anchor 3 mse": 0.04887878867792431, "anchor 4 mse": 0.01704314391553649}
{"bot_id": "0000000000000b01", "x": 1.7121621660271564, "y": 1.7793157942586184, "z": 0.6942010640883552, "MSE": 0.039279751705728894, "anchor 1 mse": 0.024034312683013027, "anchor 2 mse": 0.03154698117323555, "anchor 3 mse": 0.07227853188753385, "anchor 4 mse": 0.029259181079133174}
{"bot_id": "0000000000000b01", "x": 1.5126274585353927, "y": 1.7088322611288034, "z": 0.7527664511282786, "MSE": 0.019973701548590184, "anchor 1 mse": 0.015149371111626416, "anchor 2 mse": 0.019769659621177764, "anchor 3 mse": 0.02923777427055344, "anchor 4 mse": 0.015738001191003125}
{"bot_id": "0000000000000b01", "x": 1.4520708380853318, "y": 1.7552282329138318, "z": 0.7512966870539516, "MSE": 0.021723985316997846, "anchor 1 mse": 0.016564810873519693, "anchor 2 mse": 0.022923712801239542, "anchor 3 mse": 0.031290844176044004, "anchor 4 mse": 0.01611657341718814}
{"bot_id": "0000000000000b01", "x": 1.433722414265611, "y": 1.779434388522108, "z": 0.49351200743327095, "MSE": 0.006368404694887621, "anchor 1 mse": 0.00460240895418765, "anchor 2 mse": 0.007235641810801422, "anchor 3 mse": 0.009001280224057823, "anchor 4 mse": 0.004634287790503586}
