{"bot_id": "0000000000000b01", "x": 1.350937528042361, "y": 1.37, "z": -2.6235512161782824, "MSE": 10.637184361747682, "anchor 1 mse": 10.584953188583752, "anchor 2 mse": 10.584953188583752, "anchor 3 mse": 10.689415534911612, "anchor 4 mse": 10.689415534911612}
{"bot_id": "0000000000000b01", "x": 2.5865839419795864, "y": 1.977090199465301, "z": 2.0083989571597494, "MSE": 0.39030085514750446, "anchor 1 mse": 0.21650998055691206, "anchor 2 mse": 0.12422563778674318, "anchor 3 mse": 0.9680359186707068, "anchor 4 mse": 0.25243188357565577}
{"bot_id": "0000000000000b01", "x": 2.5878663978132166, "y": 2.000941771048208, "z": 1.8918355047363034, "MSE": 0.3169724885638888, "anchor 1 mse": 0.16717506253631648, "anchor 2 mse": 0.09593056984935944, "anchor 3 mse": 0.8041793685225412, "anchor 4 mse": 0.20060495334733824}
{"bot_id": "0000000000000b01", "x": 2.6045967070156766, "y": 2.009553903945104, "z": 1.9093387721227526, "MSE": 0.33522006817458233, "anchor 1 mse": 0.17948512802630262, "anchor 2 mse": 0.09063091607830066, "anchor 3 mse": 0.8812898390847086, "anchor 4 mse": 0.1894743895090174}
{"bot_id": "0000000000000b01", "x": 2.6315045535917694, "y": 2.0325453114911713, "z": 1.854169572973847, "MSE": 0.30502681571461726, "anchor 1 mse": 0.1576874769065622, "anchor 2 mse": 0.07614561909578041, "anchor 3 mse": 0.82357997226906, "anchor 4 mse": 0.1626941945870664}
{"bot_id": "0000000000000b01", "x": 2.646286098228549, "y": 2.03487724424964, "z": 1.9108946037410943, "MSE": 0.3155130030361057, "anchor 1 mse": 0.15716189347349355, "anchor 2 mse": 0.1084998266213239, "anchor 3 mse": 0.7726313360476428, "anchor 4 mse": 0.22375895600196238}
{"bot_id": "0000000000000b01", "x": 2.545695670790732, "y": 2.0307473447557287, "z": 2.0350813010621587, "MSE": 0.38583271940476405, "anchor 1 mse": 0.21165476329706975, "anchor 2 mse": 0.1409553833311336, "anchor 3 mse": 0.9290525156549492, "anchor 4 mse": 0.26166821533590356}
{"bot_id": "0000000000000b01", "x": 2.6389256909364196, "y": 2.1035708912367057, "z": 1.924417048441895, "MSE": 0.3148393960296177, "anchor 1 mse": 0.15593302578732382, "anchor 2 mse": 0.10726565335786811, "anchor 3 mse": 0.7911088995625327, "anchor 4 mse": 0.20505000541074633}
{"bot_id": "0000000000000b01", "x": 2.600706195524149, "y": 2.0132193851372735, "z": 1.8767473654740567, "MSE": 0.3236342990308819, "anchor 1 mse": 0.17361784945050088, "anchor 2 mse": 0.0775479552061059, "anchor 3 mse": 0.8786679918788672, "anchor 4 mse": 0.16470339958805363}
{"bot_id": "0000000000000b01", "x": 2.4993472051673433, "y": 1.8659731802954869, "z": 1.7755764078460123, "MSE": 0.2977194741879682, "anchor 1 mse": 0.17560103894985216, "anchor 2 mse": 0.05664302304226277, "anchor 3 mse": 0.8165234500032263, "anchor 4 mse": 0.1421103847565314}
{"bot_id": "0000000000000b01", "x": 2.468648844310331, "y": 1.923430040472648, "z": 1.4161925618477442, "MSE": 0.13699719282305006, "anchor 1 mse": 0.07023939703465645, "anchor 2 mse": 0.01712093874100869, "anchor 3 mse": 0.40591136997004434, "anchor 4 mse": 0.05471706554649072}
{"bot_id": "0000000000000b01", "x": 2.4337153880458864, "y": 1.687342725486015, "z": 1.359626806177267, "MSE": 0.16876570839172753, "anchor 1 mse": 0.10799885062918316, "anchor 2 mse": 0.002487314179943165, "anchor 3 mse": 0.5425251964444845, "anchor 4 mse": 0.02205147231329928}
{"bot_id": "0000000000000b01", "x": 2.289220159520511, "y": 1.7178080282306947, "z": 1.0619041864971843, "MSE": 0.06960189114683685, "anchor 1 mse": 0.045245231785604884, "anchor 2 mse": 0.0013919671578248379, "anchor 3 mse": 0.2316851968524713, "anchor 4 mse": 8.516879144637954e-05}
{"bot_id": "0000000000000b01", "x": 2.202286397794227, "y": 1.8463118284005045, "z": 0.6848452536661763, "MSE": 0.02972543460035958, "anchor 1 mse": 0.013066706103983007, "anchor 2 mse": 0.009329631250061388, "anchor 3 mse": 0.08864251689573939, "anchor 4 mse": 0.007862884151654531}
{"bot_id": "0000000000000b01", "x": 2.169595939329807, "y": 1.8064779862398206, "z": 0.7153850012342252, "MSE": 0.060405311197339766, "anchor 1 mse": 0.02638553779052619, "anchor 2 mse": 0.020200749540321836, "anchor 3 mse": 0.1740009490382302, "anchor 4 mse": 0.02103400842028084}
{"bot_id": "0000000000000b01", "x": 2.1454975470154496, "y": 1.755636516162687, "z": 0.6760984447839922, "MSE": 0.02476944846924247, "anchor 1 mse": 0.012884881617589805, "anchor 2 mse": 0.008939486978370551, "anchor 3 mse": 0.06968763729002975, "anchor 4 mse": 0.007565787990979785}
{"bot_id": "0000000000000b01", "x": 2.0091868480149344, "y": 1.7837576372453827, "z": 1.180402714359744, "MSE": 0.06101854242469757, "anchor 1 mse": 0.050452546405451666, "anchor 2 mse": 7.823992660793272e-05, "anchor 3 mse": 0.1898999894101522, "anchor 4 mse": 0.0036433939565784696}
{"bot_id": "0000000000000b01", "x": 1.976886419706879, "y": 1.8161752284775279, "z": 0.9534701517352705, "MSE": 0.024991145029034944, "anchor 1 mse": 0.019266232582988405, "anchor 2 mse": 7.551559257197632e-05, "anchor 3 mse": 0.07913339805119715, "anchor 4 mse": 0.0014894338893822457}
{"bot_id": "0000000000000b01", "x": 1.9096737323277873, "y": 1.7254603548204666, "z": 0.7501224921267656, "MSE": 0.024699230489570772, "anchor 1 mse": 0.017111680476821024, "anchor 2 mse": 0.010231592682502412, "anchor 3 mse": 0.06271806500140187, "anchor 4 mse": 0.008735583797557775}
{"bot_id": "0000000000000b01", "x": 1.733108893102462, "y": 1.7725474081794648, "z": 0.7650566360764959, "MSE": 0.019683216817135085, "anchor 1 mse": 0.015474930663607573, "anchor 2 mse": 0.008613464290381567, "anchor 3 mse": 0.049373542659663074, "anchor 4 mse": 0.005270929654888121}
{"bot_id": "0000000000000b01", "x": 1.7672918491126248, "y": 1.8125391900189989, "z": 0.3044647106889477, "MSE": 0.024620280385205348, "anchor 1 mse": 0.012049044024827392, "anchor 2 mse": 0.019892050200739347, "anchor 3 mse": 0.052010386746594375, "anchor 4 mse": 0.014529640568660275}
{"bot_id": "0000000000000b01", "x": 1.6994720835977744, "y": 1.784587102989405, "z": 0.8224794284600024, "MSE": 0.04540242679222513, "anchor 1 mse": 0.03533133032555367, "anchor 2 mse": 0.020733578960319573, "anchor 3 mse": 0.11197095676976468, "anchor 4 mse": 0.013573841113262602}
{"bot_id": "0000000000000b01", "x": 1.4980574357448408, "y": 1.716378414342172, "z": 0.929588626674677, "MSE": 0.027059741725996414, "anchor 1 mse": 0.03259534208330386, "anchor 2 mse": 0.006617087342211916, "anchor 3 mse": 0.0668688869224358, "anchor 4 mse": 0.0021576505560340835}
{"bot_id": "0000000000000b01", "x": 1.4348289299860204, "y": 1.7620625159909495, "z": 0.9452517442295806, "MSE": 0.030207357563914017, "anchor 1 mse": 0.03652588946810969, "anchor 2 mse": 0.0068861605494035276, "anchor 3 mse": 0.07564091783211493, "anchor 4 mse": 0.0017764624060279146}
{"bot_id": "0000000000000b01", "x": 1.422562069722283, "y": 1.7837188976836271, "z": 0.5426117507409856, "MSE": 0.007011908088211576, "anchor 1 mse": 0.005648642127632753, "anchor 2 mse": 0.006734041807129665, "anchor 3 mse": 0.013448413598448125, "anchor 4 mse": 0.002216534819635761}
{"bot_id": "0000000000000b01", "x": 1.3123368829548179, "y": 1.8076279442397212, "z": 0.6223737001692651, "MSE": 0.025256601970418274, "anchor 1 mse": 0.022158285467187552, "anchor 2 mse": 0.02373217323534919, "anchor 3 mse": 0.04630364350677993, "anchor 4 mse": 0.008832305672356424}
{"bot_id": "0000000000000b01", "x": 1.2572801409131504, "y": 2.0091026426524707, "z": 0.9680502045174941, "MSE": 0.020432164250544917, "anchor 1 mse": 0.028951019669700352, "anchor 2 mse": 0.0018471175937922583, "anchor 3 mse": 0.050926804836864355, "anchor 4 mse": 3.7149018226992463e-06}
{"bot_id": "0000000000000b01", "x": 1.1688790506764972, "y": 1.921797306703025, "z": 0.7001788974827607, "MSE": 0.00804755250687, "anchor 1 mse": 0.011195435212503315, "anchor 2 mse": 0.004993603196635932, "anchor 3 mse": 0.015566139374047114, "anchor 4 mse": 0.0004350322442936415}
{"bot_id": "0000000000000b01", "x": 1.179531037564769, "y": 1.9202271000893487, "z": 0.6798201465286992,