{"bot_id": "0000000000000b01", "x": 0.007653887404250289, "y": 1.3865866192704823, "z": 0, "MSE": 1, "anchor 1 mse": 1.9226810347323424, "anchor 2 mse": 1.8317863611301, "anchor 3 mse": 9.297443058154807, "anchor 4 mse": 9.388337731757051}
{"bot_id": "0000000000000b01", "x": 1.3655320048252173, "y": 1.403191782176061, "z": 0, "MSE": 1, "anchor 1 mse": 1.96570365030656, "anchor 2 mse": 1.2079086221326343, "anchor 3 mse": 0.5585271340464255, "anchor 4 mse": 0.1265886029719868}
{"bot_id": "0000000000000b01", "x": 1.5195649028480962, "y": 2.999122998077427, "z": 0.0, "MSE": 1, "anchor 1 mse": 6.217562107194571e-05, "anchor 2 mse": 2.069282276035424, "anchor 3 mse": 0.011586454571658406, "anchor 4 mse": 0.8610569217857464}
{"bot_id": "0000000000000b01", "x": 1.2361271412885873, "y": 2.2162649329290254, "z": 0.0, "MSE": 1, "anchor 1 mse": 0.7094960850290738, "anchor 2 mse": 2.7805531697410943, "anchor 3 mse": 0.23276860413808934, "anchor 4 mse": 0.11446873497560055}
{"bot_id": "0000000000000b01", "x": 1.7022897565988067, "y": 2.7399786145198894, "z": 0.0, "MSE": 1, "anchor 1 mse": 0.03395890673716531, "anchor 2 mse": 1.7363602852104147, "anchor 3 mse": 0.0017884234945483807, "anchor 4 mse": 0.33628625591283634}
{"bot_id": "0000000000000b01", "x": 2.439315274554045, "y": 2.3323671734877203, "z": 0.0, "MSE": 1, "anchor 1 mse": 0.005634545455274644, "anchor 2 mse": 0.2882182101822096, "anchor 3 mse": 0.4270189326692471, "anchor 4 mse": 0.0010029370146312905}
{"bot_id": "0000000000000b01", "x": 1.8178807694951922, "y": 2.6915272476155594, "z": 0.0, "MSE": 1, "anchor 1 mse": 0.017444106090392028, "anchor 2 mse": 1.3029608293611308, "anchor 3 mse": 0.07651177677555594, "anchor 4 mse": 0.22572481761781749}
{"bot_id": "0000000000000b01", "x": 2.947538797478999, "y": 2.343572692726411, "z": 0, "MSE": 1, "anchor 1 mse": 0.07599741742957139, "anchor 2 mse": 0.0006719533741802238, "anchor 3 mse": 0.4796015748627239, "anchor 4 mse": 0.002233109671181857}
