{"bot_id": "0000000000000b01", "x": 0.0, "y": 1.37, "z": 0, "MSE": 1, "anchor 1 mse": 1.8769000000000002, "anchor 2 mse": 1.8769000000000002, "anchor 3 mse": 9.384500000000001, "anchor 4 mse": 9.384500000000001}
{"bot_id": "0000000000000b01", "x": 1.3788850359151872, "y": 1.3583085665728154, "z": 0, "MSE": 1, "anchor 1 mse": 2.0290781868242562, "anchor 2 mse": 1.119314591657061, "anchor 3 mse": 0.5921480692575428, "anchor 4 mse": 0.1576694741475643}
{"bot_id": "0000000000000b01", "x": -2.9010796631281366, "y": 1.841427583974782, "z": 0, "MSE": 1, "anchor 1 mse": 0.004375667266222508, "anchor 2 mse": 0.00325513261083218, "anchor 3 mse": 20.90499948295171, "anchor 4 mse": 13.133546581529831}
{"bot_id": "0000000000000b01", "x": 1.930411422264608, "y": 2.791680899489493, "z": 0.0, "MSE": 1, "anchor 1 mse": 0.0001990414339225166, "anchor 2 mse": 1.1640185254376667, "anchor 3 mse": 0.08925965779101964, "anchor 4 mse": 0.3211510384550797}
{"bot_id": "0000000000000b01", "x": 1.6952207384485236, "y": 2.1745359000739803, "z": 0.0, "MSE": 1, "anchor 1 mse": 0.42609388577809865, "anchor 2 mse": 1.5201827454669485, "anchor 3 mse": 0.011661214121533486, "anchor 4 mse": 0.003906608455642203}
{"bot_id": "0000000000000b01", "x": -2.979653054114531, "y": 1.699920727340789, "z": 0, "MSE": 1, "anchor 1 mse": 0.00038177178274249505, "anchor 2 mse": 0.021304954971128956, "anchor 3 mse": 21.654592940495323, "anchor 4 mse": 13.30004214271742}
{"bot_id": "0000000000000b01", "x": 1.5120993195352583, "y": 2.3576025900188524, "z": 0.0, "MSE": 1, "anchor 1 mse": 0.3354201809920093, "anchor 2 mse": 1.9608328705272076, "anchor 3 mse": 0.007407497152977223, "anchor 4 mse": 0.0830595450431097}
{"bot_id": "0000000000000b01", "x": 1.7023210796396673, "y": 2.879591021406796, "z": 0, "MSE": 1, "anchor 1 mse": 0.02098529050194983, "anchor 2 mse": 1.6691742040038926, "anchor 3 mse": 0.00864418684522813, "anchor 4 mse": 0.4367268829419802}
{"bot_id": "0000000000000b01", "x": 1.663611755357779, "y": 2.9110019410109262, "z": 0.0, "MSE": 1, "anchor 1 mse": 0.00029446402602812733, "anchor 2 mse": 1.7892345652680297, "anchor 3 mse": 9.774954194209705e-05, "anchor 4 mse": 0.5679641932848457}
{"bot_id": "0000000000000b01", "x": 1.7000060026442605, "y": 2.9792700736242073, "z": 0, "MSE": 1, "anchor 1 mse": 0.06768875896763141, "anchor 2 mse": 1.520876817675702, "anchor 3 mse": 0.0005215111476476441, "anchor 4 mse": 0.8941073178086302}
{"bot_id": "0000000000000b01", "x": 3.703189546294243, "y": 1.8395155052394523, "z": 0, "MSE": 1, "anchor 1 mse": 0.9310395006634083, "anchor 2 mse": 0.9625577071241256, "anchor 3 mse": 0.08913942171471241, "anchor 4 mse": 0.008755802240499452}
{"bot_id": "0000000000000b01", "x": 2.217985150340422, "y": 2.1276435957488347, "z": 0.0, "MSE": 1, "anchor 1 mse": 0.020588661956218796, "anchor 2 mse": 0.39568542441678856, "anchor 3 mse": 0.04216396605566155, "anchor 4 mse": 0.022724269627881422}
{"bot_id": "0000000000000b01", "x": 1.9785012387028946, "y": 1.9027501216949763, "z": 0.0, "MSE": 1, "anchor 1 mse": 0.009028455048750047, "anchor 2 mse": 0.3741024018526838, "anchor 3 mse": 0.0051486749155149935, "anchor 4 mse": 0.00011082383457701749}
{"bot_id": "0000000000000b01", "x": 1.246315410855122, "y": 1.9719945938226906, "z": 0.0, "MSE": 1, "anchor 1 mse": 0.2572281545018325, "anchor 2 mse": 1.2233580829280661, "anchor 3 mse": 0.5322596015447202, "anchor 4 mse": 0.11822205171644329}
{"bot_id": "0000000000000b01", "x": 2.324525795561987, "y": 2.1525950147257635, "z": 0.0, "MSE": 1, "anchor 1 mse": 0.1748376824454708, "anchor 2 mse": 0.04511561763864122, "anchor 3 mse": 0.02907423570341645, "anchor 4 mse": 0.0004983568112388424}
{"bot_id": "0000000000000b01", "x": 2.139343472236871, "y": 2.0753379789180455, "z": 0, "MSE": 1, "anchor 1 mse": 0.05787559518412008, "anchor 2 mse": 0.09596635235970678, "anchor 3 mse": 0.030324987047659457, "anchor 4 mse": 0.010102843067232836}
{"bot_id": "0000000000000b01", "x": 1.8658972958911089, "y": 2.0358834632752485, "z": 0, "MSE": 1, "anchor 1 mse": 0.002661805836860989, "anchor 2 mse": 0.26591537638265994, "anchor 3 mse": 0.01627563590742242, "anchor 4 mse": 0.00024331531551512753}
{"bot_id": "0000000000000b01", "x": 2.0987904970878466, "y": 2.0914930735213044, "z": 0.0, "MSE": 1, "anchor 1 mse": 0.06400010534345871, "anchor 2 mse": 0.0373656032648558, "anchor 3 mse": 0.11425628248457184, "anchor 4 mse": 0.001412027017412353}
{"bot_id": "0000000000000b01", "x": 1.8259713478470578, "y": 2.058903633317606, "z": 0, "MSE": 1, "anchor 1 mse": 0.04078576422779958, "anchor 2 mse": 0.1946026153415306, "anchor 3 mse": 0.01442731560233231, "anchor 4 mse": 0.010541603787864843}
{"bot_id": "0000000000000b01", "x": 1.8630468110809177, "y": 1.7721722339319528, "z": 0, "MSE": 1, "anchor 1 mse": 0.010259884026443202, "anchor 2 mse": 0.014535535278372317, "anchor 3 mse": 0.004091028581095854, "anchor 4 mse": 0.07437549168201604}
{"bot_id": "0000000000000b01", "x": 2.5413258258319193, "y": 2.223464522778315, "z": 0.0, "MSE": 1, "anchor 1 mse": 0.8774148090057243, "anchor 2 mse": 0.18773902582346386, "anchor 3 mse": 0.355900549081371, "anchor 4 mse": 0.0010447753908156482}
{"bot_id": "0000000000000b01", "x": 1.7860386005931983, "y": 1.7831059593183225, "z": 0, "MSE": 1, "anchor 1 mse": 0.012942969717911233, "anchor 2 mse": 0.054651634713084624, "anchor 3 mse": 0.0026194364996545458, "anchor 4 mse": 0.10096283897678383}
{"bot_id": "0000000000000b01", "x": 1.2833456161112196, "y": 2.1036692707857467, "z": 0.0, "MSE": 1, "anchor 1 mse": 0.033938515747788875, "anchor 2 mse": 0.4727347150861204, "anchor 3 mse": 0.00010861432744012447, "anchor 4 mse": 0.03950659848567165}
{"bot_id": "0000000000000b01", "x": 1.516757651307357, "y": 1.8585510654548245, "z": 0.0, "MSE": 1, "anchor 1 mse": 0.01661760795300361, "anchor 2 mse": 0.0934633802471086, "anchor 3 mse": 0.010457503675775952, "anchor 4 mse": 0.042033393338387}
{"bot_id": "0000000000000b01", "x": 0.7811103231259785, "y": 1.859311599980951, "z": 0.0, "MSE": 1, "anchor 1 mse": 0.06414907496327331, "anchor 2 mse": 0.49396034516174553, "anchor 3 mse": 0.300037907800394, "anchor 4 mse": 0.1374882126155025}
{"bot_id": "0000000000000b01", "x": 1.5276543051613332, "y": 1.9995477988607089, "z": 0.0, "MSE": 1, "anchor 1 mse": 0.11994480019746373, "anchor 2 mse": 0.033253497243386373, "anchor 3 mse": 0.03219102999196801, "anchor 4 mse": 0.020059103729710103}
{"bot_id": "0000000000000b01", "x": 2.042569919088766, "y": 2.4585028142909007, "z": 0.0, "MSE": 1, "anchor 1 mse": 0.6501182451140692, "anchor 2 mse": 0.07391654626298742, "anchor 3 mse": 0.8796626785017612, "anchor 4 mse": 0.01549710511674983}
{"bot_id": "0000000000000b01", "x": 1.7054842165534043, "y": 1.797393164146319, "z": 0.0, "MSE": 1, "anchor 1 mse": 0.05187498361755925, "anchor 2 mse": 0.08331100702923848, "anchor 3 mse": 0.1447448255559953, "anchor 4 mse": 0.2768360373107354}
{"bot_id": "0000000000000b01", "x": 1.581242636720676, "y": 1.8765970543151216, "z": 0.0, "MSE": 1, "anchor 1 mse": 0.045781069984489844, "anchor 2 mse": 0.014788609420434968, "anchor 3 mse": 0.09299159640783436, "anchor 4 mse": 0.15561149045763362}
{"bot_id": "0000000000000b01", "x": 1.166334253612994, "y": 2.7730862331200705, "z": 0.0, "MSE": 1, "anchor 1 mse": 0.6534762421509074, "anchor 2 mse": 0.11101994120571426, "anchor 3 mse": 0.0998474517222658, "anchor 4 mse": 0.052205004140561166}
{"bot_id": "0000000000000b01", "x": 1.0320475634276478, "y": 1.9307640946467215, "z": 0, "MSE": 1, "anchor 1 mse": 0.0016576489033252723, "anchor 2 mse": 0.012428226749584067, "anchor 3 mse": 0.028912209374482436, "anchor 4 mse": 0.6597007655415066}
{"bot_id": "0000000000000b01", "x": 1.4407407991484977, "y": 2.143889171183812, "z": 0.0, "MSE": 1, "anchor 1 mse": 0.045377727254004116, "anchor 2 mse": 0.43453514038086144, "anchor 3 mse": 0.41026160433222153, "anchor 4 mse": 1.2840115980412559}
{"bot_id": "0000000000000b01", "x": 1.0485465106455854, "y": 2.7701664832040205, "z": 0.0, "MSE": 1,