{"bot_id": "0000000000000b01", "x": 0.015603816955664459, "y": 1.318233330427253, "z": 0, "MSE": 5.5908688087237195, "anchor 1 mse": 1.737982592552913, "anchor 2 mse": 2.021663941811567, "anchor 3 mse": 9.443755024894527, "anchor 4 mse": 9.160073675635873}
{"bot_id": "0000000000000b01", "x": 1.3368335897548953, "y": 1.3034455616696903, "z": 0.0, "MSE": 1.0481611286522947, "anchor 1 mse": 2.228724848340543, "anchor 2 mse": 1.0975730965904185, "anchor 3 mse": 0.7024529369464847, "anchor 4 mse": 0.16389363273173263}
{"bot_id": "0000000000000b01", "x": 2.8467380361653483, "y": 1.3566456133101379, "z": 0, "MSE": 0.26081925866875005, "anchor 1 mse": 0.046883062507802, "anchor 2 mse": 0.034246151277855505, "anchor 3 mse": 0.061239504339190856, "anchor 4 mse": 0.9009083165501518}
{"bot_id": "0000000000000b01", "x": 1.9290475414079409, "y": 2.236694417497144, "z": 0.0, "MSE": 0.3101319657411446, "anchor 1 mse": 0.1817774964463366, "anchor 2 mse": 1.0330179949381446, "anchor 3 mse": 0.02419814987673481, "anchor 4 mse": 0.0015342217033625888}
{"bot_id": "0000000000000b01", "x": 2.266802026062999, "y": 2.4914057668428145, "z": 0, "MSE": 0.22021940185376845, "anchor 1 mse": 0.0017382805749365038, "anchor 2 mse": 0.5470190711107903, "anchor 3 mse": 0.2975445679212749, "anchor 4 mse": 0.03457568780807208}
{"bot_id": "0000000000000b01", "x": 2.3498989394331287, "y": 2.31321073886617, "z": 0, "MSE": 0.18722214844243829, "anchor 1 mse": 0.02328110563669367, "anchor 2 mse": 0.3864595565474208, "anchor 3 mse": 0.3384784904746595, "anchor 4 mse": 0.0006694411109790605}
{"bot_id": "0000000000000b01", "x": 2.8785112205606698, "y": 2.271033206719171, "z": 0, "MSE": 0.14962485892212285, "anchor 1 mse": 0.08209759913138646, "anchor 2 mse": 0.0018954663425469313, "anchor 3 mse": 0.5055294166083586, "anchor 4 mse": 0.00897695360619948}
{"bot_id": "0000000000000b01", "x": 2.844448680784613, "y": 2.4714836719940854, "z": 0, "MSE": 0.20723474249622142, "anchor 1 mse": 0.07737963330792026, "anchor 2 mse": 0.02042196521967346, "anchor 3 mse": 0.7257071895630084, "anchor 4 mse": 0.005430181894283622}
{"bot_id": "0000000000000b01", "x": 2.929661125016252, "y": 2.251808736462206, "z": 0, "MSE": 0.10620832031462085, "anchor 1 mse": 0.10567178828014674, "anchor 2 mse": 0.0015953567224394572, "anchor 3 mse": 0.30942681840714975, "anchor 4 mse": 0.008139317848747418}
{"bot_id": "0000000000000b01", "x": 2.693335462757687, "y": 2.1276230925089883, "z": 0.0, "MSE": 0.08431537365511176, "anchor 1 mse": 0.0688129560339314, "anchor 2 mse": 0.03531559565094629, "anchor 3 mse": 0.22643102718843172, "anchor 4 mse": 0.00670191574713761}
{"bot_id": "0000000000000b01", "x": 2.038922591184889, "y": 2.439741066711989, "z": 0.0, "MSE": 0.19839450753482954, "anchor 1 mse": 9.121332201660111e-05, "anchor 2 mse": 0.5914954232319103, "anchor 3 mse": 0.06621892079346667, "anchor 4 mse": 0.13577247279192461}
{"bot_id": "0000000000000b01", "x": 1.982493400779047, "y": 2.1783869160343357, "z": 0.0, "MSE": 0.20792052037685788, "anchor 1 mse": 0.00023856581222490272, "anchor 2 mse": 0.7560179744382522, "anchor 3 mse": 0.004490669557225106, "anchor 4 mse": 0.0709348716997292}
{"bot_id": "0000000000000b01", "x": 2.02483284705039, "y": 2.2537595019705385, "z": 0.0, "MSE": 0.15649372653037738, "anchor 1 mse": 0.036004742386462806, "anchor 2 mse": 0.4591456255527913, "anchor 3 mse": 0.038099690771060984, "anchor 4 mse": 0.09272484741119448}
{"bot_id": "0000000000000b01", "x": 1.9375268935508356, "y": 2.1026538936303574, "z": 0.0, "MSE": 0.07543999035662038, "anchor 1 mse": 0.0003695754715470201, "anchor 2 mse": 0.2812585376947662, "anchor 3 mse": 0.005591982541613428, "anchor 4 mse": 0.01453986571855487}
{"bot_id": "0000000000000b01", "x": 2.5340499941483285, "y": 1.9554909630111155, "z": 0.0, "MSE": 0.06319880905683051, "anchor 1 mse": 0.203253546848923, "anchor 2 mse": 0.0018240387696718105, "anchor 3 mse": 0.006226511226407456, "anchor 4 mse": 0.041491139382319756}
{"bot_id": "0000000000000b01", "x": 2.5141609983833457, "y": 1.9159474921077857, "z": 0.0, "MSE": 0.06249396384687882, "anchor 1 mse": 0.1772329181459315, "anchor 2 mse": 0.009170776918148077, "anchor 3 mse": 0.046466598787009136, "anchor 4 mse": 0.01710556153642657}
{"bot_id": "0000000000000b01", "x": 2.1281432348763296, "y": 1.883705696064826, "z": 0.0, "MSE": 0.037823396486114734, "anchor 1 mse": 0.017441504061361916, "anchor 2 mse": 0.046675063320277994, "anchor 3 mse": 0.03903395538379267, "anchor 4 mse": 0.04814306317902634}
{"bot_id": "0000000000000b01", "x": 2.1877213191988965, "y": 1.9813387743866018, "z": 0.0, "MSE": 0.042419895148989896, "anchor 1 mse": 0.05836117574361575, "anchor 2 mse": 0.005545387100080802, "anchor 3 mse": 0.09709986084383204, "anchor 4 mse": 0.008673156908430976}
{"bot_id": "0000000000000b01", "x": 2.090209288723368, "y": 1.8062860785404484, "z": 0.0, "MSE": 0.03084758607689239, "anchor 1 mse": 0.04517456080499956, "anchor 2 mse": 0.010144798245614099, "anchor 3 mse": 0.014990810722342204, "anchor 4 mse": 0.05308017453461369}
{"bot_id": "0000000000000b01", "x": 2.1485373669242755, "y": 2.2350311892764494, "z": 0, "MSE": 0.18801086849389492, "anchor 1 mse": 0.39722058623312656, "anchor 2 mse": 0.00016690187034256072, "anchor 3 mse": 0.3508160485256412, "anchor 4 mse": 0.003839937346469424}
{"bot_id": "0000000000000b01", "x": 2.2447284955476374, "y": 2.325125277787829, "z": 0, "MSE": 0.2318755003857432, "anchor 1 mse": 0.6270654178996622, "anchor 2 mse": 0.015066459710519203, "anchor 3 mse": 0.2539388514209259, "anchor 4 mse": 0.03143127251186537}
{"bot_id": "0000000000000b01", "x": 2.395926187893362, "y": 2.3315385640339827, "z": 0, "MSE": 0.371684939001421, "anchor 1 mse": 0.8707361120704202, "anchor 2 mse": 0.029068341418572917, "anchor 3 mse": 0.5866534001289279, "anchor 4 mse": 0.0002819023877632642}
{"bot_id": "0000000000000b01", "x": 1.632227114637948, "y": 1.9070499293466974, "z": 0, "MSE": 0.051334861661728716, "anchor 1 mse": 0.052982938255133435, "anchor 2 mse": 0.08266959816026331, "anchor 3 mse": 0.045800541724956706, "anchor 4 mse": 0.023886368506561406}
{"bot_id": "0000000000000b01", "x": 1.5484992401250235, "y": 1.7281659675750018, "z": 0, "MSE": 0.03960644450054646, "anchor 1 mse": 0.0025434483818114906, "anchor 2 mse": 0.04419563538713854, "anchor 3 mse": 0.002193596542278909, "anchor 4 mse": 0.10949309769095691}
{"bot_id": "0000000000000b01", "x": 1.6016166172082953, "y": 1.6227704890153314, "z": 0, "MSE": 0.031588985784156406, "anchor 1 mse": 0.0001007023134835589, "anchor 2 mse": 0.005297966056545984, "anchor 3 mse": 2.4707738282949565e-05, "anchor 4 mse": 0.12093256702831313}
{"bot_id": "0000000000000b01", "x": 1.681603824861171, "y": 1.7143934536983683, "z": 0, "MSE": 0.07349135025200797, "anchor 1 mse": 0.053566619349898495, "anchor 2 mse": 0.008043454427954767, "anchor 3 mse": 0.01592774061622157, "anchor 4 mse": 0.21642758661395703}
{"bot_id": "0000000000000b01", "x": 1.6537415458793587, "y": 1.6347978187955228, "z": 0, "MSE": 0.14447313961598246, "anchor 1 mse": 0.004174831179349483, "anchor 2 mse": 0.039622209402376346, "anchor 3 mse": 0.019696839344605213, "anchor 4 mse": 0.5143986785375988}
{"bot_id": "0000000000000b01", "x": 1.5172554199201254, "y": 2.0310548635792345, "z": 0.0, "MSE": 0.0671304461720996, "anchor 1 mse": 0.08134003313427735, "anchor 2 mse": 0.000216503851358298, "anchor 3 mse": 0.13439349679706006, "anchor 4 mse": 0.05257175090570268}
{"bot_id": "0000000000000b01", "x": 1.2706349347017767, "y": 1.870300066341147, "z": 0.0, "MSE": 0.017750166688700376, "anchor 1 mse": 0.0004448579398326485, "anchor 2 mse": 0.019664502170846712, "anchor 3 mse": 0.001809850467628141, "anchor 4 mse": 0.049081456176494}
{"bot_id": "0000000000000b01", "x": 1.191807431467919, "y": 1.723065965952642, "z": 0.0, "MSE": 0.10776448520141108, "anchor 1 mse": 0.011008152798939635, "anchor 2 mse": 0.004449353778412485, "anchor 3 mse": 0.0014204806989757703,