{"bot_id": "0000000000000b01", "x": 0.11044251982606988, "y": 1.5197247783314152, "z": 0, "MSE": 5.362702555108493, "anchor 1 mse": 2.321760952060001, "anchor 2 mse": 1.5012691668038463, "anchor 3 mse": 8.403644158156986, "anchor 4 mse": 9.224135943413138}
{"bot_id": "0000000000000b01", "x": 1.3901039108809954, "y": 1.332112867172301, "z": 0.0, "MSE": 0.9776776074053831, "anchor 1 mse": 2.0582646221973286, "anchor 2 mse": 1.063954289736217, "anchor 3 mse": 0.6091463893473922, "anchor 4 mse": 0.17934512834059488}
{"bot_id": "0000000000000b01", "x": 2.6969358400069936, "y": 2.2395084904723004, "z": 0.0, "MSE": 0.12151757858383697, "anchor 1 mse": 0.018373044687745265, "anchor 2 mse": 0.05617715006050558, "anchor 3 mse": 0.40660926341713444, "anchor 4 mse": 0.0049108561699625465}
{"bot_id": "0000000000000b01", "x": 2.6169619604518735, "y": 1.6571600574181582, "z": 0, "MSE": 0.14297356659867186, "anchor 1 mse": 0.07979137485326099, "anchor 2 mse": 0.03163322101339814, "anchor 3 mse": 0.0004077312499900085, "anchor 4 mse": 0.46006193927803835}
{"bot_id": "0000000000000b01", "x": 2.672055066693477, "y": 1.5453044395962943, "z": 0, "MSE": 0.19297485791404148, "anchor 1 mse": 0.10450956753039557, "anchor 2 mse": 0.008653869576617089, "anchor 3 mse": 0.013601644551122819, "anchor 4 mse": 0.6451343499980304}
