{"bot_id": "0000000000000b01", "x": -0.03986475469745335, "y": 1.4542790801842271, "z": 0, "MSE": 1, "anchor 1 mse": 2.11651684172857, "anchor 2 mse": 1.6546674823190057, "anchor 3 mse": 9.38072633806105, "anchor 4 mse": 9.842575697470616}
{"bot_id": "0000000000000b01", "x": 1.3577201038816937, "y": 1.527457716912263, "z": 0.0, "MSE": 1, "anchor 1 mse": 1.732760810660775, "anchor 2 mse": 1.4152746078579892, "anchor 3 mse": 0.44721017326095863, "anchor 4 mse": 0.06757163203031377}
{"bot_id": "0000000000000b01", "x": 1.269000127951383, "y": 1.498612935607881, "z": 0.0, "MSE": 1, "anchor 1 mse": 1.9776192725918784, "anchor 2 mse": 1.4514968029699133, "anchor 3 mse": 0.6159222229436954, "anchor 4 mse": 0.04413187089794801}
{"bot_id": "0000000000000b01", "x": 1.9372527372718364, "y": 2.336209304904084, "z": 0.0, "MSE": 1, "anchor 1 mse": 0.11907080585801783, "anchor 2 mse": 1.063193323291278, "anchor 3 mse": 0.0446974571923716, "anchor 4 mse": 0.016972551722547538}
{"bot_id": "0000000000000b01", "x": 1.8694245077668317, "y": 3.176599177432622, "z": 0.0, "MSE": 1, "anchor 1 mse": 0.07609622375718263, "anchor 2 mse": 1.2105920330611326, "anchor 3 mse": 0.011252926860549973, "anchor 4 mse": 0.8906339656143053}
{"bot_id": "0000000000000b01", "x": 2.994087571219058, "y": 2.311962481919145, "z": 0, "MSE": 1, "anchor 1 mse": 0.1107694822913191, "anchor 2 mse": 0.00021109582413268775, "anchor 3 mse": 0.4385463939440811, "anchor 4 mse": 3.4607872842552734e-05}
{"bot_id": "0000000000000b01", "x": 1.5544828155124688, "y": 3.1484922378210207, "z": 0, "MSE": 1, "anchor 1 mse": 0.017246889183017484, "anchor 2 mse": 1.8299071702813188, "anchor 3 mse": 0.0029074324791605924, "anchor 4 mse": 0.988614720844035}
{"bot_id": "0000000000000b01", "x": 2.921290597195721, "y": 2.512265692723598, "z": 0, "MSE": 1, "anchor 1 mse": 0.1317509743628203, "anchor 2 mse": 0.004878482684080061, "anchor 3 mse": 0.7206604157035443, "anchor 4 mse": 0.014113050957908829}
{"bot_id": "0000000000000b01", "x": 2.13414019271636, "y": 2.4880616115793046, "z": 0.0, "MSE": 1, "anchor 1 mse": 0.008471833785531057, "anchor 2 mse": 0.7413905899470598, "anchor 3 mse": 0.17964479485317297, "anchor 4 mse": 0.04442182792981426}
{"bot_id": "0000000000000b01", "x": 2.5747901049280904, "y": 2.192439771779047, "z": 0, "MSE": 1, "anchor 1 mse": 0.044844523061711876, "anchor 2 mse": 0.1008894840398327, "anchor 3 mse": 0.26838512251902846, "anchor 4 mse": 0.0001286953344966428}
{"bot_id": "0000000000000b01", "x": 2.515715013738453, "y": 2.2550483392003744, "z": 0.0, "MSE": 1, "anchor 1 mse": 0.04346008037803766, "anchor 2 mse": 0.07180766749674765, "anchor 3 mse": 0.23589960089138562, "anchor 4 mse": 0.009249530322723928}
{"bot_id": "0000000000000b01", "x": 2.4676208818143657, "y": 2.2159147045813303, "z": 0, "MSE": 1, "anchor 1 mse": 0.1494123817175699, "anchor 2 mse": 0.16592511060279502, "anchor 3 mse": 0.17586268797707447, "anchor 4 mse": 0.03709179263769111}
{"bot_id": "0000000000000b01", "x": 2.2010301326963595, "y": 1.8973460106848807, "z": 0, "MSE": 1, "anchor 1 mse": 0.004347363077960257, "anchor 2 mse": 0.16255430428083945, "anchor 3 mse": 0.003566825573394934, "anchor 4 mse": 0.007671599821144893}
{"bot_id": "0000000000000b01", "x": 2.2090637029048783, "y": 2.2339508166036164, "z": 0.0, "MSE": 1, "anchor 1 mse": 0.0910439991102638, "anchor 2 mse": 0.09224273176759473, "anchor 3 mse": 0.046884979138140444, "anchor 4 mse": 0.02761485230308386}
{"bot_id": "0000000000000b01", "x": 1.6451741087431269, "y": 2.183545954337178, "z": 0.0, "MSE": 1, "anchor 1 mse": 0.00025767189385872446, "anchor 2 mse": 0.7625965406519558, "anchor 3 mse": 0.11432681457028655, "anchor 4 mse": 0.07433552717015644}
{"bot_id": "0000000000000b01", "x": 0.815369258145052, "y": 2.219045561987182, "z": 0.0, "MSE": 1, "anchor 1 mse": 0.14129740364521196, "anchor 2 mse": 2.5040375243315456, "anchor 3 mse": 0.8535725870117917, "anchor 4 mse": 0.7698450793043471}
{"bot_id": "0000000000000b01", "x": 1.8593265179155989, "y": 1.8071123022590176, "z": 0.0, "MSE": 1, "anchor 1 mse": 0.01372959683118011, "anchor 2 mse": 0.18469859533880986, "anchor 3 mse": 0.0010832520508126608, "anchor 4 mse": 0.035992264997735605}
{"bot_id": "0000000000000b01", "x": 1.9485095757470794, "y": 1.9115027540510197, "z": 0.0, "MSE": 1, "anchor 1 mse": 0.00038284123850852123, "anchor 2 mse": 0.07434752205905268, "anchor 3 mse": 0.010856990854123682, "anchor 4 mse": 0.00657906582708176}
{"bot_id": "0000000000000b01", "x": 2.1075857122115607, "y": 1.7874391176142657, "z": 0, "MSE": 1, "anchor 1 mse": 0.045576369634532155, "anchor 2 mse": 0.005951633946404283, "anchor 3 mse": 0.013599995762045413, "anchor 4 mse": 0.06450656507132037}
{"bot_id": "0000000000000b01", "x": 2.1575542827814624, "y": 1.9708568961809914, "z": 0, "MSE": 1, "anchor 1 mse": 0.2044948287329651, "anchor 2 mse": 0.004977373181174979, "anchor 3 mse": 0.16419330302091367, "anchor 4 mse": 0.03797805278436716}
{"bot_id": "0000000000000b01", "x": 1.562522907569123, "y": 2.1927453546321765, "z": 0, "MSE": 1, "anchor 1 mse": 0.06376129323881131, "anchor 2 mse": 0.2544333371040889, "anchor 3 mse": 0.022033692397392158, "anchor 4 mse": 0.08345871601664033}
{"bot_id": "0000000000000b01", "x": 2.3790544493126418, "y": 2.4643886558734294, "z": 0, "MSE": 1, "anchor 1 mse": 1.0309619738142413, "anchor 2 mse": 0.01821579549517197, "anchor 3 mse": 0.7154788341930118, "anchor 4 mse": 0.02270484204521932}
{"bot_id": "0000000000000b01", "x": 1.5864372777104523, "y": 1.5608286935258406, "z": 0.0, "MSE": 1, "anchor 1 mse": 0.002967331742553633, "anchor 2 mse": 0.020543204860048302, "anchor 3 mse": 0.0024593110820129707, "anchor 4 mse": 0.17568792275717016}
{"bot_id": "0000000000000b01", "x": 1.1790430905429163, "y": 1.8551843522037377, "z": 0, "MSE": 1, "anchor 1 mse": 0.005162809270799481, "anchor 2 mse": 0.3432507777673575, "anchor 3 mse": 0.033963687369629986, "anchor 4 mse": 3.0034415580930207e-05}
{"bot_id": "0000000000000b01", "x": 1.2622469916734262, "y": 1.66750880526868, "z": 0.0, "MSE": 1, "anchor 1 mse": 0.031906575204506855, "anchor 2 mse": 0.05001803864819269, "anchor 3 mse": 0.051040770661655334, "anchor 4 mse": 0.010387728352852888}
{"bot_id": "0000000000000b01", "x": 1.289565267276769, "y": 1.7279568029592802, "z": 0.0, "MSE": 1, "anchor 1 mse": 0.00019291303581195823, "anchor 2 mse": 0.05795036335936235, "anchor 3 mse": 0.02843038217021263, "anchor 4 mse": 0.050170079802161226}
{"bot_id": "0000000000000b01", "x": 1.698923630770752, "y": 2.0708050858321494, "z": 0.0, "MSE": 1, "anchor 1 mse": 0.08325518887798575, "anchor 2 mse": 0.0012937797436001375, "anchor 3 mse": 0.20466280650504037, "anchor 4 mse": 0.13120808219059843}
{"bot_id": "0000000000000b01", "x": 1.4168599156122128, "y": 2.654118065854708, "z": 0.0, "MSE": 1, "anchor 1 mse": 0.5755144971881925, "anchor 2 mse": 0.05785931612874826, "anchor 3 mse": 0.20618469331908665, "anchor 4 mse": 0.13369529501375538}
{"bot_id": "0000000000000b01", "x": 1.2655961897693657, "y": 2.6652769396675673, "z": 0.0, "MSE": 1, "anchor 1 mse": 0.5048065489713864, "anchor 2 mse": 0.16990870627264615, "anchor 3 mse": 0.07491383294139518, "anchor 4 mse": 0.19883573287930176}
{"bot_id": "0000000000000b01", "x": 1.71884637421211, "y": 1.592045988897562, "z": 0.0, "MSE": 1, "anchor 1 mse": 0.02041204740652587, "anchor 2 mse": 0.32141830468196764, "anchor 3 mse": 0.12502647473654677, "anchor 4 mse": 1.1419222324695035}
{"bot_id": "0000000000000b01", "x": 0.8708461864438608, "y": 2.7335305828179934, "z": 0.0, "MSE": 1, "anchor 1 mse": 0.40818771328861814, "anchor 2 mse": 0.1083264144563971, "anchor 3 mse": 0.03641799366539579, "anchor 4 mse": 0.006164782559626424}
{"bot_id": "0000000000000b01", "x": 0.1720724886926492, "y": 2.2688003581539182, "z": 0, "MSE": 1, "anchor 1 mse": 0.008965013803656286, "anchor 2 mse": 0.15869437890697288, "anchor 3 mse": 0.2924655029035871, "anchor 4 mse": 0.04553213631760484}
{"bot_id": "0000000000000b01", "x": 0.6850529786471459,