{"bot_id": "0000000000000b01", "x": 0.0, "y": 0.0, "z": 0.0, "MSE": 15.015200000000002, "anchor 1 mse": 0.0, "anchor 2 mse": 7.507600000000001, "anchor 3 mse": 15.015200000000002, "anchor 4 mse": 7.507600000000001}
{"bot_id": "0000000000000b01", "x": -0.2655207530832143, "y": 3.009413125551972, "z": -0.00018352280189801222, "MSE": 9.814616731878111, "anchor 1 mse": 0.1148505789741091, "anchor 2 mse": 6.926026842166632, "anchor 3 mse": 3.4135208795706315, "anchor 4 mse": 3.737267763038335}
{"bot_id": "0000000000000b01", "x": -0.2380209340263413, "y": 2.9782143476841454, "z": -0.000195477568388261, "MSE": 10.15412666035199, "anchor 1 mse": 0.14614517580116132, "anchor 2 mse": 6.986774360080998, "anchor 3 mse": 3.41337903397466, "anchor 4 mse": 3.616441457100436}
{"bot_id": "0000000000000b01", "x": -0.2621903522662667, "y": 3.011868337150288, "z": -0.00016428048327865027, "MSE": 10.537923687613596, "anchor 1 mse": 0.12726417564792833, "anchor 2 mse": 6.929010882676158, "anchor 3 mse": 3.6270249026487806, "anchor 4 mse": 3.6579897638518455}
{"bot_id": "0000000000000b01", "x": -0.2412113804632248, "y": 3.026154073309243, "z": -0.00011042829510360305, "MSE": 11.100877792305953, "anchor 1 mse": 0.1400614160685772, "anchor 2 mse": 6.999964548506707, "anchor 3 mse": 3.666892809913082, "anchor 4 mse": 3.60228148065689}
{"bot_id": "0000000000000b01", "x": -0.13356172121532014, "y": 3.0112762667357376, "z": -0.00022127410768768075, "MSE": 10.70166114485284, "anchor 1 mse": 0.18988955917817812, "anchor 2 mse": 7.331242501669384, "anchor 3 mse": 2.9802433551201806, "anchor 4 mse": 3.394246549737004}
