{"bot_id": "0000000000000b01", "x": 0.013413850672388455, "y": 1.3114784717481034, "z": 0, "MSE": 5.597550749816454, "anchor 1 mse": 1.7201557132486018, "anchor 2 mse": 2.040853688068996, "anchor 3 mse": 9.474945786384307, "anchor 4 mse": 9.154247811563915}
{"bot_id": "0000000000000b01", "x": 1.2728334197211884, "y": 1.169229503566921, "z": 0.0, "MSE": 1.198803551673026, "anchor 1 mse": 2.6622733923317004, "anchor 2 mse": 0.976661621201461, "anchor 3 mse": 0.9592140469028545, "anchor 4 mse": 0.19706514625608804}
{"bot_id": "0000000000000b01", "x": 2.963365316365435, "y": 2.4307218009326697, "z": 0, "MSE": 0.20165054550848766, "anchor 1 mse": 0.21413392948590404, "anchor 2 mse": 2.9067440344876137e-07, "anchor 3 mse": 0.5753166453453882, "anchor 4 mse": 0.017151316528255012}
{"bot_id": "0000000000000b01", "x": 2.371074713848806, "y": 2.7870230509829628, "z": 0.0, "MSE": 0.31312418872728437, "anchor 1 mse": 0.07793342437596681, "anchor 2 mse": 0.40762996163634724, "anchor 3 mse": 0.5447768759131066, "anchor 4 mse": 0.2221564929837168}
{"bot_id": "0000000000000b01", "x": 2.9777112762018856, "y": 2.5707825622058476, "z": 0, "MSE": 0.23771884236972077, "anchor 1 mse": 0.2744869537724461, "anchor 2 mse": 0.0014050842471644912, "anchor 3 mse": 0.6212755768091177, "anchor 4 mse": 0.053707754650154774}
{"bot_id": "0000000000000b01", "x": 2.4509615746499938, "y": 2.195367675565138, "z": 0.0, "MSE": 0.14530013424720636, "anchor 1 mse": 0.025466353780040054, "anchor 2 mse": 0.24925624021276319, "anchor 3 mse": 0.29530821917722133, "anchor 4 mse": 0.011169723818800837}
{"bot_id": "0000000000000b01", "x": 2.805243295758876, "y": 2.4070374569666737, "z": 0.0, "MSE": 0.2151476438198023, "anchor 1 mse": 0.10009580482154871, "anchor 2 mse": 0.01824273355582636, "anchor 3 mse": 0.7408139958463237, "anchor 4 mse": 0.0014380410555104568}
{"bot_id": "0000000000000b01", "x": 2.8296243903070786, "y": 2.300247523706568, "z": 0, "MSE": 0.1326283605951387, "anchor 1 mse": 0.024533064436375342, "anchor 2 mse": 0.018607271643347478, "anchor 3 mse": 0.4777677099674261, "anchor 4 mse": 0.00960539633340586}
{"bot_id": "0000000000000b01", "x": 2.841329761946548, "y": 2.2235706582630947, "z": 0, "MSE": 0.098389257280233, "anchor 1 mse": 0.05662799070249834, "anchor 2 mse": 0.014913159642822863, "anchor 3 mse": 0.30660968161380625, "anchor 4 mse": 0.0154061971618045}
{"bot_id": "0000000000000b01", "x": 2.6021524812539045, "y": 1.976142470490556, "z": 0, "MSE": 0.054276650650985844, "anchor 1 mse": 0.009499696869190265, "anchor 2 mse": 0.056667534023438, "anchor 3 mse": 0.0984729369142222, "anchor 4 mse": 0.0524664347970929}
{"bot_id": "0000000000000b01", "x": 2.6376506198967267, "y": 1.8725297292348086, "z": 0, "MSE": 0.028834749244929268, "anchor 1 mse": 0.00419177820992045, "anchor 2 mse": 0.0028477551875685228, "anchor 3 mse": 0.02146597075680445, "anchor 4 mse": 0.08683349282542364}
{"bot_id": "0000000000000b01", "x": 2.6306593589474088, "y": 1.8840022915439085, "z": 0, "MSE": 0.041299060906235426, "anchor 1 mse": 0.09345993563604592, "anchor 2 mse": 0.026757167382622415, "anchor 3 mse": 0.021622893061985348, "anchor 4 mse": 0.02335624754428804}
{"bot_id": "0000000000000b01", "x": 2.6439682208530786, "y": 1.9141933626220036, "z": 0, "MSE": 0.06320998539329545, "anchor 1 mse": 0.1799069856211842, "anchor 2 mse": 9.86491799566967e-05, "anchor 3 mse": 0.05227095418090038, "anchor 4 mse": 0.020563352591140484}
{"bot_id": "0000000000000b01", "x": 2.6930075497515404, "y": 1.8122192120975156, "z": 0, "MSE": 0.08583520096481577, "anchor 1 mse": 0.16482501035741223, "anchor 2 mse": 0.07747570589985453, "anchor 3 mse": 0.00044225592234665333, "anchor 4 mse": 0.10059783167964968}
{"bot_id": "0000000000000b01", "x": 1.971742371219749, "y": 2.027113532121066, "z": 0, "MSE": 0.07364349338412535, "anchor 1 mse": 0.006066725358427684, "anchor 2 mse": 0.263519929248558, "anchor 3 mse": 0.024982531776216794, "anchor 4 mse": 4.78715329894512e-06}
{"bot_id": "0000000000000b01", "x": 2.421432847396731, "y": 1.7930024239897018, "z": 0, "MSE": 0.03478399552266623, "anchor 1 mse": 0.07453133106189455, "anchor 2 mse": 0.0025027207914325536, "anchor 3 mse": 0.005020522601489114, "anchor 4 mse": 0.05708140763584871}
{"bot_id": "0000000000000b01", "x": 2.5456599311814654, "y": 1.6824121217361898, "z": 0, "MSE": 0.1160788501097478, "anchor 1 mse": 0.11653752182481313, "anchor 2 mse": 0.060814516215594895, "anchor 3 mse": 0.030521699643349283, "anchor 4 mse": 0.2564416627552339}
{"bot_id": "0000000000000b01", "x": 2.5460466853571853, "y": 1.7737369134276204, "z": 0, "MSE": 0.11728796777354264, "anchor 1 mse": 0.15443473451106282, "anchor 2 mse": 0.1110466923855128, "anchor 3 mse": 0.06994092997825307, "anchor 4 mse": 0.13372951421934187}
{"bot_id": "0000000000000b01", "x": 2.4396643384291767, "y": 1.8452635775643185, "z": 0, "MSE": 0.12028255593078349, "anchor 1 mse": 0.25899427386359347, "anchor 2 mse": 0.043497376030553855, "anchor 3 mse": 0.09998366780307005, "anchor 4 mse": 0.07865490602591654}
{"bot_id": "0000000000000b01", "x": 2.3078553199306557, "y": 1.9800410077187574, "z": 0.0, "MSE": 0.1663837991358406, "anchor 1 mse": 0.32586781659899233, "anchor 2 mse": 0.04399927400963209, "anchor 3 mse": 0.24578301504987074, "anchor 4 mse": 0.049885090884867166}
{"bot_id": "0000000000000b01", "x": 1.758028127881976, "y": 2.1296063911931045, "z": 0.0, "MSE": 0.05346720423771322, "anchor 1 mse": 0.10336271916283268, "anchor 2 mse": 0.08941349133237535, "anchor 3 mse": 3.8712218609796137e-05, "anchor 4 mse": 0.02105389423703505}
{"bot_id": "0000000000000b01", "x": 1.5982079318355256, "y": 1.937611548953192, "z": 0.0, "MSE": 0.06255712634287014, "anchor 1 mse": 0.010341684146282774, "anchor 2 mse": 0.22248007130910272, "anchor 3 mse": 0.009126827861794423, "anchor 4 mse": 0.008279922054300644}
{"bot_id": "0000000000000b01", "x": 1.5477547792682627, "y": 1.8534978151523536, "z": 0.0, "MSE": 0.042183013696343946, "anchor 1 mse": 0.018156527092777618, "anchor 2 mse": 0.11312686127116035, "anchor 3 mse": 0.013062159021504564, "anchor 4 mse": 0.02438650739993324}
{"bot_id": "0000000000000b01", "x": 1.5733009392334876, "y": 1.9121042056249276, "z": 0.0, "MSE": 0.04760860006180204, "anchor 1 mse": 0.042506108004800466, "anchor 2 mse": 0.07961867364509922, "anchor 3 mse": 0.03218664427468518, "anchor 4 mse": 0.036122974322623305}
{"bot_id": "0000000000000b01", "x": 1.568070562187558, "y": 1.9875696190999061, "z": 0, "MSE": 0.03294159832257241, "anchor 1 mse": 0.06846346715664918, "anchor 2 mse": 0.019810060472796275, "anchor 3 mse": 0.04297972118877213, "anchor 4 mse": 0.0005131444720720397}
{"bot_id": "0000000000000b01", "x": 1.6366342572266845, "y": 2.1313879780296863, "z": 0, "MSE": 0.10185347289332118, "anchor 1 mse": 0.2675617760448187, "anchor 2 mse": 0.017920386605054347, "anchor 3 mse": 0.1155394157108078, "anchor 4 mse": 0.0063923132126038965}
{"bot_id": "0000000000000b01", "x": 1.5189795932079586, "y": 1.7835137194023771, "z": 0.0, "MSE": 0.07261931542938992, "anchor 1 mse": 0.002237756384607935, "anchor 2 mse": 2.5391515477405486e-05, "anchor 3 mse": 0.01930703654133462, "anchor 4 mse": 0.2689070772761397}
{"bot_id": "0000000000000b01", "x": 1.6324843929291668, "y": 1.9391962289726057, "z": 0.0, "MSE": 0.1028955452460419, "anchor 1 mse": 0.08114208296178786, "anchor 2 mse": 0.025065601192216066, "anchor 3 mse": 0.1708142864082448, "anchor 4 mse": 0.13456021042191885}
{"bot_id": "0000000000000b01", "x": 1.2458422093873556, "y": 1.8601323566683212, "z": 0, "MSE": 0.017511801625407584, "anchor 1 mse": 1.4454965642729886e-06, "anchor 2 mse": 0.023957474328441152, "anchor 3 mse": 0.0002567519009680705, "anchor 4 mse": 0.04583153477565684}
{"bot_id": "0000000000000b01", "x": 1.2989249371326141, "y": 2.3680207629676215, "z": 0.0, "MSE": 0.11742978634170091, "anchor 1 mse": 0.2508762404725272, "anchor 2 mse": 0.02215982342527091, "anchor 3 mse": 0.16135506297554017,