{"bot_id": "0000000000000b01", "x": 1.3698013235438864, "y": 1.37, "z": 0.0, "MSE": 3.7538000394723343, "anchor 1 mse": 3.753255665982583, "anchor 2 mse": 3.753255665982583, "anchor 3 mse": 3.754344412962086, "anchor 4 mse": 3.754344412962086}
{"bot_id": "0000000000000b01", "x": 2.8069352945710526, "y": 2.0410806702272324, "z": 0.0, "MSE": 0.08052486870742191, "anchor 1 mse": 0.01222699692761165, "anchor 2 mse": 0.013773052822776705, "anchor 3 mse": 0.21891431410036274, "anchor 4 mse": 0.07718511097893656}
{"bot_id": "0000000000000b01", "x": 2.790999378765664, "y": 2.0601873416555465, "z": 0.0, "MSE": 0.07336196507280658, "anchor 1 mse": 0.009803523387460778, "anchor 2 mse": 0.011535058254571467, "anchor 3 mse": 0.21001785017163274, "anchor 4 mse": 0.06209142847756134}
{"bot_id": "0000000000000b01", "x": 2.811664960599498, "y": 2.071141042992176, "z": 0.0, "MSE": 0.07245224546260651, "anchor 1 mse": 0.012576769803693983, "anchor 2 mse": 0.014369615809901466, "anchor 3 mse": 0.19124241879656986, "anchor 4 mse": 0.07162017744026072}
{"bot_id": "0000000000000b01", "x": 2.8308459569966153, "y": 2.0917958832927095, "z": 0.0, "MSE": 0.06804197739231273, "anchor 1 mse": 0.012065612751809224, "anchor 2 mse": 0.013430391655609778, "anchor 3 mse": 0.18101689202315707, "anchor 4 mse": 0.06565501313867483}
{"bot_id": "0000000000000b01", "x": 2.8502884289222914, "y": 2.094560977361403, "z": 0.0, "MSE": 0.08000327576937788, "anchor 1 mse": 0.007592651294744803, "anchor 2 mse": 0.007664353704577173, "anchor 3 mse": 0.2552331895726445, "anchor 4 mse": 0.04952290850554503}
{"bot_id": "0000000000000b01", "x": 2.7716570488427323, "y": 2.1119241952366576, "z": 0.0, "MSE": 0.10438614605420479, "anchor 1 mse": 0.010937241302229776, "anchor 2 mse": 0.013940695735311794, "anchor 3 mse": 0.32618592739678676, "anchor 4 mse": 0.06648071978249084}
