{"bot_id": "0000000000000b01", "x": 0.0, "y": 0.0, "z": 0.0, "MSE": 15.015200000000002, "anchor 1 mse": 0.0, "anchor 2 mse": 7.507600000000001, "anchor 3 mse": 15.015200000000002, "anchor 4 mse": 7.507600000000001}
{"bot_id": "0000000000000b01", "x": 0.7948699070027417, "y": 1.6151404974777153, "z": -0.020078153913991044, "MSE": 9.072977340217943, "anchor 1 mse": 2.4328200058233485, "anchor 2 mse": 2.665027864530315, "anchor 3 mse": 1.1600412123332513, "anchor 4 mse": 0.04341461051310708}
{"bot_id": "0000000000000b01", "x": 0.8374204127027778, "y": 1.6360021725299418, "z": -0.015545730073196666, "MSE": 9.24411765014143, "anchor 1 mse": 2.347212609769051, "anchor 2 mse": 2.541606880598045, "anchor 3 mse": 1.123051705718803, "anchor 4 mse": 0.039717898753400545}
{"bot_id": "0000000000000b01", "x": 0.7457828928561001, "y": 1.663570296045065, "z": -0.01779676017618309, "MSE": 9.469515315954967, "anchor 1 mse": 2.4236973371390134, "anchor 2 mse": 2.8911555444671566, "anchor 3 mse": 1.3369295932132463, "anchor 4 mse": 0.06607628837673196}
{"bot_id": "0000000000000b01", "x": 0.8285444953245533, "y": 1.6950052208555515, "z": -0.014333164298746556, "MSE": 9.842707331290827, "anchor 1 mse": 2.320364389569832, "anchor 2 mse": 2.8436711388085874, "anchor 3 mse": 1.206712044682634, "anchor 4 mse": 0.04193560477414064}
{"bot_id": "0000000000000b01", "x": 1.1568576145891494, "y": 1.7075425996706013, "z": -0.00678047958688343, "MSE": 9.836268806456793, "anchor 1 mse": 1.925047946803096, "anchor 2 mse": 2.129873359090966, "anchor 3 mse": 0.5329981359708166, "anchor 4 mse": 7.289120943614585e-05}
{"bot_id": "0000000000000b01", "x": 0.5798950488513845, "y": 1.7021889213978232, "z": -0.02080768376046562, "MSE": 9.046989768980808, "anchor 1 mse": 2.501532618047192, "anchor 2 mse": 3.1363783495980213, "anchor 3 mse": 1.4317749865754226, "anchor 4 mse": 0.14459813993673307}
{"bot_id": "0000000000000b01", "x": 0.9895399010557066, "y": 1.799441093699666, "z": -0.008727017166863997, "MSE": 10.221854025367946, "anchor 1 mse": 2.063258483079863, "anchor 2 mse": 2.6723969411913053, "anchor 3 mse": 0.7176940954939602, "anchor 4 mse": 0.012191098211248972}
{"bot_id": "0000000000000b01", "x": 0.621314105224415, "y": 1.6783787159493548, "z": -0.019537015787863234, "MSE": 9.514667304098863, "anchor 1 mse": 2.4970461782379547, "anchor 2 mse": 3.167600334634041, "anchor 3 mse": 1.6637469548327795, "anchor 4 mse": 0.12460347975723478}
{"bot_id": "0000000000000b01", "x": 0.41225994651046016, "y": 1.448899684393183, "z": -0.03189394244901033, "MSE": 7.939584959954864, "anchor 1 mse": 2.7664113583349783, "anchor 2 mse": 2.5418006961003385, "anchor 3 mse": 2.4712353795560396, "anchor 4 mse": 0.28305063457845986}
{"bot_id": "0000000000000b01", "x": 0.29962562247682906, "y": 1.5233202220228879, "z": -0.0190102397472851, "MSE": 8.080739333757716, "anchor 1 mse": 2.6159050042176655, "anchor 2 mse": 2.4863783333865856, "anchor 3 mse": 2.913579321263146, "anchor 4 mse": 0.49964357320177527}
{"bot_id": "0000000000000b01", "x": 0.35060470624092727, "y": 1.1450804330393263, "z": -0.04162059224839022, "MSE": 6.6179030437097035, "anchor 1 mse": 2.998868359465792, "anchor 2 mse": 1.6808312085479744, "anchor 3 mse": 3.4711461224046807, "anchor 4 mse": 0.37201974613026456}
{"bot_id": "0000000000000b01", "x": -0.2906048136316675, "y": 1.3748481842030527, "z": -0.03828110007387293, "MSE": 5.698354540632531, "anchor 1 mse": 2.0570821761829037, "anchor 2 mse": 1.8597730229827263, "anchor 3 mse": 5.1261690045741295, "anchor 4 mse": 1.6080733800690998}
{"bot_id": "0000000000000b01", "x": -1.2341995136348827, "y": 1.9550123262308983, "z": -0.0054197849394602825, "MSE": 5.94548845745944, "anchor 1 mse": 0.2787823992767053, "anchor 2 mse": 1.2261192163842314, "anchor 3 mse": 9.616121233082353, "anchor 4 mse": 5.285568841634799}
{"bot_id": "0000000000000b01", "x": -1.2718057519076151, "y": 2.0158796423320497, "z": -0.005372004570976442, "MSE": 5.7512150563411994, "anchor 1 mse": 0.13428885278418617, "anchor 2 mse": 1.314433443709016, "anchor 3 mse": 10.154651705312283, "anchor 4 mse": 5.381513861252373}
{"bot_id": "0000000000000b01", "x": -1.0748153076940181, "y": 1.7567608046632919, "z": -0.013460183949454462, "MSE": 4.865141805373464, "anchor 1 mse": 0.46305467695044916, "anchor 2 mse": 1.1951596341647073, "anchor 3 mse": 8.234100229285987, "anchor 4 mse": 4.5791952046216595}
{"bot_id": "0000000000000b01", "x": -1.281152509103642, "y": 1.9059927076327863, "z": -0.00827621004196325, "MSE": 4.223345039785098, "anchor 1 mse": 0.17092532191207885, "anchor 2 mse": 0.9629081451905069, "anchor 3 mse": 8.160956981438696, "anchor 4 mse": 5.062522347655609}
{"bot_id": "0000000000000b01", "x": -1.365097124278166, "y": 1.9250556341021487, "z": -0.0003956243736117896, "MSE": 4.0398735933338035, "anchor 1 mse": 0.12254011887005829, "anchor 2 mse": 0.6402392110818957, "anchor 3 mse": 8.615439601897485, "anchor 4 mse": 5.683721927717387}
{"bot_id": "0000000000000b01", "x": -1.3640814474642384, "y": 1.9188532060063739, "z": -0.0006210953081178407, "MSE": 3.3201068008188797, "anchor 1 mse": 0.03829951100256967, "anchor 2 mse": 0.6365350492913234, "anchor 3 mse": 8.558100624665597, "anchor 4 mse": 5.66680772487956}
{"bot_id": "0000000000000b01", "x": -1.0966035412208792, "y": 1.5169807736866223, "z": -0.026169006136738508, "MSE": 2.3315292097762343, "anchor 1 mse": 0.3575813802162802, "anchor 2 mse": 0.333086647902552, "anchor 3 mse": 7.059159814888817, "anchor 4 mse": 3.518269460750928}
{"bot_id": "0000000000000b01", "x": -0.7122686076651682, "y": 0.9240652072099669, "z": -0.04044400571052436, "MSE": 2.78152558638758, "anchor 1 mse": 1.6194714790409408, "anchor 2 mse": 0.043661670807557736, "anchor 3 mse": 7.567727684000072, "anchor 4 mse": 1.8879585652091944}
{"bot_id": "0000000000000b01", "x": -0.9188226562860862, "y": 1.3014525222715012, "z": -0.04089318970142523, "MSE": 2.299746289263829, "anchor 1 mse": 0.6664449073070321, "anchor 2 mse": 0.3053307028033183, "anchor 3 mse": 6.925717337247045, "anchor 4 mse": 2.382734820559026}
{"bot_id": "0000000000000b01", "x": -0.6944448369682324, "y": 0.8036019510457754, "z": -0.04966964397558533, "MSE": 0.9065685385903468, "anchor 1 mse": 1.480484867222219, "anchor 2 mse": 0.003874365337807067, "anchor 3 mse": 5.489807547052087, "anchor 4 mse": 1.3631880637705773}
{"bot_id": "0000000000000b01", "x": -0.9008202112535558, "y": 0.9645201433261318, "z": -0.008339174920013527, "MSE": 0.7392038041728739, "anchor 1 mse": 0.9028990026130562, "anchor 2 mse": 0.004768130925137916, "anchor 3 mse": 5.9568957320000635, "anchor 4 mse": 1.786025812019917}
{"bot_id": "0000000000000b01", "x": 1.2139446393097584, "y": -1.6216661547286797, "z": -0.01678367309580538, "MSE": 0.8704778304520597, "anchor 1 mse": 0.05964825631150192, "anchor 2 mse": 7.00915021818456, "anchor 3 mse": 9.126190809283925, "anchor 4 mse": 0.010636826152842173}
{"bot_id": "0000000000000b01", "x": -0.31883711442615137, "y": 0.01055003645925609, "z": -0.09252172563595314, "MSE": 0.5826688858654061, "anchor 1 mse": 3.377664646947351, "anchor 2 mse": 0.7561454364419372, "anchor 3 mse": 6.25301347451002, "anchor 4 mse": 0.3366949929236409}
{"bot_id": "0000000000000b01", "x": -1.1405118084557204, "y": 1.0225637225746353, "z": -0.054204868072957525, "MSE": 1.0716333092011028, "anchor 1 mse": 0.734866736309591, "anchor 2 mse": 0.07417520886886421, "anchor 3 mse": 6.52253171690886, "anchor 4 mse": 1.7778117265798072}
{"bot_id": "0000000000000b01", "x": -1.219160750427833, "y": 0.6905989440250806, "z": -0.07530279349813963, "MSE": 1.174204333939739, "anchor 1 mse": 0.7170822447131626, "anchor 2 mse": 0.5267937000348607, "anchor 3 mse": 7.175832223957544, "anchor 4 mse": 2.0153938098347055}
{"bot_id": "0000000000000b01", "x": -1.1726659371753314, "y": 0.6436402202697871, "z": -0.08977724286451004, "MSE": 1.1038235314454523, "anchor 1 mse": 0.8087394189860145, "anchor 2 mse": 0.5237886557009797, "anchor 3 mse": 7.234972528856981,