{"bot_id": "0000000000000b01", "x": 0.0005004560956960964, "y": 1.400995848777338, "z": 0, "MSE": 5.630289743395526, "anchor 1 mse": 1.9627896187476372, "anchor 2 mse": 1.7929323674478261, "anchor 3 mse": 9.297789868043415, "anchor 4 mse": 9.467647119343225}
{"bot_id": "0000000000000b01", "x": 1.3790880058391872, "y": 1.205066182057832, "z": 0, "MSE": 1.0653876049699866, "anchor 1 mse": 2.3365826782558696, "anchor 2 mse": 0.8959203654601425, "anchor 3 mse": 0.7768063762729269, "anchor 4 mse": 0.2522409998910077}
{"bot_id": "0000000000000b01", "x": 3.0475647885768824, "y": 2.252238226323461, "z": 0, "MSE": 0.1265051584602734, "anchor 1 mse": 0.1759711636519799, "anchor 2 mse": 0.011310541859509762, "anchor 3 mse": 0.31738039306171634, "anchor 4 mse": 0.0013585352678876592}
{"bot_id": "0000000000000b01", "x": 3.0252231053675156, "y": 2.169757480822346, "z": 0, "MSE": 0.09209955959465022, "anchor 1 mse": 0.117565484975889, "anchor 2 mse": 0.004692007865012202, "anchor 3 mse": 0.2231654715723359, "anchor 4 mse": 0.02297527396536377}
{"bot_id": "0000000000000b01", "x": 2.256627440713686, "y": 2.458409254725011, "z": 0.0, "MSE": 0.214206417025839, "anchor 1 mse": 0.005316440503901004, "anchor 2 mse": 0.5563241897241262, "anchor 3 mse": 0.2710113137585891, "anchor 4 mse": 0.024173724116739723}
{"bot_id": "0000000000000b01", "x": 2.3226265166460536, "y": 2.351955524929647, "z": 0.0, "MSE": 0.2007723161656167, "anchor 1 mse": 0.020882065216711546, "anchor 2 mse": 0.4292621628772964, "anchor 3 mse": 0.3482251243671594, "anchor 4 mse": 0.00471991220129941}
{"bot_id": "0000000000000b01", "x": 2.2997578226822895, "y": 2.2176360728216054, "z": 0.0, "MSE": 0.1688355390945872, "anchor 1 mse": 0.034296213804091084, "anchor 2 mse": 0.3619992049617628, "anchor 3 mse": 0.2671465388445681, "anchor 4 mse": 0.011900198767926768}
{"bot_id": "0000000000000b01", "x": 2.344840108984283, "y": 2.2708732860377503, "z": 0.0, "MSE": 0.176959735378662, "anchor 1 mse": 0.050976026729510175, "anchor 2 mse": 0.370505681152161, "anchor 3 mse": 0.2773318965221968, "anchor 4 mse": 0.009025337110780017}
{"bot_id": "0000000000000b01", "x": 2.3126694213195664, "y": 2.4278973760596183, "z": 0.0, "MSE": 0.19361187636534558, "anchor 1 mse": 0.0002863871565322362, "anchor 2 mse": 0.45747089227415155, "anchor 3 mse": 0.30341516448119954, "anchor 4 mse": 0.013275061549499024}
{"bot_id": "0000000000000b01", "x": 2.3084891435479973, "y": 2.3850203192316037, "z": 0.0, "MSE": 0.1819095532998073, "anchor 1 mse": 0.022276618583082605, "anchor 2 mse": 0.377459650129717, "anchor 3 mse": 0.28221645538321966, "anchor 4 mse": 0.04568548910320988}
{"bot_id": "0000000000000b01", "x": 1.970938809552713, "y": 2.3393802274866817, "z": 0.0, "MSE": 0.19791002982764289, "anchor 1 mse": 0.01232758181519114, "anchor 2 mse": 0.6703640069178427, "anchor 3 mse": 0.02336273572240584, "anchor 4 mse": 0.08558579485513183}
{"bot_id": "0000000000000b01", "x": 2.3429875554367876, "y": 2.106892614592929, "z": 0.0, "MSE": 0.09541080337375489, "anchor 1 mse": 0.04882600409591789, "anchor 2 mse": 0.2529910427689038, "anchor 3 mse": 0.06901601730502684, "anchor 4 mse": 0.010810149325171053}
{"bot_id": "0000000000000b01", "x": 2.1271781803169048, "y": 2.269574819919174, "z": 0.0, "MSE": 0.14462502171502598, "anchor 1 mse": 0.0732264925596138, "anchor 2 mse": 0.3380556096962934, "anchor 3 mse": 0.08262120327220433, "anchor 4 mse": 0.08459678133199233}
{"bot_id": "0000000000000b01", "x": 2.316590367084603, "y": 1.9712754098565068, "z": 0.0, "MSE": 0.018898590782900595, "anchor 1 mse": 0.0407212783051455, "anchor 2 mse": 0.016691381036396852, "anchor 3 mse": 0.0052391655684918435, "anchor 4 mse": 0.012942538221568182}
{"bot_id": "0000000000000b01", "x": 2.1389907668557018, "y": 2.031388490787156, "z": 0.0, "MSE": 0.04284344958614436, "anchor 1 mse": 0.03995395820174588, "anchor 2 mse": 0.12722683551832215, "anchor 3 mse": 0.001533676872203493, "anchor 4 mse": 0.0026593277523059206}
{"bot_id": "0000000000000b01", "x": 2.3736385453107673, "y": 2.1489063739018586, "z": 0.0, "MSE": 0.09469960273328618, "anchor 1 mse": 0.21332202896321928, "anchor 2 mse": 0.01078899211454392, "anchor 3 mse": 0.1403083375534542, "anchor 4 mse": 0.014379052301927238}
{"bot_id": "0000000000000b01", "x": 2.0754670172156513, "y": 2.213744087558847, "z": 0, "MSE": 0.10390484903843213, "anchor 1 mse": 0.10530409705954002, "anchor 2 mse": 0.13605285442374104, "anchor 3 mse": 0.16186708343711323, "anchor 4 mse": 0.012395361233334247}
{"bot_id": "0000000000000b01", "x": 1.9613092167672441, "y": 2.338590071614363, "z": 0, "MSE": 0.12664837564134784, "anchor 1 mse": 0.11707982212340438, "anchor 2 mse": 0.15057117805738798, "anchor 3 mse": 0.13982764789244953, "anchor 4 mse": 0.09911485449214952}
{"bot_id": "0000000000000b01", "x": 2.0561114085744876, "y": 1.8086354651556609, "z": 0, "MSE": 0.02771658823668329, "anchor 1 mse": 0.035489180792502684, "anchor 2 mse": 0.01763100530386709, "anchor 3 mse": 0.010923573633665942, "anchor 4 mse": 0.046822593216697454}
{"bot_id": "0000000000000b01", "x": 2.189979000408073, "y": 1.96167234123103, "z": 0, "MSE": 0.11272928746435072, "anchor 1 mse": 0.2209905541870135, "anchor 2 mse": 0.010852992525370201, "anchor 3 mse": 0.17384172810968687, "anchor 4 mse": 0.04523187503533233}
{"bot_id": "0000000000000b01", "x": 2.2671593961773837, "y": 2.093685238172125, "z": 0, "MSE": 0.14528683724528685, "anchor 1 mse": 0.41734396807077173, "anchor 2 mse": 0.03900023926151867, "anchor 3 mse": 0.12193175849073845, "anchor 4 mse": 0.0028713831581185225}
{"bot_id": "0000000000000b01", "x": 1.9391165827685581, "y": 1.9958415429161118, "z": 0.0, "MSE": 0.06276397318676742, "anchor 1 mse": 0.13892367922091978, "anchor 2 mse": 0.033487596385960335, "anchor 3 mse": 0.042747360108851676, "anchor 4 mse": 0.0358972570313379}
{"bot_id": "0000000000000b01", "x": 1.7403203824049207, "y": 2.1894875430406477, "z": 0.0, "MSE": 0.1416682672105041, "anchor 1 mse": 0.26717103305059553, "anchor 2 mse": 0.08683857932428163, "anchor 3 mse": 0.2104629221879557, "anchor 4 mse": 0.0022005342791834945}
{"bot_id": "0000000000000b01", "x": 1.87417011127704, "y": 2.2406042922498695, "z": 0, "MSE": 0.20297253163463666, "anchor 1 mse": 0.4239303162903846, "anchor 2 mse": 0.014504757518495332, "anchor 3 mse": 0.3726753015688859, "anchor 4 mse": 0.0007797511607808361}
{"bot_id": "0000000000000b01", "x": 1.8733535044750367, "y": 2.2438986146344, "z": 0, "MSE": 0.1993198109825826, "anchor 1 mse": 0.42654424288124576, "anchor 2 mse": 0.0033558027669665373, "anchor 3 mse": 0.3616875170717577, "anchor 4 mse": 0.005691681210360469}
{"bot_id": "0000000000000b01", "x": 1.6639519457085867, "y": 1.4941424539736805, "z": 0.0, "MSE": 0.11349058715104444, "anchor 1 mse": 0.004400436582833456, "anchor 2 mse": 0.03947245783661502, "anchor 3 mse": 0.0021362926601826504, "anchor 4 mse": 0.40795316152454664}
{"bot_id": "0000000000000b01", "x": 1.526291504992432, "y": 1.4607187688388343, "z": 0.0, "MSE": 0.18316105499059196, "anchor 1 mse": 0.07692629702594345, "anchor 2 mse": 0.04060771151961294, "anchor 3 mse": 0.005390441560785598, "anchor 4 mse": 0.6097197698560258}
{"bot_id": "0000000000000b01", "x": 1.3757388706269609, "y": 1.418488264412193, "z": 0.0, "MSE": 0.13748717851136658, "anchor 1 mse": 0.07504960151855415, "anchor 2 mse": 0.06132042095802852, "anchor 3 mse": 0.014248901489295996, "anchor 4 mse": 0.39932979007958763}
{"bot_id": "0000000000000b01", "x": 1.462676337941454, "y": 1.7882056104504638, "z": 0.0, "MSE": 0.048949522763415396, "anchor 1 mse": 0.004930390243234246, "anchor 2 mse": 0.004236541056502939, "anchor 3 mse": 0.02466681286970126, "anchor 4 mse": 0.16196434688422315}
{"bot_id": "0000000000000b01", "x": 1.1724395566403882, "y": 1.8639144715248626, "z": 0, "MSE": 0.0713400465401475, "anchor 1 mse": 3.988809950646208e-06, "anchor 2 mse": 0.0013245768490380686, "anchor 3 mse": 0.008880252984840945, "anchor 4 mse": 0.27515136751676034}
{"bot_id": "0000000000000b01",