{"bot_id": "0000000000000b01", "x": -0.10626058176192217, "y": 1.4473688912029783, "z": 0, "MSE": 5.939131250590028, "anchor 1 mse": 2.1061680184585208, "anchor 2 mse": 1.6821864946662002, "anchor 3 mse": 9.772094482721535, "anchor 4 mse": 10.196076006513858}
{"bot_id": "0000000000000b01", "x": 1.310402524086102, "y": 1.2481880078091083, "z": 0, "MSE": 1.1085354995664631, "anchor 1 mse": 2.403332442756328, "anchor 2 mse": 1.049369340001724, "anchor 3 mse": 0.8032045953618301, "anchor 4 mse": 0.1782356201459706}
{"bot_id": "0000000000000b01", "x": 3.0076979556567993, "y": 2.1528454387073888, "z": 0, "MSE": 0.09493061959012719, "anchor 1 mse": 0.10809779836056731, "anchor 2 mse": 0.007135762254073937, "anchor 3 mse": 0.24472764205687267, "anchor 4 mse": 0.01976127568899489}
{"bot_id": "0000000000000b01", "x": 2.6013483420446275, "y": 1.9717433504362951, "z": 0.0, "MSE": 0.085620088338473, "anchor 1 mse": 0.013417325310019662, "anchor 2 mse": 0.08855284489130821, "anchor 3 mse": 0.1084595511937373, "anchor 4 mse": 0.13205063195882683}
{"bot_id": "0000000000000b01", "x": 2.595743661082169, "y": 1.8893400699424814, "z": 0.0, "MSE": 0.0943306141503191, "anchor 1 mse": 0.039789015711876784, "anchor 2 mse": 0.08318840093801164, "anchor 3 mse": 0.04717373350072521, "anchor 4 mse": 0.20717130645066278}
{"bot_id": "0000000000000b01", "x": 2.6434547568390556, "y": 1.9274841649870889, "z": 0.0, "MSE": 0.09015085312981841, "anchor 1 mse": 0.03184391948440992, "anchor 2 mse": 0.05977629071838749, "anchor 3 mse": 0.1168056330211489, "anchor 4 mse": 0.1521775692953273}
{"bot_id": "0000000000000b01", "x": 2.5586226163223302, "y": 2.0138333968280904, "z": 0.0, "MSE": 0.10763496126966388, "anchor 1 mse": 0.015355493673447273, "anchor 2 mse": 0.09019549827574978, "anchor 3 mse": 0.20387430365667142, "anchor 4 mse": 0.12111454947278706}
{"bot_id": "0000000000000b01", "x": 2.6222180729453695, "y": 2.0353752762316533, "z": 0.0, "MSE": 0.10544717892128339, "anchor 1 mse": 0.029085666890542636, "anchor 2 mse": 0.08108874360834681, "anchor 3 mse": 0.1811346309965533, "anchor 4 mse": 0.1304796741896908}
{"bot_id": "0000000000000b01", "x": 2.690323070839102, "y": 2.1882811357611445, "z": 0.0, "MSE": 0.09545414283871938, "anchor 1 mse": 0.009586729106875714, "anchor 2 mse": 0.06953113769552748, "anchor 3 mse": 0.276727747879792, "anchor 4 mse": 0.02597095667268232}
{"bot_id": "0000000000000b01", "x": 2.486700513852414, "y": 2.3170091617988615, "z": 0.0, "MSE": 0.1515411047764923, "anchor 1 mse": 0.05237431411586427, "anchor 2 mse": 0.18282498891524396, "anchor 3 mse": 0.3563691876627668, "anchor 4 mse": 0.014595928412094086}
{"bot_id": "0000000000000b01", "x": 2.590133482400318, "y": 2.519011445467997, "z": 0.0, "MSE": 0.2353351579969235, "anchor 1 mse": 0.19630309010582286, "anchor 2 mse": 0.05311011067107418, "anchor 3 mse": 0.5669895006715566, "anchor 4 mse": 0.12493793053924045}
{"bot_id": "0000000000000b01", "x": 2.478821524852356, "y": 2.525459392719689, "z": 0.0, "MSE": 0.31658438731411276, "anchor 1 mse": 0.3705335117457256, "anchor 2 mse": 0.19528587322128385, "anchor 3 mse": 0.4515882386942687, "anchor 4 mse": 0.24892992559517288}
{"bot_id": "0000000000000b01", "x": 2.4642827689255338, "y": 2.5020302364232028, "z": 0.0, "MSE": 0.3063170142606347, "anchor 1 mse": 0.4513354468279492, "anchor 2 mse": 0.08080023122057492, "anchor 3 mse": 0.4841224330708225, "anchor 4 mse": 0.209009945923192}
{"bot_id": "0000000000000b01", "x": 2.373640747026078, "y": 2.376870916748365, "z": 0.0, "MSE": 0.14051350531450257, "anchor 1 mse": 0.269485354400349, "anchor 2 mse": 0.028474344319441333, "anchor 3 mse": 0.18850254146510673, "anchor 4 mse": 0.07559178107311332}
{"bot_id": "0000000000000b01", "x": 2.2959305716268936, "y": 2.243236058812907, "z": 0.0, "MSE": 0.08581555616291395, "anchor 1 mse": 0.21150044443710847, "anchor 2 mse": 0.06809093668684614, "anchor 3 mse": 0.05003619070725237, "anchor 4 mse": 0.013634652820448845}
{"bot_id": "0000000000000b01", "x": 2.45078440903143, "y": 2.1114597068255976, "z": 0.0, "MSE": 0.0983402948736868, "anchor 1 mse": 0.24493034004309736, "anchor 2 mse": 0.0003960012719600505, "anchor 3 mse": 0.1429689284663916, "anchor 4 mse": 0.005065909713298159}
{"bot_id": "0000000000000b01", "x": 2.194513861512079, "y": 1.8617877425789198, "z": 0.0, "MSE": 0.04097003795267122, "anchor 1 mse": 0.028180858961064596, "anchor 2 mse": 0.0213993472553831, "anchor 3 mse": 0.0467279158599144, "anchor 4 mse": 0.06757202973432279}
{"bot_id": "0000000000000b01", "x": 2.1889613522878975, "y": 1.8963147831006613, "z": 0.0, "MSE": 0.031502433298708, "anchor 1 mse": 0.03464390012652998, "anchor 2 mse": 0.001942747637859702, "anchor 3 mse": 0.05871192379294928, "anchor 4 mse": 0.030711161637493024}
{"bot_id": "0000000000000b01", "x": 2.1913804120248277, "y": 1.9318179324443472, "z": 0.0, "MSE": 0.06028299046489319, "anchor 1 mse": 0.13787321563771535, "anchor 2 mse": 0.0029528651721176967, "anchor 3 mse": 0.08020123493729946, "anchor 4 mse": 0.02010464611244023}
{"bot_id": "0000000000000b01", "x": 2.088926083401307, "y": 1.7037012405164722, "z": 0.0, "MSE": 0.06658737998582351, "anchor 1 mse": 0.05089123731531524, "anchor 2 mse": 0.012510560562524073, "anchor 3 mse": 0.021359399608685856, "anchor 4 mse": 0.18158832245676887}
{"bot_id": "0000000000000b01", "x": 2.0862870117898495, "y": 2.0578155844614727, "z": 0.0, "MSE": 0.07136725896021673, "anchor 1 mse": 0.2404845147399525, "anchor 2 mse": 0.0012241083751287015, "anchor 3 mse": 0.04209201048115004, "anchor 4 mse": 0.001668402244635676}
{"bot_id": "0000000000000b01", "x": 2.0831743805058074, "y": 2.0625822547415256, "z": 0.0, "MSE": 0.10865318549457327, "anchor 1 mse": 0.2719922806795739, "anchor 2 mse": 0.004823270837320334, "anchor 3 mse": 0.12704598976584333, "anchor 4 mse": 0.030751200695555553}
{"bot_id": "0000000000000b01", "x": 2.018301709042049, "y": 2.0923282101541214, "z": 0.0, "MSE": 0.20302010301782747, "anchor 1 mse": 0.3932864908982897, "anchor 2 mse": 1.0586578754768541e-07, "anchor 3 mse": 0.3972721877360286, "anchor 4 mse": 0.021521627571204016}
{"bot_id": "0000000000000b01", "x": 1.8286080536921627, "y": 1.5813024851425612, "z": 0.0, "MSE": 0.10425953416584002, "anchor 1 mse": 0.021757391791943033, "anchor 2 mse": 0.010984410310577387, "anchor 3 mse": 0.01844628575067994, "anchor 4 mse": 0.3658500488101597}
{"bot_id": "0000000000000b01", "x": 1.91266775742352, "y": 1.4202147322375742, "z": 0.0, "MSE": 0.1706232457135524, "anchor 1 mse": 0.012609147413853371, "anchor 2 mse": 0.19697460928826752, "anchor 3 mse": 0.0017924821522475249, "anchor 4 mse": 0.4711167439998411}
{"bot_id": "0000000000000b01", "x": 1.8729805496740912, "y": 1.8764277266531637, "z": 0.0, "MSE": 0.14424985484636219, "anchor 1 mse": 0.23158533325106953, "anchor 2 mse": 0.03329801789985599, "anchor 3 mse": 0.1415899715604348, "anchor 4 mse": 0.1705260966740884}
{"bot_id": "0000000000000b01", "x": 1.9157909691795598, "y": 1.9249798942434575, "z": 0.0, "MSE": 0.20415495047948848, "anchor 1 mse": 0.1061735922831136, "anchor 2 mse": 0.08523438291774302, "anchor 3 mse": 0.28182481525706365, "anchor 4 mse": 0.34338701146003364}
{"bot_id": "0000000000000b01", "x": 1.445192267391532, "y": 1.7755550060992984, "z": 0.0, "MSE": 0.04922896143236105, "anchor 1 mse": 0.0015493309787134335, "anchor 2 mse": 0.00599860651992884, "anchor 3 mse": 0.027382976458116663, "anchor 4 mse": 0.16198493177268528}
{"bot_id": "0000000000000b01", "x": 1.44619139639425, "y": 1.7433217724676244, "z": 0.0, "MSE": 0.051043324625675165, "anchor 1 mse": 0.000629592832364025, "anchor 2 mse": 0.005832440702723047, "anchor 3 mse": 0.013644675094531468, "anchor 4 mse": 0.18406658987308214}
{"bot_id": "0000000000000b01", "x": 1.3475258177080258, "y": 1.8702472518197495, "z": 0.0, "MSE": 0.11955305003934974, "anchor 1 mse": 0.011053516185949854, "anchor 2 mse": 0.010782287650153339, "anchor 3 mse": 0.06161125996374347,