{"bot_id": "0000000000000b01", "x": 1.3699999608498605, "y": 1.3700000000000006, "z": -0.2480757358077288, "MSE": 3.815341570696548, "anchor 1 mse": 3.815341463425167, "anchor 2 mse": 3.815341463425165, "anchor 3 mse": 3.8153416779679294, "anchor 4 mse": 3.8153416779679312}
{"bot_id": "0000000000000b01", "x": 2.6107298774167376, "y": 1.9396168652833414, "z": 1.2599730706748609, "MSE": 0.03103803740363021, "anchor 1 mse": 0.016362436774977427, "anchor 2 mse": 7.109323395305225e-06, "anchor 3 mse": 0.10777063029688919, "anchor 4 mse": 1.1973219258918014e-05}
{"bot_id": "0000000000000b01", "x": 2.611021850253898, "y": 1.9642519001706253, "z": 1.199982146794929, "MSE": 0.024788022880946056, "anchor 1 mse": 0.012267383181622201, "anchor 2 mse": 1.2694783993994381e-05, "anchor 3 mse": 0.08685087127895967, "anchor 4 mse": 2.1142279208356896e-05}
{"bot_id": "0000000000000b01", "x": 2.6270072532436286, "y": 1.9729015351300998, "z": 1.2141542847861682, "MSE": 0.03125119368095568, "anchor 1 mse": 0.015012264646953767, "anchor 2 mse": 0.0002573817456014577, "anchor 3 mse": 0.10930776184191375, "anchor 4 mse": 0.0004273664893537249}
{"bot_id": "0000000000000b01", "x": 2.6528101752209348, "y": 1.9962591986114673, "z": 1.188213321391911, "MSE": 0.02995679843701529, "anchor 1 mse": 0.01350959412416243, "anchor 2 mse": 0.0003841407782169506, "anchor 3 mse": 0.10529634362737475, "anchor 4 mse": 0.0006371152183070134}
{"bot_id": "0000000000000b01", "x": 2.6687773260706265, "y": 1.9976643100040103, "z": 1.2106961783362473, "MSE": 0.019604559912061947, "anchor 1 mse": 0.009343787687601341, "anchor 2 mse": 0.00017198424920461324, "anchor 3 mse": 0.06861381967315283, "anchor 4 mse": 0.0002886480382890058}
{"bot_id": "0000000000000b01", "x": 2.567910538317043, "y": 1.994060294325418, "z": 1.2896311605506097, "MSE": 0.02596959372276598, "anchor 1 mse": 0.013842666108072358, "anchor 2 mse": 7.733826648280414e-05, "anchor 3 mse": 0.0898379299405341, "anchor 4 mse": 0.00012044057597465777}
{"bot_id": "0000000000000b01", "x": 2.6583667483934152, "y": 2.067125987258758, "z": 1.2367110515966113, "MSE": 0.02067631244944818, "anchor 1 mse": 0.009485106092086507, "anchor 2 mse": 6.68594359638397e-05, "anchor 3 mse": 0.07304897316010664, "anchor 4 mse": 0.00010431110963573143}
{"bot_id": "0000000000000b01", "x": 2.622563823722269, "y": 1.977016497710613, "z": 1.2001085131520974, "MSE": 0.034576718244246976, "anchor 1 mse": 0.01604509314152111, "anchor 2 mse": 0.000711401645404057, "anchor 3 mse": 0.12037654453618467, "anchor 4 mse": 0.0011738336538780817}
{"bot_id": "0000000000000b01", "x": 2.526861257360664, "y": 1.830073066431847, "z": 1.111717927704208, "MSE": 0.039186766980470786, "anchor 1 mse": 0.02019694011058599, "anchor 2 mse": 0.0018747902064894892, "anchor 3 mse": 0.13129537096708668, "anchor 4 mse": 0.0033799666377209614}
{"bot_id": "0000000000000b01", "x": 2.493038271077243, "y": 1.8908486070612462, "z": 0.9227812782583724, "MSE": 0.019832862018561728, "anchor 1 mse": 0.008504365429026415, "anchor 2 mse": 0.0015470723195575293, "anchor 3 mse": 0.06662244808091536, "anchor 4 mse": 0.0026575622447476163}
{"bot_id": "0000000000000b01", "x": 2.463804682728604, "y": 1.656633274749443, "z": 0.8603217887129112, "MSE": 0.05520558733448842, "anchor 1 mse": 0.025954340530001986, "anchor 2 mse": 0.010893626609472615, "anchor 3 mse": 0.1605736711691761, "anchor 4 mse": 0.023400711029302957}
{"bot_id": "0000000000000b01", "x": 2.3112408306866836, "y": 1.6955474909738328, "z": 0.767349535460613, "MSE": 0.036003365329117416, "anchor 1 mse": 0.016234109863740107, "anchor 2 mse": 0.012139861166309187, "anchor 3 mse": 0.0930955689444709, "anchor 4 mse": 0.02254392134194948}
{"bot_id": "0000000000000b01", "x": 2.212253629164486, "y": 1.8348814103369357, "z": 0.5985235574175529, "MSE": 0.02573626616544881, "anchor 1 mse": 0.00918301579900643, "anchor 2 mse": 0.011225667913519408, "anchor 3 mse": 0.0658654194412363, "anchor 4 mse": 0.016670961508033096}
{"bot_id": "0000000000000b01", "x": 2.1796350158782447, "y": 1.7958394379076856, "z": 0.6241395385086935, "MSE": 0.054592609970278365, "anchor 1 mse": 0.02024923896612268, "anchor 2 mse": 0.02372464559314416, "anchor 3 mse": 0.13907857467456833, "anchor 4 mse": 0.03531798064727828}
{"bot_id": "0000000000000b01", "x": 2.15664231287747, "y": 1.7444343295762266, "z": 0.5889336251133404, "MSE": 0.021774599467854698, "anchor 1 mse": 0.009151927793733354, "anchor 2 mse": 0.01055473611762652, "anchor 3 mse": 0.05084672700070216, "anchor 4 mse": 0.016545006959356765}
{"bot_id": "0000000000000b01", "x": 2.030739006831389, "y": 1.7642974852224438, "z": 0.8667274278585527, "MSE": 0.02257377968719088, "anchor 1 mse": 0.013521216383951044, "anchor 2 mse": 0.009227268053123096, "anchor 3 mse": 0.0553893635140187, "anchor 4 mse": 0.012157270797670679}
{"bot_id": "0000000000000b01", "x": 1.9969342653953772, "y": 1.7981022268990823, "z": 0.7255981403046025, "MSE": 0.009565967846025588, "anchor 1 mse": 0.005390070238236895, "anchor 2 mse": 0.00434366845070567, "anchor 3 mse": 0.02312642128387269, "anchor 4 mse": 0.005403711411287095}
{"bot_id": "0000000000000b01", "x": 1.9178558226118037, "y": 1.719023735847169, "z": 0.664562866751201, "MSE": 0.02183815160404577, "anchor 1 mse": 0.012069308194788249, "anchor 2 mse": 0.013912405500407324, "anchor 3 mse": 0.04396542873568741, "anchor 4 mse": 0.01740546398530009}
{"bot_id": "0000000000000b01", "x": 1.7431660377389475, "y": 1.7676368713990558, "z": 0.6733436353489457, "MSE": 0.016775246830581365, "anchor 1 mse": 0.01045862183502175, "anchor 2 mse": 0.012873237921408957, "anchor 3 mse": 0.0312547440282727, "anchor 4 mse": 0.012514383537622058}
{"bot_id": "0000000000000b01", "x": 1.7766331924937209, "y": 1.8084580375788903, "z": 0.29065192009279206, "MSE": 0.02403664272947418, "anchor 1 mse": 0.012487907055862111, "anchor 2 mse": 0.01769257832748642, "anchor 3 mse": 0.048951241368847986, "anchor 4 mse": 0.017014844165700198}
{"bot_id": "0000000000000b01", "x": 1.7121623826959775, "y": 1.7793157042569772, "z": 0.706634133033263, "MSE": 0.03959242886174372, "anchor 1 mse": 0.025097815544051952, "anchor 2 mse": 0.030080311028050054, "anchor 3 mse": 0.0752885492068798, "anchor 4 mse": 0.027903039667993065}
{"bot_id": "0000000000000b01", "x": 1.5126277073020715, "y": 1.7088321322867621, "z": 0.7714934410242877, "MSE": 0.02016821555741967, "anchor 1 mse": 0.016644800418810068, "anchor 2 mse": 0.01779741863720216, "anchor 3 mse": 0.032052174121485554, "anchor 4 mse": 0.014178469052180901}
{"bot_id": "0000000000000b01", "x": 1.452071132471434, "y": 1.7552281162261691, "z": 0.7724932317383311, "MSE": 0.021932088047912832, "anchor 1 mse": 0.018340644299599387, "anchor 2 mse": 0.020438332076036195, "anchor 3 mse": 0.034561440734983365, "anchor 4 mse": 0.014387935081032385}
{"bot_id": "0000000000000b01", "x": 1.4337226048158862, "y": 1.7794343153689545, "z": 0.4973129193124806, "MSE": 0.006376384760157888, "anchor 1 mse": 0.004712332511307751, "anchor 2 mse": 0.0070582881293708415, "anchor 3 mse": 0.009213238348497478, "anchor 4 mse": 0.004521680051455482}
{"bot_id": "0000000000000b01", "x": 1.3273813559632002, "y": 1.8047536555382078, "z": 0.5488721452027502, "MSE": 0.023530304087192852, "anchor 1 mse": 0.018655657096442697, "anchor 2 mse": 0.027547127360307615, "anchor 3 mse": 0.03270784645143701, "anchor 4 mse": 0.015210585440584087}
{"bot_id": "0000000000000b01", "x": 1.2676003437680254, "y": 1.993567550153916, "z": 0.7876785371864969, "MSE": 0.012611359144924991, "anchor 1 mse": 0.010058704400738668, "anchor 2 mse": 0.014724608834232752, "anchor 3 mse": 0.01934522202615847, "anchor 4 mse": 0.006316901318570073}
{"bot_id": "0000000000000b01", "x": 1.1774543619501978, "y": 1.9081843345274618, "z": 0.606188076026122, "MSE": 0.006613087601885085, "anchor 1 mse": 0.005288261458740386, "anchor 2 mse": 0.00923540360719342, "anchor 3 mse": 0.008295069379326298, "anchor 4 mse": 0.003633615962280239}
{"bot_id": "0000000000000b01",