{"bot_id": "0000000000000b01", "x": 1.3699999608498605, "y": 1.3699999999999997, "z": -1.6076145606705783, "MSE": 6.338224575680058, "anchor 1 mse": 6.338224468408676, "anchor 2 mse": 6.3382244684086775, "anchor 3 mse": 6.3382246829514415, "anchor 4 mse": 6.338224682951439}
{"bot_id": "0000000000000b01", "x": 2.6107298774167376, "y": 1.9396168652833417, "z": 1.07609427714162, "MSE": 0.012754335064905049, "anchor 1 mse": 0.004327668222100419, "anchor 2 mse": 0.005617909912689967, "anchor 3 mse": 0.03144654635587908, "anchor 4 mse": 0.009625215768950725}
{"bot_id": "0000000000000b01", "x": 2.611021850253897, "y": 1.964251900170627, "z": 1.0351423466777576, "MSE": 0.010161720348390739, "anchor 1 mse": 0.0032976000829754897, "anchor 2 mse": 0.004370873271841569, "anchor 3 mse": 0.0255926349736818, "anchor 4 mse": 0.0073857730650640965}
{"bot_id": "0000000000000b01", "x": 2.627007253243628, "y": 1.9729015351301018, "z": 1.0493025652385624, "MSE": 0.014852648922342783, "anchor 1 mse": 0.004739865889646818, "anchor 2 mse": 0.006244179908016059, "anchor 3 mse": 0.03790826893279727, "anchor 4 mse": 0.010518280958910982}
{"bot_id": "0000000000000b01", "x": 2.652810175220935, "y": 1.9962591986114677, "z": 1.0334701592398, "MSE": 0.014774908335920593, "anchor 1 mse": 0.0045079843591750305, "anchor 2 mse": 0.005998179471861037, "anchor 3 mse": 0.03851390146122867, "anchor 4 mse": 0.010079568051417628}
{"bot_id": "0000000000000b01", "x": 2.6687773260706265, "y": 1.9976643100040108, "z": 1.0432708200737644, "MSE": 0.005895422756409582, "anchor 1 mse": 0.0018539287972921899, "anchor 2 mse": 0.0024958008349988694, "anchor 3 mse": 0.014981682683153927, "anchor 4 mse": 0.004250278710193343}
{"bot_id": "0000000000000b01", "x": 2.567910538317043, "y": 1.994060294325418, "z": 1.1103521669038212, "MSE": 0.008988194017420794, "anchor 1 mse": 0.0030909645648523614, "anchor 2 mse": 0.004170229901725973, "anchor 3 mse": 0.022104090957214197, "anchor 4 mse": 0.006587490645890642}
{"bot_id": "0000000000000b01", "x": 2.658366748393415, "y": 2.067125987258758, "z": 1.0773050416665677, "MSE": 0.006792733292245902, "anchor 1 mse": 0.002079907000314489, "anchor 2 mse": 0.002891429246933203, "anchor 3 mse": 0.017634769266621324, "anchor 4 mse": 0.004564827655114591}
{"bot_id": "0000000000000b01", "x": 2.6225638237222686, "y": 1.9770164977106135, "z": 1.0419278963305074, "MSE": 0.018196804617412993, "anchor 1 mse": 0.005712938463380279, "anchor 2 mse": 0.007519390838289986, "anchor 3 mse": 0.046978600010875046, "anchor 4 mse": 0.012576289157106658}
{"bot_id": "0000000000000b01", "x": 2.526861257360664, "y": 1.8300730664318472, "z": 0.9499570701880838, "MSE": 0.024060968328376755, "anchor 1 mse": 0.0083507015216835, "anchor 2 mse": 0.010250257761178409, "anchor 3 mse": 0.058853089380633196, "anchor 4 mse": 0.018789824650011912}
{"bot_id": "0000000000000b01", "x": 2.493038271077243, "y": 1.8908486070612462, "z": 0.8158692814871937, "MSE": 0.013026906550711433, "anchor 1 mse": 0.004045392724921722, "anchor 2 mse": 0.005305419169688723, "anchor 3 mse": 0.03356233564360898, "anchor 4 mse": 0.009194478664626301}
{"bot_id": "0000000000000b01", "x": 2.463804682728604, "y": 1.656633274749443, "z": 0.7454385421981954, "MSE": 0.04710239194151052, "anchor 1 mse": 0.017192038374531336, "anchor 2 mse": 0.0188256205683696, "anchor 3 mse": 0.11138456013364677, "anchor 4 mse": 0.04100734868949437}
{"bot_id": "0000000000000b01", "x": 2.3112408306866836, "y": 1.695547490973833, "z": 0.7189871271855203, "MSE": 0.03369223605268677, "anchor 1 mse": 0.013288623441963337, "anchor 2 mse": 0.015321402864633064, "anchor 3 mse": 0.07757800308853965, "anchor 4 mse": 0.02858091481561105}
{"bot_id": "0000000000000b01", "x": 2.2122536291644854, "y": 1.8348814103369355, "z": 0.5900646110203526, "MSE": 0.025396794758793292, "anchor 1 mse": 0.008857675620209306, "anchor 2 mse": 0.011662331971825122, "anchor 3 mse": 0.06374068886809026, "anchor 4 mse": 0.01732648257504848}
{"bot_id": "0000000000000b01", "x": 2.179635015878245, "y": 1.7958394379076859, "z": 0.6150283895226534, "MSE": 0.05407297309134428, "anchor 1 mse": 0.019697388628305102, "anchor 2 mse": 0.024438341276386933, "anchor 3 mse": 0.13575879873106342, "anchor 4 mse": 0.03639736372962169}
{"bot_id": "0000000000000b01", "x": 2.15664231287747, "y": 1.7444343295762266, "z": 0.5803877427090438, "MSE": 0.021533439029235747, "anchor 1 mse": 0.008817803707379368, "anchor 2 mse": 0.010978584726612247, "anchor 3 mse": 0.0491196973628473, "anchor 4 mse": 0.01721767032010408}
{"bot_id": "0000000000000b01", "x": 2.030739006831389, "y": 1.7642974852224438, "z": 0.8160245873131483, "MSE": 0.020715177410816663, "anchor 1 mse": 0.010230542964269142, "anchor 2 mse": 0.012949585241547063, "anchor 3 mse": 0.042578531326100025, "anchor 4 mse": 0.017102050111350423}
{"bot_id": "0000000000000b01", "x": 1.9969342653953774, "y": 1.7981022268990825, "z": 0.6929775078298486, "MSE": 0.008879845396891347, "anchor 1 mse": 0.004236975420610066, "anchor 2 mse": 0.005758288321655563, "anchor 3 mse": 0.018352981988379508, "anchor 4 mse": 0.007171135856920252}
{"bot_id": "0000000000000b01", "x": 1.9178558226118037, "y": 1.719023735847169, "z": 0.6560634428920842, "MSE": 0.02165889443669264, "anchor 1 mse": 0.011609970848571714, "anchor 2 mse": 0.01450154131783853, "anchor 3 mse": 0.04237655352953424, "anchor 4 mse": 0.018147512050826063}
{"bot_id": "0000000000000b01", "x": 1.7431660377389475, "y": 1.7676368713990558, "z": 0.66409011941882, "MSE": 0.016636560263721373, "anchor 1 mse": 0.009972144388096512, "anchor 2 mse": 0.013548925931120441, "anchor 3 mse": 0.02985444709211251, "anchor 4 mse": 0.013170723643556016}
{"bot_id": "0000000000000b01", "x": 1.7766331924937209, "y": 1.8084580375788903, "z": 0.28987809886598787, "MSE": 0.024028066025321936, "anchor 1 mse": 0.012468241394570785, "anchor 2 mse": 0.01772207022786226, "anchor 3 mse": 0.048878781773913346, "anchor 4 mse": 0.017043170704941348}
{"bot_id": "0000000000000b01", "x": 1.7121623826959775, "y": 1.779315704256977, "z": 0.6942067058109023, "MSE": 0.039279874465934714, "anchor 1 mse": 0.024034811596673495, "anchor 2 mse": 0.03154623503731557, "anchor 3 mse": 0.07227982750983493, "anchor 4 mse": 0.029258623719914865}
{"bot_id": "0000000000000b01", "x": 1.5126277073020715, "y": 1.7088321322867621, "z": 0.7527754500874304, "MSE": 0.019973763651801264, "anchor 1 mse": 0.015150081039100665, "anchor 2 mse": 0.019768624909383994, "anchor 3 mse": 0.02923904907882938, "anchor 4 mse": 0.015737299579891027}
{"bot_id": "0000000000000b01", "x": 1.452071132471434, "y": 1.7552281162261691, "z": 0.7513071137399483, "MSE": 0.021724044087968082, "anchor 1 mse": 0.016565675412427674, "anchor 2 mse": 0.022922383916992327, "anchor 3 mse": 0.031292342837835455, "anchor 4 mse": 0.01611577418461688}
{"bot_id": "0000000000000b01", "x": 1.4337226048158862, "y": 1.7794343153689542, "z": 0.4935135083847611, "MSE": 0.006368402117661308, "anchor 1 mse": 0.004602460245634234, "anchor 2 mse": 0.00723553904979796, "anchor 3 mse": 0.009001343153709901, "anchor 4 mse": 0.004634266021503138}
{"bot_id": "0000000000000b01", "x": 1.3273813559632002, "y": 1.8047536555382075, "z": 0.5420361915957188, "MSE": 0.023512228433342303, "anchor 1 mse": 0.01821652341639314, "anchor 2 mse": 0.028274442195763742, "anchor 3 mse": 0.03195445962140439, "anchor 4 mse": 0.015603488499807937}
{"bot_id": "0000000000000b01", "x": 1.2676003437680254, "y": 1.993567550153916, "z": 0.7652310500981333, "MSE": 0.012571702403443219, "anchor 1 mse": 0.008701955140338008, "anchor 2 mse": 0.01737733271100955, "anchor 3 mse": 0.01677882455758236, "anchor 4 mse": 0.00742869720484296}
{"bot_id": "0000000000000b01", "x": 1.1774543619501978, "y": 1.9081843345274618, "z": 0.5967553683379373, "MSE": 0.0066362531930461545, "anchor 1 mse": 0.0049387913649459134, "anchor 2 mse": 0.009946675498021694, "anchor 3 mse": 0.0077514987803480595, "anchor 4 mse": 0.003908047128868952}
{"bot_id": "0000000000000b01",