{"bot_id": "0000000000000b01", "x": -0.010530240058879464, "y": 1.4048196265127706, "z": 0, "MSE": 5.6608761501075175, "anchor 1 mse": 1.9736290689911777, "anchor 2 mse": 1.7828175157011956, "anchor 3 mse": 9.348123231223857, "anchor 4 mse": 9.538934784513838}
{"bot_id": "0000000000000b01", "x": 1.3937475295120607, "y": 1.4733446385002267, "z": 0, "MSE": 0.9021762424279127, "anchor 1 mse": 1.7739004825439224, "anchor 2 mse": 1.2693756622026984, "anchor 3 mse": 0.46031059502960536, "anchor 4 mse": 0.10511822993542509}
{"bot_id": "0000000000000b01", "x": 2.6566381521942173, "y": 1.3083556950111876, "z": 0, "MSE": 0.3132241878532596, "anchor 1 mse": 0.1670048860781566, "anchor 2 mse": 0.001431532364996885, "anchor 3 mse": 0.08647672377114654, "anchor 4 mse": 0.9979836091987384}
