{"bot_id": "0000000000000b01", "x": 1.369673648350387, "y": 1.37, "z": 0.0, "MSE": 3.7538001065054, "anchor 1 mse": 3.7529059029854603, "anchor 2 mse": 3.7529059029854603, "anchor 3 mse": 3.75469431002534, "anchor 4 mse": 3.75469431002534}
{"bot_id": "0000000000000b01", "x": 2.7363166321984727, "y": 2.1450000256201536, "z": 0.0, "MSE": 0.10471992318487348, "anchor 1 mse": 0.013652843671851394, "anchor 2 mse": 0.043991046345148346, "anchor 3 mse": 0.33061191855953975, "anchor 4 mse": 0.0306238841629544}
{"bot_id": "0000000000000b01", "x": 2.7251954829420786, "y": 2.1590114515350476, "z": 0.0, "MSE": 0.09598349823683444, "anchor 1 mse": 0.011402634857921659, "anchor 2 mse": 0.03746615157486746, "anchor 3 mse": 0.3122829897103551, "anchor 4 mse": 0.022782216804193504}
{"bot_id": "0000000000000b01", "x": 2.746760335759879, "y": 2.169345894374682, "z": 0.0, "MSE": 0.09406299963890541, "anchor 1 mse": 0.014425860970010375, "anchor 2 mse": 0.0418561067630977, "anchor 3 mse": 0.2908508021477583, "anchor 4 mse": 0.02911922867475522}
{"bot_id": "0000000000000b01", "x": 2.769749287315723, "y": 2.1868473141459184, "z": 0.0, "MSE": 0.08892026255460855, "anchor 1 mse": 0.014160031896636649, "anchor 2 mse": 0.03824179607547565, "anchor 3 mse": 0.2767264074632478, "anchor 4 mse": 0.026552814783074117}
{"bot_id": "0000000000000b01", "x": 2.7866636992922063, "y": 2.1932073478497673, "z": 0.0, "MSE": 0.10694133344572025, "anchor 1 mse": 0.00925765770699666, "anchor 2 mse": 0.02896727660466555, "anchor 3 mse": 0.37358964684675927, "anchor 4 mse": 0.015950752624459472}
{"bot_id": "0000000000000b01", "x": 2.701036302820626, "y": 2.211825686268912, "z": 0.0, "MSE": 0.13246519359316739, "anchor 1 mse": 0.012342916127979801, "anchor 2 mse": 0.04318383188343803, "anchor 3 mse": 0.44942335553729157, "anchor 4 mse": 0.02491067082396014}
{"bot_id": "0000000000000b01", "x": 2.786501050455508, "y": 2.271250364061293, "z": 0.0, "MSE": 0.1263361041549743, "anchor 1 mse": 0.010999934193268552, "anchor 2 mse": 0.030396910408177064, "anchor 3 mse": 0.44749344017386344, "anchor 4 mse": 0.016454131844588108}
{"bot_id": "0000000000000b01", "x": 2.740852983130943, "y": 2.17058621962816, "z": 0.0, "MSE": 0.08829668020280801, "anchor 1 mse": 0.01593745742533735, "anchor 2 mse": 0.04436238367516672, "anchor 3 mse": 0.26069763526285883, "anchor 4 mse": 0.03218924444786916}
{"bot_id": "0000000000000b01", "x": 2.6133753089878007, "y": 2.0037324033648147, "z": 0.0, "MSE": 0.057210749877444816, "anchor 1 mse": 0.015159832337227725, "anchor 2 mse": 0.0551734706438416, "anchor 3 mse": 0.1175963022184511, "anchor 4 mse": 0.04091339431025883}
{"bot_id": "0000000000000b01", "x": 2.5483088199915365, "y": 2.03337872745581, "z": 0.0, "MSE": 0.03542082109039635, "anchor 1 mse": 0.00812505568898477, "anchor 2 mse": 0.03442349380765797, "anchor 3 mse": 0.08285152525885475, "anchor 4 mse": 0.016283209606087885}
{"bot_id": "0000000000000b01", "x": 2.49938780394187, "y": 1.7718895645396606, "z": 0.0, "MSE": 0.03595104832836937, "anchor 1 mse": 0.01788766383916805, "anchor 2 mse": 0.062334335687806136, "anchor 3 mse": 0.0001546776578065893, "anchor 4 mse": 0.06342751612869671}
{"bot_id": "0000000000000b01", "x": 2.347508159376631, "y": 1.7856016833794683, "z": 0.0, "MSE": 0.029377594642716887, "anchor 1 mse": 0.011976060439933314, "anchor 2 mse": 0.05103010620054787, "anchor 3 mse": 0.0007866614553437485, "anchor 4 mse": 0.05371755047504261}
{"bot_id": "0000000000000b01", "x": 2.240935729112135, "y": 1.888719605131414, "z": 0.0, "MSE": 0.017646344240672948, "anchor 1 mse": 0.008228105538310777, "anchor 2 mse": 0.02986680284360022, "anchor 3 mse": 0.0013530922727681013, "anchor 4 mse": 0.031137376308012697}
{"bot_id": "0000000000000b01", "x": 2.211721165612375, "y": 1.8492257398905232, "z": 0.0, "MSE": 0.03767630136939365, "anchor 1 mse": 0.017673196135949386, "anchor 2 mse": 0.05091183043894202, "anchor 3 mse": 0.02121200803182952, "anchor 4 mse": 0.06090817087085369}
{"bot_id": "0000000000000b01", "x": 2.181193587912236, "y": 1.7935668088675796, "z": 0.0, "MSE": 0.017622144129675707, "anchor 1 mse": 0.007041472817933872, "anchor 2 mse": 0.02969569924186392, "anchor 3 mse": 0.0008462694786875653, "anchor 4 mse": 0.032905134980217465}
{"bot_id": "0000000000000b01", "x": 2.0636860705000633, "y": 1.877069364493548, "z": 0.0, "MSE": 0.03662690431872519, "anchor 1 mse": 0.006345335278228562, "anchor 2 mse": 0.07461683821279246, "anchor 3 mse": 0.023599005123804927, "anchor 4 mse": 0.04194643866007479}
{"bot_id": "0000000000000b01", "x": 2.0100390281351093, "y": 1.8891748389551561, "z": 0.0, "MSE": 0.019376443771623005, "anchor 1 mse": 0.002350777148170106, "anchor 2 mse": 0.042975088897460906, "anchor 3 mse": 0.016628864832175575, "anchor 4 mse": 0.015551044208685433}
{"bot_id": "0000000000000b01", "x": 1.9479730307913008, "y": 1.766584905614807, "z": 0.0, "MSE": 0.024317001766780297, "anchor 1 mse": 0.006355092844210628, "anchor 2 mse": 0.04509482851233433, "anchor 3 mse": 2.5727686875597032e-05, "anchor 4 mse": 0.04579235802370064}
{"bot_id": "0000000000000b01", "x": 1.7553878086843848, "y": 1.8196322425613132, "z": 0.0, "MSE": 0.023326176471394268, "anchor 1 mse": 0.0034022797343242622, "anchor 2 mse": 0.056627290008755604, "anchor 3 mse": 0.0004932825819706053, "anchor 4 mse": 0.03278185356052659}
{"bot_id": "0000000000000b01", "x": 1.7658771518266179, "y": 1.8247305599072887, "z": 0.0, "MSE": 0.02281109604873054, "anchor 1 mse": 0.009857332164437462, "anchor 2 mse": 0.02924794161065309, "anchor 3 mse": 0.03483825724262195, "anchor 4 mse": 0.017300853177209658}
{"bot_id": "0000000000000b01", "x": 1.717580881427808, "y": 1.8385700211641938, "z": 0.0, "MSE": 0.043399362812175275, "anchor 1 mse": 0.01124307083422775, "anchor 2 mse": 0.1025551049082479, "anchor 3 mse": 0.003975837162728223, "anchor 4 mse": 0.05582343834349723}
{"bot_id": "0000000000000b01", "x": 1.4923713193471615, "y": 1.778453119153496, "z": 0.0, "MSE": 0.0390849531053326, "anchor 1 mse": 0.0017348826943914967, "anchor 2 mse": 0.11880751436629562, "anchor 3 mse": 0.0006166991571574848, "anchor 4 mse": 0.03518071620348581}
{"bot_id": "0000000000000b01", "x": 1.4156604151658951, "y": 1.8287145820268431, "z": 0.0, "MSE": 0.04327906952509427, "anchor 1 mse": 0.0018179421579770018, "anchor 2 mse": 0.14167102118387948, "anchor 3 mse": 5.851895948950563e-06, "anchor 4 mse": 0.029621462862571647}
{"bot_id": "0000000000000b01", "x": 1.412689229945391, "y": 1.8125605920975425, "z": 0.0, "MSE": 0.01106133249886479, "anchor 1 mse": 0.0007872048352952708, "anchor 2 mse": 0.03612983171129193, "anchor 3 mse": 0.0003696972178967004, "anchor 4 mse": 0.006958596230975258}
{"bot_id": "0000000000000b01", "x": 1.2897820144197756, "y": 1.8417931823422111, "z": 0.0, "MSE": 0.032709463827914946, "anchor 1 mse": 0.006161814347024017, "anchor 2 mse": 0.0950347198542955, "anchor 3 mse": 0.011203196846301335, "anchor 4 mse": 0.018438124264038933}
{"bot_id": "0000000000000b01", "x": 1.2280162302654545, "y": 2.1104519513624767, "z": 0.0, "MSE": 0.04513504927729427, "anchor 1 mse": 0.002675694355865642, "anchor 2 mse": 0.16811348657631994, "anchor 3 mse": 0.0027236664277286333, "anchor 4 mse": 0.007027349749262839}
