{"bot_id": "0000000000000b01", "x": 1.3699625175261356, "y": 1.37, "z": 0.0, "MSE": 3.7538000014049366, "anchor 1 mse": 3.753697299426548, "anchor 2 mse": 3.753697299426548, "anchor 3 mse": 3.7539027033833254, "anchor 4 mse": 3.7539027033833254}
{"bot_id": "0000000000000b01", "x": 2.766503848728774, "y": 2.1013228425218595, "z": 0.0, "MSE": 0.09290639516587569, "anchor 1 mse": 0.01300995774565932, "anchor 2 mse": 0.029148857756576385, "anchor 3 mse": 0.2817201369926917, "anchor 4 mse": 0.04774662816857533}
{"bot_id": "0000000000000b01", "x": 2.7533816104779842, "y": 2.1172330202139817, "z": 0.0, "MSE": 0.08496608656305076, "anchor 1 mse": 0.010670088930352097, "anchor 2 mse": 0.024670138103544893, "anchor 3 mse": 0.26738131226783773, "anchor 4 mse": 0.037142806950468274}
{"bot_id": "0000000000000b01", "x": 2.7745213976795964, "y": 2.1278901768651273, "z": 0.0, "MSE": 0.08346583360692078, "anchor 1 mse": 0.013584692115835446, "anchor 2 mse": 0.028479778170245783, "anchor 3 mse": 0.24692699315820574, "anchor 4 mse": 0.044871870983396185}
{"bot_id": "0000000000000b01", "x": 2.795909624333265, "y": 2.1465810138804144, "z": 0.0, "MSE": 0.07866957953346196, "anchor 1 mse": 0.013202031728663096, "anchor 2 mse": 0.026182099942157474, "anchor 3 mse": 0.23421054439338812, "anchor 4 mse": 0.04108364206963916}
{"bot_id": "0000000000000b01", "x": 2.813936813529439, "y": 2.1514075977551874, "z": 0.0, "MSE": 0.09399966328624328, "anchor 1 mse": 0.008490800949611422, "anchor 2 mse": 0.018269336063926514, "anchor 3 mse": 0.3212417659193214, "anchor 4 mse": 0.02799675021211374}
{"bot_id": "0000000000000b01", "x": 2.730944831532631, "y": 2.1701896688021347, "z": 0.0, "MSE": 0.11941562007485372, "anchor 1 mse": 0.01171479835244608, "anchor 2 mse": 0.02898271765509167, "anchor 3 mse": 0.3970483448640375, "anchor 4 mse": 0.03991661942783965}
{"bot_id": "0000000000000b01", "x": 2.8121083384090033, "y": 2.2318793056217556, "z": 0.0, "MSE": 0.11275858987776323, "anchor 1 mse": 0.010031738699962692, "anchor 2 mse": 0.02026469689951616, "anchor 3 mse": 0.3928635687342027, "anchor 4 mse": 0.027874355177371364}
{"bot_id": "0000000000000b01", "x": 2.7679868705768302, "y": 2.1299490245567956, "z": 0.0, "MSE": 0.07861445311641568, "anchor 1 mse": 0.015037058178437207, "anchor 2 mse": 0.030829775296126436, "anchor 3 mse": 0.2202494311844287, "anchor 4 mse": 0.048341547806670375}
{"bot_id": "0000000000000b01", "x": 2.64391749996905, "y": 1.9606007510257364, "z": 0.0, "MSE": 0.05153162257667833, "anchor 1 mse": 0.014772690905473012, "anchor 2 mse": 0.03747941650271151, "anchor 3 mse": 0.09284249891328479, "anchor 4 mse": 0.06103188398524399}
{"bot_id": "0000000000000b01", "x": 2.57333235499243, "y": 1.9968733333510083, "z": 0.0, "MSE": 0.031240004604558357, "anchor 1 mse": 0.007608945581007218, "anchor 2 mse": 0.02295709182538621, "anchor 3 mse": 0.06677707905297108, "anchor 4 mse": 0.02761690195886893}
{"bot_id": "0000000000000b01", "x": 2.527815954893247, "y": 1.7354918672564115, "z": 0.0, "MSE": 0.03698040184069505, "anchor 1 mse": 0.018559461960423268, "anchor 2 mse": 0.044062170868387145, "anchor 3 mse": 0.0002780085603274136, "anchor 4 mse": 0.08502196597364237}
{"bot_id": "0000000000000b01", "x": 2.3701838904830876, "y": 1.7613247340482672, "z": 0.0, "MSE": 0.029748908485060385, "anchor 1 mse": 0.012762399656526306, "anchor 2 mse": 0.03830288135475252, "anchor 3 mse": 0.0001899813655570106, "anchor 4 mse": 0.06774037156340569}
{"bot_id": "0000000000000b01", "x": 2.251964775883294, "y": 1.8785282214097003, "z": 0.0, "MSE": 0.017798274601181708, "anchor 1 mse": 0.008576997952153446, "anchor 2 mse": 0.025244216942073988, "anchor 3 mse": 0.0016085768704464157, "anchor 4 mse": 0.035763306640052984}
{"bot_id": "0000000000000b01", "x": 2.2231879835697366, "y": 1.839744468874769, "z": 0.0, "MSE": 0.03803715119444501, "anchor 1 mse": 0.018412610506146353, "anchor 2 mse": 0.044712625071314877, "anchor 3 mse": 0.021919783635470737, "anchor 4 mse": 0.06710358556484805}
{"bot_id": "0000000000000b01", "x": 2.193209673893862, "y": 1.7832864153010881, "z": 0.0, "MSE": 0.017796659124430292, "anchor 1 mse": 0.007518307797325999, "anchor 2 mse": 0.0247133039639343, "anchor 3 mse": 0.0010204181137025994, "anchor 4 mse": 0.037934606622758264}
{"bot_id": "0000000000000b01", "x": 2.089825034806396, "y": 1.8559216816973079, "z": 0.0, "MSE": 0.03575844074798235, "anchor 1 mse": 0.007218583492574625, "anchor 2 mse": 0.05801706270700014, "anchor 3 mse": 0.023281865765809266, "anchor 4 mse": 0.05451625102654537}
{"bot_id": "0000000000000b01", "x": 2.032033591989694, "y": 1.8704365492901256, "z": 0.0, "MSE": 0.018516476264229698, "anchor 1 mse": 0.0026861322444578003, "anchor 2 mse": 0.03230225157811598, "anchor 3 mse": 0.016558715996464763, "anchor 4 mse": 0.022518805237880246}
{"bot_id": "0000000000000b01", "x": 1.958382528548789, "y": 1.7614721768469033, "z": 0.0, "MSE": 0.02427646631987601, "anchor 1 mse": 0.007058881858921543, "anchor 2 mse": 0.04030393098533082, "anchor 3 mse": 5.8144084879220424e-05, "anchor 4 mse": 0.04968490835037247}
{"bot_id": "0000000000000b01", "x": 1.7673293793775064, "y": 1.8163743861144857, "z": 0.0, "MSE": 0.022979585465164317, "anchor 1 mse": 0.004134301127192932, "anchor 2 mse": 0.051019187797605704, "anchor 3 mse": 0.0008218354882228929, "anchor 4 mse": 0.03594301744763574}
{"bot_id": "0000000000000b01", "x": 1.774205962898237, "y": 1.821224917363413, "z": 0.0, "MSE": 0.022363345971772315, "anchor 1 mse": 0.010520798276146826, "anchor 2 mse": 0.026248017631822832, "anchor 3 mse": 0.03349130292032094, "anchor 4 mse": 0.019193265058798682}
{"bot_id": "0000000000000b01", "x": 1.732461664330859, "y": 1.8349795275020715, "z": 0.0, "MSE": 0.042484632628167825, "anchor 1 mse": 0.012905694868555723, "anchor 2 mse": 0.09326536105740846, "anchor 3 mse": 0.0029511794661964937, "anchor 4 mse": 0.060816295120510615}
{"bot_id": "0000000000000b01", "x": 1.5093274991791892, "y": 1.7726253742882816, "z": 0.0, "MSE": 0.037861620362509577, "anchor 1 mse": 0.002318170083984335, "anchor 2 mse": 0.10710523058934904, "anchor 3 mse": 0.0011995635879115181, "anchor 4 mse": 0.04082351718879341}
{"bot_id": "0000000000000b01", "x": 1.4350653627916554, "y": 1.823853191360764, "z": 0.0, "MSE": 0.041422686487037064, "anchor 1 mse": 0.0025749610923644257, "anchor 2 mse": 0.12775768168343818, "anchor 3 mse": 0.0002426949120013397, "anchor 4 mse": 0.0351154082603443}
{"bot_id": "0000000000000b01", "x": 1.4234359724323473, "y": 1.8093928185725268, "z": 0.0, "MSE": 0.010468890980717894, "anchor 1 mse": 0.0010361058237990202, "anchor 2 mse": 0.032167553962690734, "anchor 3 mse": 0.00015021831825167453, "anchor 4 mse": 0.008521685818130145}
{"bot_id": "0000000000000b01", "x": 1.3043438442150033, "y": 1.840083435096474, "z": 0.0, "MSE": 0.03119753847029678, "anchor 1 mse": 0.007307962921391155, "anchor 2 mse": 0.08722285065707829, "anchor 3 mse": 0.008909524984807968, "anchor 4 mse": 0.02134981531790971}
