{"bot_id": "0000000000000b01", "x": -0.06304785986818282, "y": 1.2499989230529858, "z": 0, "MSE": 5.8218264271412234, "anchor 1 mse": 1.5664723402675824, "anchor 2 mse": 2.2240782419372205, "anchor 3 mse": 10.077180514014865, "anchor 4 mse": 9.419574612345228}
{"bot_id": "0000000000000b01", "x": 1.1045267763359368, "y": 1.511377048564165, "z": 0.0, "MSE": 1.2083412147081058, "anchor 1 mse": 2.214258478049241, "anchor 2 mse": 1.8438436323490663, "anchor 3 mse": 0.7665930328273574, "anchor 4 mse": 0.0086697156067588}
{"bot_id": "0000000000000b01", "x": 2.462085715575356, "y": 2.170318912979034, "z": 0, "MSE": 0.12096795533011384, "anchor 1 mse": 0.007727217625188965, "anchor 2 mse": 0.20508826664516894, "anchor 3 mse": 0.2561821786087734, "anchor 4 mse": 0.014874158441324063}
{"bot_id": "0000000000000b01", "x": 2.729455508707494, "y": 2.377465213758037, "z": 0.0, "MSE": 0.17079226336521805, "anchor 1 mse": 0.057458747253426215, "anchor 2 mse": 0.06582983469973358, "anchor 3 mse": 0.5584750766017199, "anchor 4 mse": 0.001405394905992466}
{"bot_id": "0000000000000b01", "x": 2.4816914907354723, "y": 2.0386790567078807, "z": 0, "MSE": 0.10789544874007496, "anchor 1 mse": 0.039323627125698195, "anchor 2 mse": 0.19458314838028923, "anchor 3 mse": 0.11063718278371015, "anchor 4 mse": 0.08703783667060228}
{"bot_id": "0000000000000b01", "x": 2.524100751903887, "y": 1.9479158651277406, "z": 0, "MSE": 0.11150064093969758, "anchor 1 mse": 0.06847015197774094, "anchor 2 mse": 0.13288620493360664, "anchor 3 mse": 0.11493389900932367, "anchor 4 mse": 0.12971230783811913}
{"bot_id": "0000000000000b01", "x": 2.3933664091931837, "y": 2.156589942029476, "z": 0, "MSE": 0.1444930500840638, "anchor 1 mse": 0.02507205735469269, "anchor 2 mse": 0.2465650949501835, "anchor 3 mse": 0.2718393803910858, "anchor 4 mse": 0.03449566764029326}
{"bot_id": "0000000000000b01", "x": 2.648354430771339, "y": 2.062253645638006, "z": 0, "MSE": 0.10235756181852618, "anchor 1 mse": 0.0177992272484631, "anchor 2 mse": 0.0709151423568561, "anchor 3 mse": 0.2080139913794583, "anchor 4 mse": 0.1127018862893272}
{"bot_id": "0000000000000b01", "x": 2.8436271076932917, "y": 2.0568772245842846, "z": 0, "MSE": 0.06563694791032565, "anchor 1 mse": 0.019474911961285216, "anchor 2 mse": 0.007305233914338627, "anchor 3 mse": 0.15136924891173353, "anchor 4 mse": 0.0843983968539452}
{"bot_id": "0000000000000b01", "x": 2.5985050625402604, "y": 1.9115451828800365, "z": 0, "MSE": 0.050234893422602005, "anchor 1 mse": 0.0031213926340598577, "anchor 2 mse": 0.04956258008807571, "anchor 3 mse": 0.06227460899891784, "anchor 4 mse": 0.0859809919693546}
{"bot_id": "0000000000000b01", "x": 2.537551917241388, "y": 1.812973587287119, "z": 0, "MSE": 0.03593357531016306, "anchor 1 mse": 0.0026357500773453086, "anchor 2 mse": 0.01649106864938186, "anchor 3 mse": 0.005058808316591076, "anchor 4 mse": 0.11954867419733398}
{"bot_id": "0000000000000b01", "x": 2.4916952595728596, "y": 1.7253949812615668, "z": 0, "MSE": 0.03922204816879401, "anchor 1 mse": 0.010153472939432823, "anchor 2 mse": 0.05743341519115866, "anchor 3 mse": 0.001193500267913866, "anchor 4 mse": 0.08810780427667068}
{"bot_id": "0000000000000b01", "x": 2.5093587219107145, "y": 1.7903289827377369, "z": 0, "MSE": 0.034140029194487144, "anchor 1 mse": 0.05883400867918401, "anchor 2 mse": 0.005921333079930811, "anchor 3 mse": 0.006843085802394688, "anchor 4 mse": 0.06496168921643906}
{"bot_id": "0000000000000b01", "x": 2.5511699746254224, "y": 1.6802429307743114, "z": 0, "MSE": 0.07301633560446337, "anchor 1 mse": 0.04613070836594751, "anchor 2 mse": 0.03706649655092803, "anchor 3 mse": 0.015989276142740032, "anchor 4 mse": 0.1928788613582379}
{"bot_id": "0000000000000b01", "x": 2.28644206605294, "y": 2.1654022200151486, "z": 0, "MSE": 0.06244053901744857, "anchor 1 mse": 0.15927488974951512, "anchor 2 mse": 0.06373764948925838, "anchor 3 mse": 0.02495247361646845, "anchor 4 mse": 0.0017971432145522824}
{"bot_id": "0000000000000b01", "x": 2.192474143295894, "y": 2.1097666405903635, "z": 0, "MSE": 0.058366261145692315, "anchor 1 mse": 0.09163075772073391, "anchor 2 mse": 0.07222239288273669, "anchor 3 mse": 0.055294359623747354, "anchor 4 mse": 0.014317534355551314}
{"bot_id": "0000000000000b01", "x": 2.3783340895377147, "y": 1.934315916365135, "z": 0, "MSE": 0.07873971424275476, "anchor 1 mse": 0.12646849855889128, "anchor 2 mse": 1.1998035257189636e-06, "anchor 3 mse": 0.13458924479513307, "anchor 4 mse": 0.05389991381346898}
{"bot_id": "0000000000000b01", "x": 2.4659457814972163, "y": 2.0729744055198625, "z": 0, "MSE": 0.14297629154978858, "anchor 1 mse": 0.2616400671511688, "anchor 2 mse": 0.02708224488865073, "anchor 3 mse": 0.2797031971330376, "anchor 4 mse": 0.0034796570262971035}
{"bot_id": "0000000000000b01", "x": 2.345469034665488, "y": 2.0950923237854977, "z": 0, "MSE": 0.15252143787481, "anchor 1 mse": 0.3539515669882894, "anchor 2 mse": 0.001807554556179501, "anchor 3 mse": 0.2539996048088206, "anchor 4 mse": 0.00032702514595051615}
{"bot_id": "0000000000000b01", "x": 1.8039096701811, "y": 1.7601175340819721, "z": 0.0, "MSE": 0.02411247897291766, "anchor 1 mse": 0.0025339181928412296, "anchor 2 mse": 0.027933698139964918, "anchor 3 mse": 0.00022048710543054042, "anchor 4 mse": 0.06576181245343395}
{"bot_id": "0000000000000b01", "x": 2.0683325319816497, "y": 2.3382072580107556, "z": 0.0, "MSE": 0.16416963150269756, "anchor 1 mse": 0.4647589488244526, "anchor 2 mse": 0.002809305120240538, "anchor 3 mse": 0.13493026530449345, "anchor 4 mse": 0.05418000676160361}
{"bot_id": "0000000000000b01", "x": 1.5852706970119452, "y": 1.781228381688142, "z": 0.0, "MSE": 0.063530162369866, "anchor 1 mse": 0.0006500630755752274, "anchor 2 mse": 0.16593090549604345, "anchor 3 mse": 0.04035304273376426, "anchor 4 mse": 0.04718663817408111}
{"bot_id": "0000000000000b01", "x": 1.596783894923017, "y": 1.9370814726671644, "z": 0.0, "MSE": 0.054309961900040456, "anchor 1 mse": 0.05307454927488832, "anchor 2 mse": 0.11069754046108404, "anchor 3 mse": 0.04120722367141001, "anchor 4 mse": 0.01226053419277948}
{"bot_id": "0000000000000b01", "x": 1.5861893952038837, "y": 2.059452596038774, "z": 0.0, "MSE": 0.0745135335969685, "anchor 1 mse": 0.10856284035801893, "anchor 2 mse": 0.11154331259190328, "anchor 3 mse": 0.07313725109433276, "anchor 4 mse": 0.0048107303436190135}
{"bot_id": "0000000000000b01", "x": 1.6435198788743144, "y": 1.9892070843071448, "z": 0.0, "MSE": 0.044645893240876734, "anchor 1 mse": 0.09630464968179642, "anchor 2 mse": 0.005345228995437561, "anchor 3 mse": 0.07349858665270893, "anchor 4 mse": 0.0034351076335640165}
{"bot_id": "0000000000000b01", "x": 1.6601149510052102, "y": 1.9384172638995227, "z": 0.0, "MSE": 0.07015437918761461, "anchor 1 mse": 0.14603465705644936, "anchor 2 mse": 0.0013317692507269266, "anchor 3 mse": 0.06508917609615573, "anchor 4 mse": 0.06816191434712641}
{"bot_id": "0000000000000b01", "x": 1.7315802705236185, "y": 2.049741214381919, "z": 0.0, "MSE": 0.11674924208880266, "anchor 1 mse": 0.0859932364814044, "anchor 2 mse": 0.005489164995356422, "anchor 3 mse": 0.21899200683794634, "anchor 4 mse": 0.15652256004050344}
{"bot_id": "0000000000000b01", "x": 1.6034517573374014, "y": 2.144707774269774, "z": 0.0, "MSE": 0.11560752192765217, "anchor 1 mse": 0.18304737068544621, "anchor 2 mse": 0.0025390466309488232, "anchor 3 mse": 0.24699902840821167, "anchor 4 mse": 0.029844641986002004}
{"bot_id": "0000000000000b01", "x": 1.523606570448372, "y": 2.21469270369685, "z": 0.0, "MSE": 0.09788497942800678, "anchor 1 mse": 0.2008534820725687, "anchor 2 mse": 0.004675582018667244, "anchor 3 mse": 0.18064561535993576, "anchor 4 mse": 0.0053652382608554185}
{"bot_id": "0000000000000b01", "x": 1.7440867832990412, "y": 1.948765973069475, "z": 0, "MSE": 0.33049519393055277, "anchor 1 mse": 0.1724317627202794, "anchor 2 mse": 0.17236913437693446, "anchor 3 mse": 0.3819675239227535, "anchor 4 mse": 0.5952123547022437}
{"bot_id": "0000000000000b01",