{"bot_id": "0000000000000b01", "x": 1.4873117150632023, "y": 1.6751182751850449, "z": 0.0, "MSE": 1, "anchor 1 mse": 5.018117373623164, "anchor 2 mse": 3.3460692256091193, "anchor 3 mse": 2.7032010270627707, "anchor 4 mse": 4.375249175076817}
{"bot_id": "0000000000000b01", "x": 2.6605999966369023, "y": 2.7243962090583813, "z": 0.0, "MSE": 1, "anchor 1 mse": 0.2007349476450293, "anchor 2 mse": 0.12204839023319458, "anchor 3 mse": 1.1860980401076602, "anchor 4 mse": 0.16447322221743432}
{"bot_id": "0000000000000b01", "x": 2.464334912700581, "y": 2.6037586623868196, "z": 0.0, "MSE": 1, "anchor 1 mse": 0.04624183764484797, "anchor 2 mse": 0.26204354841940186, "anchor 3 mse": 0.6930652047468154, "anchor 4 mse": 0.09505542774888988}
{"bot_id": "0000000000000b01", "x": 1.5466056026283215, "y": 2.4308695025469027, "z": 0.0, "MSE": 1, "anchor 1 mse": 0.24883572159459705, "anchor 2 mse": 2.052924275352265, "anchor 3 mse": 0.015075458626966867, "anchor 4 mse": 0.13543116522273438}
{"bot_id": "0000000000000b01", "x": 2.1972417204947714, "y": 2.638336544180062, "z": 0.0, "MSE": 1, "anchor 1 mse": 0.0005506676826929812, "anchor 2 mse": 0.6730686635590364, "anchor 3 mse": 0.27857554666461426, "anchor 4 mse": 0.11805143263150947}
{"bot_id": "0000000000000b01", "x": 2.086356688711625, "y": 2.2474429089662293, "z": 0.0, "MSE": 1, "anchor 1 mse": 0.14701452669906684, "anchor 2 mse": 0.7504566844839391, "anchor 3 mse": 0.11665570816752507, "anchor 4 mse": 0.00042296041837389965}
{"bot_id": "0000000000000b01", "x": 1.5800835283503925, "y": 2.7957483655843602, "z": 0.0, "MSE": 1, "anchor 1 mse": 0.02843735799153371, "anchor 2 mse": 1.9014571095329822, "anchor 3 mse": 0.0015011441145647876, "anchor 4 mse": 0.4314072680583585}
{"bot_id": "0000000000000b01", "x": 2.6058500201760686, "y": 2.5775799278742975, "z": 0.0, "MSE": 1, "anchor 1 mse": 0.03072762802400531, "anchor 2 mse": 0.1513934751886922, "anchor 3 mse": 0.8636778590161279, "anchor 4 mse": 0.03278579467524165}
{"bot_id": "0000000000000b01", "x": 2.0734520206794627, "y": 2.560545984877444, "z": 0.0, "MSE": 1, "anchor 1 mse": 0.005657505644074787, "anchor 2 mse": 0.862663377018869, "anchor 3 mse": 0.15187971711814946, "anchor 4 mse": 0.08754508343197902}
{"bot_id": "0000000000000b01", "x": 1.718045048356779, "y": 2.602516090468817, "z": 0.0, "MSE": 1, "anchor 1 mse": 0.0026567679792851343, "anchor 2 mse": 1.504210904586919, "anchor 3 mse": 0.0034619856591293777, "anchor 4 mse": 0.34336790019029234}
{"bot_id": "0000000000000b01", "x": 1.7518712969894175, "y": 2.226840668780709, "z": 0.0, "MSE": 1, "anchor 1 mse": 0.11333320077419126, "anchor 2 mse": 1.009055857586548, "anchor 3 mse": 0.008729539824534572, "anchor 4 mse": 0.07087853146274017}
{"bot_id": "0000000000000b01", "x": 1.922094015371679, "y": 2.0311894957381296, "z": 0.0, "MSE": 1, "anchor 1 mse": 0.017833521838654005, "anchor 2 mse": 0.7768247541140922, "anchor 3 mse": 0.00522790731209478, "anchor 4 mse": 0.022404270892676287}
{"bot_id": "0000000000000b01", "x": 1.462436584900999, "y": 2.5639852339356706, "z": 0.0, "MSE": 1, "anchor 1 mse": 0.012484768310982202, "anchor 2 mse": 1.656392623353364, "anchor 3 mse": 0.052730638555549436, "anchor 4 mse": 0.6474528972347796}
{"bot_id": "0000000000000b01", "x": 2.1499472029145856, "y": 2.126423316772889, "z": 0.0, "MSE": 1, "anchor 1 mse": 0.033817865225829455, "anchor 2 mse": 0.11169746055092467, "anchor 3 mse": 0.009750160387651708, "anchor 4 mse": 0.005893792668994668}
{"bot_id": "0000000000000b01", "x": 1.1744664065177846, "y": 2.2728501556186704, "z": 0.0, "MSE": 1, "anchor 1 mse": 0.03672489481240183, "anchor 2 mse": 1.81181789308772, "anchor 3 mse": 0.5531573918311314, "anchor 4 mse": 0.34791687571886254}
{"bot_id": "0000000000000b01", "x": 1.0136065345975354, "y": 2.2476896235102624, "z": 0.0, "MSE": 1, "anchor 1 mse": 0.0752593630688472, "anchor 2 mse": 2.0253852340878136, "anchor 3 mse": 0.5259396272401802, "anchor 4 mse": 0.5993455949952701}
{"bot_id": "0000000000000b01", "x": 0.6103087850568714, "y": 2.2161366516309173, "z": 0.0, "MSE": 1, "anchor 1 mse": 0.16921836991582623, "anchor 2 mse": 2.9093888845973486, "anchor 3 mse": 0.8895794668724942, "anchor 4 mse": 0.7631284628213886}
{"bot_id": "0000000000000b01", "x": 1.4739901228353418, "y": 2.4377674707174712, "z": 0.0, "MSE": 1, "anchor 1 mse": 0.019250615723662053, "anchor 2 mse": 0.7838329947349004, "anchor 3 mse": 0.0026610914353727808, "anchor 4 mse": 0.3562964854618716}
{"bot_id": "0000000000000b01", "x": 2.1808181417870687, "y": 2.082929123888477, "z": 0.0, "MSE": 1, "anchor 1 mse": 0.21689425116230757, "anchor 2 mse": 0.01262151717032232, "anchor 3 mse": 0.15776662152364299, "anchor 4 mse": 4.465171597395205e-05}
{"bot_id": "0000000000000b01", "x": 1.239205582480501, "y": 2.1979061489127067, "z": 0.0, "MSE": 1, "anchor 1 mse": 0.0028277878862794743, "anchor 2 mse": 0.7524023456231258, "anchor 3 mse": 0.050939236406890326, "anchor 4 mse": 0.1692693391318998}
{"bot_id": "0000000000000b01", "x": 1.7553408420107168, "y": 2.1975403163038143, "z": 0.0, "MSE": 1, "anchor 1 mse": 0.13878918578278615, "anchor 2 mse": 0.10416819182775305, "anchor 3 mse": 0.0006658574466663606, "anchor 4 mse": 0.04328759290131148}
{"bot_id": "0000000000000b01", "x": 1.723043539325861, "y": 2.202860176148599, "z": 0.0, "MSE": 1, "anchor 1 mse": 0.14952874654972875, "anchor 2 mse": 0.20718303270784966, "anchor 3 mse": 0.02247136248907581, "anchor 4 mse": 0.007442771956032495}
{"bot_id": "0000000000000b01", "x": 2.0473728702170346, "y": 2.5761600631768076, "z": 0.0, "MSE": 1, "anchor 1 mse": 1.0214008051984618, "anchor 2 mse": 0.00436682931238315, "anchor 3 mse": 0.7890032838947231, "anchor 4 mse": 0.09464581114213824}
{"bot_id": "0000000000000b01", "x": 1.4909857052793147, "y": 2.1352278687036903, "z": 0.0, "MSE": 1, "anchor 1 mse": 0.11173825448090305, "anchor 2 mse": 0.20342715174916684, "anchor 3 mse": 0.04940531653210633, "anchor 4 mse": 0.0019104509371753343}
{"bot_id": "0000000000000b01", "x": 1.8304542738955287, "y": 2.1210890511286644, "z": 0.0, "MSE": 1, "anchor 1 mse": 0.28271603414300134, "anchor 2 mse": 0.002730699323764925, "anchor 3 mse": 0.24985267225919472, "anchor 4 mse": 0.0004894660142340835}
{"bot_id": "0000000000000b01", "x": 1.3710180174709243, "y": 2.2651500988539306, "z": 0.0, "MSE": 1, "anchor 1 mse": 0.22824782535849156, "anchor 2 mse": 0.18410846749164922, "anchor 3 mse": 0.022801719355293067, "anchor 4 mse": 0.02778862224434035}
