{"bot_id": "0000000000000b01", "x": 1.2826570901830812, "y": 1.37, "z": -1.1609440766406527, "MSE": 5.109219932982304, "anchor 1 mse": 4.869900360083945, "anchor 2 mse": 4.869900360083945, "anchor 3 mse": 5.348539505880663, "anchor 4 mse": 5.348539505880663}
{"bot_id": "0000000000000b01", "x": 2.500094716767892, "y": 2.111317330484206, "z": 1.4752971838625903, "MSE": 0.08233099817867165, "anchor 1 mse": 0.05267830587108672, "anchor 2 mse": 0.0015823087940581865, "anchor 3 mse": 0.20386226706391214, "anchor 4 mse": 0.07120111098562952}
{"bot_id": "0000000000000b01", "x": 2.504925020527029, "y": 2.1323625856850548, "z": 1.3992085994841517, "MSE": 0.0675212717093206, "anchor 1 mse": 0.041955027013271, "anchor 2 mse": 0.002222348193321007, "anchor 3 mse": 0.16277981646451864, "anchor 4 mse": 0.06312789516617175}
{"bot_id": "0000000000000b01", "x": 2.5243235370293027, "y": 2.140840388547618, "z": 1.411718453460498, "MSE": 0.07445461722642895, "anchor 1 mse": 0.047690871661647545, "anchor 2 mse": 0.0031733724723544037, "anchor 3 mse": 0.1924536898244581, "anchor 4 mse": 0.05450053494725575}
{"bot_id": "0000000000000b01", "x": 2.5551891541674516, "y": 2.162519890321565, "z": 1.3761555346555592, "MSE": 0.06887212899571699, "anchor 1 mse": 0.04380391405911546, "anchor 2 mse": 0.003708683714276712, "anchor 3 mse": 0.1796143144831796, "anchor 4 mse": 0.048361603726296165}
{"bot_id": "0000000000000b01", "x": 2.5657239317643765, "y": 2.168171639040665, "z": 1.4118490521565, "MSE": 0.06303699234400766, "anchor 1 mse": 0.03755561354473359, "anchor 2 mse": 0.000684840434406959, "anchor 3 mse": 0.13927223468173255, "anchor 4 mse": 0.07463528071515751}
{"bot_id": "0000000000000b01", "x": 2.4661234096318303, "y": 2.162158056727477, "z": 1.4960712490735266, "MSE": 0.07700764004364927, "anchor 1 mse": 0.05055613740084019, "anchor 2 mse": 0.0003330494551488096, "anchor 3 mse": 0.18233159309646335, "anchor 4 mse": 0.07480978022214473}
{"bot_id": "0000000000000b01", "x": 2.569289043347094, "y": 2.2341142498144557, "z": 1.4246597760245925, "MSE": 0.06282337104570952, "anchor 1 mse": 0.040329536147138384, "anchor 2 mse": 0.0003580673733633944, "anchor 3 mse": 0.14548103689497383, "anchor 4 mse": 0.0651248437673625}
{"bot_id": "0000000000000b01", "x": 2.5224135432166355, "y": 2.1428958556185256, "z": 1.3909803072569282, "MSE": 0.07519839167744169, "anchor 1 mse": 0.04847963188210151, "anchor 2 mse": 0.004657213520099093, "anchor 3 mse": 0.2018543170122183, "anchor 4 mse": 0.045802404295347855}
{"bot_id": "0000000000000b01", "x": 2.400793597135534, "y": 1.9945651348776408, "z": 1.317387926456041, "MSE": 0.07860770950197048, "anchor 1 mse": 0.04746397908145531, "anchor 2 mse": 0.012514420510948417, "anchor 3 mse": 0.21271246586511364, "anchor 4 mse": 0.04173997255036456}
{"bot_id": "0000000000000b01", "x": 2.3812874484382114, "y": 2.0401346899724895, "z": 1.08049814780754, "MSE": 0.04110009551518617, "anchor 1 mse": 0.021505713583583098, "anchor 2 mse": 0.015130426249683618, "anchor 3 mse": 0.10010835254381235, "anchor 4 mse": 0.027655889683665582}
{"bot_id": "0000000000000b01", "x": 2.3259374230526344, "y": 1.7973420505399602, "z": 1.0370750301048932, "MSE": 0.0726205949239527, "anchor 1 mse": 0.034984537600207644, "anchor 2 mse": 0.045996564039001285, "anchor 3 mse": 0.20372689843028327, "anchor 4 mse": 0.005774379626318591}
{"bot_id": "0000000000000b01", "x": 2.2103434975348506, "y": 1.797543875497962, "z": 0.8484025136239463, "MSE": 0.040296065067867794, "anchor 1 mse": 0.01759250473359524, "anchor 2 mse": 0.04483385076360538, "anchor 3 mse": 0.09874924827280146, "anchor 4 mse": 8.6565014691101e-06}
{"bot_id": "0000000000000b01", "x": 2.1665844006211143, "y": 1.8872548684718669, "z": 0.5865772528036233, "MSE": 0.024175185719273844, "anchor 1 mse": 0.00856683671801842, "anchor 2 mse": 0.028523419513553975, "anchor 3 mse": 0.0544000470037707, "anchor 4 mse": 0.0052104396417522805}
{"bot_id": "0000000000000b01", "x": 2.133636597237832, "y": 1.8445845986350382, "z": 0.609800298697474, "MSE": 0.05180896279728936, "anchor 1 mse": 0.018390485791445945, "anchor 2 mse": 0.04712697887232184, "anchor 3 mse": 0.12354643791295654, "anchor 4 mse": 0.018171948612433094}
{"bot_id": "0000000000000b01", "x": 2.1055776952010206, "y": 1.7957620454080385, "z": 0.5798080576683099, "MSE": 0.02108209700726381, "anchor 1 mse": 0.007645109880051158, "anchor 2 mse": 0.02912761192042677, "anchor 3 mse": 0.04277209034263746, "anchor 4 mse": 0.0047835758859398475}
{"bot_id": "0000000000000b01", "x": 1.9319883678596976, "y": 1.853462680371444, "z": 0.9347388214815767, "MSE": 0.03129033449700255, "anchor 1 mse": 0.015820227708962027, "anchor 2 mse": 0.03529704625627734, "anchor 3 mse": 0.07328550216202638, "anchor 4 mse": 0.0007585618607444699}
{"bot_id": "0000000000000b01", "x": 1.9050762947574853, "y": 1.880911585776174, "z": 0.7763848991959649, "MSE": 0.016442987889564862, "anchor 1 mse": 0.005999616504186338, "anchor 2 mse": 0.02579972681197539, "anchor 3 mse": 0.03152462514705745, "anchor 4 mse": 0.0024479830950402664}
{"bot_id": "0000000000000b01", "x": 1.8803659984808765, "y": 1.7485159199872167, "z": 0.6369312537743502, "MSE": 0.02195399034105769, "anchor 1 mse": 0.00912369353773133, "anchor 2 mse": 0.029199603491106313, "anchor 3 mse": 0.03946630277523426, "anchor 4 mse": 0.01002636156015885}
{"bot_id": "0000000000000b01", "x": 1.6970848322531473, "y": 1.790136642716125, "z": 0.648024982925487, "MSE": 0.018730730916403288, "anchor 1 mse": 0.006466756164698729, "anchor 2 mse": 0.028918769319662, "anchor 3 mse": 0.03325837121428371, "anchor 4 mse": 0.006279026966968718}
{"bot_id": "0000000000000b01", "x": 1.7338317434327142, "y": 1.8271576219051668, "z": 0.2835499867040202, "MSE": 0.0267513991644111, "anchor 1 mse": 0.008982068216618762, "anchor 2 mse": 0.03244962828521591, "anchor 3 mse": 0.05656041053293791, "anchor 4 mse": 0.009013489622871834}
{"bot_id": "0000000000000b01", "x": 1.6540162287370226, "y": 1.8034689223886287, "z": 0.690149771276445, "MSE": 0.04365022008556702, "anchor 1 mse": 0.01757033888687415, "anchor 2 mse": 0.05656365671714404, "anchor 3 mse": 0.08495130986452752, "anchor 4 mse": 0.01551557487372237}
{"bot_id": "0000000000000b01", "x": 1.4458676375326776, "y": 1.7434087230208364, "z": 0.7674844785390978, "MSE": 0.02475686107702153, "anchor 1 mse": 0.012421406499731771, "anchor 2 mse": 0.04143480952096043, "anchor 3 mse": 0.04190924515618268, "anchor 4 mse": 0.003261983131211227}
{"bot_id": "0000000000000b01", "x": 1.373068442893353, "y": 1.786542906986003, "z": 0.7775685040701795, "MSE": 0.028671910052185806, "anchor 1 mse": 0.012910504543170373, "anchor 2 mse": 0.0468114493917547, "anchor 3 mse": 0.05247513551909301, "anchor 4 mse": 0.002490550754725137}
{"bot_id": "0000000000000b01", "x": 1.3825857335100822, "y": 1.7990660026121699, "z": 0.4768843576537301, "MSE": 0.009276174028925133, "anchor 1 mse": 0.0023555611648765633, "anchor 2 mse": 0.019864966589045067, "anchor 3 mse": 0.014187869500426933, "anchor 4 mse": 0.0006962988613519698}
{"bot_id": "0000000000000b01", "x": 1.258448524907973, "y": 1.8179234659632706, "z": 0.5389363230875462, "MSE": 0.030125191619277493, "anchor 1 mse": 0.01118086539072956, "anchor 2 mse": 0.05263967339104405, "anchor 3 mse": 0.051248941112356276, "anchor 4 mse": 0.0054312865829800935}
{"bot_id": "0000000000000b01", "x": 1.220313822036463, "y": 2.0647483689192905, "z": 0.7939550735126385, "MSE": 0.019060844547510534, "anchor 1 mse": 0.018606004715887362, "anchor 2 mse": 0.03428609210181531, "anchor 3 mse": 0.023336536602749033, "anchor 4 mse": 1.4744769590431616e-05}
{"bot_id": "0000000000000b01", "x": 1.138162823925129, "y": 1.9705581186151306, "z": 0.5979461314479685, "MSE": 0.011454547570419455, "anchor 1 mse": 0.010584696426499207, "anchor 2 mse": 0.02613695046204508, "anchor 3 mse": 0.009016779773417648, "anchor 4 mse": 7.976361971589091e-05}
{"bot_id": "0000000000000b01", "x": 1.1452020868928998, "y": 1.9652590888502324,