{"bot_id": "0000000000000b01", "x": -0.05510168166362993, "y": 1.290156586871325, "z": 0, "MSE": 5.791089773700545, "anchor 1 mse": 1.667540213969627, "anchor 2 mse": 2.1050821179147667, "anchor 3 mse": 9.914639333431463, "anchor 4 mse": 9.47709742948632}
{"bot_id": "0000000000000b01", "x": 1.26479053975986, "y": 1.4507126270728954, "z": 0, "MSE": 1.0488727451764361, "anchor 1 mse": 2.060241097486266, "anchor 2 mse": 1.4494019868623014, "anchor 3 mse": 0.62285285007118, "anchor 4 mse": 0.06299504628599674}
{"bot_id": "0000000000000b01", "x": 2.9072426555560673, "y": 2.1641001490034295, "z": 0, "MSE": 0.09407494559362631, "anchor 1 mse": 0.0646571814456074, "anchor 2 mse": 0.0002645757644054143, "anchor 3 mse": 0.29193251020457056, "anchor 4 mse": 0.019445514959921844}
{"bot_id": "0000000000000b01", "x": 2.854130379946244, "y": 2.3402077983693514, "z": 0, "MSE": 0.14875192260915826, "anchor 1 mse": 0.09664954067489426, "anchor 2 mse": 0.016385331094249528, "anchor 3 mse": 0.48196388348881597, "anchor 4 mse": 8.935178673277149e-06}
{"bot_id": "0000000000000b01", "x": 2.70567046903055, "y": 2.1980596550667144, "z": 0, "MSE": 0.09625640355648261, "anchor 1 mse": 0.0057743199704701625, "anchor 2 mse": 0.06790634762271404, "anchor 3 mse": 0.2883404660715161, "anchor 4 mse": 0.02300448056123019}
{"bot_id": "0000000000000b01", "x": 2.4587248663534322, "y": 2.156502049069264, "z": 0, "MSE": 0.13725070271033643, "anchor 1 mse": 0.03223897915416295, "anchor 2 mse": 0.2332758448901862, "anchor 3 mse": 0.26239571538755335, "anchor 4 mse": 0.02109227140944318}
{"bot_id": "0000000000000b01", "x": 2.224048927565331, "y": 2.0460261251955374, "z": 0, "MSE": 0.17631016773926325, "anchor 1 mse": 0.12814829957389798, "anchor 2 mse": 0.3971451880892849, "anchor 3 mse": 0.11238764458311248, "anchor 4 mse": 0.06755953871075775}
{"bot_id": "0000000000000b01", "x": 2.2512836545575072, "y": 2.0927811219705705, "z": 0, "MSE": 0.19419770314843882, "anchor 1 mse": 0.17325433195172713, "anchor 2 mse": 0.43234439046846723, "anchor 3 mse": 0.10823493841382881, "anchor 4 mse": 0.06295715175973202}
{"bot_id": "0000000000000b01", "x": 2.2421197198279423, "y": 2.1124560874385625, "z": 0, "MSE": 0.1646559820390733, "anchor 1 mse": 0.08380166914287177, "anchor 2 mse": 0.4647350018705808, "anchor 3 mse": 0.07780786764353202, "anchor 4 mse": 0.032279389499308656}
{"bot_id": "0000000000000b01", "x": 2.2690337647063314, "y": 2.1438916514783286, "z": 0, "MSE": 0.11910842671475856, "anchor 1 mse": 0.0023363764869088143, "anchor 2 mse": 0.36477908442798695, "anchor 3 mse": 0.10909362579214738, "anchor 4 mse": 0.0002246201519911205}
{"bot_id": "0000000000000b01", "x": 2.4977481818575176, "y": 2.091343013202237, "z": 0, "MSE": 0.04534502951015626, "anchor 1 mse": 0.007687313992631329, "anchor 2 mse": 0.06219982783058038, "anchor 3 mse": 0.10731037207977005, "anchor 4 mse": 0.004182604137643251}
{"bot_id": "0000000000000b01", "x": 2.2157703841096037, "y": 2.133891015511342, "z": 0, "MSE": 0.12253364582777133, "anchor 1 mse": 0.021380277599567253, "anchor 2 mse": 0.40046926696163054, "anchor 3 mse": 0.043528842312587315, "anchor 4 mse": 0.02475619643730024}
{"bot_id": "0000000000000b01", "x": 2.1706524431571443, "y": 2.2359375204491028, "z": 0, "MSE": 0.12745353510376087, "anchor 1 mse": 0.07632599159140052, "anchor 2 mse": 0.282587955730181, "anchor 3 mse": 0.08974933964099056, "anchor 4 mse": 0.06115085345247142}
{"bot_id": "0000000000000b01", "x": 2.182653059758073, "y": 2.087611788140759, "z": 0, "MSE": 0.03178157536199081, "anchor 1 mse": 0.03250124124680636, "anchor 2 mse": 0.08522545293763426, "anchor 3 mse": 0.00845521097650628, "anchor 4 mse": 0.0009443962870163482}
{"bot_id": "0000000000000b01", "x": 2.1244405984884986, "y": 2.275990841878371, "z": 0, "MSE": 0.09279104620327747, "anchor 1 mse": 0.13207387139960855, "anchor 2 mse": 0.189639801422752, "anchor 3 mse": 0.014195462309095207, "anchor 4 mse": 0.035255049681654146}
{"bot_id": "0000000000000b01", "x": 2.285335568272824, "y": 1.9581059751391432, "z": 0.0, "MSE": 0.030153534823481837, "anchor 1 mse": 0.0726165870370229, "anchor 2 mse": 0.018119402158718996, "anchor 3 mse": 0.027397979176406854, "anchor 4 mse": 0.002480170921778621}
{"bot_id": "0000000000000b01", "x": 2.2625861014454682, "y": 1.8149147661278278, "z": 0.0, "MSE": 0.04721031223134947, "anchor 1 mse": 0.03631069341235066, "anchor 2 mse": 0.004303703615824661, "anchor 3 mse": 0.043675836325014254, "anchor 4 mse": 0.1045510155722083}
{"bot_id": "0000000000000b01", "x": 2.2493605512211854, "y": 1.7713697770448216, "z": 0.0, "MSE": 0.037798294733031125, "anchor 1 mse": 0.02344133008106403, "anchor 2 mse": 0.0034874208102999836, "anchor 3 mse": 0.026960137223579664, "anchor 4 mse": 0.09730429081718082}
{"bot_id": "0000000000000b01", "x": 2.260153519436414, "y": 1.6954395099403723, "z": 0.0, "MSE": 0.06213395008047673, "anchor 1 mse": 0.07583774279459904, "anchor 2 mse": 0.009971928526545581, "anchor 3 mse": 0.012209383675420108, "anchor 4 mse": 0.1505167453253422}
{"bot_id": "0000000000000b01", "x": 2.208765058832411, "y": 2.0489197053557153, "z": 0.0, "MSE": 0.14240086197690072, "anchor 1 mse": 0.2945870171787226, "anchor 2 mse": 0.008902702651881542, "anchor 3 mse": 0.24833624912840616, "anchor 4 mse": 0.01777747894859262}
{"bot_id": "0000000000000b01", "x": 1.8692948800740297, "y": 1.757257060375914, "z": 0, "MSE": 0.025425277666065678, "anchor 1 mse": 0.015771070065741927, "anchor 2 mse": 0.0023153088382317504, "anchor 3 mse": 0.02656181144889019, "anchor 4 mse": 0.05705292031139884}
{"bot_id": "0000000000000b01", "x": 1.70969089523113, "y": 1.7543433967842237, "z": 0, "MSE": 0.048208357443500424, "anchor 1 mse": 0.0015717759537968179, "anchor 2 mse": 0.08210262703495397, "anchor 3 mse": 0.015838890511222024, "anchor 4 mse": 0.09332013627402887}
{"bot_id": "0000000000000b01", "x": 1.8370394709435198, "y": 1.6370682759855213, "z": 0, "MSE": 0.07603399502187815, "anchor 1 mse": 0.03262767854220157, "anchor 2 mse": 0.0005153865765929767, "anchor 3 mse": 0.030481369635159124, "anchor 4 mse": 0.2405115453335589}
{"bot_id": "0000000000000b01", "x": 1.85177443865677, "y": 1.6012146654252917, "z": 0, "MSE": 0.10771828225859316, "anchor 1 mse": 0.03170239700401955, "anchor 2 mse": 0.012976322394168543, "anchor 3 mse": 0.027482402587809113, "anchor 4 mse": 0.3587120070483754}
{"bot_id": "0000000000000b01", "x": 1.8744539156181164, "y": 1.5733652120894293, "z": 0, "MSE": 0.1115152805352704, "anchor 1 mse": 0.03141922908618788, "anchor 2 mse": 0.10748749168169235, "anchor 3 mse": 0.02171052838095782, "anchor 4 mse": 0.28544387299224355}
{"bot_id": "0000000000000b01", "x": 1.6929071759305208, "y": 1.5077463967044669, "z": 0, "MSE": 0.11765047350818278, "anchor 1 mse": 0.009406642664492057, "anchor 2 mse": 0.04574978168696072, "anchor 3 mse": 0.00029071960826811886, "anchor 4 mse": 0.4151547500730102}
{"bot_id": "0000000000000b01", "x": 1.682555894876284, "y": 1.5487109399857535, "z": 0, "MSE": 0.1853509456907199, "anchor 1 mse": 0.01064817885642236, "anchor 2 mse": 0.07376252924514126, "anchor 3 mse": 0.00942674897388906, "anchor 4 mse": 0.6475663256874269}
